,accident_id,source,year,month,day_of_week,state,vehicle_1,vehicle_2,vehicles_involved,party_age_group,victim_age_group,cause_of_accident,road_condition,lighting_condition,fatalities,injuries,casualties,severity,weather_group
0,KAG_000001,Kaggle_Accident_prediction,2018,January,Wednesday,Uttar Pradesh,Truck,Unidentified,5,Over 51,Unknown,Unknown/Other,Dry,Twilight,4,1,5,Minor,Fog/Mist
1,KAG_000002,Kaggle_Accident_prediction,2020,November,Tuesday,Meghalaya,Truck,Unidentified,1,31-50,Unknown,Unknown/Other,Dry,Daylight,2,4,6,Serious,Rainy
2,KAG_000003,Kaggle_Accident_prediction,2022,December,Wednesday,Himachal Pradesh,Truck,Unidentified,3,31-50,Unknown,Unknown/Other,Damaged/Construction,Dark,5,0,1,Minor,Clear
3,KAG_000004,Kaggle_Accident_prediction,2021,July,Saturday,Rajasthan,Truck,Unidentified,3,Over 51,Unknown,Unknown/Other,Damaged/Construction,Twilight,1,6,7,Fatal,Clear
4,KAG_000005,Kaggle_Accident_prediction,2018,June,Saturday,Nagaland,Truck,Unidentified,5,Over 51,Unknown,Unknown/Other,Damaged/Construction,Twilight,3,2,5,Minor,Fog/Mist
5,KAG_000006,Kaggle_Accident_prediction,2022,February,Monday,Meghalaya,Truck,Unidentified,1,Over 51,Unknown,Unknown/Other,Damaged/Construction,Twilight,1,3,4,Serious,Fog/Mist
6,KAG_000007,Kaggle_Accident_prediction,2022,February,Wednesday,Chhattisgarh,Truck,Unidentified,2,Over 51,Unknown,Unknown/Other,Damaged/Construction,Daylight,5,0,5,Fatal,Rainy
7,KAG_000008,Kaggle_Accident_prediction,2022,February,Sunday,Tripura,Truck,Unidentified,1,31-50,Unknown,Unknown/Other,Damaged/Construction,Twilight,1,7,8,Serious,Fog/Mist
8,KAG_000009,Kaggle_Accident_prediction,2021,February,Wednesday,Karnataka,Truck,Unidentified,3,31-50,Unknown,Unknown/Other,Damaged/Construction,Dark,5,0,1,Minor,Rainy
9,KAG_000010,Kaggle_Accident_prediction,2018,June,Friday,Mizoram,Truck,Unidentified,4,Over 51,Unknown,Unknown/Other,Dry,Dark,2,0,0,Serious,Fog/Mist
10,KAG_000011,Kaggle_Accident_prediction,2023,March,Wednesday,Gujarat,Truck,Unidentified,3,Over 51,Unknown,Unknown/Other,Wet,Twilight,3,0,2,Fatal,Fog/Mist
11,KAG_000012,Kaggle_Accident_prediction,2021,May,Monday,Mizoram,Truck,Unidentified,3,31-50,Unknown,Unknown/Other,Damaged/Construction,Twilight,5,4,9,Serious,Rainy
12,KAG_000013,Kaggle_Accident_prediction,2023,May,Friday,Punjab,Truck,Unidentified,3,31-50,Unknown,Unknown/Other,Dry,Twilight,0,0,0,Minor,Clear
13,KAG_000014,Kaggle_Accident_prediction,2018,January,Friday,Tamil Nadu,Truck,Unidentified,1,Over 51,Unknown,Unknown/Other,Damaged/Construction,Daylight,1,8,9,Minor,Fog/Mist
14,KAG_000015,Kaggle_Accident_prediction,2021,September,Thursday,Chandigarh,Truck,Unidentified,3,Over 51,Unknown,Unknown/Other,Wet,Daylight,3,0,0,Minor,Clear
15,KAG_000016,Kaggle_Accident_prediction,2018,July,Friday,Puducherry,Truck,Unidentified,3,Over 51,Unknown,Unknown/Other,Damaged/Construction,Dark,0,0,0,Minor,Clear
16,KAG_000017,Kaggle_Accident_prediction,2022,April,Saturday,Tamil Nadu,Truck,Unidentified,1,31-50,Unknown,Unknown/Other,Damaged/Construction,Twilight,2,1,3,Serious,Fog/Mist
17,KAG_000018,Kaggle_Accident_prediction,2023,September,Wednesday,Haryana,Truck,Unidentified,2,Over 51,Unknown,Unknown/Other,Dry,Twilight,0,9,9,Serious,Rainy
18,KAG_000019,Kaggle_Accident_prediction,2019,May,Sunday,Assam,Truck,Unidentified,3,31-50,Unknown,Unknown/Other,Damaged/Construction,Dark,0,7,7,Serious,Clear
19,KAG_000020,Kaggle_Accident_prediction,2019,August,Thursday,Chandigarh,Truck,Unidentified,3,31-50,Unknown,Unknown/Other,Dry,Twilight,0,2,2,Serious,Clear
20,KAG_000021,Kaggle_Accident_prediction,2020,December,Monday,Odisha,Truck,Unidentified,5,Over 51,Unknown,Unknown/Other,Dry,Daylight,0,9,9,Fatal,Clear
21,KAG_000022,Kaggle_Accident_prediction,2019,May,Sunday,Bihar,Truck,Unidentified,3,18-30,Unknown,Unknown/Other,Damaged/Construction,Daylight,4,3,7,Minor,Rainy
22,KAG_000023,Kaggle_Accident_prediction,2019,August,Friday,Manipur,Truck,Unidentified,5,Over 51,Unknown,Unknown/Other,Wet,Daylight,4,0,1,Minor,Fog/Mist
23,KAG_000024,Kaggle_Accident_prediction,2021,September,Thursday,Delhi,Truck,Unidentified,1,Over 51,Unknown,Unknown/Other,Damaged/Construction,Twilight,0,10,10,Serious,Rainy
24,KAG_000025,Kaggle_Accident_prediction,2019,June,Wednesday,Telangana,Truck,Unidentified,2,18-30,Unknown,Unknown/Other,Damaged/Construction,Twilight,0,8,8,Minor,Fog/Mist
25,KAG_000026,Kaggle_Accident_prediction,2021,November,Saturday,Punjab,Truck,Unidentified,2,31-50,Unknown,Unknown/Other,Damaged/Construction,Twilight,0,1,1,Serious,Fog/Mist
26,KAG_000027,Kaggle_Accident_prediction,2021,January,Wednesday,Manipur,Truck,Unidentified,2,31-50,Unknown,Unknown/Other,Damaged/Construction,Dark,3,0,3,Serious,Fog/Mist
27,KAG_000028,Kaggle_Accident_prediction,2020,January,Monday,Punjab,Truck,Unidentified,5,Over 51,Unknown,Unknown/Other,Wet,Twilight,4,0,2,Serious,Rainy
28,KAG_000029,Kaggle_Accident_prediction,2023,April,Tuesday,Bihar,Truck,Unidentified,5,31-50,Unknown,Unknown/Other,Wet,Dark,4,0,0,Minor,Rainy
29,KAG_000030,Kaggle_Accident_prediction,2018,September,Friday,West Bengal,Truck,Unidentified,4,18-30,Unknown,Unknown/Other,Wet,Twilight,0,5,5,Fatal,Rainy
30,KAG_000031,Kaggle_Accident_prediction,2023,May,Tuesday,Assam,Truck,Unidentified,4,Over 51,Unknown,Unknown/Other,Damaged/Construction,Daylight,0,7,7,Serious,Fog/Mist
31,KAG_000032,Kaggle_Accident_prediction,2023,August,Sunday,Jammu and Kashmir,Truck,Unidentified,2,Over 51,Unknown,Unknown/Other,Damaged/Construction,Dark,4,5,9,Fatal,Rainy
32,KAG_000033,Kaggle_Accident_prediction,2018,September,Thursday,West Bengal,Truck,Unidentified,5,18-30,Unknown,Unknown/Other,Damaged/Construction,Daylight,5,0,3,Serious,Fog/Mist
33,KAG_000034,Kaggle_Accident_prediction,2022,July,Thursday,Jharkhand,Truck,Unidentified,4,Over 51,Unknown,Unknown/Other,Damaged/Construction,Twilight,1,3,4,Serious,Fog/Mist
34,KAG_000035,Kaggle_Accident_prediction,2022,January,Sunday,Goa,Truck,Unidentified,4,31-50,Unknown,Unknown/Other,Damaged/Construction,Daylight,1,9,10,Minor,Fog/Mist
35,KAG_000036,Kaggle_Accident_prediction,2020,February,Saturday,Maharashtra,Truck,Unidentified,4,18-30,Unknown,Unknown/Other,Damaged/Construction,Twilight,0,1,1,Fatal,Fog/Mist
36,KAG_000037,Kaggle_Accident_prediction,2023,January,Saturday,Odisha,Truck,Unidentified,5,31-50,Unknown,Unknown/Other,Dry,Daylight,0,10,10,Serious,Clear
37,KAG_000038,Kaggle_Accident_prediction,2021,May,Friday,Tamil Nadu,Truck,Unidentified,5,18-30,Unknown,Unknown/Other,Damaged/Construction,Daylight,4,1,5,Minor,Rainy
38,KAG_000039,Kaggle_Accident_prediction,2023,February,Thursday,Manipur,Truck,Unidentified,1,Over 51,Unknown,Unknown/Other,Damaged/Construction,Daylight,3,3,6,Fatal,Fog/Mist
39,KAG_000040,Kaggle_Accident_prediction,2018,September,Friday,Assam,Truck,Unidentified,3,31-50,Unknown,Unknown/Other,Wet,Dark,5,4,9,Serious,Fog/Mist
40,KAG_000041,Kaggle_Accident_prediction,2019,January,Thursday,Gujarat,Truck,Unidentified,2,18-30,Unknown,Unknown/Other,Wet,Dark,1,3,4,Fatal,Fog/Mist
41,KAG_000042,Kaggle_Accident_prediction,2019,March,Thursday,Assam,Truck,Unidentified,3,18-30,Unknown,Unknown/Other,Dry,Dark,5,0,3,Fatal,Rainy
42,KAG_000043,Kaggle_Accident_prediction,2023,March,Saturday,Goa,Truck,Unidentified,4,31-50,Unknown,Unknown/Other,Wet,Twilight,2,4,6,Minor,Clear
43,KAG_000044,Kaggle_Accident_prediction,2020,September,Thursday,Karnataka,Truck,Unidentified,5,Over 51,Unknown,Unknown/Other,Dry,Dark,3,0,0,Minor,Fog/Mist
44,KAG_000045,Kaggle_Accident_prediction,2019,May,Wednesday,Andhra Pradesh,Truck,Unidentified,2,Over 51,Unknown,Unknown/Other,Damaged/Construction,Daylight,0,9,9,Fatal,Rainy
45,KAG_000046,Kaggle_Accident_prediction,2021,March,Thursday,Punjab,Truck,Unidentified,5,31-50,Unknown,Unknown/Other,Damaged/Construction,Daylight,3,2,5,Serious,Fog/Mist
46,KAG_000047,Kaggle_Accident_prediction,2021,October,Friday,Manipur,Truck,Unidentified,2,Over 51,Unknown,Unknown/Other,Wet,Twilight,2,7,9,Minor,Clear
47,KAG_000048,Kaggle_Accident_prediction,2020,December,Thursday,Karnataka,Truck,Unidentified,4,Over 51,Unknown,Unknown/Other,Damaged/Construction,Dark,3,3,6,Minor,Rainy
48,KAG_000049,Kaggle_Accident_prediction,2023,February,Wednesday,Jammu and Kashmir,Truck,Unidentified,3,Over 51,Unknown,Unknown/Other,Wet,Twilight,3,0,0,Serious,Rainy
49,KAG_000050,Kaggle_Accident_prediction,2022,October,Wednesday,Jammu and Kashmir,Truck,Unidentified,1,Over 51,Unknown,Unknown/Other,Damaged/Construction,Twilight,5,0,1,Minor,Rainy
50,KAG_000051,Kaggle_Accident_prediction,2021,December,Wednesday,Uttar Pradesh,Truck,Unidentified,1,31-50,Unknown,Unknown/Other,Damaged/Construction,Twilight,4,0,3,Minor,Rainy
51,KAG_000052,Kaggle_Accident_prediction,2019,June,Friday,Assam,Truck,Unidentified,3,Over 51,Unknown,Unknown/Other,Damaged/Construction,Dark,2,6,8,Minor,Clear
52,KAG_000053,Kaggle_Accident_prediction,2022,April,Friday,Uttar Pradesh,Truck,Unidentified,4,18-30,Unknown,Unknown/Other,Damaged/Construction,Twilight,5,3,8,Fatal,Rainy
53,KAG_000054,Kaggle_Accident_prediction,2020,September,Monday,Goa,Truck,Unidentified,2,Over 51,Unknown,Unknown/Other,Damaged/Construction,Dark,1,6,7,Minor,Fog/Mist
54,KAG_000055,Kaggle_Accident_prediction,2023,August,Wednesday,Bihar,Truck,Unidentified,3,31-50,Unknown,Unknown/Other,Dry,Dark,3,2,5,Serious,Clear
55,KAG_000056,Kaggle_Accident_prediction,2022,April,Saturday,Andhra Pradesh,Truck,Unidentified,2,31-50,Unknown,Unknown/Other,Damaged/Construction,Daylight,3,5,8,Serious,Fog/Mist
56,KAG_000057,Kaggle_Accident_prediction,2019,July,Tuesday,Maharashtra,Truck,Unidentified,1,18-30,Unknown,Unknown/Other,Damaged/Construction,Twilight,4,0,2,Serious,Rainy
57,KAG_000058,Kaggle_Accident_prediction,2021,June,Sunday,Uttarakhand,Truck,Unidentified,2,31-50,Unknown,Unknown/Other,Dry,Daylight,4,0,0,Serious,Fog/Mist
58,KAG_000059,Kaggle_Accident_prediction,2020,September,Sunday,Telangana,Truck,Unidentified,1,Over 51,Unknown,Unknown/Other,Damaged/Construction,Daylight,0,5,5,Fatal,Fog/Mist
59,KAG_000060,Kaggle_Accident_prediction,2019,January,Saturday,Chandigarh,Truck,Unidentified,4,31-50,Unknown,Unknown/Other,Damaged/Construction,Twilight,1,4,5,Minor,Fog/Mist
60,KAG_000061,Kaggle_Accident_prediction,2022,September,Tuesday,Andhra Pradesh,Truck,Unidentified,5,Over 51,Unknown,Unknown/Other,Damaged/Construction,Twilight,3,4,7,Minor,Fog/Mist
61,KAG_000062,Kaggle_Accident_prediction,2022,February,Monday,Uttar Pradesh,Truck,Unidentified,2,18-30,Unknown,Unknown/Other,Wet,Dark,1,3,4,Serious,Fog/Mist
62,KAG_000063,Kaggle_Accident_prediction,2018,October,Sunday,Puducherry,Truck,Unidentified,1,31-50,Unknown,Unknown/Other,Damaged/Construction,Dark,2,4,6,Fatal,Rainy
63,KAG_000064,Kaggle_Accident_prediction,2023,June,Thursday,Sikkim,Truck,Unidentified,2,31-50,Unknown,Unknown/Other,Dry,Daylight,5,5,10,Serious,Fog/Mist
64,KAG_000065,Kaggle_Accident_prediction,2022,April,Friday,Goa,Truck,Unidentified,1,18-30,Unknown,Unknown/Other,Wet,Twilight,1,9,10,Serious,Clear
65,KAG_000066,Kaggle_Accident_prediction,2023,March,Saturday,Nagaland,Truck,Unidentified,1,31-50,Unknown,Unknown/Other,Damaged/Construction,Daylight,2,6,8,Serious,Clear
66,KAG_000067,Kaggle_Accident_prediction,2018,March,Wednesday,Madhya Pradesh,Truck,Unidentified,1,18-30,Unknown,Unknown/Other,Dry,Twilight,4,0,1,Serious,Clear
67,KAG_000068,Kaggle_Accident_prediction,2023,November,Sunday,Mizoram,Truck,Unidentified,2,31-50,Unknown,Unknown/Other,Dry,Twilight,3,0,2,Serious,Rainy
68,KAG_000069,Kaggle_Accident_prediction,2023,April,Monday,Kerala,Truck,Unidentified,1,31-50,Unknown,Unknown/Other,Dry,Twilight,3,1,4,Serious,Fog/Mist
69,KAG_000070,Kaggle_Accident_prediction,2022,June,Wednesday,Jharkhand,Truck,Unidentified,5,31-50,Unknown,Unknown/Other,Dry,Daylight,5,4,9,Fatal,Rainy
70,KAG_000071,Kaggle_Accident_prediction,2023,December,Wednesday,Karnataka,Truck,Unidentified,1,Over 51,Unknown,Unknown/Other,Damaged/Construction,Twilight,4,0,0,Minor,Rainy
71,KAG_000072,Kaggle_Accident_prediction,2022,August,Wednesday,Rajasthan,Truck,Unidentified,4,31-50,Unknown,Unknown/Other,Damaged/Construction,Twilight,4,2,6,Serious,Rainy
72,KAG_000073,Kaggle_Accident_prediction,2018,May,Wednesday,Odisha,Truck,Unidentified,2,Over 51,Unknown,Unknown/Other,Dry,Twilight,4,5,9,Minor,Rainy
73,KAG_000074,Kaggle_Accident_prediction,2023,June,Friday,Goa,Truck,Unidentified,2,31-50,Unknown,Unknown/Other,Wet,Dark,5,0,2,Serious,Rainy
74,KAG_000075,Kaggle_Accident_prediction,2020,February,Thursday,Delhi,Truck,Unidentified,5,31-50,Unknown,Unknown/Other,Damaged/Construction,Daylight,0,0,0,Serious,Fog/Mist
75,KAG_000076,Kaggle_Accident_prediction,2019,November,Tuesday,Arunachal Pradesh,Truck,Unidentified,1,31-50,Unknown,Unknown/Other,Dry,Twilight,5,4,9,Minor,Fog/Mist
76,KAG_000077,Kaggle_Accident_prediction,2020,September,Wednesday,Mizoram,Truck,Unidentified,4,Over 51,Unknown,Unknown/Other,Damaged/Construction,Dark,0,0,0,Serious,Fog/Mist
77,KAG_000078,Kaggle_Accident_prediction,2021,December,Friday,Mizoram,Truck,Unidentified,2,Over 51,Unknown,Unknown/Other,Damaged/Construction,Twilight,4,0,4,Minor,Clear
78,KAG_000079,Kaggle_Accident_prediction,2023,November,Wednesday,Puducherry,Truck,Unidentified,3,18-30,Unknown,Unknown/Other,Damaged/Construction,Twilight,1,0,1,Serious,Rainy
79,KAG_000080,Kaggle_Accident_prediction,2021,September,Tuesday,Andhra Pradesh,Truck,Unidentified,3,Over 51,Unknown,Unknown/Other,Damaged/Construction,Twilight,2,6,8,Fatal,Rainy
80,KAG_000081,Kaggle_Accident_prediction,2023,November,Wednesday,Karnataka,Truck,Unidentified,3,31-50,Unknown,Unknown/Other,Damaged/Construction,Daylight,3,0,3,Serious,Fog/Mist
81,KAG_000082,Kaggle_Accident_prediction,2020,June,Wednesday,Uttar Pradesh,Truck,Unidentified,3,18-30,Unknown,Unknown/Other,Damaged/Construction,Twilight,3,7,10,Fatal,Rainy
82,KAG_000083,Kaggle_Accident_prediction,2018,May,Friday,Mizoram,Truck,Unidentified,2,Over 51,Unknown,Unknown/Other,Damaged/Construction,Twilight,4,0,4,Serious,Fog/Mist
83,KAG_000084,Kaggle_Accident_prediction,2021,August,Tuesday,Nagaland,Truck,Unidentified,2,31-50,Unknown,Unknown/Other,Dry,Dark,5,1,6,Serious,Fog/Mist
84,KAG_000085,Kaggle_Accident_prediction,2023,June,Wednesday,Puducherry,Truck,Unidentified,1,Over 51,Unknown,Unknown/Other,Wet,Twilight,1,0,1,Minor,Rainy
85,KAG_000086,Kaggle_Accident_prediction,2023,November,Wednesday,Uttar Pradesh,Truck,Unidentified,4,31-50,Unknown,Unknown/Other,Wet,Daylight,0,1,1,Serious,Clear
86,KAG_000087,Kaggle_Accident_prediction,2020,August,Friday,Chandigarh,Truck,Unidentified,1,31-50,Unknown,Unknown/Other,Dry,Dark,5,2,7,Minor,Clear
87,KAG_000088,Kaggle_Accident_prediction,2023,April,Wednesday,Madhya Pradesh,Truck,Unidentified,1,18-30,Unknown,Unknown/Other,Wet,Twilight,1,8,9,Serious,Rainy
88,KAG_000089,Kaggle_Accident_prediction,2021,July,Saturday,Puducherry,Truck,Unidentified,2,31-50,Unknown,Unknown/Other,Wet,Twilight,0,8,8,Fatal,Fog/Mist
89,KAG_000090,Kaggle_Accident_prediction,2020,February,Wednesday,Uttar Pradesh,Truck,Unidentified,3,18-30,Unknown,Unknown/Other,Damaged/Construction,Twilight,5,0,3,Fatal,Fog/Mist
90,KAG_000091,Kaggle_Accident_prediction,2019,June,Sunday,Gujarat,Truck,Unidentified,3,31-50,Unknown,Unknown/Other,Damaged/Construction,Daylight,3,7,10,Serious,Rainy
91,KAG_000092,Kaggle_Accident_prediction,2018,December,Monday,Goa,Truck,Unidentified,2,Over 51,Unknown,Unknown/Other,Damaged/Construction,Daylight,0,1,1,Minor,Fog/Mist
92,KAG_000093,Kaggle_Accident_prediction,2023,June,Sunday,Karnataka,Truck,Unidentified,2,Over 51,Unknown,Unknown/Other,Dry,Twilight,0,8,8,Minor,Rainy
93,KAG_000094,Kaggle_Accident_prediction,2022,July,Monday,Chhattisgarh,Truck,Unidentified,2,Over 51,Unknown,Unknown/Other,Wet,Daylight,2,2,4,Serious,Fog/Mist
94,KAG_000095,Kaggle_Accident_prediction,2018,November,Friday,Puducherry,Truck,Unidentified,5,31-50,Unknown,Unknown/Other,Damaged/Construction,Daylight,2,7,9,Fatal,Rainy
95,KAG_000096,Kaggle_Accident_prediction,2021,March,Tuesday,Himachal Pradesh,Truck,Unidentified,1,18-30,Unknown,Unknown/Other,Damaged/Construction,Dark,3,6,9,Minor,Rainy
96,KAG_000097,Kaggle_Accident_prediction,2019,October,Tuesday,Mizoram,Truck,Unidentified,1,Over 51,Unknown,Unknown/Other,Dry,Twilight,0,3,3,Fatal,Clear
97,KAG_000098,Kaggle_Accident_prediction,2021,March,Sunday,Punjab,Truck,Unidentified,2,Over 51,Unknown,Unknown/Other,Damaged/Construction,Twilight,0,2,2,Serious,Fog/Mist
98,KAG_000099,Kaggle_Accident_prediction,2018,February,Saturday,Jharkhand,Truck,Unidentified,1,18-30,Unknown,Unknown/Other,Wet,Twilight,0,5,5,Minor,Fog/Mist
99,KAG_000100,Kaggle_Accident_prediction,2019,May,Tuesday,Chandigarh,Truck,Unidentified,1,Over 51,Unknown,Unknown/Other,Damaged/Construction,Daylight,5,0,5,Serious,Clear
100,KAG_000101,Kaggle_Accident_prediction,2019,October,Monday,Punjab,Truck,Unidentified,4,18-30,Unknown,Unknown/Other,Damaged/Construction,Daylight,3,0,2,Minor,Rainy
101,KAG_000102,Kaggle_Accident_prediction,2018,June,Saturday,Arunachal Pradesh,Truck,Unidentified,4,18-30,Unknown,Unknown/Other,Wet,Twilight,1,8,9,Minor,Fog/Mist
102,KAG_000103,Kaggle_Accident_prediction,2021,May,Friday,Delhi,Truck,Unidentified,3,18-30,Unknown,Unknown/Other,Damaged/Construction,Twilight,2,6,8,Serious,Fog/Mist
103,KAG_000104,Kaggle_Accident_prediction,2021,December,Friday,Sikkim,Truck,Unidentified,5,31-50,Unknown,Unknown/Other,Dry,Dark,4,0,2,Minor,Rainy
104,KAG_000105,Kaggle_Accident_prediction,2022,July,Wednesday,Sikkim,Truck,Unidentified,2,18-30,Unknown,Unknown/Other,Dry,Dark,1,7,8,Serious,Clear
105,KAG_000106,Kaggle_Accident_prediction,2022,July,Friday,Puducherry,Truck,Unidentified,1,31-50,Unknown,Unknown/Other,Dry,Twilight,0,9,9,Minor,Fog/Mist
106,KAG_000107,Kaggle_Accident_prediction,2020,June,Saturday,Tamil Nadu,Truck,Unidentified,1,Over 51,Unknown,Unknown/Other,Wet,Daylight,1,2,3,Serious,Fog/Mist
107,KAG_000108,Kaggle_Accident_prediction,2021,December,Thursday,West Bengal,Truck,Unidentified,4,Over 51,Unknown,Unknown/Other,Dry,Twilight,1,4,5,Serious,Rainy
108,KAG_000109,Kaggle_Accident_prediction,2021,November,Wednesday,Meghalaya,Truck,Unidentified,3,18-30,Unknown,Unknown/Other,Dry,Dark,3,0,0,Fatal,Rainy
109,KAG_000110,Kaggle_Accident_prediction,2018,October,Wednesday,Kerala,Truck,Unidentified,2,Over 51,Unknown,Unknown/Other,Dry,Twilight,2,6,8,Serious,Fog/Mist
110,KAG_000111,Kaggle_Accident_prediction,2021,April,Monday,Tamil Nadu,Truck,Unidentified,2,31-50,Unknown,Unknown/Other,Wet,Twilight,0,7,7,Minor,Rainy
111,KAG_000112,Kaggle_Accident_prediction,2021,May,Monday,Jharkhand,Truck,Unidentified,3,Over 51,Unknown,Unknown/Other,Wet,Twilight,4,0,3,Serious,Rainy
112,KAG_000113,Kaggle_Accident_prediction,2022,January,Wednesday,Gujarat,Truck,Unidentified,4,Over 51,Unknown,Unknown/Other,Dry,Twilight,1,5,6,Serious,Rainy
113,KAG_000114,Kaggle_Accident_prediction,2018,June,Sunday,Goa,Truck,Unidentified,1,31-50,Unknown,Unknown/Other,Damaged/Construction,Twilight,1,2,3,Fatal,Rainy
114,KAG_000115,Kaggle_Accident_prediction,2023,September,Saturday,Delhi,Truck,Unidentified,3,Over 51,Unknown,Unknown/Other,Dry,Twilight,0,10,10,Minor,Rainy
115,KAG_000116,Kaggle_Accident_prediction,2023,November,Wednesday,Uttar Pradesh,Truck,Unidentified,5,Over 51,Unknown,Unknown/Other,Wet,Twilight,0,8,8,Minor,Rainy
116,KAG_000117,Kaggle_Accident_prediction,2022,March,Sunday,Maharashtra,Truck,Unidentified,2,Over 51,Unknown,Unknown/Other,Damaged/Construction,Twilight,3,7,10,Serious,Clear
117,KAG_000118,Kaggle_Accident_prediction,2020,January,Tuesday,Punjab,Truck,Unidentified,4,Over 51,Unknown,Unknown/Other,Damaged/Construction,Twilight,2,8,10,Minor,Clear
118,KAG_000119,Kaggle_Accident_prediction,2019,October,Monday,Meghalaya,Truck,Unidentified,3,18-30,Unknown,Unknown/Other,Damaged/Construction,Twilight,0,10,10,Minor,Fog/Mist
119,KAG_000120,Kaggle_Accident_prediction,2020,August,Tuesday,Jharkhand,Truck,Unidentified,3,31-50,Unknown,Unknown/Other,Damaged/Construction,Dark,2,8,10,Minor,Rainy
120,KAG_000121,Kaggle_Accident_prediction,2021,April,Wednesday,Tripura,Truck,Unidentified,3,Over 51,Unknown,Unknown/Other,Wet,Dark,5,2,7,Minor,Rainy
121,KAG_000122,Kaggle_Accident_prediction,2021,January,Friday,Arunachal Pradesh,Truck,Unidentified,3,18-30,Unknown,Unknown/Other,Dry,Dark,4,0,1,Serious,Fog/Mist
122,KAG_000123,Kaggle_Accident_prediction,2018,June,Saturday,Punjab,Truck,Unidentified,1,31-50,Unknown,Unknown/Other,Damaged/Construction,Twilight,1,7,8,Minor,Rainy
123,KAG_000124,Kaggle_Accident_prediction,2020,March,Thursday,Jammu and Kashmir,Truck,Unidentified,3,Over 51,Unknown,Unknown/Other,Damaged/Construction,Dark,2,8,10,Minor,Rainy
124,KAG_000125,Kaggle_Accident_prediction,2021,January,Thursday,Kerala,Truck,Unidentified,1,31-50,Unknown,Unknown/Other,Damaged/Construction,Daylight,4,0,1,Fatal,Clear
125,KAG_000126,Kaggle_Accident_prediction,2023,August,Tuesday,Maharashtra,Truck,Unidentified,1,18-30,Unknown,Unknown/Other,Wet,Dark,2,0,1,Minor,Clear
126,KAG_000127,Kaggle_Accident_prediction,2020,May,Friday,Rajasthan,Truck,Unidentified,5,Over 51,Unknown,Unknown/Other,Damaged/Construction,Dark,1,5,6,Fatal,Fog/Mist
127,KAG_000128,Kaggle_Accident_prediction,2020,July,Saturday,Delhi,Truck,Unidentified,3,Over 51,Unknown,Unknown/Other,Damaged/Construction,Twilight,2,0,1,Fatal,Rainy
128,KAG_000129,Kaggle_Accident_prediction,2022,November,Monday,Punjab,Truck,Unidentified,3,31-50,Unknown,Unknown/Other,Damaged/Construction,Twilight,0,3,3,Fatal,Rainy
129,KAG_000130,Kaggle_Accident_prediction,2019,July,Friday,Himachal Pradesh,Truck,Unidentified,1,31-50,Unknown,Unknown/Other,Dry,Dark,0,9,9,Minor,Rainy
130,KAG_000131,Kaggle_Accident_prediction,2019,June,Friday,Assam,Truck,Unidentified,4,18-30,Unknown,Unknown/Other,Damaged/Construction,Twilight,4,0,0,Serious,Fog/Mist
131,KAG_000132,Kaggle_Accident_prediction,2021,October,Wednesday,Gujarat,Truck,Unidentified,2,Over 51,Unknown,Unknown/Other,Damaged/Construction,Dark,3,0,2,Fatal,Rainy
132,KAG_000133,Kaggle_Accident_prediction,2020,February,Monday,Jammu and Kashmir,Truck,Unidentified,2,18-30,Unknown,Unknown/Other,Damaged/Construction,Twilight,1,8,9,Serious,Clear
133,KAG_000134,Kaggle_Accident_prediction,2019,January,Wednesday,Nagaland,Truck,Unidentified,3,18-30,Unknown,Unknown/Other,Damaged/Construction,Dark,5,0,1,Fatal,Rainy
134,KAG_000135,Kaggle_Accident_prediction,2021,December,Wednesday,Maharashtra,Truck,Unidentified,3,31-50,Unknown,Unknown/Other,Wet,Twilight,2,3,5,Fatal,Rainy
135,KAG_000136,Kaggle_Accident_prediction,2020,February,Tuesday,Madhya Pradesh,Truck,Unidentified,3,Over 51,Unknown,Unknown/Other,Wet,Dark,4,0,2,Fatal,Rainy
136,KAG_000137,Kaggle_Accident_prediction,2021,March,Sunday,Tamil Nadu,Truck,Unidentified,1,Over 51,Unknown,Unknown/Other,Wet,Daylight,2,8,10,Fatal,Rainy
137,KAG_000138,Kaggle_Accident_prediction,2020,October,Monday,Andhra Pradesh,Truck,Unidentified,3,18-30,Unknown,Unknown/Other,Wet,Daylight,5,1,6,Serious,Fog/Mist
138,KAG_000139,Kaggle_Accident_prediction,2020,January,Thursday,Telangana,Truck,Unidentified,4,31-50,Unknown,Unknown/Other,Wet,Twilight,3,0,0,Minor,Rainy
139,KAG_000140,Kaggle_Accident_prediction,2020,August,Wednesday,Meghalaya,Truck,Unidentified,5,Over 51,Unknown,Unknown/Other,Dry,Twilight,3,5,8,Minor,Rainy
140,KAG_000141,Kaggle_Accident_prediction,2019,August,Saturday,Tripura,Truck,Unidentified,5,31-50,Unknown,Unknown/Other,Damaged/Construction,Twilight,4,0,3,Serious,Rainy
141,KAG_000142,Kaggle_Accident_prediction,2020,May,Friday,Arunachal Pradesh,Truck,Unidentified,1,31-50,Unknown,Unknown/Other,Wet,Twilight,3,7,10,Serious,Rainy
142,KAG_000143,Kaggle_Accident_prediction,2020,September,Monday,Kerala,Truck,Unidentified,5,Over 51,Unknown,Unknown/Other,Damaged/Construction,Twilight,3,7,10,Minor,Fog/Mist
143,KAG_000144,Kaggle_Accident_prediction,2022,May,Sunday,Jharkhand,Truck,Unidentified,3,Over 51,Unknown,Unknown/Other,Damaged/Construction,Twilight,4,0,3,Minor,Rainy
144,KAG_000145,Kaggle_Accident_prediction,2019,March,Wednesday,Kerala,Truck,Unidentified,4,Over 51,Unknown,Unknown/Other,Dry,Twilight,2,8,10,Fatal,Rainy
145,KAG_000146,Kaggle_Accident_prediction,2023,November,Wednesday,Kerala,Truck,Unidentified,5,18-30,Unknown,Unknown/Other,Damaged/Construction,Twilight,3,4,7,Serious,Rainy
146,KAG_000147,Kaggle_Accident_prediction,2023,August,Tuesday,Jammu and Kashmir,Truck,Unidentified,5,18-30,Unknown,Unknown/Other,Damaged/Construction,Dark,0,9,9,Minor,Clear
147,KAG_000148,Kaggle_Accident_prediction,2023,December,Friday,Andhra Pradesh,Truck,Unidentified,2,18-30,Unknown,Unknown/Other,Dry,Twilight,2,0,1,Fatal,Clear
148,KAG_000149,Kaggle_Accident_prediction,2019,July,Sunday,Uttar Pradesh,Truck,Unidentified,3,18-30,Unknown,Unknown/Other,Damaged/Construction,Daylight,0,10,10,Fatal,Fog/Mist
149,KAG_000150,Kaggle_Accident_prediction,2020,July,Thursday,Puducherry,Truck,Unidentified,2,18-30,Unknown,Unknown/Other,Damaged/Construction,Twilight,2,4,6,Fatal,Fog/Mist
150,KAG_000151,Kaggle_Accident_prediction,2023,November,Tuesday,West Bengal,Truck,Unidentified,4,18-30,Unknown,Unknown/Other,Damaged/Construction,Twilight,3,0,0,Serious,Fog/Mist
151,KAG_000152,Kaggle_Accident_prediction,2019,June,Thursday,Tripura,Truck,Unidentified,1,Over 51,Unknown,Unknown/Other,Damaged/Construction,Twilight,3,0,0,Minor,Rainy
152,KAG_000153,Kaggle_Accident_prediction,2018,August,Friday,Karnataka,Truck,Unidentified,5,18-30,Unknown,Unknown/Other,Damaged/Construction,Twilight,1,5,6,Fatal,Clear
153,KAG_000154,Kaggle_Accident_prediction,2019,September,Tuesday,Delhi,Truck,Unidentified,4,Over 51,Unknown,Unknown/Other,Dry,Twilight,0,5,5,Minor,Rainy
154,KAG_000155,Kaggle_Accident_prediction,2019,November,Thursday,Sikkim,Truck,Unidentified,1,Over 51,Unknown,Unknown/Other,Dry,Twilight,5,0,2,Minor,Rainy
155,KAG_000156,Kaggle_Accident_prediction,2021,June,Monday,Tamil Nadu,Truck,Unidentified,3,Over 51,Unknown,Unknown/Other,Damaged/Construction,Daylight,0,1,1,Fatal,Rainy
156,KAG_000157,Kaggle_Accident_prediction,2022,May,Saturday,Andhra Pradesh,Truck,Unidentified,4,18-30,Unknown,Unknown/Other,Dry,Twilight,2,0,2,Serious,Fog/Mist
157,KAG_000158,Kaggle_Accident_prediction,2018,June,Tuesday,Haryana,Truck,Unidentified,5,18-30,Unknown,Unknown/Other,Damaged/Construction,Twilight,4,4,8,Serious,Fog/Mist
158,KAG_000159,Kaggle_Accident_prediction,2022,August,Wednesday,Odisha,Truck,Unidentified,2,31-50,Unknown,Unknown/Other,Wet,Twilight,4,0,0,Minor,Rainy
159,KAG_000160,Kaggle_Accident_prediction,2021,February,Thursday,Uttarakhand,Truck,Unidentified,3,31-50,Unknown,Unknown/Other,Wet,Twilight,3,0,3,Fatal,Fog/Mist
160,KAG_000161,Kaggle_Accident_prediction,2020,June,Wednesday,Andhra Pradesh,Truck,Unidentified,4,31-50,Unknown,Unknown/Other,Damaged/Construction,Twilight,3,4,7,Serious,Fog/Mist
161,KAG_000162,Kaggle_Accident_prediction,2022,January,Friday,Himachal Pradesh,Truck,Unidentified,1,31-50,Unknown,Unknown/Other,Damaged/Construction,Twilight,1,8,9,Minor,Rainy
162,KAG_000163,Kaggle_Accident_prediction,2022,October,Thursday,Uttarakhand,Truck,Unidentified,1,31-50,Unknown,Unknown/Other,Wet,Twilight,0,1,1,Fatal,Rainy
163,KAG_000164,Kaggle_Accident_prediction,2018,August,Wednesday,Mizoram,Truck,Unidentified,5,Over 51,Unknown,Unknown/Other,Damaged/Construction,Twilight,3,1,4,Minor,Rainy
164,KAG_000165,Kaggle_Accident_prediction,2023,March,Sunday,Andhra Pradesh,Truck,Unidentified,4,Over 51,Unknown,Unknown/Other,Damaged/Construction,Twilight,2,8,10,Minor,Rainy
165,KAG_000166,Kaggle_Accident_prediction,2019,May,Wednesday,Mizoram,Truck,Unidentified,5,18-30,Unknown,Unknown/Other,Dry,Daylight,1,4,5,Minor,Fog/Mist
166,KAG_000167,Kaggle_Accident_prediction,2021,June,Tuesday,Puducherry,Truck,Unidentified,3,18-30,Unknown,Unknown/Other,Damaged/Construction,Twilight,0,7,7,Fatal,Rainy
167,KAG_000168,Kaggle_Accident_prediction,2020,May,Monday,Himachal Pradesh,Truck,Unidentified,1,Over 51,Unknown,Unknown/Other,Damaged/Construction,Daylight,0,1,1,Minor,Rainy
168,KAG_000169,Kaggle_Accident_prediction,2019,December,Saturday,Mizoram,Truck,Unidentified,1,Over 51,Unknown,Unknown/Other,Wet,Dark,2,0,2,Serious,Clear
169,KAG_000170,Kaggle_Accident_prediction,2022,July,Wednesday,Arunachal Pradesh,Truck,Unidentified,1,Over 51,Unknown,Unknown/Other,Damaged/Construction,Dark,5,0,1,Fatal,Rainy
170,KAG_000171,Kaggle_Accident_prediction,2019,June,Saturday,Bihar,Truck,Unidentified,5,31-50,Unknown,Unknown/Other,Wet,Daylight,4,5,9,Minor,Fog/Mist
171,KAG_000172,Kaggle_Accident_prediction,2021,February,Monday,Tripura,Truck,Unidentified,4,Over 51,Unknown,Unknown/Other,Dry,Daylight,0,9,9,Fatal,Rainy
172,KAG_000173,Kaggle_Accident_prediction,2018,February,Sunday,West Bengal,Truck,Unidentified,5,18-30,Unknown,Unknown/Other,Wet,Daylight,0,6,6,Fatal,Fog/Mist
173,KAG_000174,Kaggle_Accident_prediction,2020,June,Tuesday,Himachal Pradesh,Truck,Unidentified,1,Over 51,Unknown,Unknown/Other,Wet,Daylight,4,4,8,Fatal,Rainy
174,KAG_000175,Kaggle_Accident_prediction,2022,July,Monday,Maharashtra,Truck,Unidentified,2,31-50,Unknown,Unknown/Other,Damaged/Construction,Twilight,2,8,10,Serious,Clear
175,KAG_000176,Kaggle_Accident_prediction,2023,April,Monday,Tamil Nadu,Truck,Unidentified,4,18-30,Unknown,Unknown/Other,Dry,Daylight,2,3,5,Minor,Rainy
176,KAG_000177,Kaggle_Accident_prediction,2021,November,Wednesday,Uttar Pradesh,Truck,Unidentified,3,31-50,Unknown,Unknown/Other,Damaged/Construction,Daylight,3,4,7,Minor,Fog/Mist
177,KAG_000178,Kaggle_Accident_prediction,2020,November,Sunday,Arunachal Pradesh,Truck,Unidentified,3,Over 51,Unknown,Unknown/Other,Damaged/Construction,Twilight,5,0,0,Serious,Fog/Mist
178,KAG_000179,Kaggle_Accident_prediction,2018,February,Wednesday,Delhi,Truck,Unidentified,4,31-50,Unknown,Unknown/Other,Damaged/Construction,Daylight,5,5,10,Fatal,Rainy
179,KAG_000180,Kaggle_Accident_prediction,2020,January,Tuesday,Nagaland,Truck,Unidentified,4,31-50,Unknown,Unknown/Other,Dry,Daylight,2,0,0,Fatal,Fog/Mist
180,KAG_000181,Kaggle_Accident_prediction,2019,February,Tuesday,Haryana,Truck,Unidentified,2,Over 51,Unknown,Unknown/Other,Damaged/Construction,Twilight,5,1,6,Serious,Clear
181,KAG_000182,Kaggle_Accident_prediction,2023,March,Friday,Gujarat,Truck,Unidentified,5,18-30,Unknown,Unknown/Other,Wet,Twilight,4,0,2,Serious,Rainy
182,KAG_000183,Kaggle_Accident_prediction,2022,March,Tuesday,Sikkim,Truck,Unidentified,2,31-50,Unknown,Unknown/Other,Dry,Twilight,4,4,8,Serious,Fog/Mist
183,KAG_000184,Kaggle_Accident_prediction,2021,September,Friday,Goa,Truck,Unidentified,4,31-50,Unknown,Unknown/Other,Damaged/Construction,Daylight,0,1,1,Minor,Clear
184,KAG_000185,Kaggle_Accident_prediction,2023,October,Friday,Madhya Pradesh,Truck,Unidentified,2,18-30,Unknown,Unknown/Other,Wet,Dark,0,3,3,Fatal,Clear
185,KAG_000186,Kaggle_Accident_prediction,2020,September,Wednesday,Uttar Pradesh,Truck,Unidentified,2,Over 51,Unknown,Unknown/Other,Damaged/Construction,Twilight,3,0,0,Fatal,Fog/Mist
186,KAG_000187,Kaggle_Accident_prediction,2023,March,Tuesday,Delhi,Truck,Unidentified,2,31-50,Unknown,Unknown/Other,Wet,Daylight,5,2,7,Minor,Fog/Mist
187,KAG_000188,Kaggle_Accident_prediction,2022,February,Wednesday,Mizoram,Truck,Unidentified,5,31-50,Unknown,Unknown/Other,Dry,Daylight,2,6,8,Serious,Clear
188,KAG_000189,Kaggle_Accident_prediction,2021,February,Tuesday,Nagaland,Truck,Unidentified,2,Over 51,Unknown,Unknown/Other,Dry,Twilight,0,6,6,Minor,Fog/Mist
189,KAG_000190,Kaggle_Accident_prediction,2022,August,Wednesday,Kerala,Truck,Unidentified,4,18-30,Unknown,Unknown/Other,Damaged/Construction,Twilight,0,4,4,Minor,Fog/Mist
190,KAG_000191,Kaggle_Accident_prediction,2019,October,Wednesday,Jammu and Kashmir,Truck,Unidentified,5,31-50,Unknown,Unknown/Other,Wet,Twilight,2,5,7,Serious,Clear
191,KAG_000192,Kaggle_Accident_prediction,2018,May,Friday,Goa,Truck,Unidentified,3,31-50,Unknown,Unknown/Other,Wet,Twilight,2,2,4,Minor,Rainy
192,KAG_000193,Kaggle_Accident_prediction,2022,October,Saturday,Himachal Pradesh,Truck,Unidentified,4,31-50,Unknown,Unknown/Other,Damaged/Construction,Daylight,1,5,6,Fatal,Fog/Mist
193,KAG_000194,Kaggle_Accident_prediction,2019,October,Wednesday,Nagaland,Truck,Unidentified,1,Over 51,Unknown,Unknown/Other,Damaged/Construction,Twilight,5,0,3,Fatal,Fog/Mist
194,KAG_000195,Kaggle_Accident_prediction,2019,January,Thursday,Puducherry,Truck,Unidentified,5,31-50,Unknown,Unknown/Other,Dry,Twilight,1,8,9,Minor,Fog/Mist
195,KAG_000196,Kaggle_Accident_prediction,2020,June,Thursday,Rajasthan,Truck,Unidentified,4,18-30,Unknown,Unknown/Other,Wet,Daylight,4,0,0,Fatal,Rainy
196,KAG_000197,Kaggle_Accident_prediction,2018,February,Monday,Goa,Truck,Unidentified,4,Over 51,Unknown,Unknown/Other,Damaged/Construction,Dark,5,0,0,Minor,Fog/Mist
197,KAG_000198,Kaggle_Accident_prediction,2019,September,Monday,Punjab,Truck,Unidentified,2,31-50,Unknown,Unknown/Other,Dry,Twilight,4,1,5,Fatal,Rainy
198,KAG_000199,Kaggle_Accident_prediction,2023,March,Tuesday,Meghalaya,Truck,Unidentified,5,Over 51,Unknown,Unknown/Other,Damaged/Construction,Twilight,0,3,3,Fatal,Rainy
199,KAG_000200,Kaggle_Accident_prediction,2018,January,Sunday,Punjab,Truck,Unidentified,3,31-50,Unknown,Unknown/Other,Damaged/Construction,Dark,1,1,2,Minor,Rainy
200,KAG_000201,Kaggle_Accident_prediction,2018,March,Sunday,Punjab,Truck,Unidentified,5,18-30,Unknown,Unknown/Other,Damaged/Construction,Twilight,4,0,1,Serious,Rainy
201,KAG_000202,Kaggle_Accident_prediction,2018,September,Thursday,Nagaland,Truck,Unidentified,3,31-50,Unknown,Unknown/Other,Wet,Twilight,1,6,7,Serious,Rainy
202,KAG_000203,Kaggle_Accident_prediction,2018,February,Thursday,Mizoram,Truck,Unidentified,5,18-30,Unknown,Unknown/Other,Wet,Daylight,4,0,0,Minor,Fog/Mist
203,KAG_000204,Kaggle_Accident_prediction,2022,November,Sunday,Manipur,Truck,Unidentified,4,31-50,Unknown,Unknown/Other,Wet,Dark,3,0,1,Serious,Rainy
204,KAG_000205,Kaggle_Accident_prediction,2020,March,Thursday,Tripura,Truck,Unidentified,5,31-50,Unknown,Unknown/Other,Dry,Twilight,0,8,8,Serious,Rainy
205,KAG_000206,Kaggle_Accident_prediction,2020,June,Sunday,Arunachal Pradesh,Truck,Unidentified,5,31-50,Unknown,Unknown/Other,Dry,Dark,0,1,1,Serious,Fog/Mist
206,KAG_000207,Kaggle_Accident_prediction,2018,January,Tuesday,Jammu and Kashmir,Truck,Unidentified,2,Over 51,Unknown,Unknown/Other,Damaged/Construction,Twilight,0,8,8,Fatal,Rainy
207,KAG_000208,Kaggle_Accident_prediction,2019,December,Wednesday,Jharkhand,Truck,Unidentified,3,Over 51,Unknown,Unknown/Other,Dry,Daylight,2,0,1,Minor,Clear
208,KAG_000209,Kaggle_Accident_prediction,2020,January,Saturday,Manipur,Truck,Unidentified,2,Over 51,Unknown,Unknown/Other,Damaged/Construction,Daylight,2,5,7,Minor,Fog/Mist
209,KAG_000210,Kaggle_Accident_prediction,2022,July,Wednesday,Manipur,Truck,Unidentified,1,18-30,Unknown,Unknown/Other,Wet,Daylight,5,0,0,Serious,Fog/Mist
210,KAG_000211,Kaggle_Accident_prediction,2021,December,Monday,Assam,Truck,Unidentified,5,18-30,Unknown,Unknown/Other,Damaged/Construction,Daylight,2,0,2,Fatal,Clear
211,KAG_000212,Kaggle_Accident_prediction,2019,December,Monday,Manipur,Truck,Unidentified,3,Over 51,Unknown,Unknown/Other,Damaged/Construction,Twilight,2,1,3,Fatal,Fog/Mist
212,KAG_000213,Kaggle_Accident_prediction,2019,June,Sunday,Jharkhand,Truck,Unidentified,5,31-50,Unknown,Unknown/Other,Damaged/Construction,Daylight,4,0,4,Serious,Rainy
213,KAG_000214,Kaggle_Accident_prediction,2020,September,Monday,Jharkhand,Truck,Unidentified,1,31-50,Unknown,Unknown/Other,Wet,Daylight,1,0,0,Minor,Fog/Mist
214,KAG_000215,Kaggle_Accident_prediction,2020,February,Saturday,Bihar,Truck,Unidentified,1,Over 51,Unknown,Unknown/Other,Damaged/Construction,Twilight,2,5,7,Serious,Fog/Mist
215,KAG_000216,Kaggle_Accident_prediction,2020,August,Monday,Karnataka,Truck,Unidentified,3,31-50,Unknown,Unknown/Other,Damaged/Construction,Daylight,1,1,2,Minor,Rainy
216,KAG_000217,Kaggle_Accident_prediction,2022,February,Tuesday,Nagaland,Truck,Unidentified,5,31-50,Unknown,Unknown/Other,Damaged/Construction,Twilight,4,6,10,Minor,Clear
217,KAG_000218,Kaggle_Accident_prediction,2022,April,Saturday,Manipur,Truck,Unidentified,3,Over 51,Unknown,Unknown/Other,Damaged/Construction,Twilight,1,3,4,Serious,Rainy
218,KAG_000219,Kaggle_Accident_prediction,2019,March,Wednesday,Jharkhand,Truck,Unidentified,4,18-30,Unknown,Unknown/Other,Damaged/Construction,Twilight,2,5,7,Fatal,Fog/Mist
219,KAG_000220,Kaggle_Accident_prediction,2021,December,Sunday,Sikkim,Truck,Unidentified,5,Over 51,Unknown,Unknown/Other,Wet,Daylight,4,0,2,Serious,Rainy
220,KAG_000221,Kaggle_Accident_prediction,2023,August,Sunday,Manipur,Truck,Unidentified,4,18-30,Unknown,Unknown/Other,Damaged/Construction,Dark,0,1,1,Serious,Rainy
221,KAG_000222,Kaggle_Accident_prediction,2018,April,Saturday,Madhya Pradesh,Truck,Unidentified,1,31-50,Unknown,Unknown/Other,Wet,Twilight,1,7,8,Fatal,Rainy
222,KAG_000223,Kaggle_Accident_prediction,2019,July,Friday,Telangana,Truck,Unidentified,1,31-50,Unknown,Unknown/Other,Wet,Dark,1,9,10,Minor,Rainy
223,KAG_000224,Kaggle_Accident_prediction,2022,January,Wednesday,Delhi,Truck,Unidentified,1,31-50,Unknown,Unknown/Other,Dry,Twilight,5,5,10,Minor,Fog/Mist
224,KAG_000225,Kaggle_Accident_prediction,2022,December,Monday,Uttar Pradesh,Truck,Unidentified,2,Over 51,Unknown,Unknown/Other,Wet,Twilight,4,6,10,Minor,Fog/Mist
225,KAG_000226,Kaggle_Accident_prediction,2021,February,Wednesday,Meghalaya,Truck,Unidentified,5,Over 51,Unknown,Unknown/Other,Wet,Dark,2,5,7,Fatal,Fog/Mist
226,KAG_000227,Kaggle_Accident_prediction,2022,July,Monday,Uttarakhand,Truck,Unidentified,2,Over 51,Unknown,Unknown/Other,Dry,Twilight,2,6,8,Fatal,Fog/Mist
227,KAG_000228,Kaggle_Accident_prediction,2020,October,Thursday,Tripura,Truck,Unidentified,1,Over 51,Unknown,Unknown/Other,Damaged/Construction,Daylight,5,0,2,Minor,Fog/Mist
228,KAG_000229,Kaggle_Accident_prediction,2019,December,Wednesday,Andhra Pradesh,Truck,Unidentified,1,Over 51,Unknown,Unknown/Other,Damaged/Construction,Twilight,1,2,3,Fatal,Rainy
229,KAG_000230,Kaggle_Accident_prediction,2022,September,Wednesday,Tripura,Truck,Unidentified,1,Over 51,Unknown,Unknown/Other,Damaged/Construction,Daylight,2,0,0,Minor,Rainy
230,KAG_000231,Kaggle_Accident_prediction,2023,September,Friday,Kerala,Truck,Unidentified,5,31-50,Unknown,Unknown/Other,Wet,Daylight,0,1,1,Fatal,Fog/Mist
231,KAG_000232,Kaggle_Accident_prediction,2020,March,Sunday,Andhra Pradesh,Truck,Unidentified,4,18-30,Unknown,Unknown/Other,Wet,Daylight,2,3,5,Serious,Fog/Mist
232,KAG_000233,Kaggle_Accident_prediction,2021,April,Friday,Goa,Truck,Unidentified,5,Over 51,Unknown,Unknown/Other,Wet,Twilight,3,0,1,Fatal,Rainy
233,KAG_000234,Kaggle_Accident_prediction,2020,October,Wednesday,Sikkim,Truck,Unidentified,2,18-30,Unknown,Unknown/Other,Dry,Daylight,5,3,8,Fatal,Fog/Mist
234,KAG_000235,Kaggle_Accident_prediction,2021,December,Friday,West Bengal,Truck,Unidentified,5,18-30,Unknown,Unknown/Other,Wet,Dark,1,5,6,Fatal,Rainy
235,KAG_000236,Kaggle_Accident_prediction,2021,October,Saturday,Telangana,Truck,Unidentified,4,31-50,Unknown,Unknown/Other,Wet,Twilight,3,0,2,Minor,Rainy
236,KAG_000237,Kaggle_Accident_prediction,2022,September,Tuesday,Nagaland,Truck,Unidentified,2,Over 51,Unknown,Unknown/Other,Damaged/Construction,Twilight,0,1,1,Fatal,Clear
237,KAG_000238,Kaggle_Accident_prediction,2020,August,Thursday,Chandigarh,Truck,Unidentified,5,Over 51,Unknown,Unknown/Other,Damaged/Construction,Twilight,4,0,4,Minor,Rainy
238,KAG_000239,Kaggle_Accident_prediction,2019,May,Friday,Chhattisgarh,Truck,Unidentified,5,Over 51,Unknown,Unknown/Other,Damaged/Construction,Twilight,4,0,4,Minor,Rainy
239,KAG_000240,Kaggle_Accident_prediction,2018,October,Saturday,Nagaland,Truck,Unidentified,5,18-30,Unknown,Unknown/Other,Wet,Dark,5,5,10,Fatal,Rainy
240,KAG_000241,Kaggle_Accident_prediction,2023,September,Thursday,Haryana,Truck,Unidentified,1,31-50,Unknown,Unknown/Other,Damaged/Construction,Twilight,0,8,8,Fatal,Rainy
241,KAG_000242,Kaggle_Accident_prediction,2018,November,Tuesday,Madhya Pradesh,Truck,Unidentified,3,Over 51,Unknown,Unknown/Other,Dry,Dark,3,2,5,Serious,Clear
242,KAG_000243,Kaggle_Accident_prediction,2022,January,Wednesday,West Bengal,Truck,Unidentified,1,31-50,Unknown,Unknown/Other,Wet,Twilight,5,3,8,Minor,Fog/Mist
243,KAG_000244,Kaggle_Accident_prediction,2021,October,Saturday,Assam,Truck,Unidentified,1,31-50,Unknown,Unknown/Other,Damaged/Construction,Twilight,5,0,2,Fatal,Fog/Mist
244,KAG_000245,Kaggle_Accident_prediction,2018,November,Sunday,Himachal Pradesh,Truck,Unidentified,3,18-30,Unknown,Unknown/Other,Wet,Twilight,0,7,7,Minor,Rainy
245,KAG_000246,Kaggle_Accident_prediction,2022,October,Tuesday,Goa,Truck,Unidentified,5,31-50,Unknown,Unknown/Other,Damaged/Construction,Daylight,0,6,6,Fatal,Rainy
246,KAG_000247,Kaggle_Accident_prediction,2022,September,Saturday,Uttarakhand,Truck,Unidentified,2,18-30,Unknown,Unknown/Other,Damaged/Construction,Dark,0,3,3,Serious,Fog/Mist
247,KAG_000248,Kaggle_Accident_prediction,2023,November,Wednesday,Meghalaya,Truck,Unidentified,5,Over 51,Unknown,Unknown/Other,Damaged/Construction,Twilight,1,7,8,Minor,Fog/Mist
248,KAG_000249,Kaggle_Accident_prediction,2018,November,Wednesday,Delhi,Truck,Unidentified,1,Over 51,Unknown,Unknown/Other,Damaged/Construction,Daylight,3,4,7,Serious,Rainy
249,KAG_000250,Kaggle_Accident_prediction,2023,March,Thursday,Goa,Truck,Unidentified,5,31-50,Unknown,Unknown/Other,Wet,Twilight,2,0,1,Minor,Rainy
250,KAG_000251,Kaggle_Accident_prediction,2019,July,Friday,Karnataka,Truck,Unidentified,2,18-30,Unknown,Unknown/Other,Damaged/Construction,Daylight,2,1,3,Fatal,Fog/Mist
251,KAG_000252,Kaggle_Accident_prediction,2022,June,Tuesday,Odisha,Truck,Unidentified,1,18-30,Unknown,Unknown/Other,Wet,Daylight,4,5,9,Fatal,Rainy
252,KAG_000253,Kaggle_Accident_prediction,2021,September,Sunday,Nagaland,Truck,Unidentified,2,Over 51,Unknown,Unknown/Other,Dry,Dark,0,8,8,Fatal,Rainy
253,KAG_000254,Kaggle_Accident_prediction,2021,January,Thursday,Arunachal Pradesh,Truck,Unidentified,1,Over 51,Unknown,Unknown/Other,Dry,Twilight,4,3,7,Fatal,Rainy
254,KAG_000255,Kaggle_Accident_prediction,2021,June,Wednesday,Chandigarh,Truck,Unidentified,4,Over 51,Unknown,Unknown/Other,Damaged/Construction,Dark,5,0,1,Minor,Rainy
255,KAG_000256,Kaggle_Accident_prediction,2022,September,Wednesday,Tamil Nadu,Truck,Unidentified,3,Over 51,Unknown,Unknown/Other,Wet,Dark,5,0,0,Minor,Rainy
256,KAG_000257,Kaggle_Accident_prediction,2018,March,Thursday,Telangana,Truck,Unidentified,1,Over 51,Unknown,Unknown/Other,Damaged/Construction,Daylight,5,0,5,Fatal,Fog/Mist
257,KAG_000258,Kaggle_Accident_prediction,2022,September,Tuesday,Nagaland,Truck,Unidentified,3,31-50,Unknown,Unknown/Other,Damaged/Construction,Dark,3,1,4,Minor,Fog/Mist
258,KAG_000259,Kaggle_Accident_prediction,2021,October,Wednesday,Haryana,Truck,Unidentified,5,Over 51,Unknown,Unknown/Other,Damaged/Construction,Twilight,5,0,1,Fatal,Clear
259,KAG_000260,Kaggle_Accident_prediction,2019,February,Tuesday,Himachal Pradesh,Truck,Unidentified,3,31-50,Unknown,Unknown/Other,Wet,Twilight,0,2,2,Minor,Rainy
260,KAG_000261,Kaggle_Accident_prediction,2018,July,Thursday,Punjab,Truck,Unidentified,5,18-30,Unknown,Unknown/Other,Wet,Dark,2,0,1,Minor,Clear
261,KAG_000262,Kaggle_Accident_prediction,2020,September,Monday,Jharkhand,Truck,Unidentified,3,Over 51,Unknown,Unknown/Other,Damaged/Construction,Dark,2,0,2,Fatal,Rainy
262,KAG_000263,Kaggle_Accident_prediction,2022,December,Thursday,Uttar Pradesh,Truck,Unidentified,2,31-50,Unknown,Unknown/Other,Dry,Twilight,0,0,0,Serious,Rainy
263,KAG_000264,Kaggle_Accident_prediction,2018,December,Friday,Sikkim,Truck,Unidentified,4,Over 51,Unknown,Unknown/Other,Damaged/Construction,Daylight,5,2,7,Fatal,Fog/Mist
264,KAG_000265,Kaggle_Accident_prediction,2020,April,Wednesday,Goa,Truck,Unidentified,5,31-50,Unknown,Unknown/Other,Dry,Twilight,0,7,7,Fatal,Fog/Mist
265,KAG_000266,Kaggle_Accident_prediction,2022,November,Tuesday,Tamil Nadu,Truck,Unidentified,1,18-30,Unknown,Unknown/Other,Dry,Twilight,0,0,0,Serious,Fog/Mist
266,KAG_000267,Kaggle_Accident_prediction,2019,January,Monday,Gujarat,Truck,Unidentified,3,18-30,Unknown,Unknown/Other,Damaged/Construction,Twilight,5,2,7,Minor,Rainy
267,KAG_000268,Kaggle_Accident_prediction,2021,August,Monday,Uttarakhand,Truck,Unidentified,3,18-30,Unknown,Unknown/Other,Wet,Twilight,1,6,7,Fatal,Fog/Mist
268,KAG_000269,Kaggle_Accident_prediction,2019,July,Tuesday,Karnataka,Truck,Unidentified,5,31-50,Unknown,Unknown/Other,Damaged/Construction,Dark,0,5,5,Minor,Clear
269,KAG_000270,Kaggle_Accident_prediction,2021,January,Tuesday,Rajasthan,Truck,Unidentified,3,Over 51,Unknown,Unknown/Other,Wet,Daylight,4,0,2,Fatal,Fog/Mist
270,KAG_000271,Kaggle_Accident_prediction,2021,November,Friday,Tamil Nadu,Truck,Unidentified,5,18-30,Unknown,Unknown/Other,Damaged/Construction,Dark,5,2,7,Minor,Fog/Mist
271,KAG_000272,Kaggle_Accident_prediction,2023,February,Friday,Delhi,Truck,Unidentified,4,31-50,Unknown,Unknown/Other,Damaged/Construction,Dark,3,2,5,Fatal,Rainy
272,KAG_000273,Kaggle_Accident_prediction,2022,November,Sunday,Odisha,Truck,Unidentified,3,31-50,Unknown,Unknown/Other,Dry,Twilight,1,4,5,Serious,Clear
273,KAG_000274,Kaggle_Accident_prediction,2021,August,Sunday,Tripura,Truck,Unidentified,3,31-50,Unknown,Unknown/Other,Damaged/Construction,Dark,0,5,5,Serious,Clear
274,KAG_000275,Kaggle_Accident_prediction,2021,April,Thursday,Gujarat,Truck,Unidentified,5,18-30,Unknown,Unknown/Other,Wet,Daylight,5,2,7,Minor,Fog/Mist
275,KAG_000276,Kaggle_Accident_prediction,2018,March,Thursday,Rajasthan,Truck,Unidentified,3,Over 51,Unknown,Unknown/Other,Dry,Twilight,4,1,5,Minor,Clear
276,KAG_000277,Kaggle_Accident_prediction,2023,September,Sunday,Himachal Pradesh,Truck,Unidentified,2,18-30,Unknown,Unknown/Other,Damaged/Construction,Twilight,5,4,9,Minor,Rainy
277,KAG_000278,Kaggle_Accident_prediction,2021,May,Wednesday,Kerala,Truck,Unidentified,5,Over 51,Unknown,Unknown/Other,Wet,Dark,1,9,10,Serious,Fog/Mist
278,KAG_000279,Kaggle_Accident_prediction,2022,May,Thursday,Uttar Pradesh,Truck,Unidentified,5,31-50,Unknown,Unknown/Other,Wet,Twilight,5,2,7,Serious,Fog/Mist
279,KAG_000280,Kaggle_Accident_prediction,2022,May,Tuesday,Assam,Truck,Unidentified,1,Over 51,Unknown,Unknown/Other,Damaged/Construction,Twilight,3,0,2,Minor,Rainy
280,KAG_000281,Kaggle_Accident_prediction,2022,December,Tuesday,Karnataka,Truck,Unidentified,1,18-30,Unknown,Unknown/Other,Dry,Daylight,2,1,3,Minor,Clear
281,KAG_000282,Kaggle_Accident_prediction,2022,October,Monday,Haryana,Truck,Unidentified,2,31-50,Unknown,Unknown/Other,Dry,Twilight,0,4,4,Serious,Rainy
282,KAG_000283,Kaggle_Accident_prediction,2019,October,Monday,Andhra Pradesh,Truck,Unidentified,4,31-50,Unknown,Unknown/Other,Wet,Dark,3,0,2,Minor,Rainy
283,KAG_000284,Kaggle_Accident_prediction,2021,July,Friday,Delhi,Truck,Unidentified,1,31-50,Unknown,Unknown/Other,Wet,Dark,0,0,0,Serious,Fog/Mist
284,KAG_000285,Kaggle_Accident_prediction,2021,December,Monday,Tamil Nadu,Truck,Unidentified,1,Over 51,Unknown,Unknown/Other,Damaged/Construction,Twilight,3,7,10,Serious,Rainy
285,KAG_000286,Kaggle_Accident_prediction,2022,April,Sunday,Manipur,Truck,Unidentified,1,18-30,Unknown,Unknown/Other,Dry,Dark,0,8,8,Minor,Fog/Mist
286,KAG_000287,Kaggle_Accident_prediction,2019,March,Monday,Mizoram,Truck,Unidentified,5,Over 51,Unknown,Unknown/Other,Damaged/Construction,Dark,1,0,1,Fatal,Rainy
287,KAG_000288,Kaggle_Accident_prediction,2023,March,Tuesday,Odisha,Truck,Unidentified,4,Over 51,Unknown,Unknown/Other,Dry,Daylight,0,6,6,Minor,Fog/Mist
288,KAG_000289,Kaggle_Accident_prediction,2019,April,Thursday,Kerala,Truck,Unidentified,3,31-50,Unknown,Unknown/Other,Damaged/Construction,Daylight,0,3,3,Minor,Rainy
289,KAG_000290,Kaggle_Accident_prediction,2020,March,Thursday,Tamil Nadu,Truck,Unidentified,2,Over 51,Unknown,Unknown/Other,Damaged/Construction,Twilight,2,1,3,Minor,Fog/Mist
290,KAG_000291,Kaggle_Accident_prediction,2023,January,Tuesday,West Bengal,Truck,Unidentified,4,18-30,Unknown,Unknown/Other,Dry,Twilight,0,5,5,Serious,Fog/Mist
291,KAG_000292,Kaggle_Accident_prediction,2023,July,Saturday,Tripura,Truck,Unidentified,1,31-50,Unknown,Unknown/Other,Dry,Twilight,0,5,5,Fatal,Rainy
292,KAG_000293,Kaggle_Accident_prediction,2021,October,Wednesday,Puducherry,Truck,Unidentified,2,Over 51,Unknown,Unknown/Other,Wet,Twilight,0,2,2,Minor,Clear
293,KAG_000294,Kaggle_Accident_prediction,2019,June,Monday,Meghalaya,Truck,Unidentified,2,31-50,Unknown,Unknown/Other,Dry,Twilight,2,2,4,Minor,Fog/Mist
294,KAG_000295,Kaggle_Accident_prediction,2018,February,Tuesday,Goa,Truck,Unidentified,3,Over 51,Unknown,Unknown/Other,Damaged/Construction,Twilight,2,3,5,Minor,Clear
295,KAG_000296,Kaggle_Accident_prediction,2022,June,Sunday,Uttarakhand,Truck,Unidentified,1,Over 51,Unknown,Unknown/Other,Damaged/Construction,Twilight,0,1,1,Minor,Rainy
296,KAG_000297,Kaggle_Accident_prediction,2022,November,Friday,Uttar Pradesh,Truck,Unidentified,2,Over 51,Unknown,Unknown/Other,Damaged/Construction,Daylight,5,0,3,Fatal,Clear
297,KAG_000298,Kaggle_Accident_prediction,2022,August,Sunday,Madhya Pradesh,Truck,Unidentified,3,31-50,Unknown,Unknown/Other,Wet,Twilight,5,3,8,Fatal,Rainy
298,KAG_000299,Kaggle_Accident_prediction,2021,September,Friday,Meghalaya,Truck,Unidentified,2,31-50,Unknown,Unknown/Other,Dry,Dark,3,7,10,Serious,Rainy
299,KAG_000300,Kaggle_Accident_prediction,2019,October,Friday,Tripura,Truck,Unidentified,4,31-50,Unknown,Unknown/Other,Damaged/Construction,Daylight,2,6,8,Serious,Fog/Mist
300,KAG_000301,Kaggle_Accident_prediction,2021,September,Tuesday,Haryana,Truck,Unidentified,4,Over 51,Unknown,Unknown/Other,Damaged/Construction,Twilight,4,4,8,Fatal,Fog/Mist
301,KAG_000302,Kaggle_Accident_prediction,2022,November,Wednesday,Arunachal Pradesh,Truck,Unidentified,2,18-30,Unknown,Unknown/Other,Damaged/Construction,Twilight,1,7,8,Serious,Rainy
302,KAG_000303,Kaggle_Accident_prediction,2021,January,Thursday,Chandigarh,Truck,Unidentified,3,31-50,Unknown,Unknown/Other,Damaged/Construction,Dark,4,0,3,Fatal,Rainy
303,KAG_000304,Kaggle_Accident_prediction,2021,March,Tuesday,Haryana,Truck,Unidentified,3,31-50,Unknown,Unknown/Other,Dry,Twilight,0,7,7,Minor,Rainy
304,KAG_000305,Kaggle_Accident_prediction,2020,December,Tuesday,Chhattisgarh,Truck,Unidentified,2,Over 51,Unknown,Unknown/Other,Wet,Daylight,1,8,9,Serious,Rainy
305,KAG_000306,Kaggle_Accident_prediction,2023,June,Monday,Punjab,Truck,Unidentified,4,Over 51,Unknown,Unknown/Other,Dry,Twilight,4,1,5,Serious,Rainy
306,KAG_000307,Kaggle_Accident_prediction,2018,February,Thursday,Goa,Truck,Unidentified,5,31-50,Unknown,Unknown/Other,Damaged/Construction,Daylight,0,7,7,Minor,Rainy
307,KAG_000308,Kaggle_Accident_prediction,2022,August,Sunday,Gujarat,Truck,Unidentified,1,18-30,Unknown,Unknown/Other,Wet,Twilight,1,9,10,Serious,Rainy
308,KAG_000309,Kaggle_Accident_prediction,2021,April,Saturday,Uttarakhand,Truck,Unidentified,2,18-30,Unknown,Unknown/Other,Wet,Dark,0,7,7,Minor,Rainy
309,KAG_000310,Kaggle_Accident_prediction,2022,October,Saturday,Rajasthan,Truck,Unidentified,4,31-50,Unknown,Unknown/Other,Dry,Daylight,3,6,9,Serious,Fog/Mist
310,KAG_000311,Kaggle_Accident_prediction,2021,February,Monday,Delhi,Truck,Unidentified,2,Over 51,Unknown,Unknown/Other,Wet,Twilight,3,0,0,Serious,Clear
311,KAG_000312,Kaggle_Accident_prediction,2021,April,Thursday,Himachal Pradesh,Truck,Unidentified,1,Over 51,Unknown,Unknown/Other,Dry,Twilight,1,5,6,Serious,Fog/Mist
312,KAG_000313,Kaggle_Accident_prediction,2020,October,Thursday,Maharashtra,Truck,Unidentified,3,Over 51,Unknown,Unknown/Other,Dry,Daylight,3,0,1,Fatal,Rainy
313,KAG_000314,Kaggle_Accident_prediction,2022,August,Tuesday,Arunachal Pradesh,Truck,Unidentified,4,18-30,Unknown,Unknown/Other,Wet,Twilight,3,0,0,Minor,Fog/Mist
314,KAG_000315,Kaggle_Accident_prediction,2021,July,Monday,Arunachal Pradesh,Truck,Unidentified,3,31-50,Unknown,Unknown/Other,Damaged/Construction,Dark,4,4,8,Minor,Fog/Mist
315,KAG_000316,Kaggle_Accident_prediction,2022,August,Monday,Bihar,Truck,Unidentified,1,18-30,Unknown,Unknown/Other,Damaged/Construction,Twilight,3,0,3,Fatal,Fog/Mist
316,KAG_000317,Kaggle_Accident_prediction,2021,May,Wednesday,Uttar Pradesh,Truck,Unidentified,4,31-50,Unknown,Unknown/Other,Wet,Dark,5,0,3,Fatal,Clear
317,KAG_000318,Kaggle_Accident_prediction,2021,January,Saturday,Meghalaya,Truck,Unidentified,1,31-50,Unknown,Unknown/Other,Damaged/Construction,Daylight,0,1,1,Minor,Rainy
318,KAG_000319,Kaggle_Accident_prediction,2019,August,Saturday,Jammu and Kashmir,Truck,Unidentified,1,18-30,Unknown,Unknown/Other,Wet,Dark,1,4,5,Minor,Fog/Mist
319,KAG_000320,Kaggle_Accident_prediction,2021,February,Saturday,Odisha,Truck,Unidentified,1,Over 51,Unknown,Unknown/Other,Damaged/Construction,Daylight,0,3,3,Serious,Rainy
320,KAG_000321,Kaggle_Accident_prediction,2019,July,Friday,Goa,Truck,Unidentified,5,31-50,Unknown,Unknown/Other,Wet,Daylight,4,1,5,Serious,Fog/Mist
321,KAG_000322,Kaggle_Accident_prediction,2023,August,Thursday,Arunachal Pradesh,Truck,Unidentified,1,31-50,Unknown,Unknown/Other,Damaged/Construction,Twilight,2,0,1,Fatal,Rainy
322,KAG_000323,Kaggle_Accident_prediction,2019,February,Thursday,Bihar,Truck,Unidentified,1,18-30,Unknown,Unknown/Other,Damaged/Construction,Twilight,2,3,5,Minor,Fog/Mist
323,KAG_000324,Kaggle_Accident_prediction,2020,November,Monday,Assam,Truck,Unidentified,3,18-30,Unknown,Unknown/Other,Damaged/Construction,Dark,2,2,4,Serious,Clear
324,KAG_000325,Kaggle_Accident_prediction,2022,September,Monday,Jammu and Kashmir,Truck,Unidentified,4,Over 51,Unknown,Unknown/Other,Damaged/Construction,Twilight,5,0,2,Fatal,Fog/Mist
325,KAG_000326,Kaggle_Accident_prediction,2022,November,Monday,Rajasthan,Truck,Unidentified,4,Over 51,Unknown,Unknown/Other,Damaged/Construction,Dark,3,0,3,Minor,Fog/Mist
326,KAG_000327,Kaggle_Accident_prediction,2023,November,Wednesday,Jammu and Kashmir,Truck,Unidentified,5,18-30,Unknown,Unknown/Other,Damaged/Construction,Dark,2,5,7,Minor,Clear
327,KAG_000328,Kaggle_Accident_prediction,2018,November,Friday,Arunachal Pradesh,Truck,Unidentified,5,Over 51,Unknown,Unknown/Other,Wet,Twilight,5,3,8,Fatal,Fog/Mist
328,KAG_000329,Kaggle_Accident_prediction,2019,August,Friday,Jharkhand,Truck,Unidentified,4,Over 51,Unknown,Unknown/Other,Damaged/Construction,Twilight,2,4,6,Serious,Fog/Mist
329,KAG_000330,Kaggle_Accident_prediction,2018,April,Friday,Haryana,Truck,Unidentified,2,Over 51,Unknown,Unknown/Other,Damaged/Construction,Daylight,1,6,7,Minor,Fog/Mist
330,KAG_000331,Kaggle_Accident_prediction,2022,January,Sunday,Puducherry,Truck,Unidentified,2,31-50,Unknown,Unknown/Other,Damaged/Construction,Daylight,3,4,7,Minor,Fog/Mist
331,KAG_000332,Kaggle_Accident_prediction,2021,March,Sunday,Rajasthan,Truck,Unidentified,5,18-30,Unknown,Unknown/Other,Damaged/Construction,Twilight,2,7,9,Serious,Fog/Mist
332,KAG_000333,Kaggle_Accident_prediction,2018,August,Monday,Kerala,Truck,Unidentified,3,Over 51,Unknown,Unknown/Other,Damaged/Construction,Twilight,2,3,5,Serious,Rainy
333,KAG_000334,Kaggle_Accident_prediction,2023,November,Wednesday,Chhattisgarh,Truck,Unidentified,1,18-30,Unknown,Unknown/Other,Wet,Twilight,0,10,10,Serious,Fog/Mist
334,KAG_000335,Kaggle_Accident_prediction,2021,March,Thursday,Bihar,Truck,Unidentified,3,Over 51,Unknown,Unknown/Other,Damaged/Construction,Dark,1,0,0,Fatal,Rainy
335,KAG_000336,Kaggle_Accident_prediction,2023,September,Wednesday,Uttarakhand,Truck,Unidentified,5,31-50,Unknown,Unknown/Other,Dry,Twilight,3,2,5,Serious,Fog/Mist
336,KAG_000337,Kaggle_Accident_prediction,2020,August,Friday,Karnataka,Truck,Unidentified,2,Over 51,Unknown,Unknown/Other,Damaged/Construction,Twilight,0,10,10,Minor,Rainy
337,KAG_000338,Kaggle_Accident_prediction,2021,February,Monday,Rajasthan,Truck,Unidentified,3,18-30,Unknown,Unknown/Other,Dry,Twilight,5,3,8,Serious,Fog/Mist
338,KAG_000339,Kaggle_Accident_prediction,2020,May,Monday,Goa,Truck,Unidentified,4,Over 51,Unknown,Unknown/Other,Damaged/Construction,Dark,2,0,2,Serious,Fog/Mist
339,KAG_000340,Kaggle_Accident_prediction,2023,April,Saturday,Bihar,Truck,Unidentified,4,31-50,Unknown,Unknown/Other,Wet,Twilight,5,0,4,Minor,Fog/Mist
340,KAG_000341,Kaggle_Accident_prediction,2022,November,Friday,Assam,Truck,Unidentified,1,18-30,Unknown,Unknown/Other,Dry,Dark,0,3,3,Minor,Rainy
341,KAG_000342,Kaggle_Accident_prediction,2022,June,Wednesday,Mizoram,Truck,Unidentified,1,31-50,Unknown,Unknown/Other,Dry,Dark,3,3,6,Minor,Fog/Mist
342,KAG_000343,Kaggle_Accident_prediction,2019,July,Tuesday,Assam,Truck,Unidentified,2,Over 51,Unknown,Unknown/Other,Damaged/Construction,Twilight,3,1,4,Fatal,Clear
343,KAG_000344,Kaggle_Accident_prediction,2021,December,Saturday,Chhattisgarh,Truck,Unidentified,4,31-50,Unknown,Unknown/Other,Damaged/Construction,Twilight,1,6,7,Minor,Rainy
344,KAG_000345,Kaggle_Accident_prediction,2021,December,Friday,Uttar Pradesh,Truck,Unidentified,2,31-50,Unknown,Unknown/Other,Damaged/Construction,Daylight,1,4,5,Minor,Clear
345,KAG_000346,Kaggle_Accident_prediction,2023,May,Tuesday,Jharkhand,Truck,Unidentified,3,31-50,Unknown,Unknown/Other,Dry,Twilight,1,6,7,Serious,Fog/Mist
346,KAG_000347,Kaggle_Accident_prediction,2019,June,Sunday,Manipur,Truck,Unidentified,5,18-30,Unknown,Unknown/Other,Dry,Twilight,0,1,1,Minor,Rainy
347,KAG_000348,Kaggle_Accident_prediction,2018,April,Friday,Maharashtra,Truck,Unidentified,5,31-50,Unknown,Unknown/Other,Dry,Dark,2,0,1,Fatal,Rainy
348,KAG_000349,Kaggle_Accident_prediction,2022,August,Wednesday,Odisha,Truck,Unidentified,3,18-30,Unknown,Unknown/Other,Dry,Twilight,0,4,4,Serious,Fog/Mist
349,KAG_000350,Kaggle_Accident_prediction,2020,October,Saturday,Karnataka,Truck,Unidentified,3,31-50,Unknown,Unknown/Other,Damaged/Construction,Dark,3,6,9,Fatal,Fog/Mist
350,KAG_000351,Kaggle_Accident_prediction,2023,September,Monday,Telangana,Truck,Unidentified,1,Over 51,Unknown,Unknown/Other,Damaged/Construction,Dark,5,0,3,Fatal,Fog/Mist
351,KAG_000352,Kaggle_Accident_prediction,2018,September,Saturday,Punjab,Truck,Unidentified,1,Over 51,Unknown,Unknown/Other,Damaged/Construction,Dark,4,0,0,Serious,Fog/Mist
352,KAG_000353,Kaggle_Accident_prediction,2018,April,Thursday,Goa,Truck,Unidentified,2,31-50,Unknown,Unknown/Other,Damaged/Construction,Daylight,2,6,8,Fatal,Clear
353,KAG_000354,Kaggle_Accident_prediction,2018,July,Tuesday,Kerala,Truck,Unidentified,5,Over 51,Unknown,Unknown/Other,Dry,Twilight,3,6,9,Fatal,Clear
354,KAG_000355,Kaggle_Accident_prediction,2019,August,Thursday,Uttarakhand,Truck,Unidentified,3,18-30,Unknown,Unknown/Other,Wet,Twilight,1,5,6,Minor,Fog/Mist
355,KAG_000356,Kaggle_Accident_prediction,2021,July,Thursday,Sikkim,Truck,Unidentified,3,18-30,Unknown,Unknown/Other,Dry,Dark,0,0,0,Serious,Fog/Mist
356,KAG_000357,Kaggle_Accident_prediction,2020,March,Saturday,Sikkim,Truck,Unidentified,2,31-50,Unknown,Unknown/Other,Dry,Dark,0,10,10,Fatal,Fog/Mist
357,KAG_000358,Kaggle_Accident_prediction,2018,June,Saturday,Kerala,Truck,Unidentified,1,18-30,Unknown,Unknown/Other,Damaged/Construction,Dark,2,3,5,Fatal,Rainy
358,KAG_000359,Kaggle_Accident_prediction,2022,April,Monday,Maharashtra,Truck,Unidentified,3,Over 51,Unknown,Unknown/Other,Damaged/Construction,Daylight,4,4,8,Fatal,Clear
359,KAG_000360,Kaggle_Accident_prediction,2019,December,Thursday,Andhra Pradesh,Truck,Unidentified,4,Over 51,Unknown,Unknown/Other,Damaged/Construction,Dark,1,1,2,Fatal,Rainy
360,KAG_000361,Kaggle_Accident_prediction,2018,February,Wednesday,Tamil Nadu,Truck,Unidentified,2,Over 51,Unknown,Unknown/Other,Damaged/Construction,Dark,2,2,4,Serious,Rainy
361,KAG_000362,Kaggle_Accident_prediction,2020,October,Saturday,Uttar Pradesh,Truck,Unidentified,3,31-50,Unknown,Unknown/Other,Damaged/Construction,Dark,0,5,5,Minor,Fog/Mist
362,KAG_000363,Kaggle_Accident_prediction,2020,February,Tuesday,West Bengal,Truck,Unidentified,2,Over 51,Unknown,Unknown/Other,Wet,Twilight,1,4,5,Fatal,Rainy
363,KAG_000364,Kaggle_Accident_prediction,2020,January,Saturday,West Bengal,Truck,Unidentified,2,18-30,Unknown,Unknown/Other,Damaged/Construction,Twilight,3,0,0,Serious,Fog/Mist
364,KAG_000365,Kaggle_Accident_prediction,2019,August,Thursday,Tripura,Truck,Unidentified,5,18-30,Unknown,Unknown/Other,Dry,Twilight,4,5,9,Minor,Fog/Mist
365,KAG_000366,Kaggle_Accident_prediction,2023,July,Sunday,Andhra Pradesh,Truck,Unidentified,3,18-30,Unknown,Unknown/Other,Dry,Dark,3,7,10,Serious,Fog/Mist
366,KAG_000367,Kaggle_Accident_prediction,2022,February,Friday,Rajasthan,Truck,Unidentified,3,31-50,Unknown,Unknown/Other,Wet,Twilight,4,0,4,Fatal,Fog/Mist
367,KAG_000368,Kaggle_Accident_prediction,2019,December,Thursday,Madhya Pradesh,Truck,Unidentified,3,31-50,Unknown,Unknown/Other,Damaged/Construction,Twilight,3,1,4,Fatal,Fog/Mist
368,KAG_000369,Kaggle_Accident_prediction,2022,January,Monday,Meghalaya,Truck,Unidentified,4,31-50,Unknown,Unknown/Other,Wet,Daylight,2,8,10,Fatal,Rainy
369,KAG_000370,Kaggle_Accident_prediction,2023,March,Tuesday,Tripura,Truck,Unidentified,1,31-50,Unknown,Unknown/Other,Dry,Daylight,5,1,6,Serious,Rainy
370,KAG_000371,Kaggle_Accident_prediction,2020,February,Monday,Sikkim,Truck,Unidentified,2,Over 51,Unknown,Unknown/Other,Dry,Twilight,0,7,7,Serious,Fog/Mist
371,KAG_000372,Kaggle_Accident_prediction,2021,November,Saturday,West Bengal,Truck,Unidentified,5,31-50,Unknown,Unknown/Other,Damaged/Construction,Twilight,1,8,9,Fatal,Fog/Mist
372,KAG_000373,Kaggle_Accident_prediction,2018,September,Tuesday,Goa,Truck,Unidentified,2,31-50,Unknown,Unknown/Other,Damaged/Construction,Daylight,4,1,5,Fatal,Rainy
373,KAG_000374,Kaggle_Accident_prediction,2019,January,Tuesday,Mizoram,Truck,Unidentified,1,Over 51,Unknown,Unknown/Other,Wet,Daylight,1,5,6,Minor,Rainy
374,KAG_000375,Kaggle_Accident_prediction,2022,February,Sunday,Uttar Pradesh,Truck,Unidentified,4,31-50,Unknown,Unknown/Other,Damaged/Construction,Twilight,4,0,3,Serious,Fog/Mist
375,KAG_000376,Kaggle_Accident_prediction,2020,June,Saturday,Nagaland,Truck,Unidentified,1,18-30,Unknown,Unknown/Other,Dry,Twilight,3,4,7,Minor,Rainy
376,KAG_000377,Kaggle_Accident_prediction,2023,August,Thursday,Punjab,Truck,Unidentified,4,31-50,Unknown,Unknown/Other,Damaged/Construction,Daylight,2,7,9,Serious,Rainy
377,KAG_000378,Kaggle_Accident_prediction,2018,March,Wednesday,Mizoram,Truck,Unidentified,4,Over 51,Unknown,Unknown/Other,Dry,Dark,2,8,10,Fatal,Rainy
378,KAG_000379,Kaggle_Accident_prediction,2022,December,Friday,Uttarakhand,Truck,Unidentified,5,31-50,Unknown,Unknown/Other,Damaged/Construction,Twilight,4,0,3,Minor,Rainy
379,KAG_000380,Kaggle_Accident_prediction,2023,March,Wednesday,West Bengal,Truck,Unidentified,2,Over 51,Unknown,Unknown/Other,Damaged/Construction,Dark,4,6,10,Fatal,Rainy
380,KAG_000381,Kaggle_Accident_prediction,2022,September,Thursday,Punjab,Truck,Unidentified,3,31-50,Unknown,Unknown/Other,Wet,Twilight,1,7,8,Fatal,Rainy
381,KAG_000382,Kaggle_Accident_prediction,2023,March,Wednesday,Puducherry,Truck,Unidentified,1,31-50,Unknown,Unknown/Other,Wet,Daylight,1,4,5,Serious,Clear
382,KAG_000383,Kaggle_Accident_prediction,2022,December,Thursday,Nagaland,Truck,Unidentified,5,Over 51,Unknown,Unknown/Other,Damaged/Construction,Twilight,3,7,10,Minor,Fog/Mist
383,KAG_000384,Kaggle_Accident_prediction,2019,September,Tuesday,Delhi,Truck,Unidentified,3,31-50,Unknown,Unknown/Other,Dry,Twilight,5,2,7,Minor,Fog/Mist
384,KAG_000385,Kaggle_Accident_prediction,2018,November,Wednesday,Mizoram,Truck,Unidentified,1,31-50,Unknown,Unknown/Other,Damaged/Construction,Daylight,3,5,8,Minor,Rainy
385,KAG_000386,Kaggle_Accident_prediction,2020,March,Tuesday,Karnataka,Truck,Unidentified,4,31-50,Unknown,Unknown/Other,Damaged/Construction,Daylight,4,2,6,Fatal,Rainy
386,KAG_000387,Kaggle_Accident_prediction,2020,December,Wednesday,Rajasthan,Truck,Unidentified,5,31-50,Unknown,Unknown/Other,Wet,Twilight,0,2,2,Serious,Fog/Mist
387,KAG_000388,Kaggle_Accident_prediction,2022,April,Friday,Tamil Nadu,Truck,Unidentified,2,31-50,Unknown,Unknown/Other,Damaged/Construction,Twilight,5,1,6,Serious,Rainy
388,KAG_000389,Kaggle_Accident_prediction,2020,October,Wednesday,Jharkhand,Truck,Unidentified,5,18-30,Unknown,Unknown/Other,Wet,Twilight,0,10,10,Serious,Rainy
389,KAG_000390,Kaggle_Accident_prediction,2020,October,Saturday,Goa,Truck,Unidentified,2,31-50,Unknown,Unknown/Other,Wet,Twilight,5,1,6,Fatal,Rainy
390,KAG_000391,Kaggle_Accident_prediction,2020,February,Thursday,Karnataka,Truck,Unidentified,5,31-50,Unknown,Unknown/Other,Dry,Twilight,4,0,4,Serious,Rainy
391,KAG_000392,Kaggle_Accident_prediction,2021,October,Wednesday,Jammu and Kashmir,Truck,Unidentified,1,Over 51,Unknown,Unknown/Other,Dry,Twilight,5,0,0,Serious,Rainy
392,KAG_000393,Kaggle_Accident_prediction,2019,December,Wednesday,Jharkhand,Truck,Unidentified,5,31-50,Unknown,Unknown/Other,Wet,Dark,1,2,3,Minor,Fog/Mist
393,KAG_000394,Kaggle_Accident_prediction,2020,November,Sunday,Nagaland,Truck,Unidentified,5,18-30,Unknown,Unknown/Other,Damaged/Construction,Dark,1,4,5,Minor,Rainy
394,KAG_000395,Kaggle_Accident_prediction,2021,February,Monday,Odisha,Truck,Unidentified,5,Over 51,Unknown,Unknown/Other,Dry,Dark,4,1,5,Minor,Rainy
395,KAG_000396,Kaggle_Accident_prediction,2018,September,Tuesday,Kerala,Truck,Unidentified,3,31-50,Unknown,Unknown/Other,Dry,Twilight,4,0,2,Minor,Rainy
396,KAG_000397,Kaggle_Accident_prediction,2023,July,Tuesday,Punjab,Truck,Unidentified,5,Over 51,Unknown,Unknown/Other,Wet,Twilight,0,10,10,Fatal,Clear
397,KAG_000398,Kaggle_Accident_prediction,2018,May,Saturday,Manipur,Truck,Unidentified,5,Over 51,Unknown,Unknown/Other,Dry,Daylight,2,0,2,Serious,Fog/Mist
398,KAG_000399,Kaggle_Accident_prediction,2020,May,Friday,Andhra Pradesh,Truck,Unidentified,2,31-50,Unknown,Unknown/Other,Wet,Dark,1,6,7,Serious,Fog/Mist
399,KAG_000400,Kaggle_Accident_prediction,2023,September,Tuesday,Puducherry,Truck,Unidentified,5,Over 51,Unknown,Unknown/Other,Damaged/Construction,Twilight,3,6,9,Fatal,Clear
400,KAG_000401,Kaggle_Accident_prediction,2020,July,Monday,Sikkim,Truck,Unidentified,4,Over 51,Unknown,Unknown/Other,Damaged/Construction,Twilight,0,7,7,Serious,Rainy
401,KAG_000402,Kaggle_Accident_prediction,2022,December,Monday,Chhattisgarh,Truck,Unidentified,2,Over 51,Unknown,Unknown/Other,Dry,Twilight,5,0,0,Fatal,Fog/Mist
402,KAG_000403,Kaggle_Accident_prediction,2023,October,Thursday,Arunachal Pradesh,Truck,Unidentified,1,18-30,Unknown,Unknown/Other,Damaged/Construction,Dark,1,1,2,Fatal,Fog/Mist
403,KAG_000404,Kaggle_Accident_prediction,2022,July,Friday,Goa,Truck,Unidentified,5,18-30,Unknown,Unknown/Other,Damaged/Construction,Twilight,3,6,9,Minor,Rainy
404,KAG_000405,Kaggle_Accident_prediction,2020,April,Tuesday,Arunachal Pradesh,Truck,Unidentified,1,Over 51,Unknown,Unknown/Other,Wet,Daylight,2,6,8,Serious,Rainy
405,KAG_000406,Kaggle_Accident_prediction,2020,January,Monday,Jammu and Kashmir,Truck,Unidentified,3,Over 51,Unknown,Unknown/Other,Damaged/Construction,Twilight,2,8,10,Minor,Rainy
406,KAG_000407,Kaggle_Accident_prediction,2020,September,Friday,Madhya Pradesh,Truck,Unidentified,5,18-30,Unknown,Unknown/Other,Wet,Twilight,5,5,10,Serious,Fog/Mist
407,KAG_000408,Kaggle_Accident_prediction,2021,June,Friday,Nagaland,Truck,Unidentified,4,18-30,Unknown,Unknown/Other,Damaged/Construction,Twilight,2,3,5,Serious,Fog/Mist
408,KAG_000409,Kaggle_Accident_prediction,2018,November,Saturday,Tamil Nadu,Truck,Unidentified,2,Over 51,Unknown,Unknown/Other,Wet,Dark,5,0,1,Fatal,Fog/Mist
409,KAG_000410,Kaggle_Accident_prediction,2022,August,Wednesday,Goa,Truck,Unidentified,2,31-50,Unknown,Unknown/Other,Damaged/Construction,Dark,5,0,1,Serious,Rainy
410,KAG_000411,Kaggle_Accident_prediction,2021,September,Friday,Kerala,Truck,Unidentified,5,Over 51,Unknown,Unknown/Other,Wet,Twilight,3,1,4,Serious,Fog/Mist
411,KAG_000412,Kaggle_Accident_prediction,2022,April,Sunday,Rajasthan,Truck,Unidentified,3,31-50,Unknown,Unknown/Other,Dry,Dark,5,1,6,Minor,Clear
412,KAG_000413,Kaggle_Accident_prediction,2021,May,Friday,Chhattisgarh,Truck,Unidentified,4,18-30,Unknown,Unknown/Other,Damaged/Construction,Twilight,3,1,4,Minor,Fog/Mist
413,KAG_000414,Kaggle_Accident_prediction,2020,December,Friday,Jharkhand,Truck,Unidentified,4,31-50,Unknown,Unknown/Other,Damaged/Construction,Dark,0,3,3,Minor,Fog/Mist
414,KAG_000415,Kaggle_Accident_prediction,2022,March,Friday,Jharkhand,Truck,Unidentified,3,18-30,Unknown,Unknown/Other,Wet,Daylight,2,7,9,Minor,Clear
415,KAG_000416,Kaggle_Accident_prediction,2020,March,Thursday,Maharashtra,Truck,Unidentified,1,18-30,Unknown,Unknown/Other,Dry,Dark,3,3,6,Serious,Fog/Mist
416,KAG_000417,Kaggle_Accident_prediction,2023,December,Monday,West Bengal,Truck,Unidentified,5,18-30,Unknown,Unknown/Other,Wet,Twilight,5,5,10,Fatal,Fog/Mist
417,KAG_000418,Kaggle_Accident_prediction,2021,October,Sunday,Delhi,Truck,Unidentified,3,Over 51,Unknown,Unknown/Other,Dry,Twilight,5,0,2,Fatal,Rainy
418,KAG_000419,Kaggle_Accident_prediction,2018,June,Saturday,Chhattisgarh,Truck,Unidentified,5,Over 51,Unknown,Unknown/Other,Dry,Twilight,1,2,3,Serious,Rainy
419,KAG_000420,Kaggle_Accident_prediction,2023,April,Friday,Chhattisgarh,Truck,Unidentified,2,Over 51,Unknown,Unknown/Other,Dry,Dark,0,0,0,Serious,Rainy
420,KAG_000421,Kaggle_Accident_prediction,2018,March,Thursday,Jammu and Kashmir,Truck,Unidentified,1,18-30,Unknown,Unknown/Other,Dry,Twilight,3,0,1,Fatal,Fog/Mist
421,KAG_000422,Kaggle_Accident_prediction,2020,June,Monday,Andhra Pradesh,Truck,Unidentified,2,Over 51,Unknown,Unknown/Other,Damaged/Construction,Dark,4,5,9,Minor,Fog/Mist
422,KAG_000423,Kaggle_Accident_prediction,2021,October,Friday,Uttar Pradesh,Truck,Unidentified,2,31-50,Unknown,Unknown/Other,Dry,Twilight,1,3,4,Serious,Clear
423,KAG_000424,Kaggle_Accident_prediction,2021,May,Tuesday,Gujarat,Truck,Unidentified,2,31-50,Unknown,Unknown/Other,Damaged/Construction,Twilight,4,4,8,Minor,Rainy
424,KAG_000425,Kaggle_Accident_prediction,2019,July,Friday,Kerala,Truck,Unidentified,5,Over 51,Unknown,Unknown/Other,Damaged/Construction,Daylight,5,0,1,Fatal,Clear
425,KAG_000426,Kaggle_Accident_prediction,2022,January,Sunday,Uttarakhand,Truck,Unidentified,3,18-30,Unknown,Unknown/Other,Dry,Dark,2,0,2,Minor,Rainy
426,KAG_000427,Kaggle_Accident_prediction,2019,July,Monday,Tripura,Truck,Unidentified,3,Over 51,Unknown,Unknown/Other,Wet,Twilight,1,1,2,Fatal,Fog/Mist
427,KAG_000428,Kaggle_Accident_prediction,2019,June,Wednesday,Jammu and Kashmir,Truck,Unidentified,4,31-50,Unknown,Unknown/Other,Damaged/Construction,Twilight,3,2,5,Minor,Fog/Mist
428,KAG_000429,Kaggle_Accident_prediction,2018,September,Friday,Mizoram,Truck,Unidentified,2,18-30,Unknown,Unknown/Other,Wet,Daylight,2,0,1,Serious,Fog/Mist
429,KAG_000430,Kaggle_Accident_prediction,2021,May,Tuesday,Manipur,Truck,Unidentified,5,18-30,Unknown,Unknown/Other,Wet,Twilight,0,10,10,Serious,Fog/Mist
430,KAG_000431,Kaggle_Accident_prediction,2020,April,Thursday,Chandigarh,Truck,Unidentified,4,18-30,Unknown,Unknown/Other,Dry,Twilight,4,0,1,Fatal,Fog/Mist
431,KAG_000432,Kaggle_Accident_prediction,2022,December,Sunday,Odisha,Truck,Unidentified,4,Over 51,Unknown,Unknown/Other,Damaged/Construction,Daylight,5,0,0,Minor,Rainy
432,KAG_000433,Kaggle_Accident_prediction,2018,October,Saturday,Delhi,Truck,Unidentified,3,Over 51,Unknown,Unknown/Other,Damaged/Construction,Dark,2,4,6,Minor,Clear
433,KAG_000434,Kaggle_Accident_prediction,2022,February,Monday,Kerala,Truck,Unidentified,1,18-30,Unknown,Unknown/Other,Damaged/Construction,Twilight,4,5,9,Serious,Fog/Mist
434,KAG_000435,Kaggle_Accident_prediction,2019,March,Thursday,Jammu and Kashmir,Truck,Unidentified,4,18-30,Unknown,Unknown/Other,Damaged/Construction,Dark,5,1,6,Minor,Rainy
435,KAG_000436,Kaggle_Accident_prediction,2019,January,Thursday,Goa,Truck,Unidentified,1,31-50,Unknown,Unknown/Other,Wet,Twilight,3,0,0,Fatal,Rainy
436,KAG_000437,Kaggle_Accident_prediction,2021,November,Sunday,Telangana,Truck,Unidentified,3,Over 51,Unknown,Unknown/Other,Damaged/Construction,Twilight,0,4,4,Serious,Fog/Mist
437,KAG_000438,Kaggle_Accident_prediction,2018,October,Wednesday,West Bengal,Truck,Unidentified,4,Over 51,Unknown,Unknown/Other,Damaged/Construction,Twilight,2,5,7,Serious,Clear
438,KAG_000439,Kaggle_Accident_prediction,2022,June,Sunday,Odisha,Truck,Unidentified,1,18-30,Unknown,Unknown/Other,Damaged/Construction,Twilight,2,0,1,Serious,Fog/Mist
439,KAG_000440,Kaggle_Accident_prediction,2021,June,Thursday,Arunachal Pradesh,Truck,Unidentified,2,Over 51,Unknown,Unknown/Other,Dry,Dark,2,4,6,Serious,Fog/Mist
440,KAG_000441,Kaggle_Accident_prediction,2022,November,Tuesday,Meghalaya,Truck,Unidentified,4,31-50,Unknown,Unknown/Other,Damaged/Construction,Twilight,4,4,8,Serious,Clear
441,KAG_000442,Kaggle_Accident_prediction,2023,January,Wednesday,Delhi,Truck,Unidentified,2,31-50,Unknown,Unknown/Other,Damaged/Construction,Daylight,4,2,6,Minor,Fog/Mist
442,KAG_000443,Kaggle_Accident_prediction,2019,March,Thursday,Tamil Nadu,Truck,Unidentified,3,Over 51,Unknown,Unknown/Other,Dry,Daylight,2,6,8,Fatal,Rainy
443,KAG_000444,Kaggle_Accident_prediction,2019,May,Thursday,West Bengal,Truck,Unidentified,3,Over 51,Unknown,Unknown/Other,Dry,Twilight,4,1,5,Fatal,Rainy
444,KAG_000445,Kaggle_Accident_prediction,2021,February,Wednesday,Rajasthan,Truck,Unidentified,3,Over 51,Unknown,Unknown/Other,Damaged/Construction,Daylight,0,7,7,Serious,Fog/Mist
445,KAG_000446,Kaggle_Accident_prediction,2023,February,Saturday,Haryana,Truck,Unidentified,1,Over 51,Unknown,Unknown/Other,Damaged/Construction,Twilight,3,7,10,Fatal,Fog/Mist
446,KAG_000447,Kaggle_Accident_prediction,2023,August,Monday,Chandigarh,Truck,Unidentified,1,Over 51,Unknown,Unknown/Other,Damaged/Construction,Dark,3,4,7,Minor,Rainy
447,KAG_000448,Kaggle_Accident_prediction,2019,December,Friday,Kerala,Truck,Unidentified,5,18-30,Unknown,Unknown/Other,Damaged/Construction,Dark,4,1,5,Serious,Clear
448,KAG_000449,Kaggle_Accident_prediction,2021,January,Sunday,Tamil Nadu,Truck,Unidentified,5,31-50,Unknown,Unknown/Other,Wet,Dark,3,1,4,Minor,Fog/Mist
449,KAG_000450,Kaggle_road_csv,0,October,Monday,Unknown,Truck,Unidentified,2,18-30,31-50,Lane Violation,Dry,Daylight,0,0,2,Serious,Clear
450,KAG_000451,Kaggle_road_csv,0,October,Friday,Unknown,Truck,Unidentified,2,18-30,Under 18,Lane Violation,Dry,Daylight,0,0,1,Minor,Clear
451,KAG_000452,Kaggle_road_csv,0,March,Thursday,Unknown,Truck,Unidentified,2,31-50,Unknown,Reckless Driving,Dry,Daylight,0,0,2,Minor,Clear
452,KAG_000453,Kaggle_road_csv,0,August,Monday,Unknown,Truck,Unidentified,2,18-30,Unknown,No Distancing/Rear End,Wet,Dark,0,0,3,Serious,Rainy
453,KAG_000454,Kaggle_road_csv,0,October,Tuesday,Unknown,Truck,Unidentified,2,Under 18,Unknown,Reckless Driving,Dry,Daylight,0,0,1,Minor,Clear
454,KAG_000455,Kaggle_road_csv,0,October,Thursday,Unknown,Truck,Unidentified,1,18-30,18-30,Lane Violation,Dry,Daylight,0,0,1,Serious,Clear
455,KAG_000456,Kaggle_road_csv,0,October,Thursday,Unknown,Truck,Unidentified,2,18-30,31-50,Loss of Control,Dry,Daylight,0,0,1,Serious,Clear
456,KAG_000457,Kaggle_road_csv,0,May,Tuesday,Unknown,Truck,Unidentified,2,18-30,18-30,Speeding,Dry,Daylight,0,0,1,Minor,Clear
457,KAG_000458,Kaggle_road_csv,0,April,Thursday,Unknown,Truck,Unidentified,2,18-30,18-30,Lane Violation,Dry,Daylight,0,0,1,Minor,Clear
458,KAG_000459,Kaggle_road_csv,0,April,Friday,Unknown,Truck,Unidentified,1,31-50,Unknown,Lane Violation,Dry,Daylight,0,0,1,Serious,Clear
459,KAG_000460,Kaggle_road_csv,0,July,Tuesday,Unknown,Truck,Unidentified,2,Over 51,18-30,Reckless Driving,Wet,Daylight,0,0,1,Minor,Rainy
460,KAG_000461,Kaggle_road_csv,0,October,Wednesday,Unknown,Truck,Unidentified,2,18-30,Unknown,Unknown/Other,Dry,Daylight,0,0,1,Minor,Clear
461,KAG_000462,Kaggle_road_csv,0,March,Monday,Unknown,Truck,Unidentified,2,18-30,18-30,Lane Violation,Dry,Dark,0,0,1,Minor,Clear
462,KAG_000463,Kaggle_road_csv,0,April,Tuesday,Unknown,Truck,Unidentified,1,Over 51,31-50,Lane Violation,Dry,Daylight,0,0,1,Serious,Clear
463,KAG_000464,Kaggle_road_csv,0,March,Wednesday,Unknown,Truck,Unidentified,2,31-50,31-50,Lane Violation,Wet,Dark,0,0,1,Serious,Clear
464,KAG_000465,Kaggle_road_csv,0,October,Wednesday,Unknown,Truck,Unidentified,2,31-50,18-30,Loss of Control,Wet,Dark,0,0,1,Serious,Clear
465,KAG_000466,Kaggle_road_csv,0,March,Sunday,Unknown,Truck,Unidentified,1,Over 51,Under 18,No Distancing/Rear End,Dry,Daylight,0,0,2,Minor,Clear
466,KAG_000467,Kaggle_road_csv,0,March,Monday,Unknown,Truck,Unidentified,2,18-30,31-50,Lane Violation,Dry,Daylight,0,0,1,Serious,Clear
467,KAG_000468,Kaggle_road_csv,0,October,Sunday,Unknown,Truck,Unidentified,2,31-50,31-50,No Distancing/Rear End,Dry,Daylight,0,0,1,Fatal,Clear
468,KAG_000469,Kaggle_road_csv,0,May,Monday,Unknown,Truck,Unidentified,2,18-30,Unknown,No Distancing/Rear End,Dry,Daylight,0,0,1,Minor,Clear
469,KAG_000470,Kaggle_road_csv,0,March,Thursday,Unknown,Truck,Unidentified,3,18-30,Unknown,Reckless Driving,Dry,Daylight,0,0,1,Minor,Clear
470,KAG_000471,Kaggle_road_csv,0,March,Thursday,Unknown,Truck,Unidentified,1,Under 18,Unknown,Reckless Driving,Dry,Dark,0,0,4,Serious,Clear
471,KAG_000472,Kaggle_road_csv,0,April,Monday,Unknown,Truck,Unidentified,3,31-50,Unknown,No Distancing/Rear End,Dry,Dark,0,0,1,Minor,Clear
472,KAG_000473,Kaggle_road_csv,0,May,Saturday,Unknown,Truck,Unidentified,2,18-30,18-30,Lane Violation,Dry,Dark,0,0,3,Minor,Clear
473,KAG_000474,Kaggle_road_csv,0,March,Friday,Unknown,Truck,Unidentified,3,18-30,Over 51,Reckless Driving,Dry,Daylight,0,0,1,Minor,Clear
474,KAG_000475,Kaggle_road_csv,0,April,Tuesday,Unknown,Truck,Unidentified,1,18-30,18-30,Reckless Driving,Dry,Daylight,0,0,1,Serious,Clear
475,KAG_000476,Kaggle_road_csv,0,October,Saturday,Unknown,Truck,Unidentified,1,31-50,Under 18,Lane Violation,Wet,Daylight,0,0,1,Minor,Clear
476,KAG_000477,Kaggle_road_csv,0,August,Saturday,Unknown,Truck,Unidentified,2,18-30,31-50,Lane Violation,Wet,Dark,0,0,1,Minor,Rainy
477,KAG_000478,Kaggle_road_csv,0,March,Friday,Unknown,Truck,Unidentified,1,31-50,Over 51,No Distancing/Rear End,Wet,Dark,0,0,1,Serious,Clear
478,KAG_000479,Kaggle_road_csv,0,May,Thursday,Unknown,Truck,Unidentified,1,Under 18,Unknown,Lane Violation,Wet,Dark,0,0,2,Serious,Clear
479,KAG_000480,Kaggle_road_csv,0,September,Friday,Unknown,Truck,Unidentified,1,18-30,31-50,Reckless Driving,Wet,Dark,0,0,4,Minor,Rainy
480,KAG_000481,Kaggle_road_csv,0,June,Friday,Unknown,Truck,Unidentified,1,18-30,18-30,Lane Violation,Wet,Dark,0,0,4,Minor,Rainy
481,KAG_000482,Kaggle_road_csv,0,May,Sunday,Unknown,Truck,Unidentified,2,31-50,18-30,Lane Violation,Dry,Dark,0,0,2,Minor,Clear
482,KAG_000483,Kaggle_road_csv,0,August,Sunday,Unknown,Truck,Unidentified,2,18-30,31-50,Lane Violation,Wet,Dark,0,0,1,Minor,Rainy
483,KAG_000484,Kaggle_road_csv,0,April,Saturday,Unknown,Truck,Unidentified,2,Unknown,Over 51,Lane Violation,Dry,Daylight,0,0,2,Minor,Clear
484,KAG_000485,Kaggle_road_csv,0,March,Saturday,Unknown,Truck,Unidentified,2,31-50,Over 51,Reckless Driving,Dry,Daylight,0,0,2,Minor,Clear
485,KAG_000486,Kaggle_road_csv,0,April,Sunday,Unknown,Truck,Unidentified,2,31-50,18-30,Unknown/Other,Dry,Dark,0,0,1,Minor,Clear
486,KAG_000487,Kaggle_road_csv,0,October,Monday,Unknown,Truck,Unidentified,2,18-30,Unknown,Unknown/Other,Dry,Daylight,0,0,2,Minor,Clear
487,KAG_000488,Kaggle_road_csv,0,May,Wednesday,Unknown,Truck,Unidentified,1,31-50,31-50,Reckless Driving,Wet,Daylight,0,0,1,Minor,Clear
488,KAG_000489,Kaggle_road_csv,0,April,Friday,Unknown,Truck,Unidentified,3,31-50,Unknown,Reckless Driving,Wet,Dark,0,0,1,Minor,Clear
489,KAG_000490,Kaggle_road_csv,0,May,Wednesday,Unknown,Truck,Unidentified,1,Over 51,Unknown,Lane Violation,Dry,Daylight,0,0,1,Minor,Clear
490,KAG_000491,Kaggle_road_csv,0,March,Tuesday,Unknown,Truck,Unidentified,1,Unknown,18-30,Lane Violation,Wet,Dark,0,0,1,Minor,Clear
491,KAG_000492,Kaggle_road_csv,0,June,Friday,Unknown,Truck,Unidentified,2,18-30,Under 18,Lane Violation,Wet,Dark,0,0,1,Minor,Rainy
492,KAG_000493,Kaggle_road_csv,0,June,Wednesday,Unknown,Truck,Unidentified,2,18-30,Over 51,Reckless Driving,Wet,Dark,0,0,1,Minor,Rainy
493,KAG_000494,Kaggle_road_csv,0,August,Wednesday,Unknown,Truck,Unidentified,2,18-30,Under 18,No Distancing/Rear End,Wet,Dark,0,0,1,Minor,Rainy
494,KAG_000495,Kaggle_road_csv,0,March,Friday,Unknown,Truck,Unidentified,2,31-50,Unknown,Loss of Control,Wet,Daylight,0,0,1,Serious,Clear
495,KAG_000496,Kaggle_road_csv,0,May,Thursday,Unknown,Truck,Unidentified,2,31-50,18-30,Lane Violation,Wet,Dark,0,0,1,Minor,Clear
496,KAG_000497,Kaggle_road_csv,0,August,Thursday,Unknown,Truck,Unidentified,2,31-50,31-50,Lane Violation,Wet,Dark,0,0,1,Minor,Rainy
497,KAG_000498,Kaggle_road_csv,0,May,Tuesday,Unknown,Truck,Unidentified,1,Over 51,18-30,Lane Violation,Wet,Daylight,0,0,1,Serious,Clear
498,KAG_000499,Kaggle_road_csv,0,August,Friday,Unknown,Truck,Unidentified,2,18-30,31-50,No Distancing/Rear End,Wet,Dark,0,0,3,Serious,Rainy
499,KAG_000500,Kaggle_road_csv,0,July,Friday,Unknown,Truck,Unidentified,2,18-30,18-30,No Distancing/Rear End,Wet,Dark,0,0,3,Serious,Rainy
500,KAG_000501,Kaggle_road_csv,0,September,Thursday,Unknown,Truck,Unidentified,2,18-30,Unknown,No Distancing/Rear End,Wet,Daylight,0,0,2,Minor,Rainy
501,KAG_000502,Kaggle_road_csv,0,April,Saturday,Unknown,Truck,Unidentified,2,18-30,Unknown,Reckless Driving,Wet,Daylight,0,0,2,Minor,Clear
502,KAG_000503,Kaggle_road_csv,0,August,Thursday,Unknown,Truck,Unidentified,2,18-30,Over 51,Lane Violation,Wet,Daylight,0,0,3,Minor,Rainy
503,KAG_000504,Kaggle_road_csv,0,May,Thursday,Unknown,Truck,Unidentified,2,31-50,31-50,No Distancing/Rear End,Wet,Daylight,0,0,2,Minor,Clear
504,KAG_000505,Kaggle_road_csv,0,May,Thursday,Unknown,Truck,Unidentified,2,31-50,Under 18,Reckless Driving,Wet,Daylight,0,0,2,Minor,Clear
505,KAG_000506,Kaggle_road_csv,0,June,Monday,Unknown,Truck,Unidentified,2,18-30,31-50,No Distancing/Rear End,Wet,Dark,0,0,2,Minor,Rainy
506,KAG_000507,Kaggle_road_csv,0,September,Monday,Unknown,Truck,Unidentified,2,18-30,Unknown,Loss of Control,Wet,Dark,0,0,2,Minor,Rainy
507,KAG_000508,Kaggle_road_csv,0,April,Thursday,Unknown,Truck,Unidentified,1,18-30,Under 18,No Distancing/Rear End,Dry,Dark,0,0,1,Minor,Clear
508,KAG_000509,Kaggle_road_csv,0,October,Wednesday,Unknown,Truck,Unidentified,1,18-30,Over 51,Lane Violation,Dry,Dark,0,0,1,Minor,Clear
509,KAG_000510,Kaggle_road_csv,0,April,Wednesday,Unknown,Truck,Unidentified,1,31-50,Unknown,No Distancing/Rear End,Dry,Daylight,0,0,1,Minor,Clear
510,KAG_000511,Kaggle_road_csv,0,September,Friday,Unknown,Truck,Unidentified,2,18-30,Unknown,No Distancing/Rear End,Wet,Dark,0,0,2,Minor,Rainy
511,KAG_000512,Kaggle_road_csv,0,October,Thursday,Unknown,Truck,Unidentified,1,31-50,18-30,Lane Violation,Wet,Daylight,0,0,1,Minor,Clear
512,KAG_000513,Kaggle_road_csv,0,April,Friday,Unknown,Truck,Unidentified,2,31-50,Unknown,Unknown/Other,Wet,Dark,0,0,2,Serious,Clear
513,KAG_000514,Kaggle_road_csv,0,May,Monday,Unknown,Truck,Unidentified,3,31-50,Unknown,Lane Violation,Dry,Daylight,0,0,1,Minor,Clear
514,KAG_000515,Kaggle_road_csv,0,October,Saturday,Unknown,Truck,Unidentified,1,18-30,Unknown,Reckless Driving,Dry,Daylight,0,0,1,Minor,Clear
515,KAG_000516,Kaggle_road_csv,0,April,Wednesday,Unknown,Truck,Unidentified,1,18-30,Unknown,Lane Violation,Wet,Dark,0,0,1,Minor,Clear
516,KAG_000517,Kaggle_road_csv,0,July,Sunday,Unknown,Truck,Unidentified,2,31-50,Over 51,Reckless Driving,Wet,Dark,0,0,2,Minor,Rainy
517,KAG_000518,Kaggle_road_csv,0,February,Saturday,Unknown,Truck,Unidentified,3,31-50,Unknown,Drunk/Drug Driving,Wet,Daylight,0,0,2,Minor,Cold
518,KAG_000519,Kaggle_road_csv,0,March,Sunday,Unknown,Truck,Unidentified,2,31-50,18-30,Lane Violation,Wet,Dark,0,0,6,Minor,Clear
519,KAG_000520,Kaggle_road_csv,0,February,Sunday,Unknown,Truck,Unidentified,2,18-30,31-50,Lane Violation,Wet,Daylight,0,0,1,Minor,Cold
520,KAG_000521,Kaggle_road_csv,0,April,Friday,Unknown,Truck,Unidentified,2,18-30,18-30,Lane Violation,Dry,Dark,0,0,1,Minor,Clear
521,KAG_000522,Kaggle_road_csv,0,April,Thursday,Unknown,Truck,Unidentified,1,31-50,Over 51,No Distancing/Rear End,Dry,Daylight,0,0,1,Minor,Clear
522,KAG_000523,Kaggle_road_csv,0,October,Friday,Unknown,Truck,Unidentified,2,Over 51,Unknown,Lane Violation,Wet,Dark,0,0,2,Minor,Clear
523,KAG_000524,Kaggle_road_csv,0,March,Sunday,Unknown,Truck,Unidentified,2,18-30,Unknown,Reckless Driving,Dry,Daylight,0,0,1,Minor,Clear
524,KAG_000525,Kaggle_road_csv,0,August,Wednesday,Unknown,Truck,Unidentified,1,31-50,Unknown,Lane Violation,Wet,Dark,0,0,1,Minor,Rainy
525,KAG_000526,Kaggle_road_csv,0,April,Wednesday,Unknown,Truck,Unidentified,2,18-30,Under 18,Lane Violation,Wet,Daylight,0,0,1,Minor,Clear
526,KAG_000527,Kaggle_road_csv,0,October,Tuesday,Unknown,Truck,Unidentified,1,18-30,31-50,Lane Violation,Dry,Dark,0,0,1,Minor,Clear
527,KAG_000528,Kaggle_road_csv,0,May,Wednesday,Unknown,Truck,Unidentified,2,18-30,18-30,Lane Violation,Dry,Daylight,0,0,1,Minor,Clear
528,KAG_000529,Kaggle_road_csv,0,March,Saturday,Unknown,Truck,Unidentified,1,31-50,31-50,No Distancing/Rear End,Dry,Daylight,0,0,1,Minor,Clear
529,KAG_000530,Kaggle_road_csv,0,March,Monday,Unknown,Truck,Unidentified,2,18-30,Under 18,Lane Violation,Dry,Dark,0,0,2,Minor,Clear
530,KAG_000531,Kaggle_road_csv,0,March,Tuesday,Unknown,Truck,Unidentified,1,31-50,Under 18,Lane Violation,Dry,Daylight,0,0,1,Minor,Clear
531,KAG_000532,Kaggle_road_csv,0,April,Thursday,Unknown,Truck,Unidentified,2,31-50,Unknown,Reckless Driving,Wet,Dark,0,0,1,Minor,Clear
532,KAG_000533,Kaggle_road_csv,0,August,Sunday,Unknown,Truck,Unidentified,2,31-50,18-30,No Distancing/Rear End,Wet,Daylight,0,0,2,Minor,Rainy
533,KAG_000534,Kaggle_road_csv,0,October,Friday,Unknown,Truck,Unidentified,2,18-30,31-50,Reckless Driving,Dry,Daylight,0,0,1,Minor,Clear
534,KAG_000535,Kaggle_road_csv,0,April,Monday,Unknown,Truck,Unidentified,3,18-30,Unknown,Loss of Control,Dry,Daylight,0,0,4,Serious,Clear
535,KAG_000536,Kaggle_road_csv,0,April,Monday,Unknown,Truck,Unidentified,3,Over 51,31-50,Drunk/Drug Driving,Dry,Daylight,0,0,4,Serious,Clear
536,KAG_000537,Kaggle_road_csv,0,September,Wednesday,Unknown,Truck,Unidentified,2,18-30,31-50,Reckless Driving,Wet,Dark,0,0,1,Minor,Rainy
537,KAG_000538,Kaggle_road_csv,0,June,Wednesday,Unknown,Truck,Unidentified,2,31-50,Over 51,Lane Violation,Wet,Dark,0,0,1,Minor,Rainy
538,KAG_000539,Kaggle_road_csv,0,April,Friday,Unknown,Truck,Unidentified,2,18-30,Unknown,Reckless Driving,Dry,Daylight,0,0,1,Minor,Clear
539,KAG_000540,Kaggle_road_csv,0,September,Friday,Unknown,Truck,Unidentified,2,18-30,Under 18,Reckless Driving,Wet,Daylight,0,0,1,Minor,Rainy
540,KAG_000541,Kaggle_road_csv,0,April,Sunday,Unknown,Truck,Unidentified,1,Unknown,31-50,Reckless Driving,Dry,Dark,0,0,1,Minor,Clear
541,KAG_000542,Kaggle_road_csv,0,April,Sunday,Unknown,Truck,Unidentified,2,31-50,31-50,Lane Violation,Dry,Dark,0,0,2,Minor,Clear
542,KAG_000543,Kaggle_road_csv,0,May,Sunday,Unknown,Truck,Unidentified,2,31-50,Under 18,Reckless Driving,Dry,Dark,0,0,2,Minor,Clear
543,KAG_000544,Kaggle_road_csv,0,May,Tuesday,Unknown,Truck,Unidentified,2,18-30,Under 18,Lane Violation,Wet,Daylight,0,0,1,Minor,Clear
544,KAG_000545,Kaggle_road_csv,0,October,Thursday,Unknown,Truck,Unidentified,2,18-30,18-30,No Distancing/Rear End,Dry,Daylight,0,0,1,Minor,Clear
545,KAG_000546,Kaggle_road_csv,0,September,Wednesday,Unknown,Truck,Unidentified,1,Over 51,Unknown,No Distancing/Rear End,Wet,Dark,0,0,1,Fatal,Rainy
546,KAG_000547,Kaggle_road_csv,0,May,Tuesday,Unknown,Truck,Unidentified,4,18-30,Unknown,Lane Violation,Wet,Daylight,0,0,6,Serious,Clear
547,KAG_000548,Kaggle_road_csv,0,March,Tuesday,Unknown,Truck,Unidentified,4,18-30,18-30,No Distancing/Rear End,Wet,Daylight,0,0,6,Serious,Clear
548,KAG_000549,Kaggle_road_csv,0,October,Tuesday,Unknown,Truck,Unidentified,4,18-30,31-50,Reckless Driving,Wet,Daylight,0,0,6,Serious,Clear
549,KAG_000550,Kaggle_road_csv,0,October,Saturday,Unknown,Truck,Unidentified,2,31-50,Unknown,Reckless Driving,Dry,Daylight,0,0,1,Minor,Clear
550,KAG_000551,Kaggle_road_csv,0,March,Friday,Unknown,Truck,Unidentified,3,Over 51,Unknown,Reckless Driving,Dry,Dark,0,0,5,Serious,Clear
551,KAG_000552,Kaggle_road_csv,0,May,Friday,Unknown,Truck,Unidentified,2,18-30,Unknown,No Distancing/Rear End,Dry,Dark,0,0,2,Minor,Clear
552,KAG_000553,Kaggle_road_csv,0,April,Monday,Unknown,Truck,Unidentified,2,Over 51,Unknown,Reckless Driving,Dry,Daylight,0,0,1,Minor,Clear
553,KAG_000554,Kaggle_road_csv,0,March,Sunday,Unknown,Truck,Unidentified,2,31-50,Unknown,Reckless Driving,Wet,Daylight,0,0,1,Minor,Clear
554,KAG_000555,Kaggle_road_csv,0,March,Sunday,Unknown,Truck,Unidentified,2,Unknown,31-50,Lane Violation,Wet,Daylight,0,0,1,Minor,Clear
555,KAG_000556,Kaggle_road_csv,0,March,Monday,Unknown,Truck,Unidentified,2,Under 18,Unknown,Lane Violation,Dry,Daylight,0,0,1,Minor,Clear
556,KAG_000557,Kaggle_road_csv,0,March,Saturday,Unknown,Truck,Unidentified,2,18-30,Under 18,Drunk/Drug Driving,Dry,Daylight,0,0,1,Minor,Clear
557,KAG_000558,Kaggle_road_csv,0,April,Sunday,Unknown,Truck,Unidentified,2,Over 51,18-30,Lane Violation,Dry,Daylight,0,0,3,Minor,Clear
558,KAG_000559,Kaggle_road_csv,0,April,Tuesday,Unknown,Truck,Unidentified,2,Over 51,Under 18,No Distancing/Rear End,Dry,Daylight,0,0,1,Minor,Clear
559,KAG_000560,Kaggle_road_csv,0,October,Tuesday,Unknown,Truck,Unidentified,2,31-50,31-50,Lane Violation,Dry,Daylight,0,0,1,Minor,Clear
560,KAG_000561,Kaggle_road_csv,0,May,Saturday,Unknown,Truck,Unidentified,2,18-30,31-50,Lane Violation,Wet,Daylight,0,0,3,Minor,Clear
561,KAG_000562,Kaggle_road_csv,0,May,Sunday,Unknown,Truck,Unidentified,4,Unknown,31-50,Loss of Control,Dry,Daylight,0,0,1,Minor,Clear
562,KAG_000563,Kaggle_road_csv,0,April,Sunday,Unknown,Truck,Unidentified,2,18-30,Unknown,No Distancing/Rear End,Dry,Daylight,0,0,1,Serious,Clear
563,KAG_000564,Kaggle_road_csv,0,April,Sunday,Unknown,Truck,Unidentified,2,31-50,Unknown,Lane Violation,Dry,Daylight,0,0,1,Serious,Clear
564,KAG_000565,Kaggle_road_csv,0,April,Thursday,Unknown,Truck,Unidentified,4,31-50,Unknown,Lane Violation,Dry,Daylight,0,0,2,Minor,Clear
565,KAG_000566,Kaggle_road_csv,0,April,Thursday,Unknown,Truck,Unidentified,4,18-30,Over 51,Reckless Driving,Dry,Daylight,0,0,2,Minor,Clear
566,KAG_000567,Kaggle_road_csv,0,March,Thursday,Unknown,Truck,Unidentified,4,31-50,31-50,Reckless Driving,Dry,Daylight,0,0,2,Minor,Clear
567,KAG_000568,Kaggle_road_csv,0,July,Wednesday,Unknown,Truck,Unidentified,3,31-50,31-50,Reckless Driving,Wet,Daylight,0,0,1,Minor,Rainy
568,KAG_000569,Kaggle_road_csv,0,March,Monday,Unknown,Truck,Unidentified,2,31-50,Unknown,Lane Violation,Dry,Daylight,0,0,1,Minor,Clear
569,KAG_000570,Kaggle_road_csv,0,April,Saturday,Unknown,Truck,Unidentified,1,Under 18,Unknown,Reckless Driving,Dry,Daylight,0,0,1,Serious,Clear
570,KAG_000571,Kaggle_road_csv,0,August,Tuesday,Unknown,Truck,Unidentified,2,Under 18,18-30,Lane Violation,Wet,Daylight,0,0,2,Serious,Rainy
571,KAG_000572,Kaggle_road_csv,0,October,Friday,Unknown,Truck,Unidentified,1,Over 51,18-30,No Distancing/Rear End,Dry,Daylight,0,0,1,Minor,Clear
572,KAG_000573,Kaggle_road_csv,0,March,Wednesday,Unknown,Truck,Unidentified,2,18-30,18-30,No Distancing/Rear End,Dry,Daylight,0,0,1,Minor,Clear
573,KAG_000574,Kaggle_road_csv,0,October,Thursday,Unknown,Truck,Unidentified,2,Under 18,18-30,No Distancing/Rear End,Dry,Daylight,0,0,1,Minor,Clear
574,KAG_000575,Kaggle_road_csv,0,May,Thursday,Unknown,Truck,Unidentified,2,Over 51,Unknown,Loss of Control,Dry,Daylight,0,0,1,Minor,Clear
575,KAG_000576,Kaggle_road_csv,0,April,Sunday,Unknown,Truck,Unidentified,1,18-30,Under 18,Drunk/Drug Driving,Dry,Dark,0,0,2,Serious,Clear
576,KAG_000577,Kaggle_road_csv,0,May,Monday,Unknown,Truck,Unidentified,4,31-50,31-50,No Distancing/Rear End,Dry,Daylight,0,0,1,Minor,Clear
577,KAG_000578,Kaggle_road_csv,0,March,Monday,Unknown,Truck,Unidentified,4,31-50,Under 18,Speeding,Dry,Daylight,0,0,1,Minor,Clear
578,KAG_000579,Kaggle_road_csv,0,April,Friday,Unknown,Truck,Unidentified,3,31-50,Under 18,Lane Violation,Dry,Daylight,0,0,4,Minor,Clear
579,KAG_000580,Kaggle_road_csv,0,March,Saturday,Unknown,Truck,Unidentified,1,18-30,18-30,Lane Violation,Dry,Dark,0,0,2,Serious,Clear
580,KAG_000581,Kaggle_road_csv,0,March,Tuesday,Unknown,Truck,Unidentified,2,31-50,18-30,Loss of Control,Dry,Daylight,0,0,1,Minor,Clear
581,KAG_000582,Kaggle_road_csv,0,May,Tuesday,Unknown,Truck,Unidentified,2,Under 18,Unknown,Lane Violation,Dry,Daylight,0,0,1,Minor,Clear
582,KAG_000583,Kaggle_road_csv,0,October,Wednesday,Unknown,Truck,Unidentified,2,Over 51,Under 18,No Distancing/Rear End,Dry,Daylight,0,0,2,Minor,Clear
583,KAG_000584,Kaggle_road_csv,0,August,Sunday,Unknown,Truck,Unidentified,2,18-30,Unknown,Lane Violation,Wet,Daylight,0,0,4,Minor,Rainy
584,KAG_000585,Kaggle_road_csv,0,June,Sunday,Unknown,Truck,Unidentified,2,18-30,Over 51,Lane Violation,Wet,Daylight,0,0,4,Minor,Rainy
585,KAG_000586,Kaggle_road_csv,0,April,Wednesday,Unknown,Truck,Unidentified,2,18-30,Over 51,Lane Violation,Dry,Daylight,0,0,1,Minor,Clear
586,KAG_000587,Kaggle_road_csv,0,June,Monday,Unknown,Truck,Unidentified,2,Under 18,18-30,No Distancing/Rear End,Wet,Daylight,0,0,1,Minor,Rainy
587,KAG_000588,Kaggle_road_csv,0,August,Monday,Unknown,Truck,Unidentified,2,Unknown,Over 51,Lane Violation,Wet,Daylight,0,0,1,Minor,Rainy
588,KAG_000589,Kaggle_road_csv,0,August,Friday,Unknown,Truck,Unidentified,2,Over 51,31-50,No Distancing/Rear End,Wet,Daylight,0,0,2,Minor,Rainy
589,KAG_000590,Kaggle_road_csv,0,May,Sunday,Unknown,Truck,Unidentified,2,31-50,Unknown,No Distancing/Rear End,Dry,Dark,0,0,4,Fatal,Clear
590,KAG_000591,Kaggle_road_csv,0,October,Friday,Unknown,Truck,Unidentified,1,Over 51,31-50,Lane Violation,Wet,Daylight,0,0,1,Minor,Clear
591,KAG_000592,Kaggle_road_csv,0,March,Monday,Unknown,Truck,Unidentified,2,18-30,Unknown,No Distancing/Rear End,Dry,Daylight,0,0,1,Minor,Clear
592,KAG_000593,Kaggle_road_csv,0,May,Tuesday,Unknown,Truck,Unidentified,2,31-50,18-30,Reckless Driving,Dry,Daylight,0,0,1,Serious,Clear
593,KAG_000594,Kaggle_road_csv,0,March,Sunday,Unknown,Truck,Unidentified,2,18-30,18-30,Lane Violation,Dry,Daylight,0,0,1,Minor,Clear
594,KAG_000595,Kaggle_road_csv,0,October,Thursday,Unknown,Truck,Unidentified,2,18-30,Over 51,No Distancing/Rear End,Dry,Daylight,0,0,1,Serious,Clear
595,KAG_000596,Kaggle_road_csv,0,April,Friday,Unknown,Truck,Unidentified,2,31-50,Under 18,Lane Violation,Dry,Daylight,0,0,1,Minor,Clear
596,KAG_000597,Kaggle_road_csv,0,May,Monday,Unknown,Truck,Unidentified,2,Over 51,Under 18,No Distancing/Rear End,Dry,Daylight,0,0,1,Minor,Clear
597,KAG_000598,Kaggle_road_csv,0,October,Monday,Unknown,Truck,Unidentified,2,31-50,Unknown,No Distancing/Rear End,Dry,Daylight,0,0,1,Minor,Clear
598,KAG_000599,Kaggle_road_csv,0,August,Wednesday,Unknown,Truck,Unidentified,2,Under 18,Unknown,Reckless Driving,Wet,Dark,0,0,1,Minor,Rainy
599,KAG_000600,Kaggle_road_csv,0,March,Friday,Unknown,Truck,Unidentified,3,Over 51,18-30,Reckless Driving,Dry,Daylight,0,0,2,Minor,Clear
600,KAG_000601,Kaggle_road_csv,0,March,Tuesday,Unknown,Truck,Unidentified,2,31-50,18-30,Speeding,Dry,Daylight,0,0,1,Serious,Clear
601,KAG_000602,Kaggle_road_csv,0,October,Tuesday,Unknown,Truck,Unidentified,2,Over 51,Over 51,No Distancing/Rear End,Dry,Daylight,0,0,1,Serious,Clear
602,KAG_000603,Kaggle_road_csv,0,March,Tuesday,Unknown,Truck,Unidentified,3,Unknown,Unknown,No Distancing/Rear End,Dry,Daylight,0,0,1,Minor,Clear
603,KAG_000604,Kaggle_road_csv,0,October,Tuesday,Unknown,Truck,Unidentified,2,Over 51,Unknown,Lane Violation,Dry,Dark,0,0,1,Minor,Clear
604,KAG_000605,Kaggle_road_csv,0,May,Tuesday,Unknown,Truck,Unidentified,2,Under 18,31-50,Reckless Driving,Dry,Daylight,0,0,1,Minor,Clear
605,KAG_000606,Kaggle_road_csv,0,October,Tuesday,Unknown,Truck,Unidentified,2,18-30,Under 18,Lane Violation,Dry,Dark,0,0,1,Minor,Clear
606,KAG_000607,Kaggle_road_csv,0,October,Friday,Unknown,Truck,Unidentified,1,31-50,Unknown,Lane Violation,Dry,Daylight,0,0,1,Minor,Clear
607,KAG_000608,Kaggle_road_csv,0,May,Monday,Unknown,Truck,Unidentified,2,18-30,Over 51,Lane Violation,Wet,Dark,0,0,2,Minor,Clear
608,KAG_000609,Kaggle_road_csv,0,August,Thursday,Unknown,Truck,Unidentified,2,31-50,18-30,Reckless Driving,Wet,Dark,0,0,1,Minor,Rainy
609,KAG_000610,Kaggle_road_csv,0,May,Friday,Unknown,Truck,Unidentified,2,Over 51,Unknown,Lane Violation,Wet,Dark,0,0,1,Minor,Clear
610,KAG_000611,Kaggle_road_csv,0,March,Thursday,Unknown,Truck,Unidentified,2,18-30,18-30,No Distancing/Rear End,Wet,Daylight,0,0,1,Serious,Clear
611,KAG_000612,Kaggle_road_csv,0,April,Monday,Unknown,Truck,Unidentified,2,Unknown,31-50,Reckless Driving,Dry,Daylight,0,0,2,Minor,Clear
612,KAG_000613,Kaggle_road_csv,0,April,Thursday,Unknown,Truck,Unidentified,1,Over 51,Unknown,No Distancing/Rear End,Wet,Daylight,0,0,1,Minor,Clear
613,KAG_000614,Kaggle_road_csv,0,April,Wednesday,Unknown,Truck,Unidentified,2,18-30,31-50,Lane Violation,Wet,Dark,0,0,1,Minor,Clear
614,KAG_000615,Kaggle_road_csv,0,April,Wednesday,Unknown,Truck,Unidentified,2,Under 18,Unknown,No Distancing/Rear End,Wet,Dark,0,0,1,Minor,Clear
615,KAG_000616,Kaggle_road_csv,0,May,Sunday,Unknown,Truck,Unidentified,2,31-50,18-30,Reckless Driving,Dry,Dark,0,0,1,Minor,Clear
616,KAG_000617,Kaggle_road_csv,0,June,Wednesday,Unknown,Truck,Unidentified,1,31-50,31-50,No Distancing/Rear End,Wet,Dark,0,0,1,Minor,Rainy
617,KAG_000618,Kaggle_road_csv,0,July,Tuesday,Unknown,Truck,Unidentified,2,18-30,Under 18,Lane Violation,Wet,Dark,0,0,1,Serious,Rainy
618,KAG_000619,Kaggle_road_csv,0,August,Wednesday,Unknown,Truck,Unidentified,2,Under 18,Over 51,No Distancing/Rear End,Wet,Dark,0,0,2,Minor,Rainy
619,KAG_000620,Kaggle_road_csv,0,July,Wednesday,Unknown,Truck,Unidentified,2,18-30,Unknown,Lane Violation,Wet,Dark,0,0,2,Minor,Rainy
620,KAG_000621,Kaggle_road_csv,0,April,Monday,Unknown,Truck,Unidentified,2,18-30,Unknown,No Distancing/Rear End,Dry,Dark,0,0,1,Minor,Clear
621,KAG_000622,Kaggle_road_csv,0,March,Wednesday,Unknown,Truck,Unidentified,1,18-30,18-30,Lane Violation,Wet,Dark,0,0,1,Serious,Clear
622,KAG_000623,Kaggle_road_csv,0,March,Wednesday,Unknown,Truck,Unidentified,2,31-50,Under 18,Lane Violation,Dry,Dark,0,0,1,Minor,Clear
623,KAG_000624,Kaggle_road_csv,0,March,Thursday,Unknown,Truck,Unidentified,2,18-30,Over 51,Reckless Driving,Wet,Daylight,0,0,1,Serious,Clear
624,KAG_000625,Kaggle_road_csv,0,August,Monday,Unknown,Truck,Unidentified,2,Over 51,Under 18,No Distancing/Rear End,Wet,Daylight,0,0,2,Minor,Rainy
625,KAG_000626,Kaggle_road_csv,0,July,Monday,Unknown,Truck,Unidentified,2,31-50,Unknown,Reckless Driving,Wet,Daylight,0,0,1,Minor,Rainy
626,KAG_000627,Kaggle_road_csv,0,August,Friday,Unknown,Truck,Unidentified,1,18-30,31-50,Reckless Driving,Wet,Dark,0,0,1,Serious,Rainy
627,KAG_000628,Kaggle_road_csv,0,May,Monday,Unknown,Truck,Unidentified,2,31-50,Unknown,Drunk/Drug Driving,Dry,Dark,0,0,2,Minor,Clear
628,KAG_000629,Kaggle_road_csv,0,March,Thursday,Unknown,Truck,Unidentified,1,31-50,18-30,No Distancing/Rear End,Dry,Dark,0,0,1,Serious,Clear
629,KAG_000630,Kaggle_road_csv,0,March,Sunday,Unknown,Truck,Unidentified,2,31-50,18-30,Reckless Driving,Dry,Daylight,0,0,1,Minor,Clear
630,KAG_000631,Kaggle_road_csv,0,April,Wednesday,Unknown,Truck,Unidentified,3,18-30,Under 18,No Distancing/Rear End,Dry,Daylight,0,0,1,Serious,Clear
631,KAG_000632,Kaggle_road_csv,0,May,Wednesday,Unknown,Truck,Unidentified,3,Over 51,Unknown,No Distancing/Rear End,Dry,Daylight,0,0,1,Serious,Clear
632,KAG_000633,Kaggle_road_csv,0,May,Sunday,Unknown,Truck,Unidentified,3,Under 18,31-50,Drunk/Drug Driving,Wet,Daylight,0,0,4,Minor,Clear
633,KAG_000634,Kaggle_road_csv,0,May,Sunday,Unknown,Truck,Unidentified,3,31-50,31-50,Reckless Driving,Wet,Daylight,0,0,4,Minor,Clear
634,KAG_000635,Kaggle_road_csv,0,April,Thursday,Unknown,Truck,Unidentified,2,31-50,Under 18,Reckless Driving,Dry,Dark,0,0,1,Minor,Clear
635,KAG_000636,Kaggle_road_csv,0,March,Friday,Unknown,Truck,Unidentified,2,31-50,Unknown,Drunk/Drug Driving,Wet,Dark,0,0,2,Minor,Clear
636,KAG_000637,Kaggle_road_csv,0,March,Wednesday,Unknown,Truck,Unidentified,1,Unknown,18-30,Lane Violation,Dry,Dark,0,0,1,Minor,Clear
637,KAG_000638,Kaggle_road_csv,0,October,Friday,Unknown,Truck,Unidentified,2,Unknown,Under 18,Reckless Driving,Dry,Dark,0,0,1,Serious,Clear
638,KAG_000639,Kaggle_road_csv,0,October,Tuesday,Unknown,Truck,Unidentified,2,31-50,31-50,Lane Violation,Wet,Dark,0,0,3,Minor,Clear
639,KAG_000640,Kaggle_road_csv,0,March,Tuesday,Unknown,Truck,Unidentified,2,31-50,Over 51,Lane Violation,Wet,Dark,0,0,3,Minor,Clear
640,KAG_000641,Kaggle_road_csv,0,March,Friday,Unknown,Truck,Unidentified,2,31-50,18-30,Lane Violation,Dry,Daylight,0,0,2,Serious,Clear
641,KAG_000642,Kaggle_road_csv,0,April,Monday,Unknown,Truck,Unidentified,2,31-50,Unknown,Lane Violation,Wet,Dark,0,0,2,Minor,Clear
642,KAG_000643,Kaggle_road_csv,0,April,Monday,Unknown,Truck,Unidentified,2,31-50,Unknown,No Distancing/Rear End,Wet,Dark,0,0,2,Minor,Clear
643,KAG_000644,Kaggle_road_csv,0,April,Wednesday,Unknown,Truck,Unidentified,2,Over 51,Unknown,No Distancing/Rear End,Wet,Dark,0,0,1,Minor,Clear
644,KAG_000645,Kaggle_road_csv,0,May,Saturday,Unknown,Truck,Unidentified,2,18-30,Unknown,Reckless Driving,Dry,Daylight,0,0,1,Minor,Clear
645,KAG_000646,Kaggle_road_csv,0,April,Saturday,Unknown,Truck,Unidentified,2,Over 51,Unknown,Lane Violation,Dry,Daylight,0,0,3,Minor,Clear
646,KAG_000647,Kaggle_road_csv,0,October,Sunday,Unknown,Truck,Unidentified,2,Over 51,Under 18,Lane Violation,Dry,Daylight,0,0,2,Minor,Clear
647,KAG_000648,Kaggle_road_csv,0,October,Sunday,Unknown,Truck,Unidentified,2,31-50,31-50,Speeding,Dry,Daylight,0,0,2,Minor,Clear
648,KAG_000649,Kaggle_road_csv,0,April,Wednesday,Unknown,Truck,Unidentified,2,Over 51,31-50,Lane Violation,Dry,Daylight,0,0,2,Minor,Clear
649,KAG_000650,Kaggle_road_csv,0,May,Wednesday,Unknown,Truck,Unidentified,2,31-50,Unknown,Reckless Driving,Dry,Daylight,0,0,2,Minor,Clear
650,KAG_000651,Kaggle_road_csv,0,March,Thursday,Unknown,Truck,Unidentified,2,18-30,31-50,No Distancing/Rear End,Dry,Dark,0,0,1,Minor,Clear
651,KAG_000652,Kaggle_road_csv,0,April,Thursday,Unknown,Truck,Unidentified,2,31-50,Under 18,Lane Violation,Dry,Dark,0,0,1,Minor,Clear
652,KAG_000653,Kaggle_road_csv,0,April,Friday,Unknown,Truck,Unidentified,2,31-50,Unknown,Lane Violation,Dry,Dark,0,0,1,Minor,Clear
653,KAG_000654,Kaggle_road_csv,0,May,Saturday,Unknown,Truck,Unidentified,2,31-50,Unknown,Reckless Driving,Wet,Dark,0,0,1,Serious,Clear
654,KAG_000655,Kaggle_road_csv,0,May,Wednesday,Unknown,Truck,Unidentified,2,31-50,18-30,Lane Violation,Dry,Dark,0,0,1,Minor,Clear
655,KAG_000656,Kaggle_road_csv,0,March,Wednesday,Unknown,Truck,Unidentified,2,Under 18,Under 18,Reckless Driving,Dry,Dark,0,0,1,Minor,Clear
656,KAG_000657,Kaggle_road_csv,0,March,Wednesday,Unknown,Truck,Unidentified,2,31-50,18-30,Lane Violation,Dry,Daylight,0,0,1,Serious,Clear
657,KAG_000658,Kaggle_road_csv,0,April,Friday,Unknown,Truck,Unidentified,2,Over 51,Unknown,Lane Violation,Dry,Daylight,0,0,1,Serious,Clear
658,KAG_000659,Kaggle_road_csv,0,May,Friday,Unknown,Truck,Unidentified,4,Over 51,Unknown,Reckless Driving,Dry,Daylight,0,0,5,Minor,Clear
659,KAG_000660,Kaggle_road_csv,0,April,Friday,Unknown,Truck,Unidentified,4,31-50,18-30,Lane Violation,Dry,Daylight,0,0,5,Minor,Clear
660,KAG_000661,Kaggle_road_csv,0,May,Wednesday,Unknown,Truck,Unidentified,2,18-30,Unknown,Reckless Driving,Dry,Daylight,0,0,1,Minor,Clear
661,KAG_000662,Kaggle_road_csv,0,October,Saturday,Unknown,Truck,Unidentified,3,18-30,18-30,Lane Violation,Wet,Daylight,0,0,1,Minor,Clear
662,KAG_000663,Kaggle_road_csv,0,March,Thursday,Unknown,Truck,Unidentified,2,18-30,Unknown,Lane Violation,Dry,Dark,0,0,1,Minor,Clear
663,KAG_000664,Kaggle_road_csv,0,April,Tuesday,Unknown,Truck,Unidentified,2,18-30,18-30,Lane Violation,Dry,Dark,0,0,1,Minor,Clear
664,KAG_000665,Kaggle_road_csv,0,April,Tuesday,Unknown,Truck,Unidentified,1,18-30,Unknown,No Distancing/Rear End,Dry,Daylight,0,0,1,Minor,Clear
665,KAG_000666,Kaggle_road_csv,0,April,Friday,Unknown,Truck,Unidentified,3,18-30,Unknown,Reckless Driving,Wet,Daylight,0,0,2,Minor,Clear
666,KAG_000667,Kaggle_road_csv,0,May,Friday,Unknown,Truck,Unidentified,3,18-30,Unknown,No Distancing/Rear End,Wet,Daylight,0,0,2,Minor,Clear
667,KAG_000668,Kaggle_road_csv,0,October,Sunday,Unknown,Truck,Unidentified,3,Over 51,Over 51,Reckless Driving,Dry,Daylight,0,0,1,Serious,Clear
668,KAG_000669,Kaggle_road_csv,0,March,Friday,Unknown,Truck,Unidentified,1,Unknown,31-50,Reckless Driving,Dry,Daylight,0,0,3,Serious,Clear
669,KAG_000670,Kaggle_road_csv,0,October,Friday,Unknown,Truck,Unidentified,1,Unknown,Under 18,Lane Violation,Dry,Daylight,0,0,3,Serious,Clear
670,KAG_000671,Kaggle_road_csv,0,March,Friday,Unknown,Truck,Unidentified,2,18-30,31-50,Reckless Driving,Dry,Daylight,0,0,4,Minor,Clear
671,KAG_000672,Kaggle_road_csv,0,April,Friday,Unknown,Truck,Unidentified,2,18-30,Unknown,Reckless Driving,Dry,Daylight,0,0,4,Minor,Clear
672,KAG_000673,Kaggle_road_csv,0,April,Monday,Unknown,Truck,Unidentified,2,Over 51,Unknown,Unknown/Other,Dry,Daylight,0,0,2,Minor,Clear
673,KAG_000674,Kaggle_road_csv,0,May,Sunday,Unknown,Truck,Unidentified,2,31-50,Unknown,Reckless Driving,Dry,Daylight,0,0,1,Minor,Clear
674,KAG_000675,Kaggle_road_csv,0,April,Sunday,Unknown,Truck,Unidentified,2,31-50,Under 18,No Distancing/Rear End,Dry,Daylight,0,0,3,Serious,Clear
675,KAG_000676,Kaggle_road_csv,0,March,Sunday,Unknown,Truck,Unidentified,2,31-50,Over 51,Unknown/Other,Dry,Daylight,0,0,3,Serious,Clear
676,KAG_000677,Kaggle_road_csv,0,May,Friday,Unknown,Truck,Unidentified,2,18-30,31-50,Reckless Driving,Dry,Daylight,0,0,1,Minor,Clear
677,KAG_000678,Kaggle_road_csv,0,March,Saturday,Unknown,Truck,Unidentified,2,18-30,18-30,No Distancing/Rear End,Dry,Daylight,0,0,1,Minor,Clear
678,KAG_000679,Kaggle_road_csv,0,May,Thursday,Unknown,Truck,Unidentified,1,18-30,18-30,No Distancing/Rear End,Dry,Daylight,0,0,1,Minor,Clear
679,KAG_000680,Kaggle_road_csv,0,March,Sunday,Unknown,Truck,Unidentified,2,31-50,Under 18,No Distancing/Rear End,Dry,Daylight,0,0,1,Serious,Clear
680,KAG_000681,Kaggle_road_csv,0,March,Saturday,Unknown,Truck,Unidentified,2,18-30,18-30,Reckless Driving,Dry,Dark,0,0,2,Minor,Clear
681,KAG_000682,Kaggle_road_csv,0,October,Saturday,Unknown,Truck,Unidentified,2,18-30,Unknown,No Distancing/Rear End,Dry,Dark,0,0,2,Minor,Clear
682,KAG_000683,Kaggle_road_csv,0,August,Friday,Unknown,Truck,Unidentified,2,Over 51,Unknown,Lane Violation,Wet,Daylight,0,0,1,Minor,Rainy
683,KAG_000684,Kaggle_road_csv,0,March,Sunday,Unknown,Truck,Unidentified,2,31-50,Unknown,Lane Violation,Dry,Daylight,0,0,4,Minor,Clear
684,KAG_000685,Kaggle_road_csv,0,May,Saturday,Unknown,Truck,Unidentified,1,18-30,Unknown,Reckless Driving,Dry,Daylight,0,0,1,Minor,Clear
685,KAG_000686,Kaggle_road_csv,0,October,Thursday,Unknown,Truck,Unidentified,2,18-30,Unknown,Parking Issue,Dry,Daylight,0,0,1,Fatal,Clear
686,KAG_000687,Kaggle_road_csv,0,March,Thursday,Unknown,Truck,Unidentified,2,31-50,18-30,Reckless Driving,Dry,Daylight,0,0,4,Minor,Clear
687,KAG_000688,Kaggle_road_csv,0,May,Sunday,Unknown,Truck,Unidentified,3,Over 51,Over 51,No Distancing/Rear End,Dry,Dark,0,0,4,Minor,Clear
688,KAG_000689,Kaggle_road_csv,0,April,Sunday,Unknown,Truck,Unidentified,3,Under 18,Under 18,Lane Violation,Dry,Dark,0,0,4,Minor,Clear
689,KAG_000690,Kaggle_road_csv,0,October,Wednesday,Unknown,Truck,Unidentified,2,Over 51,31-50,Lane Violation,Dry,Daylight,0,0,2,Minor,Clear
690,KAG_000691,Kaggle_road_csv,0,May,Tuesday,Unknown,Truck,Unidentified,2,18-30,Under 18,Reckless Driving,Dry,Daylight,0,0,1,Minor,Clear
691,KAG_000692,Kaggle_road_csv,0,May,Monday,Unknown,Truck,Unidentified,2,18-30,Under 18,Lane Violation,Dry,Daylight,0,0,1,Minor,Clear
692,KAG_000693,Kaggle_road_csv,0,October,Monday,Unknown,Truck,Unidentified,2,31-50,Over 51,Unknown/Other,Dry,Daylight,0,0,1,Serious,Clear
693,KAG_000694,Kaggle_road_csv,0,October,Saturday,Unknown,Truck,Unidentified,3,18-30,18-30,Lane Violation,Dry,Daylight,0,0,2,Minor,Clear
694,KAG_000695,Kaggle_road_csv,0,October,Friday,Unknown,Truck,Unidentified,2,31-50,31-50,Reckless Driving,Dry,Daylight,0,0,1,Serious,Clear
695,KAG_000696,Kaggle_road_csv,0,March,Friday,Unknown,Truck,Unidentified,2,18-30,Unknown,Reckless Driving,Dry,Daylight,0,0,2,Minor,Clear
696,KAG_000697,Kaggle_road_csv,0,May,Friday,Unknown,Truck,Unidentified,2,Unknown,Unknown,Reckless Driving,Dry,Dark,0,0,1,Minor,Clear
697,KAG_000698,Kaggle_road_csv,0,May,Thursday,Unknown,Truck,Unidentified,2,18-30,Over 51,Reckless Driving,Dry,Daylight,0,0,1,Minor,Clear
698,KAG_000699,Kaggle_road_csv,0,October,Wednesday,Unknown,Truck,Unidentified,1,18-30,31-50,No Distancing/Rear End,Dry,Daylight,0,0,1,Serious,Clear
699,KAG_000700,Kaggle_road_csv,0,October,Thursday,Unknown,Truck,Unidentified,2,18-30,Unknown,Loss of Control,Dry,Daylight,0,0,4,Minor,Clear
700,KAG_000701,Kaggle_road_csv,0,April,Wednesday,Unknown,Truck,Unidentified,1,18-30,Over 51,Lane Violation,Dry,Daylight,0,0,1,Serious,Clear
701,KAG_000702,Kaggle_road_csv,0,May,Friday,Unknown,Truck,Unidentified,2,31-50,18-30,Speeding,Dry,Daylight,0,0,6,Minor,Clear
702,KAG_000703,Kaggle_road_csv,0,March,Friday,Unknown,Truck,Unidentified,2,18-30,Under 18,Lane Violation,Dry,Daylight,0,0,6,Minor,Clear
703,KAG_000704,Kaggle_road_csv,0,April,Wednesday,Unknown,Truck,Unidentified,2,31-50,Under 18,Reckless Driving,Dry,Daylight,0,0,1,Minor,Clear
704,KAG_000705,Kaggle_road_csv,0,June,Friday,Unknown,Truck,Unidentified,2,18-30,18-30,Lane Violation,Wet,Daylight,0,0,1,Minor,Rainy
705,KAG_000706,Kaggle_road_csv,0,April,Thursday,Unknown,Truck,Unidentified,3,18-30,Unknown,Lane Violation,Dry,Daylight,0,0,1,Minor,Clear
706,KAG_000707,Kaggle_road_csv,0,March,Wednesday,Unknown,Truck,Unidentified,2,Over 51,31-50,No Distancing/Rear End,Dry,Daylight,0,0,1,Minor,Clear
707,KAG_000708,Kaggle_road_csv,0,October,Thursday,Unknown,Truck,Unidentified,2,Over 51,18-30,Lane Violation,Dry,Daylight,0,0,4,Minor,Clear
708,KAG_000709,Kaggle_road_csv,0,October,Wednesday,Unknown,Truck,Unidentified,2,18-30,Unknown,No Distancing/Rear End,Dry,Daylight,0,0,1,Minor,Clear
709,KAG_000710,Kaggle_road_csv,0,October,Monday,Unknown,Truck,Unidentified,2,Over 51,Unknown,Reckless Driving,Dry,Daylight,0,0,1,Serious,Clear
710,KAG_000711,Kaggle_road_csv,0,March,Monday,Unknown,Truck,Unidentified,2,Over 51,31-50,No Distancing/Rear End,Dry,Daylight,0,0,1,Serious,Clear
711,KAG_000712,Kaggle_road_csv,0,October,Saturday,Unknown,Truck,Unidentified,2,31-50,Under 18,Lane Violation,Dry,Daylight,0,0,1,Minor,Clear
712,KAG_000713,Kaggle_road_csv,0,March,Wednesday,Unknown,Truck,Unidentified,3,18-30,31-50,Lane Violation,Wet,Daylight,0,0,2,Serious,Clear
713,KAG_000714,Kaggle_road_csv,0,April,Tuesday,Unknown,Truck,Unidentified,2,18-30,31-50,Reckless Driving,Dry,Daylight,0,0,1,Minor,Clear
714,KAG_000715,Kaggle_road_csv,0,October,Saturday,Unknown,Truck,Unidentified,2,18-30,Under 18,Reckless Driving,Dry,Daylight,0,0,1,Minor,Clear
715,KAG_000716,Kaggle_road_csv,0,April,Friday,Unknown,Truck,Unidentified,2,18-30,Over 51,No Distancing/Rear End,Wet,Daylight,0,0,2,Minor,Clear
716,KAG_000717,Kaggle_road_csv,0,April,Thursday,Unknown,Truck,Unidentified,2,31-50,Over 51,Unknown/Other,Dry,Daylight,0,0,1,Minor,Clear
717,KAG_000718,Kaggle_road_csv,0,May,Thursday,Unknown,Truck,Unidentified,2,Over 51,Under 18,Lane Violation,Dry,Daylight,0,0,1,Minor,Clear
718,KAG_000719,Kaggle_road_csv,0,April,Monday,Unknown,Truck,Unidentified,2,18-30,18-30,No Distancing/Rear End,Dry,Daylight,0,0,1,Serious,Clear
719,KAG_000720,Kaggle_road_csv,0,October,Tuesday,Unknown,Truck,Unidentified,1,31-50,Unknown,No Distancing/Rear End,Dry,Daylight,0,0,1,Minor,Clear
720,KAG_000721,Kaggle_road_csv,0,October,Thursday,Unknown,Truck,Unidentified,2,18-30,31-50,Loss of Control,Dry,Daylight,0,0,3,Minor,Clear
721,KAG_000722,Kaggle_road_csv,0,April,Thursday,Unknown,Truck,Unidentified,2,18-30,Over 51,Speeding,Dry,Daylight,0,0,3,Minor,Clear
722,KAG_000723,Kaggle_road_csv,0,March,Friday,Unknown,Truck,Unidentified,2,31-50,Unknown,Reckless Driving,Dry,Dark,0,0,1,Minor,Clear
723,KAG_000724,Kaggle_road_csv,0,March,Tuesday,Unknown,Truck,Unidentified,2,Over 51,Over 51,No Distancing/Rear End,Dry,Dark,0,0,1,Minor,Clear
724,KAG_000725,Kaggle_road_csv,0,April,Tuesday,Unknown,Truck,Unidentified,2,31-50,Under 18,No Distancing/Rear End,Dry,Daylight,0,0,1,Minor,Clear
725,KAG_000726,Kaggle_road_csv,0,March,Monday,Unknown,Truck,Unidentified,2,Under 18,18-30,Reckless Driving,Dry,Daylight,0,0,1,Minor,Clear
726,KAG_000727,Kaggle_road_csv,0,October,Thursday,Unknown,Truck,Unidentified,2,31-50,Unknown,Lane Violation,Dry,Daylight,0,0,1,Minor,Clear
727,KAG_000728,Kaggle_road_csv,0,March,Saturday,Unknown,Truck,Unidentified,2,Over 51,Over 51,Reckless Driving,Dry,Daylight,0,0,1,Minor,Clear
728,KAG_000729,Kaggle_road_csv,0,October,Friday,Unknown,Truck,Unidentified,2,31-50,31-50,Reckless Driving,Dry,Daylight,0,0,2,Minor,Clear
729,KAG_000730,Kaggle_road_csv,0,March,Thursday,Unknown,Truck,Unidentified,2,Unknown,Under 18,Unknown/Other,Dry,Daylight,0,0,1,Minor,Clear
730,KAG_000731,Kaggle_road_csv,0,May,Monday,Unknown,Truck,Unidentified,2,18-30,Under 18,Lane Violation,Dry,Daylight,0,0,1,Serious,Clear
731,KAG_000732,Kaggle_road_csv,0,May,Monday,Unknown,Truck,Unidentified,2,31-50,18-30,Unknown/Other,Dry,Daylight,0,0,1,Serious,Clear
732,KAG_000733,Kaggle_road_csv,0,May,Tuesday,Unknown,Truck,Unidentified,1,Over 51,18-30,No Distancing/Rear End,Dry,Daylight,0,0,1,Minor,Clear
733,KAG_000734,Kaggle_road_csv,0,March,Sunday,Unknown,Truck,Unidentified,2,18-30,Unknown,Unknown/Other,Dry,Daylight,0,0,2,Minor,Clear
734,KAG_000735,Kaggle_road_csv,0,April,Wednesday,Unknown,Truck,Unidentified,2,31-50,Unknown,Reckless Driving,Wet,Daylight,0,0,1,Serious,Clear
735,KAG_000736,Kaggle_road_csv,0,August,Thursday,Unknown,Truck,Unidentified,2,31-50,18-30,Lane Violation,Wet,Dark,0,0,1,Minor,Rainy
736,KAG_000737,Kaggle_road_csv,0,September,Thursday,Unknown,Truck,Unidentified,2,31-50,Unknown,Unknown/Other,Wet,Dark,0,0,1,Minor,Rainy
737,KAG_000738,Kaggle_road_csv,0,March,Sunday,Unknown,Truck,Unidentified,2,31-50,18-30,Reckless Driving,Dry,Daylight,0,0,1,Minor,Clear
738,KAG_000739,Kaggle_road_csv,0,May,Thursday,Unknown,Truck,Unidentified,3,18-30,Unknown,Lane Violation,Dry,Daylight,0,0,1,Minor,Clear
739,KAG_000740,Kaggle_road_csv,0,March,Wednesday,Unknown,Truck,Unidentified,2,31-50,18-30,Reckless Driving,Dry,Dark,0,0,1,Minor,Clear
740,KAG_000741,Kaggle_road_csv,0,May,Sunday,Unknown,Truck,Unidentified,2,31-50,31-50,Reckless Driving,Dry,Daylight,0,0,1,Minor,Clear
741,KAG_000742,Kaggle_road_csv,0,October,Friday,Unknown,Truck,Unidentified,4,31-50,Over 51,Lane Violation,Dry,Dark,0,0,3,Minor,Clear
742,KAG_000743,Kaggle_road_csv,0,March,Friday,Unknown,Truck,Unidentified,4,31-50,Over 51,Lane Violation,Dry,Dark,0,0,3,Minor,Clear
743,KAG_000744,Kaggle_road_csv,0,April,Tuesday,Unknown,Truck,Unidentified,2,18-30,18-30,No Distancing/Rear End,Dry,Dark,0,0,1,Minor,Clear
744,KAG_000745,Kaggle_road_csv,0,March,Tuesday,Unknown,Truck,Unidentified,1,31-50,Unknown,Lane Violation,Dry,Dark,0,0,1,Minor,Clear
745,KAG_000746,Kaggle_road_csv,0,October,Thursday,Unknown,Truck,Unidentified,2,Under 18,Over 51,Reckless Driving,Wet,Dark,0,0,1,Minor,Clear
746,KAG_000747,Kaggle_road_csv,0,October,Thursday,Unknown,Truck,Unidentified,4,Unknown,18-30,No Distancing/Rear End,Wet,Dark,0,0,3,Minor,Clear
747,KAG_000748,Kaggle_road_csv,0,May,Tuesday,Unknown,Truck,Unidentified,3,31-50,Unknown,Reckless Driving,Dry,Dark,0,0,1,Minor,Clear
748,KAG_000749,Kaggle_road_csv,0,May,Tuesday,Unknown,Truck,Unidentified,3,31-50,31-50,No Distancing/Rear End,Dry,Dark,0,0,1,Minor,Clear
749,KAG_000750,Kaggle_road_csv,0,May,Monday,Unknown,Truck,Unidentified,1,31-50,Unknown,Reckless Driving,Wet,Daylight,0,0,1,Minor,Clear
750,KAG_000751,Kaggle_road_csv,0,October,Sunday,Unknown,Truck,Unidentified,2,18-30,31-50,Lane Violation,Dry,Daylight,0,0,1,Minor,Clear
751,KAG_000752,Kaggle_road_csv,0,May,Sunday,Unknown,Truck,Unidentified,1,31-50,Under 18,Reckless Driving,Wet,Dark,0,0,1,Serious,Clear
752,KAG_000753,Kaggle_road_csv,0,May,Friday,Unknown,Truck,Unidentified,2,18-30,Unknown,Lane Violation,Dry,Dark,0,0,1,Minor,Clear
753,KAG_000754,Kaggle_road_csv,0,May,Thursday,Unknown,Truck,Unidentified,2,31-50,Unknown,No Distancing/Rear End,Dry,Dark,0,0,1,Minor,Clear
754,KAG_000755,Kaggle_road_csv,0,May,Monday,Unknown,Truck,Unidentified,2,18-30,Over 51,Lane Violation,Wet,Dark,0,0,1,Minor,Clear
755,KAG_000756,Kaggle_road_csv,0,October,Monday,Unknown,Truck,Unidentified,2,Over 51,18-30,Lane Violation,Dry,Daylight,0,0,1,Serious,Clear
756,KAG_000757,Kaggle_road_csv,0,July,Wednesday,Unknown,Truck,Unidentified,2,31-50,Unknown,No Distancing/Rear End,Wet,Dark,0,0,6,Minor,Rainy
757,KAG_000758,Kaggle_road_csv,0,September,Wednesday,Unknown,Truck,Unidentified,2,31-50,Under 18,Lane Violation,Wet,Dark,0,0,6,Minor,Rainy
758,KAG_000759,Kaggle_road_csv,0,August,Wednesday,Unknown,Truck,Unidentified,2,31-50,Under 18,No Distancing/Rear End,Wet,Dark,0,0,6,Minor,Rainy
759,KAG_000760,Kaggle_road_csv,0,September,Wednesday,Unknown,Truck,Unidentified,2,31-50,31-50,No Distancing/Rear End,Wet,Dark,0,0,6,Minor,Rainy
760,KAG_000761,Kaggle_road_csv,0,October,Tuesday,Unknown,Truck,Unidentified,3,18-30,Unknown,Reckless Driving,Dry,Dark,0,0,2,Minor,Clear
761,KAG_000762,Kaggle_road_csv,0,January,Thursday,Unknown,Truck,Unidentified,2,18-30,Over 51,Lane Violation,Wet,Dark,0,0,1,Minor,Fog/Mist
762,KAG_000763,Kaggle_road_csv,0,April,Sunday,Unknown,Truck,Unidentified,2,31-50,Unknown,No Distancing/Rear End,Dry,Daylight,0,0,1,Minor,Clear
763,KAG_000764,Kaggle_road_csv,0,May,Monday,Unknown,Truck,Unidentified,2,Over 51,18-30,Reckless Driving,Wet,Dark,0,0,2,Minor,Clear
764,KAG_000765,Kaggle_road_csv,0,March,Monday,Unknown,Truck,Unidentified,2,18-30,Under 18,Reckless Driving,Wet,Dark,0,0,2,Minor,Clear
765,KAG_000766,Kaggle_road_csv,0,May,Friday,Unknown,Truck,Unidentified,2,31-50,18-30,Lane Violation,Dry,Daylight,0,0,1,Minor,Clear
766,KAG_000767,Kaggle_road_csv,0,May,Monday,Unknown,Truck,Unidentified,1,Unknown,31-50,Lane Violation,Dry,Daylight,0,0,1,Minor,Clear
767,KAG_000768,Kaggle_road_csv,0,October,Tuesday,Unknown,Truck,Unidentified,1,Unknown,Unknown,Lane Violation,Wet,Daylight,0,0,1,Minor,Clear
768,KAG_000769,Kaggle_road_csv,0,October,Thursday,Unknown,Truck,Unidentified,2,31-50,18-30,Lane Violation,Wet,Daylight,0,0,1,Minor,Clear
769,KAG_000770,Kaggle_road_csv,0,October,Sunday,Unknown,Truck,Unidentified,2,Over 51,Over 51,No Distancing/Rear End,Dry,Daylight,0,0,1,Minor,Clear
770,KAG_000771,Kaggle_road_csv,0,April,Thursday,Unknown,Truck,Unidentified,1,31-50,Unknown,Drunk/Drug Driving,Dry,Daylight,0,0,2,Minor,Clear
771,KAG_000772,Kaggle_road_csv,0,May,Wednesday,Unknown,Truck,Unidentified,2,18-30,Unknown,Reckless Driving,Dry,Dark,0,0,1,Minor,Clear
772,KAG_000773,Kaggle_road_csv,0,July,Friday,Unknown,Truck,Unidentified,1,31-50,Unknown,No Distancing/Rear End,Wet,Dark,0,0,1,Serious,Rainy
773,KAG_000774,Kaggle_road_csv,0,October,Tuesday,Unknown,Truck,Unidentified,1,Unknown,31-50,Reckless Driving,Dry,Dark,0,0,1,Minor,Clear
774,KAG_000775,Kaggle_road_csv,0,April,Tuesday,Unknown,Truck,Unidentified,2,31-50,Unknown,Loss of Control,Dry,Daylight,0,0,1,Minor,Clear
775,KAG_000776,Kaggle_road_csv,0,April,Friday,Unknown,Truck,Unidentified,2,31-50,31-50,Reckless Driving,Dry,Dark,0,0,2,Minor,Clear
776,KAG_000777,Kaggle_road_csv,0,October,Thursday,Unknown,Truck,Unidentified,1,31-50,Unknown,No Distancing/Rear End,Dry,Dark,0,0,1,Minor,Clear
777,KAG_000778,Kaggle_road_csv,0,May,Sunday,Unknown,Truck,Unidentified,2,31-50,18-30,Drunk/Drug Driving,Wet,Daylight,0,0,1,Minor,Clear
778,KAG_000779,Kaggle_road_csv,0,March,Saturday,Unknown,Truck,Unidentified,1,31-50,31-50,Lane Violation,Dry,Dark,0,0,1,Minor,Clear
779,KAG_000780,Kaggle_road_csv,0,July,Saturday,Unknown,Truck,Unidentified,1,31-50,Unknown,Drunk/Drug Driving,Wet,Daylight,0,0,1,Minor,Rainy
780,KAG_000781,Kaggle_road_csv,0,October,Friday,Unknown,Truck,Unidentified,2,Unknown,18-30,Reckless Driving,Dry,Daylight,0,0,1,Minor,Clear
781,KAG_000782,Kaggle_road_csv,0,April,Tuesday,Unknown,Truck,Unidentified,3,18-30,Under 18,No Distancing/Rear End,Dry,Daylight,0,0,3,Minor,Clear
782,KAG_000783,Kaggle_road_csv,0,March,Tuesday,Unknown,Truck,Unidentified,3,18-30,Under 18,Lane Violation,Dry,Daylight,0,0,3,Minor,Clear
783,KAG_000784,Kaggle_road_csv,0,March,Wednesday,Unknown,Truck,Unidentified,2,Over 51,18-30,Lane Violation,Dry,Daylight,0,0,1,Minor,Clear
784,KAG_000785,Kaggle_road_csv,0,October,Thursday,Unknown,Truck,Unidentified,2,18-30,Unknown,No Distancing/Rear End,Dry,Dark,0,0,1,Minor,Clear
785,KAG_000786,Kaggle_road_csv,0,April,Saturday,Unknown,Truck,Unidentified,2,31-50,18-30,Reckless Driving,Dry,Daylight,0,0,1,Minor,Clear
786,KAG_000787,Kaggle_road_csv,0,May,Sunday,Unknown,Truck,Unidentified,2,Under 18,Unknown,No Distancing/Rear End,Dry,Dark,0,0,1,Minor,Clear
787,KAG_000788,Kaggle_road_csv,0,March,Friday,Unknown,Truck,Unidentified,1,Over 51,Under 18,Lane Violation,Dry,Daylight,0,0,1,Minor,Clear
788,KAG_000789,Kaggle_road_csv,0,March,Tuesday,Unknown,Truck,Unidentified,2,31-50,Over 51,Reckless Driving,Dry,Dark,0,0,1,Minor,Clear
789,KAG_000790,Kaggle_road_csv,0,October,Tuesday,Unknown,Truck,Unidentified,2,18-30,Unknown,Reckless Driving,Dry,Daylight,0,0,2,Minor,Clear
790,KAG_000791,Kaggle_road_csv,0,May,Tuesday,Unknown,Truck,Unidentified,2,31-50,Unknown,Reckless Driving,Dry,Daylight,0,0,2,Minor,Clear
791,KAG_000792,Kaggle_road_csv,0,May,Tuesday,Unknown,Truck,Unidentified,2,18-30,Under 18,No Distancing/Rear End,Dry,Daylight,0,0,1,Minor,Clear
792,KAG_000793,Kaggle_road_csv,0,October,Tuesday,Unknown,Truck,Unidentified,1,Unknown,Unknown,Reckless Driving,Dry,Daylight,0,0,1,Minor,Clear
793,KAG_000794,Kaggle_road_csv,0,October,Saturday,Unknown,Truck,Unidentified,2,18-30,31-50,Lane Violation,Wet,Dark,0,0,1,Minor,Clear
794,KAG_000795,Kaggle_road_csv,0,March,Friday,Unknown,Truck,Unidentified,2,Over 51,Over 51,Lane Violation,Wet,Dark,0,0,1,Minor,Clear
795,KAG_000796,Kaggle_road_csv,0,June,Monday,Unknown,Truck,Unidentified,2,18-30,Unknown,Lane Violation,Wet,Dark,0,0,1,Minor,Rainy
796,KAG_000797,Kaggle_road_csv,0,October,Thursday,Unknown,Truck,Unidentified,2,31-50,Unknown,No Distancing/Rear End,Wet,Dark,0,0,1,Minor,Clear
797,KAG_000798,Kaggle_road_csv,0,May,Saturday,Unknown,Truck,Unidentified,2,18-30,18-30,Reckless Driving,Dry,Daylight,0,0,1,Serious,Clear
798,KAG_000799,Kaggle_road_csv,0,March,Sunday,Unknown,Truck,Unidentified,2,31-50,Unknown,No Distancing/Rear End,Dry,Daylight,0,0,1,Minor,Clear
799,KAG_000800,Kaggle_road_csv,0,April,Monday,Unknown,Truck,Unidentified,2,31-50,31-50,Lane Violation,Dry,Daylight,0,0,6,Minor,Clear
800,KAG_000801,Kaggle_road_csv,0,October,Monday,Unknown,Truck,Unidentified,2,31-50,18-30,No Distancing/Rear End,Dry,Daylight,0,0,6,Minor,Clear
801,KAG_000802,Kaggle_road_csv,0,March,Monday,Unknown,Truck,Unidentified,2,31-50,31-50,Reckless Driving,Dry,Daylight,0,0,6,Minor,Clear
802,KAG_000803,Kaggle_road_csv,0,October,Monday,Unknown,Truck,Unidentified,2,31-50,Unknown,Lane Violation,Dry,Daylight,0,0,6,Minor,Clear
803,KAG_000804,Kaggle_road_csv,0,October,Tuesday,Unknown,Truck,Unidentified,2,31-50,18-30,Reckless Driving,Dry,Daylight,0,0,1,Minor,Clear
804,KAG_000805,Kaggle_road_csv,0,May,Friday,Unknown,Truck,Unidentified,2,31-50,Unknown,Lane Violation,Dry,Dark,0,0,1,Minor,Clear
805,KAG_000806,Kaggle_road_csv,0,March,Friday,Unknown,Truck,Unidentified,2,18-30,31-50,Lane Violation,Dry,Dark,0,0,1,Minor,Clear
806,KAG_000807,Kaggle_road_csv,0,May,Tuesday,Unknown,Truck,Unidentified,2,31-50,31-50,Lane Violation,Dry,Daylight,0,0,1,Minor,Clear
807,KAG_000808,Kaggle_road_csv,0,April,Tuesday,Unknown,Truck,Unidentified,2,31-50,Under 18,No Distancing/Rear End,Dry,Dark,0,0,1,Minor,Clear
808,KAG_000809,Kaggle_road_csv,0,March,Tuesday,Unknown,Truck,Unidentified,2,18-30,Unknown,No Distancing/Rear End,Dry,Dark,0,0,1,Minor,Clear
809,KAG_000810,Kaggle_road_csv,0,October,Thursday,Unknown,Truck,Unidentified,3,18-30,18-30,No Distancing/Rear End,Dry,Dark,0,0,2,Minor,Clear
810,KAG_000811,Kaggle_road_csv,0,April,Sunday,Unknown,Truck,Unidentified,2,31-50,31-50,Reckless Driving,Wet,Dark,0,0,1,Serious,Clear
811,KAG_000812,Kaggle_road_csv,0,July,Monday,Unknown,Truck,Unidentified,2,31-50,Unknown,Loss of Control,Wet,Daylight,0,0,1,Minor,Rainy
812,KAG_000813,Kaggle_road_csv,0,April,Tuesday,Unknown,Truck,Unidentified,3,Over 51,18-30,Lane Violation,Dry,Daylight,0,0,1,Minor,Clear
813,KAG_000814,Kaggle_road_csv,0,April,Thursday,Unknown,Truck,Unidentified,2,31-50,Unknown,Reckless Driving,Dry,Daylight,0,0,1,Minor,Clear
814,KAG_000815,Kaggle_road_csv,0,May,Thursday,Unknown,Truck,Unidentified,2,Over 51,Unknown,Reckless Driving,Dry,Daylight,0,0,1,Minor,Clear
815,KAG_000816,Kaggle_road_csv,0,May,Tuesday,Unknown,Truck,Unidentified,1,Unknown,18-30,Drunk/Drug Driving,Dry,Daylight,0,0,1,Minor,Clear
816,KAG_000817,Kaggle_road_csv,0,October,Wednesday,Unknown,Truck,Unidentified,2,18-30,Under 18,Reckless Driving,Dry,Daylight,0,0,1,Minor,Clear
817,KAG_000818,Kaggle_road_csv,0,March,Wednesday,Unknown,Truck,Unidentified,2,31-50,18-30,No Distancing/Rear End,Dry,Daylight,0,0,2,Minor,Clear
818,KAG_000819,Kaggle_road_csv,0,May,Thursday,Unknown,Truck,Unidentified,2,Unknown,Unknown,No Distancing/Rear End,Dry,Daylight,0,0,1,Minor,Clear
819,KAG_000820,Kaggle_road_csv,0,October,Tuesday,Unknown,Truck,Unidentified,1,18-30,Under 18,No Distancing/Rear End,Dry,Dark,0,0,1,Minor,Clear
820,KAG_000821,Kaggle_road_csv,0,April,Thursday,Unknown,Truck,Unidentified,2,18-30,31-50,No Distancing/Rear End,Dry,Daylight,0,0,2,Minor,Clear
821,KAG_000822,Kaggle_road_csv,0,May,Saturday,Unknown,Truck,Unidentified,2,18-30,Unknown,No Distancing/Rear End,Dry,Daylight,0,0,2,Minor,Clear
822,KAG_000823,Kaggle_road_csv,0,October,Saturday,Unknown,Truck,Unidentified,2,31-50,31-50,Lane Violation,Dry,Daylight,0,0,2,Minor,Clear
823,KAG_000824,Kaggle_road_csv,0,May,Sunday,Unknown,Truck,Unidentified,1,31-50,18-30,No Distancing/Rear End,Dry,Daylight,0,0,1,Minor,Clear
824,KAG_000825,Kaggle_road_csv,0,March,Monday,Unknown,Truck,Unidentified,1,18-30,Unknown,Speeding,Dry,Daylight,0,0,1,Minor,Clear
825,KAG_000826,Kaggle_road_csv,0,March,Friday,Unknown,Truck,Unidentified,2,31-50,Under 18,Loss of Control,Dry,Dark,0,0,1,Minor,Clear
826,KAG_000827,Kaggle_road_csv,0,May,Sunday,Unknown,Truck,Unidentified,3,Unknown,18-30,No Distancing/Rear End,Dry,Daylight,0,0,1,Minor,Clear
827,KAG_000828,Kaggle_road_csv,0,March,Saturday,Unknown,Truck,Unidentified,2,31-50,Unknown,Loss of Control,Dry,Daylight,0,0,1,Minor,Clear
828,KAG_000829,Kaggle_road_csv,0,May,Saturday,Unknown,Truck,Unidentified,2,31-50,Unknown,Reckless Driving,Dry,Daylight,0,0,1,Minor,Clear
829,KAG_000830,Kaggle_road_csv,0,March,Friday,Unknown,Truck,Unidentified,2,Under 18,Over 51,Lane Violation,Dry,Dark,0,0,1,Serious,Clear
830,KAG_000831,Kaggle_road_csv,0,April,Thursday,Unknown,Truck,Unidentified,2,31-50,Over 51,Drunk/Drug Driving,Dry,Daylight,0,0,1,Minor,Clear
831,KAG_000832,Kaggle_road_csv,0,October,Monday,Unknown,Truck,Unidentified,2,31-50,18-30,No Distancing/Rear End,Dry,Daylight,0,0,1,Minor,Clear
832,KAG_000833,Kaggle_road_csv,0,April,Thursday,Unknown,Truck,Unidentified,2,Over 51,18-30,Reckless Driving,Dry,Daylight,0,0,1,Minor,Clear
833,KAG_000834,Kaggle_road_csv,0,August,Friday,Unknown,Truck,Unidentified,1,31-50,31-50,Reckless Driving,Wet,Daylight,0,0,1,Minor,Rainy
834,KAG_000835,Kaggle_road_csv,0,April,Friday,Unknown,Truck,Unidentified,2,18-30,18-30,No Distancing/Rear End,Dry,Daylight,0,0,1,Minor,Clear
835,KAG_000836,Kaggle_road_csv,0,May,Monday,Unknown,Truck,Unidentified,2,18-30,Unknown,Loss of Control,Dry,Daylight,0,0,1,Minor,Clear
836,KAG_000837,Kaggle_road_csv,0,March,Wednesday,Unknown,Truck,Unidentified,2,31-50,Unknown,Lane Violation,Dry,Daylight,0,0,1,Minor,Clear
837,KAG_000838,Kaggle_road_csv,0,March,Wednesday,Unknown,Truck,Unidentified,1,31-50,Unknown,Reckless Driving,Wet,Daylight,0,0,1,Minor,Clear
838,KAG_000839,Kaggle_road_csv,0,April,Wednesday,Unknown,Truck,Unidentified,1,Unknown,18-30,No Distancing/Rear End,Dry,Daylight,0,0,1,Minor,Clear
839,KAG_000840,Kaggle_road_csv,0,May,Sunday,Unknown,Truck,Unidentified,2,31-50,31-50,Reckless Driving,Dry,Dark,0,0,1,Minor,Clear
840,KAG_000841,Kaggle_road_csv,0,May,Saturday,Unknown,Truck,Unidentified,1,Over 51,Unknown,Reckless Driving,Dry,Daylight,0,0,1,Minor,Clear
841,KAG_000842,Kaggle_road_csv,0,May,Tuesday,Unknown,Truck,Unidentified,2,18-30,Under 18,Reckless Driving,Dry,Daylight,0,0,1,Minor,Clear
842,KAG_000843,Kaggle_road_csv,0,March,Saturday,Unknown,Truck,Unidentified,2,18-30,Unknown,Lane Violation,Dry,Daylight,0,0,1,Minor,Clear
843,KAG_000844,Kaggle_road_csv,0,May,Thursday,Unknown,Truck,Unidentified,2,Over 51,31-50,Lane Violation,Dry,Daylight,0,0,1,Minor,Clear
844,KAG_000845,Kaggle_road_csv,0,April,Thursday,Unknown,Truck,Unidentified,2,31-50,Unknown,No Distancing/Rear End,Dry,Daylight,0,0,1,Minor,Clear
845,KAG_000846,Kaggle_road_csv,0,October,Thursday,Unknown,Truck,Unidentified,2,31-50,Over 51,No Distancing/Rear End,Dry,Dark,0,0,1,Minor,Clear
846,KAG_000847,Kaggle_road_csv,0,May,Thursday,Unknown,Truck,Unidentified,2,Unknown,18-30,Reckless Driving,Dry,Dark,0,0,1,Minor,Clear
847,KAG_000848,Kaggle_road_csv,0,October,Tuesday,Unknown,Truck,Unidentified,2,18-30,Under 18,Reckless Driving,Dry,Dark,0,0,1,Minor,Clear
848,KAG_000849,Kaggle_road_csv,0,May,Tuesday,Unknown,Truck,Unidentified,2,Under 18,31-50,Lane Violation,Dry,Dark,0,0,1,Minor,Clear
849,KAG_000850,Kaggle_road_csv,0,March,Tuesday,Unknown,Truck,Unidentified,3,18-30,18-30,Lane Violation,Dry,Daylight,0,0,1,Minor,Clear
850,KAG_000851,Kaggle_road_csv,0,March,Wednesday,Unknown,Truck,Unidentified,2,Over 51,Under 18,Reckless Driving,Dry,Daylight,0,0,1,Minor,Clear
851,KAG_000852,Kaggle_road_csv,0,August,Friday,Unknown,Truck,Unidentified,2,18-30,18-30,No Distancing/Rear End,Wet,Dark,0,0,1,Minor,Rainy
852,KAG_000853,Kaggle_road_csv,0,July,Friday,Unknown,Truck,Unidentified,2,Unknown,Unknown,Lane Violation,Wet,Dark,0,0,1,Minor,Rainy
853,KAG_000854,Kaggle_road_csv,0,October,Saturday,Unknown,Truck,Unidentified,2,18-30,Unknown,No Distancing/Rear End,Dry,Daylight,0,0,1,Minor,Clear
854,KAG_000855,Kaggle_road_csv,0,March,Saturday,Unknown,Truck,Unidentified,2,18-30,Over 51,Drunk/Drug Driving,Dry,Daylight,0,0,2,Minor,Clear
855,KAG_000856,Kaggle_road_csv,0,March,Monday,Unknown,Truck,Unidentified,1,18-30,18-30,No Distancing/Rear End,Dry,Daylight,0,0,1,Serious,Clear
856,KAG_000857,Kaggle_road_csv,0,October,Monday,Unknown,Truck,Unidentified,1,18-30,18-30,Lane Violation,Dry,Daylight,0,0,2,Serious,Clear
857,KAG_000858,Kaggle_road_csv,0,March,Wednesday,Unknown,Truck,Unidentified,2,31-50,18-30,Reckless Driving,Dry,Daylight,0,0,1,Minor,Clear
858,KAG_000859,Kaggle_road_csv,0,April,Wednesday,Unknown,Truck,Unidentified,2,Under 18,Under 18,Drunk/Drug Driving,Dry,Daylight,0,0,1,Minor,Clear
859,KAG_000860,Kaggle_road_csv,0,October,Thursday,Unknown,Truck,Unidentified,2,31-50,Under 18,Lane Violation,Dry,Daylight,0,0,1,Minor,Clear
860,KAG_000861,Kaggle_road_csv,0,May,Thursday,Unknown,Truck,Unidentified,1,Unknown,Unknown,No Distancing/Rear End,Dry,Daylight,0,0,1,Minor,Clear
861,KAG_000862,Kaggle_road_csv,0,May,Saturday,Unknown,Truck,Unidentified,2,Over 51,Unknown,No Distancing/Rear End,Dry,Daylight,0,0,1,Minor,Clear
862,KAG_000863,Kaggle_road_csv,0,March,Monday,Unknown,Truck,Unidentified,2,18-30,Over 51,Lane Violation,Dry,Daylight,0,0,2,Minor,Clear
863,KAG_000864,Kaggle_road_csv,0,April,Wednesday,Unknown,Truck,Unidentified,2,Unknown,Unknown,Lane Violation,Dry,Daylight,0,0,1,Minor,Clear
864,KAG_000865,Kaggle_road_csv,0,April,Wednesday,Unknown,Truck,Unidentified,2,31-50,Over 51,Lane Violation,Dry,Daylight,0,0,1,Minor,Clear
865,KAG_000866,Kaggle_road_csv,0,May,Friday,Unknown,Truck,Unidentified,2,18-30,Under 18,Reckless Driving,Dry,Daylight,0,0,1,Minor,Clear
866,KAG_000867,Kaggle_road_csv,0,May,Thursday,Unknown,Truck,Unidentified,1,Unknown,Unknown,Lane Violation,Dry,Daylight,0,0,1,Serious,Clear
867,KAG_000868,Kaggle_road_csv,0,May,Thursday,Unknown,Truck,Unidentified,2,Over 51,18-30,Lane Violation,Dry,Daylight,0,0,1,Minor,Clear
868,KAG_000869,Kaggle_road_csv,0,June,Wednesday,Unknown,Truck,Unidentified,3,31-50,Unknown,Lane Violation,Wet,Daylight,0,0,1,Minor,Rainy
869,KAG_000870,Kaggle_road_csv,0,August,Wednesday,Unknown,Truck,Unidentified,3,Under 18,Unknown,No Distancing/Rear End,Wet,Daylight,0,0,1,Minor,Rainy
870,KAG_000871,Kaggle_road_csv,0,April,Monday,Unknown,Truck,Unidentified,1,31-50,Unknown,Reckless Driving,Dry,Daylight,0,0,1,Minor,Clear
871,KAG_000872,Kaggle_road_csv,0,April,Tuesday,Unknown,Truck,Unidentified,2,31-50,Unknown,No Distancing/Rear End,Dry,Daylight,0,0,1,Minor,Clear
872,KAG_000873,Kaggle_road_csv,0,May,Saturday,Unknown,Truck,Unidentified,1,Unknown,18-30,No Distancing/Rear End,Dry,Daylight,0,0,1,Minor,Clear
873,KAG_000874,Kaggle_road_csv,0,October,Saturday,Unknown,Truck,Unidentified,2,18-30,18-30,Lane Violation,Dry,Daylight,0,0,1,Minor,Clear
874,KAG_000875,Kaggle_road_csv,0,October,Friday,Unknown,Truck,Unidentified,1,18-30,31-50,Reckless Driving,Dry,Daylight,0,0,1,Minor,Clear
875,KAG_000876,Kaggle_road_csv,0,October,Friday,Unknown,Truck,Unidentified,2,Unknown,Unknown,Lane Violation,Dry,Daylight,0,0,1,Minor,Clear
876,KAG_000877,Kaggle_road_csv,0,April,Friday,Unknown,Truck,Unidentified,2,31-50,18-30,Drunk/Drug Driving,Dry,Daylight,0,0,1,Minor,Clear
877,KAG_000878,Kaggle_road_csv,0,October,Wednesday,Unknown,Truck,Unidentified,2,18-30,31-50,Reckless Driving,Dry,Daylight,0,0,1,Minor,Clear
878,KAG_000879,Kaggle_road_csv,0,April,Wednesday,Unknown,Truck,Unidentified,2,18-30,Unknown,No Distancing/Rear End,Dry,Daylight,0,0,1,Minor,Clear
879,KAG_000880,Kaggle_road_csv,0,May,Thursday,Unknown,Truck,Unidentified,2,18-30,Under 18,Reckless Driving,Dry,Dark,0,0,2,Minor,Clear
880,KAG_000881,Kaggle_road_csv,0,October,Sunday,Unknown,Truck,Unidentified,2,31-50,Unknown,Reckless Driving,Dry,Daylight,0,0,2,Minor,Clear
881,KAG_000882,Kaggle_road_csv,0,October,Sunday,Unknown,Truck,Unidentified,2,Unknown,Over 51,Reckless Driving,Dry,Daylight,0,0,2,Minor,Clear
882,KAG_000883,Kaggle_road_csv,0,October,Thursday,Unknown,Truck,Unidentified,2,31-50,Over 51,Lane Violation,Dry,Daylight,0,0,1,Minor,Clear
883,KAG_000884,Kaggle_road_csv,0,May,Saturday,Unknown,Truck,Unidentified,2,31-50,Unknown,Lane Violation,Dry,Dark,0,0,1,Minor,Clear
884,KAG_000885,Kaggle_road_csv,0,March,Monday,Unknown,Truck,Unidentified,2,31-50,31-50,No Distancing/Rear End,Dry,Daylight,0,0,1,Minor,Clear
885,KAG_000886,Kaggle_road_csv,0,April,Monday,Unknown,Truck,Unidentified,2,Unknown,Unknown,No Distancing/Rear End,Dry,Daylight,0,0,1,Minor,Clear
886,KAG_000887,Kaggle_road_csv,0,October,Wednesday,Unknown,Truck,Unidentified,2,Under 18,Unknown,Drunk/Drug Driving,Dry,Daylight,0,0,1,Serious,Clear
887,KAG_000888,Kaggle_road_csv,0,May,Wednesday,Unknown,Truck,Unidentified,2,Unknown,31-50,Reckless Driving,Dry,Daylight,0,0,1,Minor,Clear
888,KAG_000889,Kaggle_road_csv,0,April,Wednesday,Unknown,Truck,Unidentified,2,18-30,18-30,Lane Violation,Dry,Daylight,0,0,1,Minor,Clear
889,KAG_000890,Kaggle_road_csv,0,May,Friday,Unknown,Truck,Unidentified,2,31-50,Under 18,Lane Violation,Dry,Daylight,0,0,1,Minor,Clear
890,KAG_000891,Kaggle_road_csv,0,October,Friday,Unknown,Truck,Unidentified,2,31-50,18-30,Loss of Control,Dry,Daylight,0,0,1,Minor,Clear
891,KAG_000892,Kaggle_road_csv,0,October,Tuesday,Unknown,Truck,Unidentified,2,Under 18,31-50,Lane Violation,Dry,Daylight,0,0,1,Minor,Clear
892,KAG_000893,Kaggle_road_csv,0,April,Saturday,Unknown,Truck,Unidentified,2,31-50,31-50,No Distancing/Rear End,Dry,Dark,0,0,1,Minor,Clear
893,KAG_000894,Kaggle_road_csv,0,April,Saturday,Unknown,Truck,Unidentified,2,Over 51,31-50,Reckless Driving,Dry,Dark,0,0,1,Minor,Clear
894,KAG_000895,Kaggle_road_csv,0,May,Friday,Unknown,Truck,Unidentified,2,Unknown,Unknown,No Distancing/Rear End,Dry,Daylight,0,0,1,Minor,Clear
895,KAG_000896,Kaggle_road_csv,0,March,Friday,Unknown,Truck,Unidentified,2,31-50,18-30,Reckless Driving,Dry,Daylight,0,0,1,Minor,Clear
896,KAG_000897,Kaggle_road_csv,0,March,Friday,Unknown,Truck,Unidentified,2,Over 51,Under 18,Lane Violation,Dry,Daylight,0,0,1,Minor,Clear
897,KAG_000898,Kaggle_road_csv,0,March,Saturday,Unknown,Truck,Unidentified,2,Under 18,Under 18,No Distancing/Rear End,Dry,Daylight,0,0,1,Minor,Clear
898,KAG_000899,Kaggle_road_csv,0,October,Sunday,Unknown,Truck,Unidentified,1,31-50,Under 18,Lane Violation,Dry,Daylight,0,0,2,Minor,Clear
899,KAG_000900,Kaggle_road_csv,0,April,Friday,Unknown,Truck,Unidentified,2,31-50,Under 18,Lane Violation,Dry,Daylight,0,0,1,Minor,Clear
900,KAG_000901,Kaggle_road_csv,0,May,Monday,Unknown,Truck,Unidentified,2,Unknown,18-30,Lane Violation,Dry,Daylight,0,0,1,Minor,Clear
901,KAG_000902,Kaggle_road_csv,0,October,Friday,Unknown,Truck,Unidentified,2,31-50,Under 18,Reckless Driving,Dry,Daylight,0,0,1,Minor,Clear
902,KAG_000903,Kaggle_road_csv,0,March,Friday,Unknown,Truck,Unidentified,2,Unknown,18-30,Lane Violation,Dry,Daylight,0,0,1,Minor,Clear
903,KAG_000904,Kaggle_road_csv,0,March,Thursday,Unknown,Truck,Unidentified,2,18-30,18-30,Reckless Driving,Dry,Daylight,0,0,1,Minor,Clear
904,KAG_000905,Kaggle_road_csv,0,October,Saturday,Unknown,Truck,Unidentified,2,31-50,31-50,Reckless Driving,Dry,Daylight,0,0,1,Serious,Clear
905,KAG_000906,Kaggle_road_csv,0,March,Tuesday,Unknown,Truck,Unidentified,2,31-50,Over 51,Lane Violation,Dry,Dark,0,0,1,Minor,Clear
906,KAG_000907,Kaggle_road_csv,0,October,Wednesday,Unknown,Truck,Unidentified,1,Unknown,18-30,Reckless Driving,Dry,Daylight,0,0,1,Minor,Clear
907,KAG_000908,Kaggle_road_csv,0,March,Saturday,Unknown,Truck,Unidentified,2,18-30,Under 18,Lane Violation,Dry,Dark,0,0,2,Minor,Clear
908,KAG_000909,Kaggle_road_csv,0,July,Sunday,Unknown,Truck,Unidentified,1,31-50,Unknown,No Distancing/Rear End,Wet,Daylight,0,0,1,Minor,Rainy
909,KAG_000910,Kaggle_road_csv,0,March,Thursday,Unknown,Truck,Unidentified,2,Over 51,31-50,No Distancing/Rear End,Dry,Daylight,0,0,1,Minor,Clear
910,KAG_000911,Kaggle_road_csv,0,March,Thursday,Unknown,Truck,Unidentified,2,18-30,31-50,Lane Violation,Dry,Daylight,0,0,1,Serious,Clear
911,KAG_000912,Kaggle_road_csv,0,October,Saturday,Unknown,Truck,Unidentified,2,Unknown,Unknown,Reckless Driving,Dry,Daylight,0,0,1,Minor,Clear
912,KAG_000913,Kaggle_road_csv,0,May,Tuesday,Unknown,Truck,Unidentified,2,Unknown,31-50,Unknown/Other,Dry,Daylight,0,0,1,Minor,Clear
913,KAG_000914,Kaggle_road_csv,0,October,Saturday,Unknown,Truck,Unidentified,2,31-50,31-50,Reckless Driving,Dry,Daylight,0,0,2,Minor,Clear
914,KAG_000915,Kaggle_road_csv,0,March,Sunday,Unknown,Truck,Unidentified,2,31-50,Over 51,Reckless Driving,Dry,Daylight,0,0,1,Minor,Clear
915,KAG_000916,Kaggle_road_csv,0,October,Tuesday,Unknown,Truck,Unidentified,2,Unknown,31-50,Reckless Driving,Dry,Dark,0,0,1,Minor,Clear
916,KAG_000917,Kaggle_road_csv,0,October,Tuesday,Unknown,Truck,Unidentified,2,18-30,Over 51,Lane Violation,Dry,Dark,0,0,1,Minor,Clear
917,KAG_000918,Kaggle_road_csv,0,March,Monday,Unknown,Truck,Unidentified,1,Over 51,Over 51,No Distancing/Rear End,Dry,Daylight,0,0,1,Minor,Clear
918,KAG_000919,Kaggle_road_csv,0,April,Tuesday,Unknown,Truck,Unidentified,2,31-50,Under 18,Unknown/Other,Dry,Daylight,0,0,1,Minor,Clear
919,KAG_000920,Kaggle_road_csv,0,October,Tuesday,Unknown,Truck,Unidentified,3,31-50,31-50,Lane Violation,Dry,Daylight,0,0,2,Minor,Clear
920,KAG_000921,Kaggle_road_csv,0,October,Tuesday,Unknown,Truck,Unidentified,3,18-30,Over 51,Lane Violation,Dry,Daylight,0,0,2,Minor,Clear
921,KAG_000922,Kaggle_road_csv,0,October,Wednesday,Unknown,Truck,Unidentified,2,31-50,31-50,Lane Violation,Wet,Daylight,0,0,1,Minor,Clear
922,KAG_000923,Kaggle_road_csv,0,May,Thursday,Unknown,Truck,Unidentified,2,18-30,18-30,Lane Violation,Dry,Daylight,0,0,1,Minor,Clear
923,KAG_000924,Kaggle_road_csv,0,March,Thursday,Unknown,Truck,Unidentified,2,18-30,Over 51,No Distancing/Rear End,Dry,Daylight,0,0,1,Minor,Clear
924,KAG_000925,Kaggle_road_csv,0,April,Thursday,Unknown,Truck,Unidentified,1,18-30,Unknown,Reckless Driving,Dry,Dark,0,0,1,Minor,Clear
925,KAG_000926,Kaggle_road_csv,0,March,Sunday,Unknown,Truck,Unidentified,2,Under 18,Unknown,Lane Violation,Dry,Dark,0,0,2,Minor,Clear
926,KAG_000927,Kaggle_road_csv,0,April,Wednesday,Unknown,Truck,Unidentified,3,31-50,Unknown,Reckless Driving,Dry,Dark,0,0,1,Minor,Clear
927,KAG_000928,Kaggle_road_csv,0,July,Monday,Unknown,Truck,Unidentified,1,18-30,18-30,No Distancing/Rear End,Wet,Daylight,0,0,1,Minor,Rainy
928,KAG_000929,Kaggle_road_csv,0,April,Saturday,Unknown,Truck,Unidentified,2,31-50,18-30,No Distancing/Rear End,Dry,Daylight,0,0,1,Minor,Clear
929,KAG_000930,Kaggle_road_csv,0,May,Tuesday,Unknown,Truck,Unidentified,2,Unknown,Under 18,Unknown/Other,Dry,Daylight,0,0,1,Minor,Clear
930,KAG_000931,Kaggle_road_csv,0,March,Wednesday,Unknown,Truck,Unidentified,2,31-50,18-30,Lane Violation,Dry,Daylight,0,0,1,Minor,Clear
931,KAG_000932,Kaggle_road_csv,0,October,Wednesday,Unknown,Truck,Unidentified,2,18-30,Unknown,Reckless Driving,Dry,Daylight,0,0,1,Minor,Clear
932,KAG_000933,Kaggle_road_csv,0,May,Sunday,Unknown,Truck,Unidentified,1,31-50,Under 18,No Distancing/Rear End,Dry,Dark,0,0,1,Minor,Clear
933,KAG_000934,Kaggle_road_csv,0,April,Monday,Unknown,Truck,Unidentified,2,31-50,31-50,Lane Violation,Dry,Dark,0,0,1,Minor,Clear
934,KAG_000935,Kaggle_road_csv,0,October,Tuesday,Unknown,Truck,Unidentified,1,31-50,18-30,Reckless Driving,Dry,Daylight,0,0,1,Minor,Clear
935,KAG_000936,Kaggle_road_csv,0,October,Sunday,Unknown,Truck,Unidentified,2,18-30,Over 51,Drunk/Drug Driving,Dry,Daylight,0,0,1,Minor,Clear
936,KAG_000937,Kaggle_road_csv,0,March,Tuesday,Unknown,Truck,Unidentified,2,18-30,31-50,Lane Violation,Dry,Daylight,0,0,1,Minor,Clear
937,KAG_000938,Kaggle_road_csv,0,April,Tuesday,Unknown,Truck,Unidentified,2,18-30,Unknown,Reckless Driving,Dry,Daylight,0,0,1,Minor,Clear
938,KAG_000939,Kaggle_road_csv,0,March,Thursday,Unknown,Truck,Unidentified,2,18-30,Over 51,Lane Violation,Dry,Daylight,0,0,1,Minor,Clear
939,KAG_000940,Kaggle_road_csv,0,April,Sunday,Unknown,Truck,Unidentified,2,18-30,31-50,No Distancing/Rear End,Dry,Daylight,0,0,1,Minor,Clear
940,KAG_000941,Kaggle_road_csv,0,October,Sunday,Unknown,Truck,Unidentified,2,Unknown,18-30,Lane Violation,Dry,Dark,0,0,3,Minor,Clear
941,KAG_000942,Kaggle_road_csv,0,October,Sunday,Unknown,Truck,Unidentified,2,Unknown,Unknown,No Distancing/Rear End,Dry,Dark,0,0,3,Minor,Clear
942,KAG_000943,Kaggle_road_csv,0,May,Sunday,Unknown,Truck,Unidentified,2,31-50,Unknown,Lane Violation,Dry,Dark,0,0,3,Minor,Clear
943,KAG_000944,Kaggle_road_csv,0,May,Monday,Unknown,Truck,Unidentified,2,Over 51,Unknown,Lane Violation,Dry,Daylight,0,0,4,Minor,Clear
944,KAG_000945,Kaggle_road_csv,0,March,Wednesday,Unknown,Truck,Unidentified,2,Unknown,Unknown,Reckless Driving,Dry,Daylight,0,0,1,Minor,Clear
945,KAG_000946,Kaggle_road_csv,0,October,Tuesday,Unknown,Truck,Unidentified,2,31-50,18-30,No Distancing/Rear End,Dry,Daylight,0,0,1,Serious,Clear
946,KAG_000947,Kaggle_road_csv,0,October,Thursday,Unknown,Truck,Unidentified,2,18-30,Under 18,Lane Violation,Dry,Dark,0,0,1,Minor,Clear
947,KAG_000948,Kaggle_road_csv,0,March,Monday,Unknown,Truck,Unidentified,2,31-50,Under 18,Reckless Driving,Dry,Daylight,0,0,1,Minor,Clear
948,KAG_000949,Kaggle_road_csv,0,March,Monday,Unknown,Truck,Unidentified,2,Unknown,Unknown,No Distancing/Rear End,Dry,Daylight,0,0,1,Minor,Clear
949,KAG_000950,Kaggle_road_csv,0,May,Tuesday,Unknown,Truck,Unidentified,2,Unknown,18-30,Drunk/Drug Driving,Dry,Daylight,0,0,1,Minor,Clear
950,KAG_000951,Kaggle_road_csv,0,March,Wednesday,Unknown,Truck,Unidentified,2,18-30,Unknown,Lane Violation,Dry,Daylight,0,0,1,Minor,Clear
951,KAG_000952,Kaggle_road_csv,0,May,Wednesday,Unknown,Truck,Unidentified,1,31-50,Over 51,Lane Violation,Dry,Daylight,0,0,1,Minor,Clear
952,KAG_000953,Kaggle_road_csv,0,August,Wednesday,Unknown,Truck,Unidentified,2,Unknown,Unknown,Reckless Driving,Wet,Dark,0,0,2,Minor,Rainy
953,KAG_000954,Kaggle_road_csv,0,May,Saturday,Unknown,Truck,Unidentified,2,Unknown,Unknown,Lane Violation,Dry,Dark,0,0,1,Minor,Clear
954,KAG_000955,Kaggle_road_csv,0,April,Friday,Unknown,Truck,Unidentified,2,31-50,Under 18,Reckless Driving,Dry,Daylight,0,0,1,Minor,Clear
955,KAG_000956,Kaggle_road_csv,0,May,Friday,Unknown,Truck,Unidentified,2,Unknown,Unknown,Loss of Control,Dry,Daylight,0,0,1,Minor,Clear
956,KAG_000957,Kaggle_road_csv,0,March,Friday,Unknown,Truck,Unidentified,2,31-50,Under 18,Lane Violation,Dry,Daylight,0,0,1,Minor,Clear
957,KAG_000958,Kaggle_road_csv,0,March,Wednesday,Unknown,Truck,Unidentified,1,31-50,Under 18,Lane Violation,Dry,Dark,0,0,1,Minor,Clear
958,KAG_000959,Kaggle_road_csv,0,September,Wednesday,Unknown,Truck,Unidentified,3,31-50,Over 51,Lane Violation,Wet,Daylight,0,0,1,Serious,Rainy
959,KAG_000960,Kaggle_road_csv,0,October,Thursday,Unknown,Truck,Unidentified,1,18-30,Under 18,No Distancing/Rear End,Dry,Dark,0,0,1,Minor,Clear
960,KAG_000961,Kaggle_road_csv,0,March,Saturday,Unknown,Truck,Unidentified,1,31-50,Unknown,Drunk/Drug Driving,Dry,Dark,0,0,1,Serious,Clear
961,KAG_000962,Kaggle_road_csv,0,May,Saturday,Unknown,Truck,Unidentified,2,18-30,Unknown,No Distancing/Rear End,Dry,Dark,0,0,1,Minor,Clear
962,KAG_000963,Kaggle_road_csv,0,May,Wednesday,Unknown,Truck,Unidentified,1,Over 51,18-30,Reckless Driving,Dry,Dark,0,0,1,Minor,Clear
963,KAG_000964,Kaggle_road_csv,0,April,Tuesday,Unknown,Truck,Unidentified,2,Unknown,31-50,Lane Violation,Dry,Dark,0,0,1,Minor,Clear
964,KAG_000965,Kaggle_road_csv,0,April,Sunday,Unknown,Truck,Unidentified,3,18-30,Under 18,Lane Violation,Dry,Daylight,0,0,1,Minor,Clear
965,KAG_000966,Kaggle_road_csv,0,May,Sunday,Unknown,Truck,Unidentified,3,Unknown,Unknown,Lane Violation,Dry,Daylight,0,0,1,Minor,Clear
966,KAG_000967,Kaggle_road_csv,0,October,Sunday,Unknown,Truck,Unidentified,3,Unknown,Under 18,Drunk/Drug Driving,Dry,Daylight,0,0,1,Minor,Clear
967,KAG_000968,Kaggle_road_csv,0,April,Friday,Unknown,Truck,Unidentified,2,31-50,Unknown,No Distancing/Rear End,Dry,Daylight,0,0,1,Minor,Clear
968,KAG_000969,Kaggle_road_csv,0,October,Wednesday,Unknown,Truck,Unidentified,1,Unknown,Over 51,Lane Violation,Dry,Daylight,0,0,1,Serious,Clear
969,KAG_000970,Kaggle_road_csv,0,August,Sunday,Unknown,Truck,Unidentified,2,Unknown,Over 51,Reckless Driving,Dry,Dark,0,0,1,Minor,Rainy
970,KAG_000971,Kaggle_road_csv,0,August,Wednesday,Unknown,Truck,Unidentified,2,Unknown,18-30,Reckless Driving,Wet,Dark,0,0,1,Minor,Rainy
971,KAG_000972,Kaggle_road_csv,0,October,Saturday,Unknown,Truck,Unidentified,2,18-30,18-30,Lane Violation,Dry,Dark,0,0,1,Minor,Clear
972,KAG_000973,Kaggle_road_csv,0,October,Saturday,Unknown,Truck,Unidentified,1,31-50,Under 18,No Distancing/Rear End,Dry,Daylight,0,0,1,Minor,Clear
973,KAG_000974,Kaggle_road_csv,0,October,Monday,Unknown,Truck,Unidentified,1,31-50,Over 51,No Distancing/Rear End,Dry,Daylight,0,0,1,Minor,Clear
974,KAG_000975,Kaggle_road_csv,0,March,Wednesday,Unknown,Truck,Unidentified,1,31-50,Over 51,No Distancing/Rear End,Dry,Daylight,0,0,1,Minor,Clear
975,KAG_000976,Kaggle_road_csv,0,March,Thursday,Unknown,Truck,Unidentified,2,31-50,31-50,Reckless Driving,Dry,Dark,0,0,1,Minor,Clear
976,KAG_000977,Kaggle_road_csv,0,May,Sunday,Unknown,Truck,Unidentified,1,18-30,Unknown,Lane Violation,Dry,Dark,0,0,1,Minor,Clear
977,KAG_000978,Kaggle_road_csv,0,April,Sunday,Unknown,Truck,Unidentified,1,Unknown,18-30,No Distancing/Rear End,Dry,Dark,0,0,1,Minor,Clear
978,KAG_000979,Kaggle_road_csv,0,March,Monday,Unknown,Truck,Unidentified,2,Under 18,18-30,Reckless Driving,Dry,Daylight,0,0,3,Minor,Clear
979,KAG_000980,Kaggle_road_csv,0,March,Monday,Unknown,Truck,Unidentified,2,18-30,18-30,Reckless Driving,Dry,Dark,0,0,1,Minor,Clear
980,KAG_000981,Kaggle_road_csv,0,May,Monday,Unknown,Truck,Unidentified,2,31-50,31-50,No Distancing/Rear End,Dry,Dark,0,0,1,Minor,Clear
981,KAG_000982,Kaggle_road_csv,0,April,Thursday,Unknown,Truck,Unidentified,2,Unknown,Over 51,No Distancing/Rear End,Dry,Dark,0,0,1,Minor,Clear
982,KAG_000983,Kaggle_road_csv,0,October,Saturday,Unknown,Truck,Unidentified,2,31-50,Unknown,Drunk/Drug Driving,Dry,Dark,0,0,1,Minor,Clear
983,KAG_000984,Kaggle_road_csv,0,October,Thursday,Unknown,Truck,Unidentified,2,18-30,18-30,Lane Violation,Dry,Daylight,0,0,1,Minor,Clear
984,KAG_000985,Kaggle_road_csv,0,May,Tuesday,Unknown,Truck,Unidentified,2,18-30,Unknown,No Distancing/Rear End,Dry,Dark,0,0,1,Minor,Clear
985,KAG_000986,Kaggle_road_csv,0,May,Thursday,Unknown,Truck,Unidentified,2,31-50,Under 18,Lane Violation,Dry,Dark,0,0,1,Minor,Clear
986,KAG_000987,Kaggle_road_csv,0,June,Sunday,Unknown,Truck,Unidentified,2,18-30,31-50,Reckless Driving,Wet,Dark,0,0,1,Minor,Rainy
987,KAG_000988,Kaggle_road_csv,0,April,Tuesday,Unknown,Truck,Unidentified,2,Unknown,Unknown,Lane Violation,Dry,Daylight,0,0,1,Minor,Clear
988,KAG_000989,Kaggle_road_csv,0,September,Monday,Unknown,Truck,Unidentified,2,18-30,31-50,No Distancing/Rear End,Wet,Dark,0,0,1,Minor,Rainy
989,KAG_000990,Kaggle_road_csv,0,June,Thursday,Unknown,Truck,Unidentified,2,Under 18,Unknown,No Distancing/Rear End,Wet,Dark,0,0,1,Minor,Rainy
990,KAG_000991,Kaggle_road_csv,0,August,Thursday,Unknown,Truck,Unidentified,1,31-50,31-50,Reckless Driving,Wet,Dark,0,0,1,Minor,Rainy
991,KAG_000992,Kaggle_road_csv,0,October,Friday,Unknown,Truck,Unidentified,2,31-50,Unknown,No Distancing/Rear End,Dry,Dark,0,0,1,Minor,Clear
992,KAG_000993,Kaggle_road_csv,0,October,Sunday,Unknown,Truck,Unidentified,3,Over 51,31-50,Drunk/Drug Driving,Dry,Dark,0,0,5,Minor,Clear
993,KAG_000994,Kaggle_road_csv,0,March,Saturday,Unknown,Truck,Unidentified,2,31-50,31-50,Reckless Driving,Dry,Daylight,0,0,1,Minor,Clear
994,KAG_000995,Kaggle_road_csv,0,May,Saturday,Unknown,Truck,Unidentified,2,18-30,31-50,Speeding,Dry,Daylight,0,0,1,Minor,Clear
995,KAG_000996,Kaggle_road_csv,0,March,Saturday,Unknown,Truck,Unidentified,2,18-30,31-50,Drunk/Drug Driving,Dry,Dark,0,0,1,Minor,Clear
996,KAG_000997,Kaggle_road_csv,0,March,Thursday,Unknown,Truck,Unidentified,1,Unknown,Unknown,No Distancing/Rear End,Dry,Dark,0,0,1,Minor,Clear
997,KAG_000998,Kaggle_road_csv,0,April,Sunday,Unknown,Truck,Unidentified,1,Under 18,31-50,No Distancing/Rear End,Dry,Daylight,0,0,2,Minor,Clear
998,KAG_000999,Kaggle_road_csv,0,April,Saturday,Unknown,Truck,Unidentified,4,18-30,Over 51,No Distancing/Rear End,Dry,Dark,0,0,1,Minor,Clear
999,KAG_001000,Kaggle_road_csv,0,April,Thursday,Unknown,Truck,Unidentified,1,18-30,Under 18,No Distancing/Rear End,Dry,Daylight,0,0,1,Minor,Clear
1000,KAG_001001,Kaggle_road_csv,0,April,Friday,Unknown,Truck,Unidentified,1,31-50,31-50,Reckless Driving,Dry,Daylight,0,0,1,Minor,Clear
1001,KAG_001002,Kaggle_road_csv,0,March,Friday,Unknown,Truck,Unidentified,2,31-50,Unknown,Reckless Driving,Dry,Dark,0,0,1,Minor,Clear
1002,KAG_001003,Kaggle_road_csv,0,April,Friday,Unknown,Truck,Unidentified,2,31-50,Unknown,Loss of Control,Dry,Dark,0,0,1,Minor,Clear
1003,KAG_001004,Kaggle_road_csv,0,October,Friday,Unknown,Truck,Unidentified,2,Over 51,Under 18,Lane Violation,Dry,Dark,0,0,1,Minor,Clear
1004,KAG_001005,Kaggle_road_csv,0,March,Sunday,Unknown,Truck,Unidentified,2,18-30,Unknown,No Distancing/Rear End,Dry,Daylight,0,0,1,Minor,Clear
1005,KAG_001006,Kaggle_road_csv,0,May,Sunday,Unknown,Truck,Unidentified,2,Unknown,18-30,No Distancing/Rear End,Dry,Daylight,0,0,1,Minor,Clear
1006,KAG_001007,Kaggle_road_csv,0,April,Wednesday,Unknown,Truck,Unidentified,2,Over 51,Unknown,Reckless Driving,Dry,Dark,0,0,1,Minor,Clear
1007,KAG_001008,Kaggle_road_csv,0,October,Wednesday,Unknown,Truck,Unidentified,2,18-30,Under 18,Lane Violation,Dry,Daylight,0,0,1,Minor,Clear
1008,KAG_001009,Kaggle_road_csv,0,March,Friday,Unknown,Truck,Unidentified,2,Under 18,Unknown,Lane Violation,Dry,Dark,0,0,1,Minor,Clear
1009,KAG_001010,Kaggle_road_csv,0,May,Sunday,Unknown,Truck,Unidentified,2,Unknown,31-50,Lane Violation,Dry,Dark,0,0,1,Minor,Clear
1010,KAG_001011,Kaggle_road_csv,0,May,Monday,Unknown,Truck,Unidentified,2,18-30,31-50,Lane Violation,Dry,Dark,0,0,1,Serious,Clear
1011,KAG_001012,Kaggle_road_csv,0,May,Sunday,Unknown,Truck,Unidentified,3,31-50,Unknown,Lane Violation,Dry,Daylight,0,0,1,Minor,Clear
1012,KAG_001013,Kaggle_road_csv,0,March,Tuesday,Unknown,Truck,Unidentified,2,31-50,18-30,No Distancing/Rear End,Dry,Daylight,0,0,1,Minor,Clear
1013,KAG_001014,Kaggle_road_csv,0,March,Monday,Unknown,Truck,Unidentified,2,18-30,31-50,Reckless Driving,Dry,Dark,0,0,2,Minor,Clear
1014,KAG_001015,Kaggle_road_csv,0,April,Friday,Unknown,Truck,Unidentified,1,18-30,Unknown,No Distancing/Rear End,Dry,Daylight,0,0,1,Minor,Clear
1015,KAG_001016,Kaggle_road_csv,0,March,Thursday,Unknown,Truck,Unidentified,2,31-50,18-30,Lane Violation,Dry,Daylight,0,0,1,Minor,Clear
1016,KAG_001017,Kaggle_road_csv,0,May,Monday,Unknown,Truck,Unidentified,2,Under 18,Over 51,Lane Violation,Dry,Dark,0,0,1,Minor,Clear
1017,KAG_001018,Kaggle_road_csv,0,October,Monday,Unknown,Truck,Unidentified,2,18-30,18-30,Drunk/Drug Driving,Dry,Dark,0,0,1,Minor,Clear
1018,KAG_001019,Kaggle_road_csv,0,April,Thursday,Unknown,Truck,Unidentified,2,Unknown,Unknown,Reckless Driving,Dry,Daylight,0,0,1,Minor,Clear
1019,KAG_001020,Kaggle_road_csv,0,April,Thursday,Unknown,Truck,Unidentified,2,Unknown,31-50,No Distancing/Rear End,Dry,Daylight,0,0,1,Minor,Clear
1020,KAG_001021,Kaggle_road_csv,0,April,Wednesday,Unknown,Truck,Unidentified,2,Unknown,Unknown,Lane Violation,Dry,Dark,0,0,1,Minor,Clear
1021,KAG_001022,Kaggle_road_csv,0,October,Wednesday,Unknown,Truck,Unidentified,2,18-30,18-30,Reckless Driving,Dry,Dark,0,0,1,Serious,Clear
1022,KAG_001023,Kaggle_road_csv,0,March,Friday,Unknown,Truck,Unidentified,2,31-50,Under 18,No Distancing/Rear End,Dry,Dark,0,0,1,Minor,Clear
1023,KAG_001024,Kaggle_road_csv,0,May,Wednesday,Unknown,Truck,Unidentified,1,Unknown,Unknown,Drunk/Drug Driving,Dry,Dark,0,0,1,Minor,Clear
1024,KAG_001025,Kaggle_road_csv,0,March,Friday,Unknown,Truck,Unidentified,2,Unknown,Under 18,Lane Violation,Dry,Daylight,0,0,1,Minor,Clear
1025,KAG_001026,Kaggle_road_csv,0,April,Thursday,Unknown,Truck,Unidentified,2,31-50,31-50,Reckless Driving,Dry,Daylight,0,0,1,Minor,Clear
1026,KAG_001027,Kaggle_road_csv,0,April,Tuesday,Unknown,Truck,Unidentified,2,18-30,31-50,No Distancing/Rear End,Dry,Daylight,0,0,1,Minor,Clear
1027,KAG_001028,Kaggle_road_csv,0,March,Friday,Unknown,Truck,Unidentified,2,31-50,31-50,No Distancing/Rear End,Wet,Dark,0,0,1,Minor,Clear
1028,KAG_001029,Kaggle_road_csv,0,October,Saturday,Unknown,Truck,Unidentified,2,Unknown,18-30,No Distancing/Rear End,Dry,Dark,0,0,1,Minor,Clear
1029,KAG_001030,Kaggle_road_csv,0,April,Friday,Unknown,Truck,Unidentified,2,Unknown,18-30,Lane Violation,Dry,Dark,0,0,1,Minor,Clear
1030,KAG_001031,Kaggle_road_csv,0,April,Saturday,Unknown,Truck,Unidentified,1,18-30,Unknown,No Distancing/Rear End,Dry,Daylight,0,0,1,Minor,Clear
1031,KAG_001032,Kaggle_road_csv,0,October,Monday,Unknown,Truck,Unidentified,2,18-30,Under 18,Lane Violation,Dry,Daylight,0,0,1,Minor,Clear
1032,KAG_001033,Kaggle_road_csv,0,April,Saturday,Unknown,Truck,Unidentified,1,18-30,Under 18,No Distancing/Rear End,Dry,Daylight,0,0,2,Minor,Clear
1033,KAG_001034,Kaggle_road_csv,0,May,Saturday,Unknown,Truck,Unidentified,1,18-30,Unknown,No Distancing/Rear End,Dry,Daylight,0,0,2,Minor,Clear
1034,KAG_001035,Kaggle_road_csv,0,May,Wednesday,Unknown,Truck,Unidentified,2,31-50,Unknown,Lane Violation,Dry,Dark,0,0,1,Minor,Clear
1035,KAG_001036,Kaggle_road_csv,0,September,Saturday,Unknown,Truck,Unidentified,1,18-30,31-50,No Distancing/Rear End,Wet,Dark,0,0,1,Minor,Rainy
1036,KAG_001037,Kaggle_road_csv,0,March,Saturday,Unknown,Truck,Unidentified,2,31-50,Under 18,Lane Violation,Dry,Daylight,0,0,1,Minor,Clear
1037,KAG_001038,Kaggle_road_csv,0,May,Tuesday,Unknown,Truck,Unidentified,2,18-30,Under 18,Drunk/Drug Driving,Dry,Daylight,0,0,1,Minor,Clear
1038,KAG_001039,Kaggle_road_csv,0,March,Tuesday,Unknown,Truck,Unidentified,2,18-30,Unknown,Reckless Driving,Dry,Daylight,0,0,1,Minor,Clear
1039,KAG_001040,Kaggle_road_csv,0,March,Friday,Unknown,Truck,Unidentified,2,Unknown,31-50,Lane Violation,Dry,Daylight,0,0,1,Minor,Clear
1040,KAG_001041,Kaggle_road_csv,0,October,Tuesday,Unknown,Truck,Unidentified,2,18-30,Unknown,No Distancing/Rear End,Dry,Daylight,0,0,1,Minor,Clear
1041,KAG_001042,Kaggle_road_csv,0,May,Tuesday,Unknown,Truck,Unidentified,2,31-50,18-30,Reckless Driving,Dry,Daylight,0,0,1,Minor,Clear
1042,KAG_001043,Kaggle_road_csv,0,May,Tuesday,Unknown,Truck,Unidentified,1,31-50,Unknown,Reckless Driving,Dry,Daylight,0,0,1,Minor,Clear
1043,KAG_001044,Kaggle_road_csv,0,April,Sunday,Unknown,Truck,Unidentified,2,Over 51,Under 18,Lane Violation,Dry,Daylight,0,0,2,Minor,Clear
1044,KAG_001045,Kaggle_road_csv,0,April,Saturday,Unknown,Truck,Unidentified,2,Unknown,Over 51,No Distancing/Rear End,Dry,Daylight,0,0,1,Minor,Clear
1045,KAG_001046,Kaggle_road_csv,0,April,Thursday,Unknown,Truck,Unidentified,2,18-30,Under 18,No Distancing/Rear End,Dry,Daylight,0,0,1,Serious,Clear
1046,KAG_001047,Kaggle_road_csv,0,April,Thursday,Unknown,Truck,Unidentified,2,31-50,18-30,No Distancing/Rear End,Dry,Daylight,0,0,1,Serious,Clear
1047,KAG_001048,Kaggle_road_csv,0,May,Wednesday,Unknown,Truck,Unidentified,3,31-50,Under 18,Lane Violation,Dry,Daylight,0,0,3,Minor,Clear
1048,KAG_001049,Kaggle_road_csv,0,October,Wednesday,Unknown,Truck,Unidentified,3,31-50,Unknown,Loss of Control,Dry,Daylight,0,0,3,Minor,Clear
1049,KAG_001050,Kaggle_road_csv,0,April,Wednesday,Unknown,Truck,Unidentified,1,31-50,Unknown,Lane Violation,Dry,Daylight,0,0,1,Minor,Clear
1050,KAG_001051,Kaggle_road_csv,0,May,Wednesday,Unknown,Truck,Unidentified,1,18-30,Over 51,No Distancing/Rear End,Dry,Daylight,0,0,1,Minor,Clear
1051,KAG_001052,Kaggle_road_csv,0,April,Friday,Unknown,Truck,Unidentified,2,Unknown,31-50,No Distancing/Rear End,Dry,Daylight,0,0,1,Minor,Clear
1052,KAG_001053,Kaggle_road_csv,0,October,Friday,Unknown,Truck,Unidentified,2,31-50,Under 18,Lane Violation,Dry,Daylight,0,0,1,Minor,Clear
1053,KAG_001054,Kaggle_road_csv,0,May,Thursday,Unknown,Truck,Unidentified,2,Over 51,18-30,Reckless Driving,Dry,Daylight,0,0,1,Minor,Clear
1054,KAG_001055,Kaggle_road_csv,0,April,Sunday,Unknown,Truck,Unidentified,2,18-30,Under 18,Reckless Driving,Dry,Daylight,0,0,1,Minor,Clear
1055,KAG_001056,Kaggle_road_csv,0,May,Monday,Unknown,Truck,Unidentified,2,31-50,31-50,Unknown/Other,Dry,Daylight,0,0,4,Minor,Clear
1056,KAG_001057,Kaggle_road_csv,0,April,Monday,Unknown,Truck,Unidentified,1,31-50,Unknown,Speeding,Dry,Daylight,0,0,1,Serious,Clear
1057,KAG_001058,Kaggle_road_csv,0,May,Tuesday,Unknown,Truck,Unidentified,2,18-30,Over 51,Unknown/Other,Dry,Daylight,0,0,1,Minor,Clear
1058,KAG_001059,Kaggle_road_csv,0,April,Tuesday,Unknown,Truck,Unidentified,2,Unknown,18-30,Lane Violation,Dry,Daylight,0,0,1,Minor,Clear
1059,KAG_001060,Kaggle_road_csv,0,May,Thursday,Unknown,Truck,Unidentified,1,31-50,Over 51,Reckless Driving,Dry,Daylight,0,0,1,Minor,Clear
1060,KAG_001061,Kaggle_road_csv,0,October,Wednesday,Unknown,Truck,Unidentified,2,18-30,Unknown,Lane Violation,Dry,Daylight,0,0,1,Minor,Clear
1061,KAG_001062,Kaggle_road_csv,0,March,Monday,Unknown,Truck,Unidentified,2,Under 18,Under 18,Reckless Driving,Dry,Daylight,0,0,1,Minor,Clear
1062,KAG_001063,Kaggle_road_csv,0,October,Wednesday,Unknown,Truck,Unidentified,2,18-30,Unknown,Loss of Control,Dry,Dark,0,0,1,Minor,Clear
1063,KAG_001064,Kaggle_road_csv,0,March,Thursday,Unknown,Truck,Unidentified,1,31-50,Under 18,Reckless Driving,Dry,Dark,0,0,1,Serious,Clear
1064,KAG_001065,Kaggle_road_csv,0,October,Saturday,Unknown,Truck,Unidentified,2,Unknown,31-50,Reckless Driving,Dry,Daylight,0,0,1,Minor,Clear
1065,KAG_001066,Kaggle_road_csv,0,October,Wednesday,Unknown,Truck,Unidentified,2,31-50,31-50,Lane Violation,Dry,Daylight,0,0,1,Minor,Clear
1066,KAG_001067,Kaggle_road_csv,0,May,Wednesday,Unknown,Truck,Unidentified,2,31-50,Over 51,No Distancing/Rear End,Dry,Daylight,0,0,1,Minor,Clear
1067,KAG_001068,Kaggle_road_csv,0,April,Saturday,Unknown,Truck,Unidentified,1,Unknown,31-50,No Distancing/Rear End,Dry,Daylight,0,0,1,Minor,Clear
1068,KAG_001069,Kaggle_road_csv,0,March,Tuesday,Unknown,Truck,Unidentified,1,Unknown,18-30,No Distancing/Rear End,Dry,Daylight,0,0,1,Minor,Clear
1069,KAG_001070,Kaggle_road_csv,0,March,Saturday,Unknown,Truck,Unidentified,2,31-50,31-50,Lane Violation,Dry,Daylight,0,0,2,Minor,Clear
1070,KAG_001071,Kaggle_road_csv,0,May,Friday,Unknown,Truck,Unidentified,2,31-50,18-30,No Distancing/Rear End,Dry,Daylight,0,0,1,Minor,Clear
1071,KAG_001072,Kaggle_road_csv,0,October,Friday,Unknown,Truck,Unidentified,2,31-50,Over 51,Reckless Driving,Dry,Daylight,0,0,1,Minor,Clear
1072,KAG_001073,Kaggle_road_csv,0,May,Sunday,Unknown,Truck,Unidentified,1,31-50,Under 18,Reckless Driving,Dry,Daylight,0,0,2,Minor,Clear
1073,KAG_001074,Kaggle_road_csv,0,April,Sunday,Unknown,Truck,Unidentified,1,31-50,Under 18,No Distancing/Rear End,Dry,Daylight,0,0,2,Minor,Clear
1074,KAG_001075,Kaggle_road_csv,0,May,Sunday,Unknown,Truck,Unidentified,1,18-30,Under 18,Unknown/Other,Dry,Daylight,0,0,1,Minor,Clear
1075,KAG_001076,Kaggle_road_csv,0,May,Tuesday,Unknown,Truck,Unidentified,2,18-30,Unknown,No Distancing/Rear End,Dry,Daylight,0,0,1,Minor,Clear
1076,KAG_001077,Kaggle_road_csv,0,May,Tuesday,Unknown,Truck,Unidentified,2,31-50,31-50,Reckless Driving,Dry,Daylight,0,0,1,Minor,Clear
1077,KAG_001078,Kaggle_road_csv,0,October,Monday,Unknown,Truck,Unidentified,3,Unknown,Unknown,Reckless Driving,Dry,Daylight,0,0,1,Minor,Clear
1078,KAG_001079,Kaggle_road_csv,0,October,Monday,Unknown,Truck,Unidentified,2,31-50,Under 18,Reckless Driving,Dry,Daylight,0,0,1,Minor,Clear
1079,KAG_001080,Kaggle_road_csv,0,October,Monday,Unknown,Truck,Unidentified,1,31-50,31-50,Lane Violation,Dry,Daylight,0,0,1,Minor,Clear
1080,KAG_001081,Kaggle_road_csv,0,May,Wednesday,Unknown,Truck,Unidentified,2,31-50,31-50,Lane Violation,Dry,Daylight,0,0,1,Minor,Clear
1081,KAG_001082,Kaggle_road_csv,0,April,Tuesday,Unknown,Truck,Unidentified,2,18-30,18-30,Lane Violation,Dry,Daylight,0,0,1,Minor,Clear
1082,KAG_001083,Kaggle_road_csv,0,April,Monday,Unknown,Truck,Unidentified,2,18-30,Unknown,Lane Violation,Dry,Daylight,0,0,1,Minor,Clear
1083,KAG_001084,Kaggle_road_csv,0,April,Wednesday,Unknown,Truck,Unidentified,2,18-30,31-50,Reckless Driving,Dry,Daylight,0,0,4,Minor,Clear
1084,KAG_001085,Kaggle_road_csv,0,April,Wednesday,Unknown,Truck,Unidentified,2,18-30,31-50,Lane Violation,Dry,Daylight,0,0,4,Minor,Clear
1085,KAG_001086,Kaggle_road_csv,0,March,Friday,Unknown,Truck,Unidentified,2,Unknown,Under 18,Unknown/Other,Dry,Dark,0,0,1,Minor,Clear
1086,KAG_001087,Kaggle_road_csv,0,March,Monday,Unknown,Truck,Unidentified,2,31-50,18-30,Reckless Driving,Dry,Daylight,0,0,1,Minor,Clear
1087,KAG_001088,Kaggle_road_csv,0,May,Tuesday,Unknown,Truck,Unidentified,1,Unknown,18-30,No Distancing/Rear End,Dry,Dark,0,0,1,Serious,Clear
1088,KAG_001089,Kaggle_road_csv,0,October,Saturday,Unknown,Truck,Unidentified,2,31-50,18-30,Reckless Driving,Dry,Daylight,0,0,1,Minor,Clear
1089,KAG_001090,Kaggle_road_csv,0,October,Saturday,Unknown,Truck,Unidentified,2,Unknown,18-30,No Distancing/Rear End,Dry,Daylight,0,0,1,Minor,Clear
1090,KAG_001091,Kaggle_road_csv,0,May,Monday,Unknown,Truck,Unidentified,2,Unknown,Unknown,Lane Violation,Dry,Daylight,0,0,1,Minor,Clear
1091,KAG_001092,Kaggle_road_csv,0,April,Monday,Unknown,Truck,Unidentified,2,31-50,31-50,Lane Violation,Dry,Daylight,0,0,1,Minor,Clear
1092,KAG_001093,Kaggle_road_csv,0,March,Friday,Unknown,Truck,Unidentified,2,Unknown,Unknown,No Distancing/Rear End,Dry,Daylight,0,0,1,Minor,Clear
1093,KAG_001094,Kaggle_road_csv,0,October,Sunday,Unknown,Truck,Unidentified,1,18-30,Unknown,No Distancing/Rear End,Dry,Daylight,0,0,3,Minor,Clear
1094,KAG_001095,Kaggle_road_csv,0,October,Friday,Unknown,Truck,Unidentified,2,18-30,Unknown,Lane Violation,Dry,Daylight,0,0,1,Minor,Clear
1095,KAG_001096,Kaggle_road_csv,0,May,Thursday,Unknown,Truck,Unidentified,2,31-50,Under 18,Lane Violation,Dry,Daylight,0,0,1,Minor,Clear
1096,KAG_001097,Kaggle_road_csv,0,May,Tuesday,Unknown,Truck,Unidentified,1,18-30,Over 51,Lane Violation,Dry,Daylight,0,0,1,Minor,Clear
1097,KAG_001098,Kaggle_road_csv,0,October,Tuesday,Unknown,Truck,Unidentified,2,31-50,18-30,No Distancing/Rear End,Dry,Dark,0,0,1,Serious,Clear
1098,KAG_001099,Kaggle_road_csv,0,April,Thursday,Unknown,Truck,Unidentified,1,31-50,Unknown,No Distancing/Rear End,Dry,Daylight,0,0,1,Minor,Clear
1099,KAG_001100,Kaggle_road_csv,0,October,Saturday,Unknown,Truck,Unidentified,2,31-50,Unknown,Lane Violation,Dry,Daylight,0,0,1,Minor,Clear
1100,KAG_001101,Kaggle_road_csv,0,April,Saturday,Unknown,Truck,Unidentified,2,18-30,Unknown,No Distancing/Rear End,Dry,Daylight,0,0,1,Minor,Clear
1101,KAG_001102,Kaggle_road_csv,0,October,Sunday,Unknown,Truck,Unidentified,1,31-50,Unknown,Lane Violation,Dry,Daylight,0,0,1,Minor,Clear
1102,KAG_001103,Kaggle_road_csv,0,April,Thursday,Unknown,Truck,Unidentified,2,Over 51,Over 51,No Distancing/Rear End,Dry,Daylight,0,0,1,Minor,Clear
1103,KAG_001104,Kaggle_road_csv,0,October,Monday,Unknown,Truck,Unidentified,1,31-50,Unknown,Lane Violation,Dry,Daylight,0,0,2,Minor,Clear
1104,KAG_001105,Kaggle_road_csv,0,July,Saturday,Unknown,Truck,Unidentified,2,Over 51,Unknown,Lane Violation,Wet,Dark,0,0,3,Minor,Rainy
1105,KAG_001106,Kaggle_road_csv,0,May,Saturday,Unknown,Truck,Unidentified,2,18-30,18-30,Unknown/Other,Dry,Daylight,0,0,1,Minor,Clear
1106,KAG_001107,Kaggle_road_csv,0,October,Monday,Unknown,Truck,Unidentified,1,Over 51,18-30,Reckless Driving,Dry,Daylight,0,0,1,Minor,Clear
1107,KAG_001108,Kaggle_road_csv,0,April,Saturday,Unknown,Truck,Unidentified,2,18-30,Over 51,Reckless Driving,Dry,Daylight,0,0,1,Minor,Clear
1108,KAG_001109,Kaggle_road_csv,0,April,Thursday,Unknown,Truck,Unidentified,2,Over 51,Unknown,Lane Violation,Dry,Daylight,0,0,1,Minor,Clear
1109,KAG_001110,Kaggle_road_csv,0,April,Sunday,Unknown,Truck,Unidentified,1,18-30,31-50,No Distancing/Rear End,Dry,Daylight,0,0,1,Minor,Clear
1110,KAG_001111,Kaggle_road_csv,0,March,Monday,Unknown,Truck,Unidentified,1,Unknown,18-30,Reckless Driving,Dry,Daylight,0,0,1,Minor,Clear
1111,KAG_001112,Kaggle_road_csv,0,June,Tuesday,Unknown,Truck,Unidentified,2,31-50,18-30,Lane Violation,Wet,Daylight,0,0,1,Minor,Rainy
1112,KAG_001113,Kaggle_road_csv,0,August,Tuesday,Unknown,Truck,Unidentified,2,31-50,Under 18,No Distancing/Rear End,Wet,Daylight,0,0,1,Minor,Rainy
1113,KAG_001114,Kaggle_road_csv,0,September,Monday,Unknown,Truck,Unidentified,2,18-30,Unknown,No Distancing/Rear End,Wet,Dark,0,0,1,Minor,Rainy
1114,KAG_001115,Kaggle_road_csv,0,April,Friday,Unknown,Truck,Unidentified,2,Unknown,18-30,Unknown/Other,Dry,Daylight,0,0,1,Minor,Clear
1115,KAG_001116,Kaggle_road_csv,0,April,Wednesday,Unknown,Truck,Unidentified,2,Unknown,Over 51,No Distancing/Rear End,Dry,Daylight,0,0,1,Minor,Clear
1116,KAG_001117,Kaggle_road_csv,0,May,Tuesday,Unknown,Truck,Unidentified,2,31-50,Under 18,Lane Violation,Dry,Daylight,0,0,1,Serious,Clear
1117,KAG_001118,Kaggle_road_csv,0,April,Saturday,Unknown,Truck,Unidentified,2,31-50,Unknown,Loss of Control,Dry,Dark,0,0,1,Minor,Clear
1118,KAG_001119,Kaggle_road_csv,0,October,Saturday,Unknown,Truck,Unidentified,2,18-30,Over 51,Lane Violation,Dry,Dark,0,0,1,Minor,Clear
1119,KAG_001120,Kaggle_road_csv,0,May,Tuesday,Unknown,Truck,Unidentified,1,18-30,18-30,Lane Violation,Dry,Dark,0,0,1,Minor,Clear
1120,KAG_001121,Kaggle_road_csv,0,March,Tuesday,Unknown,Truck,Unidentified,2,18-30,31-50,Reckless Driving,Dry,Daylight,0,0,1,Minor,Clear
1121,KAG_001122,Kaggle_road_csv,0,April,Tuesday,Unknown,Truck,Unidentified,2,31-50,Unknown,Reckless Driving,Dry,Daylight,0,0,1,Minor,Clear
1122,KAG_001123,Kaggle_road_csv,0,March,Wednesday,Unknown,Truck,Unidentified,2,31-50,Unknown,No Distancing/Rear End,Dry,Dark,0,0,1,Minor,Clear
1123,KAG_001124,Kaggle_road_csv,0,April,Wednesday,Unknown,Truck,Unidentified,1,31-50,Over 51,Lane Violation,Dry,Daylight,0,0,1,Minor,Clear
1124,KAG_001125,Kaggle_road_csv,0,March,Wednesday,Unknown,Truck,Unidentified,3,18-30,18-30,Unknown/Other,Dry,Daylight,0,0,2,Serious,Clear
1125,KAG_001126,Kaggle_road_csv,0,June,Tuesday,Unknown,Truck,Unidentified,2,18-30,18-30,Reckless Driving,Wet,Daylight,0,0,1,Minor,Rainy
1126,KAG_001127,Kaggle_road_csv,0,May,Sunday,Unknown,Truck,Unidentified,2,31-50,31-50,Lane Violation,Dry,Dark,0,0,1,Minor,Clear
1127,KAG_001128,Kaggle_road_csv,0,October,Sunday,Unknown,Truck,Unidentified,2,18-30,31-50,No Distancing/Rear End,Wet,Dark,0,0,2,Minor,Clear
1128,KAG_001129,Kaggle_road_csv,0,June,Thursday,Unknown,Truck,Unidentified,1,Unknown,Unknown,Lane Violation,Wet,Daylight,0,0,1,Minor,Rainy
1129,KAG_001130,Kaggle_road_csv,0,April,Monday,Unknown,Truck,Unidentified,2,31-50,31-50,No Distancing/Rear End,Dry,Daylight,0,0,1,Minor,Clear
1130,KAG_001131,Kaggle_road_csv,0,March,Monday,Unknown,Truck,Unidentified,1,Unknown,Under 18,No Distancing/Rear End,Wet,Daylight,0,0,1,Minor,Clear
1131,KAG_001132,Kaggle_road_csv,0,May,Tuesday,Unknown,Truck,Unidentified,2,18-30,Unknown,No Distancing/Rear End,Wet,Dark,0,0,1,Minor,Clear
1132,KAG_001133,Kaggle_road_csv,0,April,Tuesday,Unknown,Truck,Unidentified,2,18-30,Over 51,Reckless Driving,Wet,Dark,0,0,1,Minor,Clear
1133,KAG_001134,Kaggle_road_csv,0,April,Friday,Unknown,Truck,Unidentified,1,Unknown,31-50,No Distancing/Rear End,Dry,Daylight,0,0,1,Minor,Clear
1134,KAG_001135,Kaggle_road_csv,0,October,Thursday,Unknown,Truck,Unidentified,1,31-50,18-30,Lane Violation,Dry,Dark,0,0,2,Minor,Clear
1135,KAG_001136,Kaggle_road_csv,0,April,Friday,Unknown,Truck,Unidentified,2,18-30,18-30,Lane Violation,Dry,Dark,0,0,1,Minor,Clear
1136,KAG_001137,Kaggle_road_csv,0,April,Saturday,Unknown,Truck,Unidentified,1,31-50,Under 18,Lane Violation,Dry,Dark,0,0,1,Minor,Clear
1137,KAG_001138,Kaggle_road_csv,0,March,Monday,Unknown,Truck,Unidentified,2,31-50,18-30,No Distancing/Rear End,Dry,Dark,0,0,1,Minor,Clear
1138,KAG_001139,Kaggle_road_csv,0,May,Wednesday,Unknown,Truck,Unidentified,1,31-50,Unknown,No Distancing/Rear End,Dry,Dark,0,0,1,Serious,Clear
1139,KAG_001140,Kaggle_road_csv,0,May,Wednesday,Unknown,Truck,Unidentified,2,18-30,Unknown,Reckless Driving,Dry,Dark,0,0,1,Minor,Clear
1140,KAG_001141,Kaggle_road_csv,0,August,Thursday,Unknown,Truck,Unidentified,2,31-50,Unknown,Lane Violation,Wet,Dark,0,0,1,Minor,Rainy
1141,KAG_001142,Kaggle_road_csv,0,March,Thursday,Unknown,Truck,Unidentified,2,31-50,Over 51,Lane Violation,Dry,Daylight,0,0,1,Minor,Clear
1142,KAG_001143,Kaggle_road_csv,0,June,Friday,Unknown,Truck,Unidentified,2,31-50,Unknown,Lane Violation,Wet,Dark,0,0,1,Minor,Rainy
1143,KAG_001144,Kaggle_road_csv,0,August,Saturday,Unknown,Truck,Unidentified,2,31-50,18-30,Lane Violation,Wet,Daylight,0,0,2,Minor,Rainy
1144,KAG_001145,Kaggle_road_csv,0,October,Friday,Unknown,Truck,Unidentified,2,18-30,31-50,Reckless Driving,Dry,Daylight,0,0,1,Serious,Clear
1145,KAG_001146,Kaggle_road_csv,0,October,Saturday,Unknown,Truck,Unidentified,1,31-50,31-50,Reckless Driving,Dry,Dark,0,0,1,Minor,Clear
1146,KAG_001147,Kaggle_road_csv,0,May,Saturday,Unknown,Truck,Unidentified,2,31-50,18-30,Loss of Control,Dry,Daylight,0,0,3,Minor,Clear
1147,KAG_001148,Kaggle_road_csv,0,April,Saturday,Unknown,Truck,Unidentified,2,18-30,Under 18,Reckless Driving,Dry,Daylight,0,0,3,Minor,Clear
1148,KAG_001149,Kaggle_road_csv,0,October,Monday,Unknown,Truck,Unidentified,2,31-50,Over 51,Reckless Driving,Dry,Dark,0,0,1,Minor,Clear
1149,KAG_001150,Kaggle_road_csv,0,May,Friday,Unknown,Truck,Unidentified,2,18-30,18-30,No Distancing/Rear End,Dry,Dark,0,0,1,Minor,Clear
1150,KAG_001151,Kaggle_road_csv,0,May,Wednesday,Unknown,Truck,Unidentified,1,Over 51,Unknown,Loss of Control,Dry,Daylight,0,0,1,Minor,Clear
1151,KAG_001152,Kaggle_road_csv,0,April,Friday,Unknown,Truck,Unidentified,3,Unknown,Unknown,Lane Violation,Dry,Daylight,0,0,1,Minor,Clear
1152,KAG_001153,Kaggle_road_csv,0,May,Monday,Unknown,Truck,Unidentified,2,31-50,18-30,Speeding,Wet,Daylight,0,0,1,Minor,Clear
1153,KAG_001154,Kaggle_road_csv,0,April,Thursday,Unknown,Truck,Unidentified,2,31-50,18-30,Lane Violation,Dry,Dark,0,0,1,Minor,Clear
1154,KAG_001155,Kaggle_road_csv,0,October,Saturday,Unknown,Truck,Unidentified,2,18-30,31-50,Reckless Driving,Wet,Dark,0,0,1,Minor,Clear
1155,KAG_001156,Kaggle_road_csv,0,May,Saturday,Unknown,Truck,Unidentified,2,18-30,31-50,Lane Violation,Dry,Daylight,0,0,1,Minor,Clear
1156,KAG_001157,Kaggle_road_csv,0,April,Tuesday,Unknown,Truck,Unidentified,1,Unknown,18-30,Lane Violation,Dry,Daylight,0,0,1,Minor,Clear
1157,KAG_001158,Kaggle_road_csv,0,October,Monday,Unknown,Truck,Unidentified,2,31-50,Unknown,No Distancing/Rear End,Wet,Daylight,0,0,1,Minor,Clear
1158,KAG_001159,Kaggle_road_csv,0,March,Monday,Unknown,Truck,Unidentified,2,18-30,Unknown,Lane Violation,Dry,Dark,0,0,1,Minor,Clear
1159,KAG_001160,Kaggle_road_csv,0,May,Thursday,Unknown,Truck,Unidentified,2,Unknown,Unknown,No Distancing/Rear End,Dry,Daylight,0,0,1,Minor,Clear
1160,KAG_001161,Kaggle_road_csv,0,October,Tuesday,Unknown,Truck,Unidentified,2,31-50,31-50,Reckless Driving,Dry,Daylight,0,0,2,Minor,Clear
1161,KAG_001162,Kaggle_road_csv,0,October,Tuesday,Unknown,Truck,Unidentified,2,18-30,31-50,No Distancing/Rear End,Dry,Daylight,0,0,2,Minor,Clear
1162,KAG_001163,Kaggle_road_csv,0,October,Tuesday,Unknown,Truck,Unidentified,2,18-30,Unknown,Lane Violation,Dry,Daylight,0,0,2,Minor,Clear
1163,KAG_001164,Kaggle_road_csv,0,March,Thursday,Unknown,Truck,Unidentified,1,Under 18,Unknown,Lane Violation,Dry,Daylight,0,0,2,Minor,Clear
1164,KAG_001165,Kaggle_road_csv,0,April,Thursday,Unknown,Truck,Unidentified,1,31-50,18-30,Reckless Driving,Dry,Daylight,0,0,1,Minor,Clear
1165,KAG_001166,Kaggle_road_csv,0,April,Saturday,Unknown,Truck,Unidentified,2,18-30,31-50,Reckless Driving,Wet,Dark,0,0,1,Minor,Clear
1166,KAG_001167,Kaggle_road_csv,0,September,Friday,Unknown,Truck,Unidentified,2,Unknown,31-50,No Distancing/Rear End,Wet,Dark,0,0,1,Minor,Rainy
1167,KAG_001168,Kaggle_road_csv,0,October,Wednesday,Unknown,Truck,Unidentified,2,18-30,Unknown,Unknown/Other,Dry,Daylight,0,0,1,Minor,Clear
1168,KAG_001169,Kaggle_road_csv,0,April,Wednesday,Unknown,Truck,Unidentified,2,31-50,31-50,Lane Violation,Dry,Daylight,0,0,1,Minor,Clear
1169,KAG_001170,Kaggle_road_csv,0,April,Friday,Unknown,Truck,Unidentified,2,31-50,18-30,No Distancing/Rear End,Dry,Daylight,0,0,1,Minor,Clear
1170,KAG_001171,Kaggle_road_csv,0,April,Friday,Unknown,Truck,Unidentified,2,Unknown,Unknown,No Distancing/Rear End,Dry,Daylight,0,0,1,Minor,Clear
1171,KAG_001172,Kaggle_road_csv,0,April,Thursday,Unknown,Truck,Unidentified,2,31-50,Over 51,Loss of Control,Dry,Daylight,0,0,1,Serious,Clear
1172,KAG_001173,Kaggle_road_csv,0,May,Thursday,Unknown,Truck,Unidentified,2,31-50,Unknown,Speeding,Dry,Daylight,0,0,1,Serious,Clear
1173,KAG_001174,Kaggle_road_csv,0,March,Sunday,Unknown,Truck,Unidentified,2,18-30,31-50,Reckless Driving,Wet,Daylight,0,0,3,Minor,Clear
1174,KAG_001175,Kaggle_road_csv,0,March,Sunday,Unknown,Truck,Unidentified,2,Over 51,18-30,No Distancing/Rear End,Wet,Daylight,0,0,3,Minor,Clear
1175,KAG_001176,Kaggle_road_csv,0,April,Thursday,Unknown,Truck,Unidentified,2,18-30,Unknown,No Distancing/Rear End,Dry,Daylight,0,0,2,Minor,Clear
1176,KAG_001177,Kaggle_road_csv,0,October,Tuesday,Unknown,Truck,Unidentified,1,18-30,18-30,Reckless Driving,Dry,Dark,0,0,1,Minor,Clear
1177,KAG_001178,Kaggle_road_csv,0,June,Wednesday,Unknown,Truck,Unidentified,2,Unknown,Under 18,Lane Violation,Wet,Dark,0,0,1,Minor,Rainy
1178,KAG_001179,Kaggle_road_csv,0,March,Tuesday,Unknown,Truck,Unidentified,2,Under 18,Unknown,Reckless Driving,Dry,Dark,0,0,1,Minor,Clear
1179,KAG_001180,Kaggle_road_csv,0,October,Thursday,Unknown,Truck,Unidentified,3,Unknown,Unknown,Reckless Driving,Dry,Daylight,0,0,1,Minor,Clear
1180,KAG_001181,Kaggle_road_csv,0,October,Sunday,Unknown,Truck,Unidentified,1,18-30,31-50,Unknown/Other,Dry,Dark,0,0,1,Minor,Clear
1181,KAG_001182,Kaggle_road_csv,0,March,Friday,Unknown,Truck,Unidentified,2,18-30,18-30,Lane Violation,Dry,Daylight,0,0,1,Serious,Clear
1182,KAG_001183,Kaggle_road_csv,0,March,Friday,Unknown,Truck,Unidentified,1,31-50,Unknown,Unknown/Other,Dry,Daylight,0,0,1,Serious,Clear
1183,KAG_001184,Kaggle_road_csv,0,October,Thursday,Unknown,Truck,Unidentified,2,18-30,31-50,No Distancing/Rear End,Wet,Daylight,0,0,1,Minor,Clear
1184,KAG_001185,Kaggle_road_csv,0,May,Thursday,Unknown,Truck,Unidentified,2,31-50,Under 18,Unknown/Other,Wet,Daylight,0,0,1,Minor,Clear
1185,KAG_001186,Kaggle_road_csv,0,April,Monday,Unknown,Truck,Unidentified,1,Over 51,31-50,Reckless Driving,Dry,Daylight,0,0,1,Minor,Clear
1186,KAG_001187,Kaggle_road_csv,0,October,Tuesday,Unknown,Truck,Unidentified,1,Unknown,31-50,Lane Violation,Dry,Dark,0,0,1,Minor,Clear
1187,KAG_001188,Kaggle_road_csv,0,October,Tuesday,Unknown,Truck,Unidentified,2,18-30,Under 18,Unknown/Other,Dry,Daylight,0,0,1,Minor,Clear
1188,KAG_001189,Kaggle_road_csv,0,April,Tuesday,Unknown,Truck,Unidentified,1,31-50,31-50,Reckless Driving,Dry,Daylight,0,0,1,Minor,Clear
1189,KAG_001190,Kaggle_road_csv,0,April,Saturday,Unknown,Truck,Unidentified,1,31-50,31-50,Lane Violation,Dry,Daylight,0,0,1,Serious,Clear
1190,KAG_001191,Kaggle_road_csv,0,October,Thursday,Unknown,Truck,Unidentified,2,31-50,18-30,Reckless Driving,Dry,Daylight,0,0,1,Minor,Clear
1191,KAG_001192,Kaggle_road_csv,0,April,Friday,Unknown,Truck,Unidentified,2,31-50,31-50,Reckless Driving,Wet,Dark,0,0,2,Minor,Clear
1192,KAG_001193,Kaggle_road_csv,0,March,Friday,Unknown,Truck,Unidentified,2,31-50,18-30,Lane Violation,Dry,Daylight,0,0,2,Minor,Clear
1193,KAG_001194,Kaggle_road_csv,0,April,Friday,Unknown,Truck,Unidentified,2,31-50,31-50,Lane Violation,Dry,Dark,0,0,1,Minor,Clear
1194,KAG_001195,Kaggle_road_csv,0,October,Thursday,Unknown,Truck,Unidentified,2,Unknown,18-30,No Distancing/Rear End,Dry,Dark,0,0,1,Minor,Clear
1195,KAG_001196,Kaggle_road_csv,0,March,Monday,Unknown,Truck,Unidentified,2,31-50,Over 51,Lane Violation,Dry,Daylight,0,0,1,Minor,Clear
1196,KAG_001197,Kaggle_road_csv,0,May,Thursday,Unknown,Truck,Unidentified,1,18-30,Unknown,Reckless Driving,Dry,Dark,0,0,1,Minor,Clear
1197,KAG_001198,Kaggle_road_csv,0,October,Thursday,Unknown,Truck,Unidentified,2,18-30,Over 51,No Distancing/Rear End,Dry,Daylight,0,0,1,Minor,Clear
1198,KAG_001199,Kaggle_road_csv,0,May,Wednesday,Unknown,Truck,Unidentified,1,Unknown,18-30,Reckless Driving,Dry,Daylight,0,0,1,Minor,Clear
1199,KAG_001200,Kaggle_road_csv,0,April,Saturday,Unknown,Truck,Unidentified,2,31-50,Unknown,No Distancing/Rear End,Dry,Daylight,0,0,1,Minor,Clear
1200,KAG_001201,Kaggle_road_csv,0,October,Saturday,Unknown,Truck,Unidentified,2,18-30,Unknown,Reckless Driving,Dry,Daylight,0,0,1,Minor,Clear
1201,KAG_001202,Kaggle_road_csv,0,May,Friday,Unknown,Truck,Unidentified,2,31-50,Unknown,Lane Violation,Dry,Dark,0,0,1,Minor,Clear
1202,KAG_001203,Kaggle_road_csv,0,March,Saturday,Unknown,Truck,Unidentified,2,31-50,Unknown,Reckless Driving,Dry,Daylight,0,0,1,Minor,Clear
1203,KAG_001204,Kaggle_road_csv,0,March,Saturday,Unknown,Truck,Unidentified,3,Over 51,18-30,Lane Violation,Dry,Dark,0,0,1,Minor,Clear
1204,KAG_001205,Kaggle_road_csv,0,October,Saturday,Unknown,Truck,Unidentified,3,31-50,Unknown,No Distancing/Rear End,Dry,Dark,0,0,1,Minor,Clear
1205,KAG_001206,Kaggle_road_csv,0,May,Sunday,Unknown,Truck,Unidentified,2,18-30,Over 51,Lane Violation,Dry,Dark,0,0,2,Minor,Clear
1206,KAG_001207,Kaggle_road_csv,0,October,Thursday,Unknown,Truck,Unidentified,2,18-30,18-30,Lane Violation,Dry,Daylight,0,0,1,Minor,Clear
1207,KAG_001208,Kaggle_road_csv,0,October,Tuesday,Unknown,Truck,Unidentified,3,Under 18,18-30,No Distancing/Rear End,Dry,Daylight,0,0,1,Minor,Clear
1208,KAG_001209,Kaggle_road_csv,0,May,Tuesday,Unknown,Truck,Unidentified,3,Unknown,Under 18,Lane Violation,Dry,Daylight,0,0,1,Minor,Clear
1209,KAG_001210,Kaggle_road_csv,0,October,Wednesday,Unknown,Truck,Unidentified,1,Over 51,Unknown,No Distancing/Rear End,Dry,Daylight,0,0,1,Minor,Clear
1210,KAG_001211,Kaggle_road_csv,0,October,Wednesday,Unknown,Truck,Unidentified,1,Over 51,Unknown,No Distancing/Rear End,Dry,Daylight,0,0,1,Minor,Clear
1211,KAG_001212,Kaggle_road_csv,0,May,Friday,Unknown,Truck,Unidentified,2,31-50,18-30,Reckless Driving,Dry,Daylight,0,0,1,Minor,Clear
1212,KAG_001213,Kaggle_road_csv,0,March,Friday,Unknown,Truck,Unidentified,3,31-50,Over 51,Lane Violation,Dry,Daylight,0,0,1,Minor,Clear
1213,KAG_001214,Kaggle_road_csv,0,March,Friday,Unknown,Truck,Unidentified,3,Unknown,18-30,No Distancing/Rear End,Dry,Daylight,0,0,1,Minor,Clear
1214,KAG_001215,Kaggle_road_csv,0,May,Saturday,Unknown,Truck,Unidentified,2,Unknown,Unknown,Reckless Driving,Dry,Daylight,0,0,1,Minor,Clear
1215,KAG_001216,Kaggle_road_csv,0,April,Tuesday,Unknown,Truck,Unidentified,1,31-50,Unknown,Reckless Driving,Dry,Daylight,0,0,1,Minor,Clear
1216,KAG_001217,Kaggle_road_csv,0,March,Wednesday,Unknown,Truck,Unidentified,2,31-50,18-30,Lane Violation,Dry,Daylight,0,0,1,Minor,Clear
1217,KAG_001218,Kaggle_road_csv,0,June,Thursday,Unknown,Truck,Unidentified,1,18-30,Unknown,Lane Violation,Wet,Daylight,0,0,1,Minor,Rainy
1218,KAG_001219,Kaggle_road_csv,0,June,Thursday,Unknown,Truck,Unidentified,2,31-50,Unknown,Lane Violation,Wet,Daylight,0,0,1,Minor,Rainy
1219,KAG_001220,Kaggle_road_csv,0,March,Friday,Unknown,Truck,Unidentified,2,31-50,Over 51,Lane Violation,Dry,Daylight,0,0,1,Minor,Clear
1220,KAG_001221,Kaggle_road_csv,0,March,Friday,Unknown,Truck,Unidentified,2,31-50,18-30,No Distancing/Rear End,Dry,Daylight,0,0,1,Minor,Clear
1221,KAG_001222,Kaggle_road_csv,0,May,Sunday,Unknown,Truck,Unidentified,2,18-30,Unknown,Drunk/Drug Driving,Wet,Daylight,0,0,1,Minor,Clear
1222,KAG_001223,Kaggle_road_csv,0,May,Sunday,Unknown,Truck,Unidentified,2,18-30,18-30,Reckless Driving,Wet,Dark,0,0,1,Minor,Clear
1223,KAG_001224,Kaggle_road_csv,0,May,Wednesday,Unknown,Truck,Unidentified,2,31-50,18-30,No Distancing/Rear End,Dry,Dark,0,0,1,Minor,Clear
1224,KAG_001225,Kaggle_road_csv,0,October,Wednesday,Unknown,Truck,Unidentified,1,Unknown,18-30,Reckless Driving,Dry,Daylight,0,0,1,Minor,Clear
1225,KAG_001226,Kaggle_road_csv,0,March,Wednesday,Unknown,Truck,Unidentified,2,31-50,Unknown,Loss of Control,Dry,Daylight,0,0,2,Minor,Clear
1226,KAG_001227,Kaggle_road_csv,0,March,Saturday,Unknown,Truck,Unidentified,1,Unknown,Unknown,Reckless Driving,Dry,Dark,0,0,1,Minor,Clear
1227,KAG_001228,Kaggle_road_csv,0,May,Thursday,Unknown,Truck,Unidentified,2,31-50,31-50,No Distancing/Rear End,Wet,Dark,0,0,1,Minor,Clear
1228,KAG_001229,Kaggle_road_csv,0,May,Saturday,Unknown,Truck,Unidentified,2,31-50,18-30,Drunk/Drug Driving,Dry,Daylight,0,0,1,Minor,Clear
1229,KAG_001230,Kaggle_road_csv,0,October,Tuesday,Unknown,Truck,Unidentified,2,Unknown,18-30,Lane Violation,Dry,Daylight,0,0,1,Minor,Clear
1230,KAG_001231,Kaggle_road_csv,0,October,Friday,Unknown,Truck,Unidentified,2,31-50,18-30,Drunk/Drug Driving,Dry,Daylight,0,0,1,Minor,Clear
1231,KAG_001232,Kaggle_road_csv,0,May,Saturday,Unknown,Truck,Unidentified,2,31-50,18-30,Reckless Driving,Dry,Dark,0,0,1,Minor,Clear
1232,KAG_001233,Kaggle_road_csv,0,April,Saturday,Unknown,Truck,Unidentified,2,Unknown,Unknown,No Distancing/Rear End,Dry,Dark,0,0,1,Minor,Clear
1233,KAG_001234,Kaggle_road_csv,0,May,Wednesday,Unknown,Truck,Unidentified,2,Under 18,18-30,Lane Violation,Dry,Daylight,0,0,1,Minor,Clear
1234,KAG_001235,Kaggle_road_csv,0,May,Tuesday,Unknown,Truck,Unidentified,1,31-50,31-50,Lane Violation,Dry,Daylight,0,0,1,Minor,Clear
1235,KAG_001236,Kaggle_road_csv,0,March,Monday,Unknown,Truck,Unidentified,2,Unknown,Over 51,No Distancing/Rear End,Dry,Daylight,0,0,1,Minor,Clear
1236,KAG_001237,Kaggle_road_csv,0,April,Thursday,Unknown,Truck,Unidentified,2,31-50,18-30,Reckless Driving,Dry,Daylight,0,0,1,Serious,Clear
1237,KAG_001238,Kaggle_road_csv,0,April,Friday,Unknown,Truck,Unidentified,2,31-50,Unknown,No Distancing/Rear End,Dry,Daylight,0,0,1,Minor,Clear
1238,KAG_001239,Kaggle_road_csv,0,May,Friday,Unknown,Truck,Unidentified,2,31-50,Unknown,Lane Violation,Dry,Dark,0,0,1,Minor,Clear
1239,KAG_001240,Kaggle_road_csv,0,March,Sunday,Unknown,Truck,Unidentified,2,31-50,Unknown,Reckless Driving,Dry,Daylight,0,0,2,Minor,Clear
1240,KAG_001241,Kaggle_road_csv,0,March,Friday,Unknown,Truck,Unidentified,2,18-30,Unknown,Reckless Driving,Dry,Daylight,0,0,1,Minor,Clear
1241,KAG_001242,Kaggle_road_csv,0,March,Friday,Unknown,Truck,Unidentified,2,Unknown,31-50,Reckless Driving,Dry,Daylight,0,0,1,Minor,Clear
1242,KAG_001243,Kaggle_road_csv,0,October,Friday,Unknown,Truck,Unidentified,2,Unknown,31-50,No Distancing/Rear End,Dry,Daylight,0,0,1,Minor,Clear
1243,KAG_001244,Kaggle_road_csv,0,October,Saturday,Unknown,Truck,Unidentified,2,18-30,18-30,Reckless Driving,Dry,Daylight,0,0,1,Minor,Clear
1244,KAG_001245,Kaggle_road_csv,0,May,Thursday,Unknown,Truck,Unidentified,1,Unknown,18-30,Lane Violation,Dry,Daylight,0,0,1,Minor,Clear
1245,KAG_001246,Kaggle_road_csv,0,March,Monday,Unknown,Truck,Unidentified,3,18-30,Unknown,Lane Violation,Dry,Daylight,0,0,1,Minor,Clear
1246,KAG_001247,Kaggle_road_csv,0,May,Tuesday,Unknown,Truck,Unidentified,1,Over 51,Unknown,Lane Violation,Dry,Daylight,0,0,1,Minor,Clear
1247,KAG_001248,Kaggle_road_csv,0,October,Wednesday,Unknown,Truck,Unidentified,2,18-30,Unknown,No Distancing/Rear End,Dry,Daylight,0,0,2,Minor,Clear
1248,KAG_001249,Kaggle_road_csv,0,October,Wednesday,Unknown,Truck,Unidentified,2,Unknown,Unknown,Reckless Driving,Dry,Dark,0,0,2,Minor,Clear
1249,KAG_001250,Kaggle_road_csv,0,May,Monday,Unknown,Truck,Unidentified,1,Over 51,Unknown,No Distancing/Rear End,Dry,Daylight,0,0,1,Serious,Clear
1250,KAG_001251,Kaggle_road_csv,0,May,Saturday,Unknown,Truck,Unidentified,2,18-30,18-30,Lane Violation,Dry,Dark,0,0,1,Minor,Clear
1251,KAG_001252,Kaggle_road_csv,0,October,Saturday,Unknown,Truck,Unidentified,2,Unknown,Unknown,No Distancing/Rear End,Dry,Dark,0,0,1,Minor,Clear
1252,KAG_001253,Kaggle_road_csv,0,October,Thursday,Unknown,Truck,Unidentified,1,18-30,18-30,Reckless Driving,Dry,Daylight,0,0,1,Minor,Clear
1253,KAG_001254,Kaggle_road_csv,0,October,Thursday,Unknown,Truck,Unidentified,2,18-30,Unknown,Lane Violation,Dry,Daylight,0,0,1,Minor,Clear
1254,KAG_001255,Kaggle_road_csv,0,April,Wednesday,Unknown,Truck,Unidentified,2,Over 51,Unknown,Reckless Driving,Dry,Daylight,0,0,1,Minor,Clear
1255,KAG_001256,Kaggle_road_csv,0,April,Saturday,Unknown,Truck,Unidentified,2,Unknown,18-30,Lane Violation,Wet,Dark,0,0,1,Minor,Clear
1256,KAG_001257,Kaggle_road_csv,0,April,Saturday,Unknown,Truck,Unidentified,2,18-30,31-50,Lane Violation,Wet,Dark,0,0,1,Minor,Clear
1257,KAG_001258,Kaggle_road_csv,0,March,Saturday,Unknown,Truck,Unidentified,2,31-50,31-50,Lane Violation,Dry,Daylight,0,0,8,Minor,Clear
1258,KAG_001259,Kaggle_road_csv,0,April,Saturday,Unknown,Truck,Unidentified,2,31-50,18-30,No Distancing/Rear End,Dry,Daylight,0,0,8,Minor,Clear
1259,KAG_001260,Kaggle_road_csv,0,April,Saturday,Unknown,Truck,Unidentified,2,31-50,Under 18,No Distancing/Rear End,Dry,Daylight,0,0,8,Minor,Clear
1260,KAG_001261,Kaggle_road_csv,0,March,Thursday,Unknown,Truck,Unidentified,2,18-30,18-30,No Distancing/Rear End,Dry,Dark,0,0,1,Minor,Clear
1261,KAG_001262,Kaggle_road_csv,0,May,Thursday,Unknown,Truck,Unidentified,2,Over 51,18-30,Reckless Driving,Dry,Daylight,0,0,2,Serious,Clear
1262,KAG_001263,Kaggle_road_csv,0,April,Monday,Unknown,Truck,Unidentified,1,31-50,Unknown,Loss of Control,Dry,Daylight,0,0,1,Minor,Clear
1263,KAG_001264,Kaggle_road_csv,0,April,Saturday,Unknown,Truck,Unidentified,2,18-30,Unknown,Lane Violation,Dry,Dark,0,0,1,Minor,Clear
1264,KAG_001265,Kaggle_road_csv,0,June,Wednesday,Unknown,Truck,Unidentified,2,18-30,31-50,Reckless Driving,Wet,Daylight,0,0,1,Minor,Rainy
1265,KAG_001266,Kaggle_road_csv,0,July,Wednesday,Unknown,Truck,Unidentified,2,18-30,31-50,Reckless Driving,Wet,Daylight,0,0,1,Minor,Rainy
1266,KAG_001267,Kaggle_road_csv,0,March,Saturday,Unknown,Truck,Unidentified,2,18-30,Unknown,Drunk/Drug Driving,Dry,Daylight,0,0,1,Serious,Clear
1267,KAG_001268,Kaggle_road_csv,0,March,Saturday,Unknown,Truck,Unidentified,2,18-30,31-50,Reckless Driving,Dry,Daylight,0,0,1,Serious,Clear
1268,KAG_001269,Kaggle_road_csv,0,April,Monday,Unknown,Truck,Unidentified,1,31-50,Unknown,No Distancing/Rear End,Dry,Dark,0,0,1,Minor,Clear
1269,KAG_001270,Kaggle_road_csv,0,June,Sunday,Unknown,Truck,Unidentified,2,Under 18,Unknown,No Distancing/Rear End,Wet,Dark,0,0,1,Minor,Rainy
1270,KAG_001271,Kaggle_road_csv,0,August,Sunday,Unknown,Truck,Unidentified,2,18-30,31-50,No Distancing/Rear End,Wet,Dark,0,0,1,Minor,Rainy
1271,KAG_001272,Kaggle_road_csv,0,October,Saturday,Unknown,Truck,Unidentified,2,18-30,18-30,No Distancing/Rear End,Dry,Dark,0,0,2,Minor,Clear
1272,KAG_001273,Kaggle_road_csv,0,August,Thursday,Unknown,Truck,Unidentified,2,18-30,18-30,No Distancing/Rear End,Wet,Daylight,0,0,3,Minor,Rainy
1273,KAG_001274,Kaggle_road_csv,0,August,Thursday,Unknown,Truck,Unidentified,2,18-30,Unknown,Lane Violation,Wet,Daylight,0,0,3,Minor,Rainy
1274,KAG_001275,Kaggle_road_csv,0,June,Tuesday,Unknown,Truck,Unidentified,1,31-50,Unknown,No Distancing/Rear End,Wet,Dark,0,0,1,Serious,Rainy
1275,KAG_001276,Kaggle_road_csv,0,August,Tuesday,Unknown,Truck,Unidentified,3,Over 51,18-30,Speeding,Wet,Daylight,0,0,1,Minor,Rainy
1276,KAG_001277,Kaggle_road_csv,0,April,Monday,Unknown,Truck,Unidentified,2,18-30,Unknown,Loss of Control,Dry,Dark,0,0,3,Minor,Clear
1277,KAG_001278,Kaggle_road_csv,0,March,Saturday,Unknown,Truck,Unidentified,3,18-30,Unknown,No Distancing/Rear End,Dry,Dark,0,0,3,Serious,Clear
1278,KAG_001279,Kaggle_road_csv,0,October,Saturday,Unknown,Truck,Unidentified,3,18-30,18-30,Loss of Control,Dry,Dark,0,0,3,Serious,Clear
1279,KAG_001280,Kaggle_road_csv,0,May,Saturday,Unknown,Truck,Unidentified,3,31-50,Unknown,Reckless Driving,Dry,Dark,0,0,3,Serious,Clear
1280,KAG_001281,Kaggle_road_csv,0,April,Saturday,Unknown,Truck,Unidentified,3,31-50,18-30,Lane Violation,Wet,Daylight,0,0,5,Minor,Clear
1281,KAG_001282,Kaggle_road_csv,0,April,Thursday,Unknown,Truck,Unidentified,2,18-30,Under 18,Drunk/Drug Driving,Dry,Daylight,0,0,1,Minor,Clear
1282,KAG_001283,Kaggle_road_csv,0,April,Wednesday,Unknown,Truck,Unidentified,2,18-30,Unknown,No Distancing/Rear End,Wet,Dark,0,0,1,Minor,Clear
1283,KAG_001284,Kaggle_road_csv,0,March,Tuesday,Unknown,Truck,Unidentified,2,18-30,Unknown,Reckless Driving,Wet,Daylight,0,0,1,Minor,Clear
1284,KAG_001285,Kaggle_road_csv,0,October,Tuesday,Unknown,Truck,Unidentified,2,Unknown,18-30,Reckless Driving,Wet,Daylight,0,0,1,Minor,Clear
1285,KAG_001286,Kaggle_road_csv,0,March,Saturday,Unknown,Truck,Unidentified,2,31-50,Unknown,No Distancing/Rear End,Dry,Daylight,0,0,1,Minor,Clear
1286,KAG_001287,Kaggle_road_csv,0,August,Saturday,Unknown,Truck,Unidentified,2,31-50,Unknown,Loss of Control,Wet,Daylight,0,0,1,Minor,Rainy
1287,KAG_001288,Kaggle_road_csv,0,April,Saturday,Unknown,Truck,Unidentified,2,18-30,31-50,Lane Violation,Wet,Dark,0,0,1,Serious,Clear
1288,KAG_001289,Kaggle_road_csv,0,March,Saturday,Unknown,Truck,Unidentified,2,18-30,Unknown,Reckless Driving,Wet,Dark,0,0,1,Minor,Clear
1289,KAG_001290,Kaggle_road_csv,0,October,Monday,Unknown,Truck,Unidentified,1,Unknown,31-50,No Distancing/Rear End,Dry,Daylight,0,0,1,Minor,Clear
1290,KAG_001291,Kaggle_road_csv,0,March,Tuesday,Unknown,Truck,Unidentified,2,31-50,18-30,Reckless Driving,Dry,Daylight,0,0,2,Minor,Clear
1291,KAG_001292,Kaggle_road_csv,0,April,Wednesday,Unknown,Truck,Unidentified,1,Over 51,31-50,Reckless Driving,Dry,Daylight,0,0,1,Minor,Clear
1292,KAG_001293,Kaggle_road_csv,0,March,Wednesday,Unknown,Truck,Unidentified,2,31-50,Unknown,Reckless Driving,Dry,Daylight,0,0,2,Minor,Clear
1293,KAG_001294,Kaggle_road_csv,0,April,Sunday,Unknown,Truck,Unidentified,2,Unknown,31-50,Lane Violation,Dry,Daylight,0,0,1,Minor,Clear
1294,KAG_001295,Kaggle_road_csv,0,May,Monday,Unknown,Truck,Unidentified,1,18-30,Unknown,Lane Violation,Dry,Daylight,0,0,1,Minor,Clear
1295,KAG_001296,Kaggle_road_csv,0,March,Saturday,Unknown,Truck,Unidentified,2,Unknown,18-30,No Distancing/Rear End,Wet,Dark,0,0,1,Minor,Clear
1296,KAG_001297,Kaggle_road_csv,0,October,Tuesday,Unknown,Truck,Unidentified,1,18-30,18-30,No Distancing/Rear End,Dry,Daylight,0,0,1,Minor,Clear
1297,KAG_001298,Kaggle_road_csv,0,March,Tuesday,Unknown,Truck,Unidentified,2,Over 51,18-30,Reckless Driving,Wet,Daylight,0,0,1,Minor,Clear
1298,KAG_001299,Kaggle_road_csv,0,March,Monday,Unknown,Truck,Unidentified,2,Unknown,Under 18,Reckless Driving,Dry,Dark,0,0,1,Minor,Clear
1299,KAG_001300,Kaggle_road_csv,0,March,Monday,Unknown,Truck,Unidentified,2,18-30,18-30,Lane Violation,Dry,Dark,0,0,1,Minor,Clear
1300,KAG_001301,Kaggle_road_csv,0,April,Saturday,Unknown,Truck,Unidentified,2,Over 51,18-30,Lane Violation,Dry,Dark,0,0,1,Minor,Clear
1301,KAG_001302,Kaggle_road_csv,0,October,Wednesday,Unknown,Truck,Unidentified,2,31-50,18-30,Reckless Driving,Dry,Daylight,0,0,1,Minor,Clear
1302,KAG_001303,Kaggle_road_csv,0,May,Friday,Unknown,Truck,Unidentified,2,Unknown,Unknown,No Distancing/Rear End,Dry,Dark,0,0,2,Minor,Clear
1303,KAG_001304,Kaggle_road_csv,0,April,Friday,Unknown,Truck,Unidentified,2,31-50,31-50,Lane Violation,Dry,Dark,0,0,2,Minor,Clear
1304,KAG_001305,Kaggle_road_csv,0,July,Friday,Unknown,Truck,Unidentified,1,Unknown,31-50,No Distancing/Rear End,Wet,Daylight,0,0,1,Minor,Rainy
1305,KAG_001306,Kaggle_road_csv,0,May,Friday,Unknown,Truck,Unidentified,2,31-50,Unknown,Drunk/Drug Driving,Wet,Daylight,0,0,1,Minor,Clear
1306,KAG_001307,Kaggle_road_csv,0,April,Tuesday,Unknown,Truck,Unidentified,2,31-50,Over 51,No Distancing/Rear End,Wet,Daylight,0,0,2,Minor,Clear
1307,KAG_001308,Kaggle_road_csv,0,July,Friday,Unknown,Truck,Unidentified,2,Unknown,Unknown,Lane Violation,Wet,Daylight,0,0,1,Minor,Rainy
1308,KAG_001309,Kaggle_road_csv,0,May,Wednesday,Unknown,Truck,Unidentified,1,31-50,18-30,Reckless Driving,Wet,Dark,0,0,1,Minor,Clear
1309,KAG_001310,Kaggle_road_csv,0,April,Tuesday,Unknown,Truck,Unidentified,3,Unknown,Unknown,Drunk/Drug Driving,Dry,Dark,0,0,1,Serious,Clear
1310,KAG_001311,Kaggle_road_csv,0,July,Monday,Unknown,Truck,Unidentified,2,31-50,Unknown,Lane Violation,Wet,Dark,0,0,1,Minor,Rainy
1311,KAG_001312,Kaggle_road_csv,0,September,Monday,Unknown,Truck,Unidentified,2,Under 18,Unknown,No Distancing/Rear End,Wet,Dark,0,0,1,Minor,Rainy
1312,KAG_001313,Kaggle_road_csv,0,May,Wednesday,Unknown,Truck,Unidentified,2,31-50,Unknown,No Distancing/Rear End,Dry,Daylight,0,0,2,Minor,Clear
1313,KAG_001314,Kaggle_road_csv,0,March,Friday,Unknown,Truck,Unidentified,2,Over 51,Unknown,Lane Violation,Dry,Daylight,0,0,2,Serious,Clear
1314,KAG_001315,Kaggle_road_csv,0,October,Tuesday,Unknown,Truck,Unidentified,2,Unknown,Unknown,Lane Violation,Dry,Daylight,0,0,2,Minor,Clear
1315,KAG_001316,Kaggle_road_csv,0,March,Sunday,Unknown,Truck,Unidentified,2,31-50,Unknown,Lane Violation,Dry,Daylight,0,0,2,Minor,Clear
1316,KAG_001317,Kaggle_road_csv,0,May,Monday,Unknown,Truck,Unidentified,3,31-50,Unknown,Reckless Driving,Dry,Daylight,0,0,2,Minor,Clear
1317,KAG_001318,Kaggle_road_csv,0,March,Monday,Unknown,Truck,Unidentified,3,31-50,Unknown,Lane Violation,Dry,Daylight,0,0,2,Minor,Clear
1318,KAG_001319,Kaggle_road_csv,0,May,Monday,Unknown,Truck,Unidentified,1,31-50,18-30,Lane Violation,Dry,Dark,0,0,1,Fatal,Clear
1319,KAG_001320,Kaggle_road_csv,0,April,Thursday,Unknown,Truck,Unidentified,2,18-30,31-50,Lane Violation,Dry,Dark,0,0,1,Minor,Clear
1320,KAG_001321,Kaggle_road_csv,0,May,Wednesday,Unknown,Truck,Unidentified,2,18-30,18-30,No Distancing/Rear End,Dry,Daylight,0,0,1,Serious,Clear
1321,KAG_001322,Kaggle_road_csv,0,April,Thursday,Unknown,Truck,Unidentified,1,18-30,Over 51,Reckless Driving,Dry,Daylight,0,0,1,Minor,Clear
1322,KAG_001323,Kaggle_road_csv,0,April,Tuesday,Unknown,Truck,Unidentified,2,Over 51,Over 51,No Distancing/Rear End,Wet,Daylight,0,0,2,Minor,Clear
1323,KAG_001324,Kaggle_road_csv,0,September,Saturday,Unknown,Truck,Unidentified,2,18-30,Unknown,No Distancing/Rear End,Wet,Dark,0,0,1,Minor,Rainy
1324,KAG_001325,Kaggle_road_csv,0,March,Tuesday,Unknown,Truck,Unidentified,2,31-50,Unknown,Lane Violation,Dry,Daylight,0,0,1,Minor,Clear
1325,KAG_001326,Kaggle_road_csv,0,April,Friday,Unknown,Truck,Unidentified,2,Unknown,Unknown,Reckless Driving,Dry,Daylight,0,0,1,Minor,Clear
1326,KAG_001327,Kaggle_road_csv,0,March,Tuesday,Unknown,Truck,Unidentified,2,18-30,Unknown,Lane Violation,Dry,Daylight,0,0,1,Minor,Clear
1327,KAG_001328,Kaggle_road_csv,0,October,Tuesday,Unknown,Truck,Unidentified,2,31-50,18-30,Drunk/Drug Driving,Dry,Daylight,0,0,1,Minor,Clear
1328,KAG_001329,Kaggle_road_csv,0,April,Sunday,Unknown,Truck,Unidentified,2,31-50,18-30,Reckless Driving,Dry,Dark,0,0,1,Serious,Clear
1329,KAG_001330,Kaggle_road_csv,0,April,Sunday,Unknown,Truck,Unidentified,2,Under 18,Unknown,No Distancing/Rear End,Dry,Dark,0,0,1,Serious,Clear
1330,KAG_001331,Kaggle_road_csv,0,May,Friday,Unknown,Truck,Unidentified,2,18-30,31-50,Reckless Driving,Dry,Daylight,0,0,1,Minor,Clear
1331,KAG_001332,Kaggle_road_csv,0,April,Sunday,Unknown,Truck,Unidentified,2,Unknown,Unknown,Reckless Driving,Dry,Daylight,0,0,2,Minor,Clear
1332,KAG_001333,Kaggle_road_csv,0,October,Thursday,Unknown,Truck,Unidentified,1,18-30,Unknown,Reckless Driving,Dry,Daylight,0,0,1,Minor,Clear
1333,KAG_001334,Kaggle_road_csv,0,April,Friday,Unknown,Truck,Unidentified,2,18-30,Over 51,Lane Violation,Dry,Daylight,0,0,1,Minor,Clear
1334,KAG_001335,Kaggle_road_csv,0,October,Monday,Unknown,Truck,Unidentified,1,31-50,18-30,Lane Violation,Dry,Daylight,0,0,1,Minor,Clear
1335,KAG_001336,Kaggle_road_csv,0,May,Sunday,Unknown,Truck,Unidentified,2,Unknown,Unknown,No Distancing/Rear End,Dry,Dark,0,0,1,Minor,Clear
1336,KAG_001337,Kaggle_road_csv,0,May,Monday,Unknown,Truck,Unidentified,4,18-30,31-50,No Distancing/Rear End,Wet,Dark,0,0,1,Minor,Clear
1337,KAG_001338,Kaggle_road_csv,0,May,Sunday,Unknown,Truck,Unidentified,1,18-30,Unknown,Drunk/Drug Driving,Dry,Daylight,0,0,1,Serious,Clear
1338,KAG_001339,Kaggle_road_csv,0,May,Tuesday,Unknown,Truck,Unidentified,2,31-50,Unknown,Reckless Driving,Dry,Daylight,0,0,1,Minor,Clear
1339,KAG_001340,Kaggle_road_csv,0,April,Tuesday,Unknown,Truck,Unidentified,2,18-30,31-50,Lane Violation,Dry,Daylight,0,0,1,Minor,Clear
1340,KAG_001341,Kaggle_road_csv,0,October,Friday,Unknown,Truck,Unidentified,2,Under 18,31-50,Lane Violation,Dry,Daylight,0,0,1,Minor,Clear
1341,KAG_001342,Kaggle_road_csv,0,July,Thursday,Unknown,Truck,Unidentified,1,Over 51,31-50,Loss of Control,Wet,Daylight,0,0,1,Minor,Rainy
1342,KAG_001343,Kaggle_road_csv,0,October,Friday,Unknown,Truck,Unidentified,2,31-50,Unknown,Lane Violation,Dry,Dark,0,0,4,Minor,Clear
1343,KAG_001344,Kaggle_road_csv,0,April,Friday,Unknown,Truck,Unidentified,2,18-30,Unknown,No Distancing/Rear End,Dry,Dark,0,0,4,Minor,Clear
1344,KAG_001345,Kaggle_road_csv,0,October,Friday,Unknown,Truck,Unidentified,2,18-30,31-50,Reckless Driving,Dry,Dark,0,0,4,Minor,Clear
1345,KAG_001346,Kaggle_road_csv,0,March,Sunday,Unknown,Truck,Unidentified,2,18-30,18-30,No Distancing/Rear End,Dry,Daylight,0,0,4,Minor,Clear
1346,KAG_001347,Kaggle_road_csv,0,July,Thursday,Unknown,Truck,Unidentified,2,18-30,Under 18,Reckless Driving,Wet,Dark,0,0,5,Minor,Rainy
1347,KAG_001348,Kaggle_road_csv,0,April,Friday,Unknown,Truck,Unidentified,2,18-30,Unknown,Lane Violation,Dry,Daylight,0,0,1,Minor,Clear
1348,KAG_001349,Kaggle_road_csv,0,October,Tuesday,Unknown,Truck,Unidentified,4,Unknown,Under 18,No Distancing/Rear End,Dry,Daylight,0,0,1,Minor,Clear
1349,KAG_001350,Kaggle_road_csv,0,April,Tuesday,Unknown,Truck,Unidentified,4,Unknown,Unknown,Lane Violation,Dry,Daylight,0,0,1,Minor,Clear
1350,KAG_001351,Kaggle_road_csv,0,June,Friday,Unknown,Truck,Unidentified,3,18-30,18-30,Lane Violation,Wet,Daylight,0,0,1,Minor,Rainy
1351,KAG_001352,Kaggle_road_csv,0,March,Thursday,Unknown,Truck,Unidentified,2,31-50,31-50,Lane Violation,Dry,Daylight,0,0,2,Minor,Clear
1352,KAG_001353,Kaggle_road_csv,0,October,Thursday,Unknown,Truck,Unidentified,2,Under 18,Unknown,Reckless Driving,Dry,Daylight,0,0,2,Minor,Clear
1353,KAG_001354,Kaggle_road_csv,0,May,Friday,Unknown,Truck,Unidentified,3,Unknown,Under 18,Lane Violation,Dry,Daylight,0,0,1,Minor,Clear
1354,KAG_001355,Kaggle_road_csv,0,October,Saturday,Unknown,Truck,Unidentified,3,18-30,Unknown,Reckless Driving,Dry,Daylight,0,0,4,Minor,Clear
1355,KAG_001356,Kaggle_road_csv,0,April,Monday,Unknown,Truck,Unidentified,2,Under 18,Unknown,Lane Violation,Dry,Daylight,0,0,1,Minor,Clear
1356,KAG_001357,Kaggle_road_csv,0,March,Saturday,Unknown,Truck,Unidentified,2,Unknown,Over 51,Reckless Driving,Dry,Daylight,0,0,2,Minor,Clear
1357,KAG_001358,Kaggle_road_csv,0,May,Sunday,Unknown,Truck,Unidentified,2,18-30,18-30,Reckless Driving,Dry,Daylight,0,0,1,Serious,Clear
1358,KAG_001359,Kaggle_road_csv,0,March,Saturday,Unknown,Truck,Unidentified,2,18-30,18-30,No Distancing/Rear End,Dry,Daylight,0,0,2,Minor,Clear
1359,KAG_001360,Kaggle_road_csv,0,March,Saturday,Unknown,Truck,Unidentified,2,31-50,Unknown,No Distancing/Rear End,Dry,Daylight,0,0,2,Minor,Clear
1360,KAG_001361,Kaggle_road_csv,0,March,Thursday,Unknown,Truck,Unidentified,1,Under 18,18-30,No Distancing/Rear End,Dry,Dark,0,0,2,Minor,Clear
1361,KAG_001362,Kaggle_road_csv,0,March,Monday,Unknown,Truck,Unidentified,2,Under 18,Unknown,No Distancing/Rear End,Dry,Daylight,0,0,1,Minor,Clear
1362,KAG_001363,Kaggle_road_csv,0,May,Tuesday,Unknown,Truck,Unidentified,2,Unknown,Unknown,Lane Violation,Dry,Daylight,0,0,1,Minor,Clear
1363,KAG_001364,Kaggle_road_csv,0,October,Sunday,Unknown,Truck,Unidentified,2,Over 51,Unknown,Reckless Driving,Dry,Daylight,0,0,1,Minor,Clear
1364,KAG_001365,Kaggle_road_csv,0,May,Saturday,Unknown,Truck,Unidentified,2,18-30,18-30,Lane Violation,Dry,Dark,0,0,3,Minor,Clear
1365,KAG_001366,Kaggle_road_csv,0,April,Wednesday,Unknown,Truck,Unidentified,1,31-50,18-30,Lane Violation,Dry,Daylight,0,0,1,Minor,Clear
1366,KAG_001367,Kaggle_road_csv,0,October,Tuesday,Unknown,Truck,Unidentified,2,18-30,18-30,Reckless Driving,Dry,Daylight,0,0,3,Minor,Clear
1367,KAG_001368,Kaggle_road_csv,0,March,Saturday,Unknown,Truck,Unidentified,2,Unknown,Over 51,Lane Violation,Dry,Daylight,0,0,2,Minor,Clear
1368,KAG_001369,Kaggle_road_csv,0,October,Thursday,Unknown,Truck,Unidentified,2,18-30,18-30,Lane Violation,Dry,Daylight,0,0,3,Serious,Clear
1369,KAG_001370,Kaggle_road_csv,0,October,Thursday,Unknown,Truck,Unidentified,2,18-30,Unknown,Lane Violation,Dry,Daylight,0,0,3,Serious,Clear
1370,KAG_001371,Kaggle_road_csv,0,March,Monday,Unknown,Truck,Unidentified,2,31-50,Under 18,Lane Violation,Dry,Daylight,0,0,1,Minor,Clear
1371,KAG_001372,Kaggle_road_csv,0,April,Monday,Unknown,Truck,Unidentified,2,31-50,Unknown,Unknown/Other,Dry,Daylight,0,0,1,Minor,Clear
1372,KAG_001373,Kaggle_road_csv,0,May,Friday,Unknown,Truck,Unidentified,2,Over 51,Unknown,Lane Violation,Dry,Daylight,0,0,2,Serious,Clear
1373,KAG_001374,Kaggle_road_csv,0,September,Sunday,Unknown,Truck,Unidentified,1,18-30,Unknown,Speeding,Wet,Daylight,0,0,1,Serious,Rainy
1374,KAG_001375,Kaggle_road_csv,0,April,Saturday,Unknown,Truck,Unidentified,2,Over 51,Unknown,Lane Violation,Dry,Daylight,0,0,2,Minor,Clear
1375,KAG_001376,Kaggle_road_csv,0,April,Friday,Unknown,Truck,Unidentified,2,Under 18,31-50,No Distancing/Rear End,Dry,Daylight,0,0,2,Minor,Clear
1376,KAG_001377,Kaggle_road_csv,0,October,Tuesday,Unknown,Truck,Unidentified,2,18-30,18-30,No Distancing/Rear End,Dry,Daylight,0,0,2,Serious,Clear
1377,KAG_001378,Kaggle_road_csv,0,April,Friday,Unknown,Truck,Unidentified,2,31-50,Unknown,Reckless Driving,Dry,Dark,0,0,1,Minor,Clear
1378,KAG_001379,Kaggle_road_csv,0,May,Friday,Unknown,Truck,Unidentified,2,18-30,31-50,Lane Violation,Dry,Dark,0,0,1,Minor,Clear
1379,KAG_001380,Kaggle_road_csv,0,May,Monday,Unknown,Truck,Unidentified,2,Unknown,31-50,No Distancing/Rear End,Dry,Daylight,0,0,1,Minor,Clear
1380,KAG_001381,Kaggle_road_csv,0,September,Sunday,Unknown,Truck,Unidentified,2,31-50,Unknown,Reckless Driving,Wet,Daylight,0,0,1,Minor,Rainy
1381,KAG_001382,Kaggle_road_csv,0,August,Friday,Unknown,Truck,Unidentified,1,Under 18,Under 18,No Distancing/Rear End,Wet,Dark,0,0,2,Minor,Rainy
1382,KAG_001383,Kaggle_road_csv,0,October,Monday,Unknown,Truck,Unidentified,2,31-50,18-30,No Distancing/Rear End,Wet,Daylight,0,0,1,Minor,Clear
1383,KAG_001384,Kaggle_road_csv,0,April,Friday,Unknown,Truck,Unidentified,2,Unknown,Unknown,Lane Violation,Dry,Daylight,0,0,2,Minor,Clear
1384,KAG_001385,Kaggle_road_csv,0,April,Saturday,Unknown,Truck,Unidentified,2,31-50,Unknown,Reckless Driving,Dry,Daylight,0,0,2,Minor,Clear
1385,KAG_001386,Kaggle_road_csv,0,August,Wednesday,Unknown,Truck,Unidentified,2,Unknown,Unknown,No Distancing/Rear End,Wet,Dark,0,0,4,Minor,Rainy
1386,KAG_001387,Kaggle_road_csv,0,July,Wednesday,Unknown,Truck,Unidentified,2,Under 18,Unknown,Reckless Driving,Wet,Dark,0,0,4,Minor,Rainy
1387,KAG_001388,Kaggle_road_csv,0,March,Thursday,Unknown,Truck,Unidentified,2,18-30,31-50,Lane Violation,Dry,Daylight,0,0,1,Minor,Clear
1388,KAG_001389,Kaggle_road_csv,0,March,Friday,Unknown,Truck,Unidentified,4,18-30,18-30,No Distancing/Rear End,Dry,Dark,0,0,1,Minor,Clear
1389,KAG_001390,Kaggle_road_csv,0,May,Monday,Unknown,Truck,Unidentified,2,Over 51,18-30,Reckless Driving,Dry,Daylight,0,0,1,Minor,Clear
1390,KAG_001391,Kaggle_road_csv,0,April,Wednesday,Unknown,Truck,Unidentified,2,18-30,Unknown,Reckless Driving,Dry,Daylight,0,0,1,Minor,Clear
1391,KAG_001392,Kaggle_road_csv,0,June,Friday,Unknown,Truck,Unidentified,2,Unknown,Unknown,Reckless Driving,Wet,Daylight,0,0,1,Minor,Rainy
1392,KAG_001393,Kaggle_road_csv,0,October,Monday,Unknown,Truck,Unidentified,2,18-30,18-30,Reckless Driving,Dry,Daylight,0,0,2,Minor,Clear
1393,KAG_001394,Kaggle_road_csv,0,July,Wednesday,Unknown,Truck,Unidentified,3,31-50,18-30,No Distancing/Rear End,Wet,Daylight,0,0,1,Minor,Rainy
1394,KAG_001395,Kaggle_road_csv,0,May,Wednesday,Unknown,Truck,Unidentified,2,18-30,31-50,Lane Violation,Dry,Daylight,0,0,4,Minor,Clear
1395,KAG_001396,Kaggle_road_csv,0,March,Wednesday,Unknown,Truck,Unidentified,1,18-30,18-30,Lane Violation,Dry,Daylight,0,0,1,Serious,Clear
1396,KAG_001397,Kaggle_road_csv,0,May,Sunday,Unknown,Truck,Unidentified,2,Over 51,Unknown,Unknown/Other,Dry,Dark,0,0,2,Minor,Clear
1397,KAG_001398,Kaggle_road_csv,0,March,Sunday,Unknown,Truck,Unidentified,1,Under 18,Unknown,Reckless Driving,Wet,Dark,0,0,1,Minor,Clear
1398,KAG_001399,Kaggle_road_csv,0,May,Saturday,Unknown,Truck,Unidentified,3,Over 51,Unknown,Lane Violation,Dry,Daylight,0,0,1,Minor,Clear
1399,KAG_001400,Kaggle_road_csv,0,October,Thursday,Unknown,Truck,Unidentified,4,Unknown,31-50,Reckless Driving,Wet,Daylight,0,0,1,Minor,Clear
1400,KAG_001401,Kaggle_road_csv,0,May,Wednesday,Unknown,Truck,Unidentified,2,Unknown,Unknown,Reckless Driving,Wet,Daylight,0,0,1,Minor,Clear
1401,KAG_001402,Kaggle_road_csv,0,April,Wednesday,Unknown,Truck,Unidentified,3,31-50,18-30,Lane Violation,Dry,Daylight,0,0,1,Minor,Clear
1402,KAG_001403,Kaggle_road_csv,0,March,Monday,Unknown,Truck,Unidentified,2,Unknown,Over 51,No Distancing/Rear End,Dry,Dark,0,0,1,Minor,Clear
1403,KAG_001404,Kaggle_road_csv,0,May,Monday,Unknown,Truck,Unidentified,2,Under 18,18-30,Lane Violation,Dry,Dark,0,0,1,Minor,Clear
1404,KAG_001405,Kaggle_road_csv,0,May,Sunday,Unknown,Truck,Unidentified,2,Over 51,Unknown,Drunk/Drug Driving,Dry,Daylight,0,0,1,Minor,Clear
1405,KAG_001406,Kaggle_road_csv,0,March,Tuesday,Unknown,Truck,Unidentified,3,Under 18,31-50,Reckless Driving,Dry,Daylight,0,0,2,Minor,Clear
1406,KAG_001407,Kaggle_road_csv,0,August,Wednesday,Unknown,Truck,Unidentified,1,Over 51,Unknown,No Distancing/Rear End,Dry,Daylight,0,0,1,Serious,Rainy
1407,KAG_001408,Kaggle_road_csv,0,April,Tuesday,Unknown,Truck,Unidentified,1,31-50,31-50,Reckless Driving,Wet,Dark,0,0,1,Serious,Clear
1408,KAG_001409,Kaggle_road_csv,0,April,Thursday,Unknown,Truck,Unidentified,3,31-50,Over 51,No Distancing/Rear End,Dry,Daylight,0,0,1,Minor,Clear
1409,KAG_001410,Kaggle_road_csv,0,October,Sunday,Unknown,Truck,Unidentified,2,31-50,Unknown,Lane Violation,Dry,Daylight,0,0,1,Minor,Clear
1410,KAG_001411,Kaggle_road_csv,0,October,Sunday,Unknown,Truck,Unidentified,4,Unknown,18-30,Lane Violation,Dry,Dark,0,0,2,Minor,Clear
1411,KAG_001412,Kaggle_road_csv,0,March,Friday,Unknown,Truck,Unidentified,2,18-30,Unknown,Lane Violation,Dry,Dark,0,0,2,Minor,Clear
1412,KAG_001413,Kaggle_road_csv,0,October,Sunday,Unknown,Truck,Unidentified,2,Unknown,Unknown,Lane Violation,Dry,Daylight,0,0,1,Minor,Clear
1413,KAG_001414,Kaggle_road_csv,0,April,Sunday,Unknown,Truck,Unidentified,1,Under 18,Under 18,No Distancing/Rear End,Wet,Daylight,0,0,4,Serious,Clear
1414,KAG_001415,Kaggle_road_csv,0,October,Sunday,Unknown,Truck,Unidentified,1,Under 18,Unknown,Reckless Driving,Wet,Daylight,0,0,4,Serious,Clear
1415,KAG_001416,Kaggle_road_csv,0,March,Sunday,Unknown,Truck,Unidentified,1,Under 18,Unknown,Reckless Driving,Wet,Daylight,0,0,4,Serious,Clear
1416,KAG_001417,Kaggle_road_csv,0,April,Friday,Unknown,Truck,Unidentified,2,Unknown,18-30,No Distancing/Rear End,Dry,Dark,0,0,1,Minor,Clear
1417,KAG_001418,Kaggle_road_csv,0,May,Friday,Unknown,Truck,Unidentified,2,Unknown,31-50,No Distancing/Rear End,Dry,Dark,0,0,1,Minor,Clear
1418,KAG_001419,Kaggle_road_csv,0,April,Thursday,Unknown,Truck,Unidentified,2,Under 18,18-30,Reckless Driving,Dry,Daylight,0,0,2,Minor,Clear
1419,KAG_001420,Kaggle_road_csv,0,April,Thursday,Unknown,Truck,Unidentified,2,18-30,Unknown,Drunk/Drug Driving,Dry,Daylight,0,0,1,Minor,Clear
1420,KAG_001421,Kaggle_road_csv,0,April,Friday,Unknown,Truck,Unidentified,2,Unknown,31-50,No Distancing/Rear End,Dry,Dark,0,0,2,Minor,Clear
1421,KAG_001422,Kaggle_road_csv,0,October,Thursday,Unknown,Truck,Unidentified,1,31-50,Unknown,No Distancing/Rear End,Dry,Daylight,0,0,1,Minor,Clear
1422,KAG_001423,Kaggle_road_csv,0,March,Tuesday,Unknown,Truck,Unidentified,2,18-30,18-30,Reckless Driving,Dry,Dark,0,0,2,Serious,Clear
1423,KAG_001424,Kaggle_road_csv,0,October,Friday,Unknown,Truck,Unidentified,2,31-50,Over 51,No Distancing/Rear End,Dry,Daylight,0,0,3,Minor,Clear
1424,KAG_001425,Kaggle_road_csv,0,April,Saturday,Unknown,Truck,Unidentified,1,18-30,18-30,Lane Violation,Dry,Dark,0,0,3,Serious,Clear
1425,KAG_001426,Kaggle_road_csv,0,October,Thursday,Unknown,Truck,Unidentified,1,18-30,Unknown,Reckless Driving,Dry,Dark,0,0,2,Serious,Clear
1426,KAG_001427,Kaggle_road_csv,0,May,Thursday,Unknown,Truck,Unidentified,2,Unknown,31-50,Reckless Driving,Wet,Dark,0,0,1,Minor,Clear
1427,KAG_001428,Kaggle_road_csv,0,March,Thursday,Unknown,Truck,Unidentified,2,31-50,Unknown,Reckless Driving,Wet,Dark,0,0,1,Minor,Clear
1428,KAG_001429,Kaggle_road_csv,0,April,Tuesday,Unknown,Truck,Unidentified,1,18-30,31-50,Drunk/Drug Driving,Wet,Daylight,0,0,1,Minor,Clear
1429,KAG_001430,Kaggle_road_csv,0,March,Saturday,Unknown,Truck,Unidentified,2,31-50,31-50,Lane Violation,Dry,Daylight,0,0,1,Minor,Clear
1430,KAG_001431,Kaggle_road_csv,0,April,Friday,Unknown,Truck,Unidentified,2,Unknown,31-50,Reckless Driving,Dry,Daylight,0,0,1,Minor,Clear
1431,KAG_001432,Kaggle_road_csv,0,July,Sunday,Unknown,Truck,Unidentified,2,Under 18,Unknown,Reckless Driving,Wet,Dark,0,0,1,Minor,Rainy
1432,KAG_001433,Kaggle_road_csv,0,August,Sunday,Unknown,Truck,Unidentified,2,31-50,18-30,Lane Violation,Wet,Dark,0,0,1,Minor,Rainy
1433,KAG_001434,Kaggle_road_csv,0,April,Tuesday,Unknown,Truck,Unidentified,2,18-30,Unknown,Lane Violation,Wet,Dark,0,0,1,Minor,Clear
1434,KAG_001435,Kaggle_road_csv,0,March,Monday,Unknown,Truck,Unidentified,2,31-50,Unknown,Reckless Driving,Dry,Daylight,0,0,2,Minor,Clear
1435,KAG_001436,Kaggle_road_csv,0,May,Saturday,Unknown,Truck,Unidentified,2,31-50,31-50,Reckless Driving,Dry,Daylight,0,0,3,Minor,Clear
1436,KAG_001437,Kaggle_road_csv,0,March,Saturday,Unknown,Truck,Unidentified,2,31-50,31-50,Reckless Driving,Wet,Daylight,0,0,1,Minor,Clear
1437,KAG_001438,Kaggle_road_csv,0,March,Sunday,Unknown,Truck,Unidentified,3,18-30,18-30,Lane Violation,Wet,Dark,0,0,3,Serious,Clear
1438,KAG_001439,Kaggle_road_csv,0,May,Tuesday,Unknown,Truck,Unidentified,2,31-50,Unknown,Reckless Driving,Dry,Daylight,0,0,1,Minor,Clear
1439,KAG_001440,Kaggle_road_csv,0,May,Tuesday,Unknown,Truck,Unidentified,2,18-30,31-50,No Distancing/Rear End,Dry,Daylight,0,0,1,Serious,Clear
1440,KAG_001441,Kaggle_road_csv,0,August,Monday,Unknown,Truck,Unidentified,1,Unknown,31-50,No Distancing/Rear End,Wet,Dark,0,0,1,Minor,Rainy
1441,KAG_001442,Kaggle_road_csv,0,August,Monday,Unknown,Truck,Unidentified,2,31-50,Unknown,Lane Violation,Wet,Dark,0,0,3,Minor,Rainy
1442,KAG_001443,Kaggle_road_csv,0,November,Tuesday,Unknown,Truck,Unidentified,1,Over 51,Unknown,Lane Violation,Wet,Dark,0,0,1,Serious,Cold
1443,KAG_001444,Kaggle_road_csv,0,March,Sunday,Unknown,Truck,Unidentified,2,31-50,Unknown,No Distancing/Rear End,Dry,Daylight,0,0,1,Minor,Clear
1444,KAG_001445,Kaggle_road_csv,0,March,Saturday,Unknown,Truck,Unidentified,3,Over 51,18-30,No Distancing/Rear End,Wet,Daylight,0,0,3,Minor,Clear
1445,KAG_001446,Kaggle_road_csv,0,March,Saturday,Unknown,Truck,Unidentified,3,31-50,31-50,Lane Violation,Wet,Daylight,0,0,3,Minor,Clear
1446,KAG_001447,Kaggle_road_csv,0,October,Tuesday,Unknown,Truck,Unidentified,3,Unknown,Over 51,No Distancing/Rear End,Wet,Dark,0,0,1,Serious,Clear
1447,KAG_001448,Kaggle_road_csv,0,May,Tuesday,Unknown,Truck,Unidentified,3,18-30,Unknown,Lane Violation,Wet,Dark,0,0,1,Serious,Clear
1448,KAG_001449,Kaggle_road_csv,0,March,Saturday,Unknown,Truck,Unidentified,2,Over 51,18-30,No Distancing/Rear End,Wet,Dark,0,0,1,Minor,Clear
1449,KAG_001450,Kaggle_road_csv,0,October,Saturday,Unknown,Truck,Unidentified,2,Unknown,18-30,No Distancing/Rear End,Wet,Dark,0,0,1,Minor,Clear
1450,KAG_001451,Kaggle_road_csv,0,October,Thursday,Unknown,Truck,Unidentified,2,31-50,Unknown,Lane Violation,Dry,Daylight,0,0,1,Minor,Clear
1451,KAG_001452,Kaggle_road_csv,0,September,Tuesday,Unknown,Truck,Unidentified,1,Unknown,Unknown,No Distancing/Rear End,Wet,Daylight,0,0,1,Minor,Rainy
1452,KAG_001453,Kaggle_road_csv,0,October,Friday,Unknown,Truck,Unidentified,2,18-30,31-50,No Distancing/Rear End,Dry,Daylight,0,0,1,Minor,Clear
1453,KAG_001454,Kaggle_road_csv,0,April,Friday,Unknown,Truck,Unidentified,2,31-50,Under 18,Loss of Control,Dry,Daylight,0,0,1,Minor,Clear
1454,KAG_001455,Kaggle_road_csv,0,March,Thursday,Unknown,Truck,Unidentified,2,Over 51,18-30,Reckless Driving,Dry,Daylight,0,0,1,Minor,Clear
1455,KAG_001456,Kaggle_road_csv,0,October,Wednesday,Unknown,Truck,Unidentified,2,31-50,18-30,Drunk/Drug Driving,Dry,Daylight,0,0,2,Minor,Clear
1456,KAG_001457,Kaggle_road_csv,0,May,Saturday,Unknown,Truck,Unidentified,2,18-30,18-30,Lane Violation,Dry,Dark,0,0,1,Serious,Clear
1457,KAG_001458,Kaggle_road_csv,0,October,Wednesday,Unknown,Truck,Unidentified,2,Over 51,Unknown,Speeding,Dry,Dark,0,0,1,Serious,Clear
1458,KAG_001459,Kaggle_road_csv,0,April,Tuesday,Unknown,Truck,Unidentified,2,Unknown,18-30,No Distancing/Rear End,Dry,Daylight,0,0,1,Minor,Clear
1459,KAG_001460,Kaggle_road_csv,0,October,Saturday,Unknown,Truck,Unidentified,1,Unknown,Under 18,Reckless Driving,Dry,Dark,0,0,1,Minor,Clear
1460,KAG_001461,Kaggle_road_csv,0,May,Tuesday,Unknown,Truck,Unidentified,2,18-30,Unknown,No Distancing/Rear End,Dry,Dark,0,0,1,Minor,Clear
1461,KAG_001462,Kaggle_road_csv,0,May,Friday,Unknown,Truck,Unidentified,2,18-30,31-50,Lane Violation,Wet,Daylight,0,0,4,Minor,Clear
1462,KAG_001463,Kaggle_road_csv,0,March,Thursday,Unknown,Truck,Unidentified,3,31-50,Unknown,Lane Violation,Wet,Dark,0,0,2,Serious,Clear
1463,KAG_001464,Kaggle_road_csv,0,March,Thursday,Unknown,Truck,Unidentified,2,18-30,31-50,Reckless Driving,Dry,Dark,0,0,1,Minor,Clear
1464,KAG_001465,Kaggle_road_csv,0,May,Tuesday,Unknown,Truck,Unidentified,2,31-50,18-30,Loss of Control,Dry,Daylight,0,0,1,Minor,Clear
1465,KAG_001466,Kaggle_road_csv,0,May,Thursday,Unknown,Truck,Unidentified,2,Unknown,18-30,Reckless Driving,Dry,Daylight,0,0,1,Minor,Clear
1466,KAG_001467,Kaggle_road_csv,0,February,Tuesday,Unknown,Truck,Unidentified,1,31-50,Under 18,No Distancing/Rear End,Wet,Dark,0,0,1,Minor,Cold
1467,KAG_001468,Kaggle_road_csv,0,April,Monday,Unknown,Truck,Unidentified,1,18-30,Unknown,No Distancing/Rear End,Dry,Daylight,0,0,1,Minor,Clear
1468,KAG_001469,Kaggle_road_csv,0,May,Thursday,Unknown,Truck,Unidentified,1,31-50,18-30,Reckless Driving,Dry,Dark,0,0,1,Minor,Clear
1469,KAG_001470,Kaggle_road_csv,0,October,Tuesday,Unknown,Truck,Unidentified,2,31-50,Unknown,Drunk/Drug Driving,Dry,Dark,0,0,1,Minor,Clear
1470,KAG_001471,Kaggle_road_csv,0,May,Tuesday,Unknown,Truck,Unidentified,2,31-50,18-30,No Distancing/Rear End,Dry,Dark,0,0,1,Minor,Clear
1471,KAG_001472,Kaggle_road_csv,0,April,Monday,Unknown,Truck,Unidentified,2,18-30,Unknown,No Distancing/Rear End,Dry,Daylight,0,0,1,Serious,Clear
1472,KAG_001473,Kaggle_road_csv,0,March,Friday,Unknown,Truck,Unidentified,2,Unknown,31-50,Lane Violation,Dry,Dark,0,0,1,Minor,Clear
1473,KAG_001474,Kaggle_road_csv,0,April,Wednesday,Unknown,Truck,Unidentified,2,31-50,31-50,Reckless Driving,Dry,Daylight,0,0,1,Minor,Clear
1474,KAG_001475,Kaggle_road_csv,0,April,Friday,Unknown,Truck,Unidentified,4,18-30,Unknown,Reckless Driving,Dry,Dark,0,0,1,Minor,Clear
1475,KAG_001476,Kaggle_road_csv,0,May,Saturday,Unknown,Truck,Unidentified,1,Unknown,31-50,No Distancing/Rear End,Dry,Daylight,0,0,1,Minor,Clear
1476,KAG_001477,Kaggle_road_csv,0,March,Wednesday,Unknown,Truck,Unidentified,3,Over 51,Over 51,Lane Violation,Dry,Daylight,0,0,1,Minor,Clear
1477,KAG_001478,Kaggle_road_csv,0,May,Wednesday,Unknown,Truck,Unidentified,3,18-30,Under 18,Reckless Driving,Dry,Daylight,0,0,1,Minor,Clear
1478,KAG_001479,Kaggle_road_csv,0,March,Wednesday,Unknown,Truck,Unidentified,3,Unknown,31-50,Lane Violation,Dry,Daylight,0,0,1,Minor,Clear
1479,KAG_001480,Kaggle_road_csv,0,May,Tuesday,Unknown,Truck,Unidentified,2,18-30,31-50,No Distancing/Rear End,Dry,Daylight,0,0,1,Minor,Clear
1480,KAG_001481,Kaggle_road_csv,0,June,Monday,Unknown,Truck,Unidentified,3,18-30,18-30,Reckless Driving,Wet,Daylight,0,0,1,Minor,Rainy
1481,KAG_001482,Kaggle_road_csv,0,October,Tuesday,Unknown,Truck,Unidentified,1,Unknown,31-50,No Distancing/Rear End,Dry,Dark,0,0,2,Minor,Clear
1482,KAG_001483,Kaggle_road_csv,0,April,Saturday,Unknown,Truck,Unidentified,2,31-50,18-30,Reckless Driving,Dry,Daylight,0,0,1,Minor,Clear
1483,KAG_001484,Kaggle_road_csv,0,May,Sunday,Unknown,Truck,Unidentified,2,31-50,Unknown,Reckless Driving,Dry,Daylight,0,0,1,Minor,Clear
1484,KAG_001485,Kaggle_road_csv,0,September,Sunday,Unknown,Truck,Unidentified,2,Unknown,Unknown,Lane Violation,Wet,Daylight,0,0,1,Minor,Rainy
1485,KAG_001486,Kaggle_road_csv,0,June,Monday,Unknown,Truck,Unidentified,3,Unknown,18-30,Drunk/Drug Driving,Wet,Dark,0,0,1,Minor,Rainy
1486,KAG_001487,Kaggle_road_csv,0,June,Monday,Unknown,Truck,Unidentified,3,31-50,Unknown,No Distancing/Rear End,Wet,Dark,0,0,1,Minor,Rainy
1487,KAG_001488,Kaggle_road_csv,0,April,Tuesday,Unknown,Truck,Unidentified,1,18-30,Over 51,Lane Violation,Dry,Daylight,0,0,1,Minor,Clear
1488,KAG_001489,Kaggle_road_csv,0,October,Friday,Unknown,Truck,Unidentified,1,18-30,Over 51,Lane Violation,Dry,Dark,0,0,1,Serious,Clear
1489,KAG_001490,Kaggle_road_csv,0,April,Friday,Unknown,Truck,Unidentified,1,Over 51,Under 18,No Distancing/Rear End,Dry,Daylight,0,0,1,Minor,Clear
1490,KAG_001491,Kaggle_road_csv,0,March,Thursday,Unknown,Truck,Unidentified,3,Unknown,Under 18,No Distancing/Rear End,Wet,Dark,0,0,1,Fatal,Clear
1491,KAG_001492,Kaggle_road_csv,0,April,Sunday,Unknown,Truck,Unidentified,2,18-30,31-50,Lane Violation,Dry,Dark,0,0,1,Serious,Clear
1492,KAG_001493,Kaggle_road_csv,0,April,Friday,Unknown,Truck,Unidentified,2,Unknown,31-50,Lane Violation,Dry,Daylight,0,0,1,Minor,Clear
1493,KAG_001494,Kaggle_road_csv,0,September,Saturday,Unknown,Truck,Unidentified,2,18-30,Unknown,No Distancing/Rear End,Wet,Dark,0,0,1,Serious,Rainy
1494,KAG_001495,Kaggle_road_csv,0,March,Friday,Unknown,Truck,Unidentified,1,Unknown,Unknown,Lane Violation,Dry,Daylight,0,0,1,Minor,Clear
1495,KAG_001496,Kaggle_road_csv,0,May,Sunday,Unknown,Truck,Unidentified,1,18-30,Unknown,Lane Violation,Dry,Dark,0,0,2,Serious,Clear
1496,KAG_001497,Kaggle_road_csv,0,April,Sunday,Unknown,Truck,Unidentified,1,18-30,18-30,Lane Violation,Dry,Dark,0,0,2,Serious,Clear
1497,KAG_001498,Kaggle_road_csv,0,May,Friday,Unknown,Truck,Unidentified,2,Under 18,18-30,Reckless Driving,Dry,Dark,0,0,3,Minor,Clear
1498,KAG_001499,Kaggle_road_csv,0,April,Friday,Unknown,Truck,Unidentified,2,18-30,Unknown,Reckless Driving,Dry,Dark,0,0,3,Minor,Clear
1499,KAG_001500,Kaggle_road_csv,0,April,Wednesday,Unknown,Truck,Unidentified,2,31-50,18-30,No Distancing/Rear End,Dry,Daylight,0,0,1,Minor,Clear
1500,KAG_001501,Kaggle_road_csv,0,March,Wednesday,Unknown,Truck,Unidentified,2,31-50,18-30,Lane Violation,Dry,Daylight,0,0,1,Minor,Clear
1501,KAG_001502,Kaggle_road_csv,0,October,Friday,Unknown,Truck,Unidentified,2,Over 51,Under 18,Reckless Driving,Dry,Daylight,0,0,1,Serious,Clear
1502,KAG_001503,Kaggle_road_csv,0,April,Saturday,Unknown,Truck,Unidentified,2,Under 18,Under 18,No Distancing/Rear End,Dry,Daylight,0,0,1,Minor,Clear
1503,KAG_001504,Kaggle_road_csv,0,March,Saturday,Unknown,Truck,Unidentified,2,Unknown,31-50,Reckless Driving,Dry,Daylight,0,0,1,Minor,Clear
1504,KAG_001505,Kaggle_road_csv,0,May,Monday,Unknown,Truck,Unidentified,1,18-30,31-50,Lane Violation,Dry,Daylight,0,0,1,Minor,Clear
1505,KAG_001506,Kaggle_road_csv,0,May,Wednesday,Unknown,Truck,Unidentified,2,Unknown,Unknown,Drunk/Drug Driving,Wet,Daylight,0,0,1,Minor,Clear
1506,KAG_001507,Kaggle_road_csv,0,March,Tuesday,Unknown,Truck,Unidentified,2,Unknown,18-30,No Distancing/Rear End,Wet,Dark,0,0,1,Minor,Clear
1507,KAG_001508,Kaggle_road_csv,0,September,Saturday,Unknown,Truck,Unidentified,3,31-50,Unknown,Reckless Driving,Wet,Dark,0,0,1,Minor,Rainy
1508,KAG_001509,Kaggle_road_csv,0,April,Monday,Unknown,Truck,Unidentified,3,Over 51,Over 51,No Distancing/Rear End,Dry,Dark,0,0,1,Minor,Clear
1509,KAG_001510,Kaggle_road_csv,0,March,Monday,Unknown,Truck,Unidentified,2,18-30,18-30,Reckless Driving,Dry,Daylight,0,0,4,Serious,Clear
1510,KAG_001511,Kaggle_road_csv,0,April,Monday,Unknown,Truck,Unidentified,2,Under 18,Unknown,Reckless Driving,Dry,Daylight,0,0,4,Serious,Clear
1511,KAG_001512,Kaggle_road_csv,0,June,Thursday,Unknown,Truck,Unidentified,2,18-30,31-50,Loss of Control,Wet,Daylight,0,0,1,Serious,Rainy
1512,KAG_001513,Kaggle_road_csv,0,August,Thursday,Unknown,Truck,Unidentified,2,Under 18,31-50,Reckless Driving,Wet,Daylight,0,0,1,Serious,Rainy
1513,KAG_001514,Kaggle_road_csv,0,March,Thursday,Unknown,Truck,Unidentified,2,18-30,Unknown,Reckless Driving,Dry,Daylight,0,0,2,Minor,Clear
1514,KAG_001515,Kaggle_road_csv,0,May,Sunday,Unknown,Truck,Unidentified,2,18-30,18-30,Lane Violation,Dry,Dark,0,0,1,Minor,Clear
1515,KAG_001516,Kaggle_road_csv,0,March,Sunday,Unknown,Truck,Unidentified,2,31-50,Under 18,No Distancing/Rear End,Dry,Dark,0,0,1,Minor,Clear
1516,KAG_001517,Kaggle_road_csv,0,March,Tuesday,Unknown,Truck,Unidentified,2,Unknown,Unknown,Lane Violation,Dry,Daylight,0,0,1,Minor,Clear
1517,KAG_001518,Kaggle_road_csv,0,March,Wednesday,Unknown,Truck,Unidentified,3,Unknown,Unknown,No Distancing/Rear End,Dry,Daylight,0,0,1,Minor,Clear
1518,KAG_001519,Kaggle_road_csv,0,October,Wednesday,Unknown,Truck,Unidentified,2,18-30,Under 18,Drunk/Drug Driving,Dry,Daylight,0,0,4,Fatal,Clear
1519,KAG_001520,Kaggle_road_csv,0,March,Wednesday,Unknown,Truck,Unidentified,2,31-50,31-50,Reckless Driving,Dry,Daylight,0,0,4,Fatal,Clear
1520,KAG_001521,Kaggle_road_csv,0,March,Wednesday,Unknown,Truck,Unidentified,2,31-50,Under 18,Lane Violation,Dry,Daylight,0,0,4,Fatal,Clear
1521,KAG_001522,Kaggle_road_csv,0,October,Monday,Unknown,Truck,Unidentified,2,31-50,Under 18,Reckless Driving,Dry,Daylight,0,0,1,Minor,Clear
1522,KAG_001523,Kaggle_road_csv,0,July,Tuesday,Unknown,Truck,Unidentified,2,18-30,18-30,No Distancing/Rear End,Wet,Dark,0,0,1,Minor,Rainy
1523,KAG_001524,Kaggle_road_csv,0,September,Tuesday,Unknown,Truck,Unidentified,2,Under 18,Unknown,Lane Violation,Wet,Dark,0,0,1,Minor,Rainy
1524,KAG_001525,Kaggle_road_csv,0,October,Monday,Unknown,Truck,Unidentified,2,Unknown,Unknown,Reckless Driving,Dry,Dark,0,0,2,Minor,Clear
1525,KAG_001526,Kaggle_road_csv,0,April,Tuesday,Unknown,Truck,Unidentified,2,18-30,31-50,No Distancing/Rear End,Dry,Daylight,0,0,3,Minor,Clear
1526,KAG_001527,Kaggle_road_csv,0,May,Wednesday,Unknown,Truck,Unidentified,2,31-50,31-50,Loss of Control,Dry,Daylight,0,0,1,Minor,Clear
1527,KAG_001528,Kaggle_road_csv,0,March,Sunday,Unknown,Truck,Unidentified,2,31-50,18-30,Reckless Driving,Dry,Daylight,0,0,2,Minor,Clear
1528,KAG_001529,Kaggle_road_csv,0,May,Tuesday,Unknown,Truck,Unidentified,2,Unknown,Unknown,Lane Violation,Dry,Daylight,0,0,1,Serious,Clear
1529,KAG_001530,Kaggle_road_csv,0,March,Tuesday,Unknown,Truck,Unidentified,2,Over 51,Under 18,Reckless Driving,Dry,Daylight,0,0,1,Serious,Clear
1530,KAG_001531,Kaggle_road_csv,0,May,Wednesday,Unknown,Truck,Unidentified,2,Unknown,31-50,Lane Violation,Dry,Daylight,0,0,1,Minor,Clear
1531,KAG_001532,Kaggle_road_csv,0,May,Thursday,Unknown,Truck,Unidentified,2,Over 51,Unknown,Reckless Driving,Dry,Daylight,0,0,1,Minor,Clear
1532,KAG_001533,Kaggle_road_csv,0,May,Tuesday,Unknown,Truck,Unidentified,2,Unknown,Under 18,Unknown/Other,Dry,Daylight,0,0,1,Minor,Clear
1533,KAG_001534,Kaggle_road_csv,0,March,Tuesday,Unknown,Truck,Unidentified,2,31-50,31-50,No Distancing/Rear End,Dry,Daylight,0,0,1,Minor,Clear
1534,KAG_001535,Kaggle_road_csv,0,March,Wednesday,Unknown,Truck,Unidentified,4,Unknown,18-30,Reckless Driving,Dry,Daylight,0,0,2,Minor,Clear
1535,KAG_001536,Kaggle_road_csv,0,October,Thursday,Unknown,Truck,Unidentified,2,Unknown,18-30,Lane Violation,Dry,Daylight,0,0,1,Minor,Clear
1536,KAG_001537,Kaggle_road_csv,0,April,Thursday,Unknown,Truck,Unidentified,2,Under 18,18-30,Speeding,Dry,Daylight,0,0,1,Minor,Clear
1537,KAG_001538,Kaggle_road_csv,0,March,Tuesday,Unknown,Truck,Unidentified,1,31-50,Over 51,No Distancing/Rear End,Dry,Daylight,0,0,1,Minor,Clear
1538,KAG_001539,Kaggle_road_csv,0,April,Friday,Unknown,Truck,Unidentified,2,Unknown,Unknown,Reckless Driving,Dry,Daylight,0,0,1,Minor,Clear
1539,KAG_001540,Kaggle_road_csv,0,October,Thursday,Unknown,Truck,Unidentified,2,18-30,Unknown,Lane Violation,Dry,Daylight,0,0,1,Minor,Clear
1540,KAG_001541,Kaggle_road_csv,0,May,Monday,Unknown,Truck,Unidentified,2,18-30,18-30,Lane Violation,Dry,Daylight,0,0,1,Minor,Clear
1541,KAG_001542,Kaggle_road_csv,0,March,Friday,Unknown,Truck,Unidentified,2,31-50,Over 51,Reckless Driving,Dry,Daylight,0,0,1,Minor,Clear
1542,KAG_001543,Kaggle_road_csv,0,October,Tuesday,Unknown,Truck,Unidentified,2,Unknown,Under 18,No Distancing/Rear End,Dry,Daylight,0,0,1,Minor,Clear
1543,KAG_001544,Kaggle_road_csv,0,May,Thursday,Unknown,Truck,Unidentified,2,Under 18,31-50,Lane Violation,Dry,Daylight,0,0,1,Minor,Clear
1544,KAG_001545,Kaggle_road_csv,0,October,Thursday,Unknown,Truck,Unidentified,2,31-50,18-30,No Distancing/Rear End,Dry,Daylight,0,0,1,Minor,Clear
1545,KAG_001546,Kaggle_road_csv,0,March,Tuesday,Unknown,Truck,Unidentified,2,Unknown,31-50,No Distancing/Rear End,Dry,Daylight,0,0,1,Minor,Clear
1546,KAG_001547,Kaggle_road_csv,0,May,Tuesday,Unknown,Truck,Unidentified,2,31-50,18-30,Reckless Driving,Dry,Daylight,0,0,1,Minor,Clear
1547,KAG_001548,Kaggle_road_csv,0,April,Thursday,Unknown,Truck,Unidentified,2,18-30,Unknown,No Distancing/Rear End,Dry,Daylight,0,0,1,Serious,Clear
1548,KAG_001549,Kaggle_road_csv,0,May,Friday,Unknown,Truck,Unidentified,2,18-30,18-30,Loss of Control,Dry,Daylight,0,0,1,Serious,Clear
1549,KAG_001550,Kaggle_road_csv,0,March,Saturday,Unknown,Truck,Unidentified,2,18-30,Unknown,Reckless Driving,Dry,Dark,0,0,1,Minor,Clear
1550,KAG_001551,Kaggle_road_csv,0,April,Thursday,Unknown,Truck,Unidentified,2,31-50,Unknown,No Distancing/Rear End,Dry,Daylight,0,0,2,Minor,Clear
1551,KAG_001552,Kaggle_road_csv,0,March,Monday,Unknown,Truck,Unidentified,2,Unknown,18-30,Reckless Driving,Dry,Daylight,0,0,1,Minor,Clear
1552,KAG_001553,Kaggle_road_csv,0,April,Saturday,Unknown,Truck,Unidentified,2,31-50,31-50,Reckless Driving,Dry,Daylight,0,0,2,Minor,Clear
1553,KAG_001554,Kaggle_road_csv,0,October,Monday,Unknown,Truck,Unidentified,2,Under 18,Over 51,Lane Violation,Dry,Daylight,0,0,1,Minor,Clear
1554,KAG_001555,Kaggle_road_csv,0,April,Thursday,Unknown,Truck,Unidentified,2,31-50,18-30,Reckless Driving,Dry,Daylight,0,0,1,Minor,Clear
1555,KAG_001556,Kaggle_road_csv,0,August,Wednesday,Unknown,Truck,Unidentified,2,18-30,Unknown,Lane Violation,Wet,Daylight,0,0,2,Minor,Rainy
1556,KAG_001557,Kaggle_road_csv,0,April,Friday,Unknown,Truck,Unidentified,2,Unknown,Unknown,Reckless Driving,Wet,Daylight,0,0,1,Minor,Clear
1557,KAG_001558,Kaggle_road_csv,0,March,Thursday,Unknown,Truck,Unidentified,3,Under 18,Unknown,Lane Violation,Dry,Daylight,0,0,4,Serious,Clear
1558,KAG_001559,Kaggle_road_csv,0,May,Thursday,Unknown,Truck,Unidentified,3,31-50,31-50,Lane Violation,Dry,Daylight,0,0,4,Serious,Clear
1559,KAG_001560,Kaggle_road_csv,0,October,Saturday,Unknown,Truck,Unidentified,4,31-50,Unknown,Lane Violation,Dry,Daylight,0,0,1,Minor,Clear
1560,KAG_001561,Kaggle_road_csv,0,April,Tuesday,Unknown,Truck,Unidentified,2,18-30,Unknown,Unknown/Other,Dry,Daylight,0,0,2,Minor,Clear
1561,KAG_001562,Kaggle_road_csv,0,October,Thursday,Unknown,Truck,Unidentified,3,Unknown,Unknown,Reckless Driving,Dry,Daylight,0,0,1,Minor,Clear
1562,KAG_001563,Kaggle_road_csv,0,March,Sunday,Unknown,Truck,Unidentified,2,31-50,18-30,Lane Violation,Dry,Dark,0,0,5,Minor,Clear
1563,KAG_001564,Kaggle_road_csv,0,October,Sunday,Unknown,Truck,Unidentified,2,31-50,Unknown,Lane Violation,Dry,Dark,0,0,5,Minor,Clear
1564,KAG_001565,Kaggle_road_csv,0,April,Thursday,Unknown,Truck,Unidentified,1,18-30,18-30,Speeding,Dry,Dark,0,0,1,Minor,Clear
1565,KAG_001566,Kaggle_road_csv,0,March,Thursday,Unknown,Truck,Unidentified,2,Unknown,Over 51,No Distancing/Rear End,Dry,Dark,0,0,1,Serious,Clear
1566,KAG_001567,Kaggle_road_csv,0,October,Monday,Unknown,Truck,Unidentified,1,31-50,Unknown,Unknown/Other,Dry,Dark,0,0,1,Minor,Clear
1567,KAG_001568,Kaggle_road_csv,0,May,Thursday,Unknown,Truck,Unidentified,2,18-30,Unknown,No Distancing/Rear End,Dry,Daylight,0,0,2,Minor,Clear
1568,KAG_001569,Kaggle_road_csv,0,April,Friday,Unknown,Truck,Unidentified,4,18-30,18-30,Reckless Driving,Dry,Daylight,0,0,1,Minor,Clear
1569,KAG_001570,Kaggle_road_csv,0,March,Friday,Unknown,Truck,Unidentified,4,18-30,Unknown,No Distancing/Rear End,Dry,Daylight,0,0,1,Minor,Clear
1570,KAG_001571,Kaggle_road_csv,0,May,Friday,Unknown,Truck,Unidentified,4,18-30,Over 51,No Distancing/Rear End,Dry,Daylight,0,0,1,Minor,Clear
1571,KAG_001572,Kaggle_road_csv,0,March,Sunday,Unknown,Truck,Unidentified,2,31-50,Unknown,Reckless Driving,Dry,Daylight,0,0,1,Minor,Clear
1572,KAG_001573,Kaggle_road_csv,0,March,Wednesday,Unknown,Truck,Unidentified,2,Unknown,Unknown,Lane Violation,Dry,Daylight,0,0,1,Minor,Clear
1573,KAG_001574,Kaggle_road_csv,0,May,Monday,Unknown,Truck,Unidentified,2,31-50,18-30,Lane Violation,Dry,Daylight,0,0,6,Serious,Clear
1574,KAG_001575,Kaggle_road_csv,0,October,Monday,Unknown,Truck,Unidentified,2,31-50,18-30,Reckless Driving,Dry,Daylight,0,0,6,Serious,Clear
1575,KAG_001576,Kaggle_road_csv,0,October,Monday,Unknown,Truck,Unidentified,2,31-50,Unknown,No Distancing/Rear End,Dry,Daylight,0,0,6,Serious,Clear
1576,KAG_001577,Kaggle_road_csv,0,April,Monday,Unknown,Truck,Unidentified,2,Unknown,18-30,Unknown/Other,Dry,Daylight,0,0,1,Minor,Clear
1577,KAG_001578,Kaggle_road_csv,0,May,Monday,Unknown,Truck,Unidentified,1,Over 51,Unknown,Lane Violation,Dry,Daylight,0,0,1,Serious,Clear
1578,KAG_001579,Kaggle_road_csv,0,March,Monday,Unknown,Truck,Unidentified,1,18-30,31-50,Reckless Driving,Dry,Dark,0,0,1,Minor,Clear
1579,KAG_001580,Kaggle_road_csv,0,June,Monday,Unknown,Truck,Unidentified,1,Under 18,Unknown,Lane Violation,Wet,Daylight,0,0,1,Minor,Rainy
1580,KAG_001581,Kaggle_road_csv,0,April,Monday,Unknown,Truck,Unidentified,2,Unknown,18-30,Reckless Driving,Dry,Daylight,0,0,1,Minor,Clear
1581,KAG_001582,Kaggle_road_csv,0,April,Sunday,Unknown,Truck,Unidentified,2,Unknown,Over 51,Lane Violation,Dry,Daylight,0,0,1,Minor,Clear
1582,KAG_001583,Kaggle_road_csv,0,April,Monday,Unknown,Truck,Unidentified,2,18-30,Unknown,Reckless Driving,Dry,Daylight,0,0,2,Minor,Clear
1583,KAG_001584,Kaggle_road_csv,0,May,Monday,Unknown,Truck,Unidentified,1,31-50,Unknown,Reckless Driving,Dry,Daylight,0,0,1,Serious,Clear
1584,KAG_001585,Kaggle_road_csv,0,March,Tuesday,Unknown,Truck,Unidentified,1,18-30,31-50,Lane Violation,Dry,Daylight,0,0,1,Serious,Clear
1585,KAG_001586,Kaggle_road_csv,0,April,Sunday,Unknown,Truck,Unidentified,4,31-50,Unknown,Lane Violation,Dry,Daylight,0,0,3,Serious,Clear
1586,KAG_001587,Kaggle_road_csv,0,October,Sunday,Unknown,Truck,Unidentified,4,31-50,Over 51,Loss of Control,Dry,Daylight,0,0,3,Serious,Clear
1587,KAG_001588,Kaggle_road_csv,0,October,Wednesday,Unknown,Truck,Unidentified,1,Unknown,Unknown,No Distancing/Rear End,Dry,Daylight,0,0,1,Minor,Clear
1588,KAG_001589,Kaggle_road_csv,0,April,Saturday,Unknown,Truck,Unidentified,2,31-50,Over 51,Lane Violation,Dry,Daylight,0,0,1,Minor,Clear
1589,KAG_001590,Kaggle_road_csv,0,June,Wednesday,Unknown,Truck,Unidentified,2,18-30,Unknown,Lane Violation,Wet,Daylight,0,0,2,Minor,Rainy
1590,KAG_001591,Kaggle_road_csv,0,October,Tuesday,Unknown,Truck,Unidentified,2,18-30,18-30,No Distancing/Rear End,Dry,Daylight,0,0,2,Minor,Clear
1591,KAG_001592,Kaggle_road_csv,0,October,Friday,Unknown,Truck,Unidentified,2,18-30,18-30,Reckless Driving,Dry,Daylight,0,0,1,Minor,Clear
1592,KAG_001593,Kaggle_road_csv,0,October,Thursday,Unknown,Truck,Unidentified,1,Unknown,31-50,No Distancing/Rear End,Dry,Dark,0,0,1,Fatal,Clear
1593,KAG_001594,Kaggle_road_csv,0,May,Tuesday,Unknown,Truck,Unidentified,2,Unknown,Under 18,No Distancing/Rear End,Dry,Daylight,0,0,3,Minor,Clear
1594,KAG_001595,Kaggle_road_csv,0,May,Tuesday,Unknown,Truck,Unidentified,2,18-30,31-50,No Distancing/Rear End,Dry,Daylight,0,0,3,Minor,Clear
1595,KAG_001596,Kaggle_road_csv,0,May,Monday,Unknown,Truck,Unidentified,1,18-30,31-50,Loss of Control,Dry,Daylight,0,0,1,Minor,Clear
1596,KAG_001597,Kaggle_road_csv,0,March,Sunday,Unknown,Truck,Unidentified,2,Unknown,Unknown,Lane Violation,Dry,Dark,0,0,1,Serious,Clear
1597,KAG_001598,Kaggle_road_csv,0,April,Sunday,Unknown,Truck,Unidentified,2,18-30,Over 51,No Distancing/Rear End,Dry,Dark,0,0,1,Serious,Clear
1598,KAG_001599,Kaggle_road_csv,0,April,Saturday,Unknown,Truck,Unidentified,2,Unknown,Unknown,Lane Violation,Dry,Daylight,0,0,1,Serious,Clear
1599,KAG_001600,Kaggle_road_csv,0,August,Friday,Unknown,Truck,Unidentified,2,31-50,31-50,Lane Violation,Wet,Daylight,0,0,4,Minor,Rainy
1600,KAG_001601,Kaggle_road_csv,0,March,Monday,Unknown,Truck,Unidentified,2,31-50,18-30,Speeding,Dry,Daylight,0,0,1,Minor,Clear
1601,KAG_001602,Kaggle_road_csv,0,April,Wednesday,Unknown,Truck,Unidentified,1,Unknown,31-50,Reckless Driving,Dry,Daylight,0,0,1,Serious,Clear
1602,KAG_001603,Kaggle_road_csv,0,July,Friday,Unknown,Truck,Unidentified,2,31-50,18-30,Reckless Driving,Wet,Daylight,0,0,3,Minor,Rainy
1603,KAG_001604,Kaggle_road_csv,0,June,Sunday,Unknown,Truck,Unidentified,3,18-30,31-50,Lane Violation,Wet,Daylight,0,0,1,Minor,Rainy
1604,KAG_001605,Kaggle_road_csv,0,August,Sunday,Unknown,Truck,Unidentified,3,18-30,Unknown,Reckless Driving,Wet,Daylight,0,0,1,Minor,Rainy
1605,KAG_001606,Kaggle_road_csv,0,July,Sunday,Unknown,Truck,Unidentified,3,Over 51,31-50,No Distancing/Rear End,Wet,Daylight,0,0,1,Minor,Rainy
1606,KAG_001607,Kaggle_road_csv,0,October,Friday,Unknown,Truck,Unidentified,2,18-30,31-50,Reckless Driving,Dry,Daylight,0,0,2,Minor,Clear
1607,KAG_001608,Kaggle_road_csv,0,April,Thursday,Unknown,Truck,Unidentified,2,Unknown,18-30,No Distancing/Rear End,Dry,Daylight,0,0,1,Minor,Clear
1608,KAG_001609,Kaggle_road_csv,0,October,Wednesday,Unknown,Truck,Unidentified,2,18-30,Unknown,Lane Violation,Dry,Daylight,0,0,2,Minor,Clear
1609,KAG_001610,Kaggle_road_csv,0,March,Tuesday,Unknown,Truck,Unidentified,2,Over 51,18-30,Lane Violation,Dry,Daylight,0,0,1,Minor,Clear
1610,KAG_001611,Kaggle_road_csv,0,September,Monday,Unknown,Truck,Unidentified,2,18-30,Under 18,No Distancing/Rear End,Wet,Daylight,0,0,1,Minor,Rainy
1611,KAG_001612,Kaggle_road_csv,0,October,Thursday,Unknown,Truck,Unidentified,2,18-30,Unknown,No Distancing/Rear End,Dry,Daylight,0,0,1,Minor,Clear
1612,KAG_001613,Kaggle_road_csv,0,March,Wednesday,Unknown,Truck,Unidentified,2,18-30,31-50,Lane Violation,Dry,Dark,0,0,2,Minor,Clear
1613,KAG_001614,Kaggle_road_csv,0,July,Monday,Unknown,Truck,Unidentified,2,18-30,31-50,Unknown/Other,Wet,Daylight,0,0,1,Minor,Rainy
1614,KAG_001615,Kaggle_road_csv,0,August,Monday,Unknown,Truck,Unidentified,2,31-50,Under 18,Lane Violation,Wet,Daylight,0,0,1,Minor,Rainy
1615,KAG_001616,Kaggle_road_csv,0,October,Friday,Unknown,Truck,Unidentified,3,18-30,18-30,No Distancing/Rear End,Dry,Daylight,0,0,2,Minor,Clear
1616,KAG_001617,Kaggle_road_csv,0,April,Friday,Unknown,Truck,Unidentified,2,18-30,31-50,Reckless Driving,Dry,Daylight,0,0,1,Minor,Clear
1617,KAG_001618,Kaggle_road_csv,0,October,Friday,Unknown,Truck,Unidentified,2,31-50,31-50,Unknown/Other,Dry,Daylight,0,0,1,Minor,Clear
1618,KAG_001619,Kaggle_road_csv,0,May,Friday,Unknown,Truck,Unidentified,2,18-30,18-30,No Distancing/Rear End,Dry,Daylight,0,0,3,Minor,Clear
1619,KAG_001620,Kaggle_road_csv,0,May,Wednesday,Unknown,Truck,Unidentified,1,Over 51,Unknown,Reckless Driving,Dry,Daylight,0,0,1,Minor,Clear
1620,KAG_001621,Kaggle_road_csv,0,May,Monday,Unknown,Truck,Unidentified,3,18-30,18-30,Lane Violation,Dry,Dark,0,0,3,Minor,Clear
1621,KAG_001622,Kaggle_road_csv,0,April,Monday,Unknown,Truck,Unidentified,1,Unknown,Unknown,Reckless Driving,Dry,Daylight,0,0,1,Serious,Clear
1622,KAG_001623,Kaggle_road_csv,0,October,Thursday,Unknown,Truck,Unidentified,3,18-30,Unknown,Reckless Driving,Dry,Dark,0,0,3,Minor,Clear
1623,KAG_001624,Kaggle_road_csv,0,March,Thursday,Unknown,Truck,Unidentified,2,18-30,Unknown,Reckless Driving,Dry,Daylight,0,0,1,Minor,Clear
1624,KAG_001625,Kaggle_road_csv,0,October,Thursday,Unknown,Truck,Unidentified,2,18-30,Unknown,No Distancing/Rear End,Dry,Daylight,0,0,2,Minor,Clear
1625,KAG_001626,Kaggle_road_csv,0,May,Thursday,Unknown,Truck,Unidentified,2,31-50,Unknown,Lane Violation,Dry,Daylight,0,0,1,Minor,Clear
1626,KAG_001627,Kaggle_road_csv,0,October,Wednesday,Unknown,Truck,Unidentified,2,18-30,18-30,No Distancing/Rear End,Dry,Daylight,0,0,3,Minor,Clear
1627,KAG_001628,Kaggle_road_csv,0,April,Wednesday,Unknown,Truck,Unidentified,2,31-50,Unknown,Unknown/Other,Dry,Daylight,0,0,3,Minor,Clear
1628,KAG_001629,Kaggle_road_csv,0,October,Monday,Unknown,Truck,Unidentified,1,18-30,Unknown,Lane Violation,Dry,Daylight,0,0,2,Serious,Clear
1629,KAG_001630,Kaggle_road_csv,0,May,Tuesday,Unknown,Truck,Unidentified,1,Over 51,Unknown,No Distancing/Rear End,Wet,Daylight,0,0,1,Minor,Clear
1630,KAG_001631,Kaggle_road_csv,0,October,Sunday,Unknown,Truck,Unidentified,2,Unknown,Under 18,Speeding,Dry,Dark,0,0,3,Minor,Clear
1631,KAG_001632,Kaggle_road_csv,0,March,Saturday,Unknown,Truck,Unidentified,2,18-30,Unknown,Lane Violation,Dry,Daylight,0,0,1,Minor,Clear
1632,KAG_001633,Kaggle_road_csv,0,October,Wednesday,Unknown,Truck,Unidentified,2,18-30,18-30,Reckless Driving,Dry,Daylight,0,0,1,Minor,Clear
1633,KAG_001634,Kaggle_road_csv,0,May,Wednesday,Unknown,Truck,Unidentified,2,Unknown,Unknown,No Distancing/Rear End,Dry,Daylight,0,0,1,Minor,Clear
1634,KAG_001635,Kaggle_road_csv,0,March,Tuesday,Unknown,Truck,Unidentified,1,Over 51,18-30,No Distancing/Rear End,Dry,Daylight,0,0,1,Minor,Clear
1635,KAG_001636,Kaggle_road_csv,0,May,Thursday,Unknown,Truck,Unidentified,2,Under 18,31-50,Reckless Driving,Dry,Daylight,0,0,1,Minor,Clear
1636,KAG_001637,Kaggle_road_csv,0,April,Monday,Unknown,Truck,Unidentified,2,31-50,18-30,Reckless Driving,Dry,Daylight,0,0,1,Minor,Clear
1637,KAG_001638,Kaggle_road_csv,0,May,Sunday,Unknown,Truck,Unidentified,1,18-30,Under 18,Reckless Driving,Dry,Dark,0,0,2,Minor,Clear
1638,KAG_001639,Kaggle_road_csv,0,March,Monday,Unknown,Truck,Unidentified,2,Unknown,31-50,No Distancing/Rear End,Dry,Daylight,0,0,1,Minor,Clear
1639,KAG_001640,Kaggle_road_csv,0,October,Saturday,Unknown,Truck,Unidentified,2,18-30,Under 18,Unknown/Other,Dry,Daylight,0,0,1,Minor,Clear
1640,KAG_001641,Kaggle_road_csv,0,September,Monday,Unknown,Truck,Unidentified,2,18-30,31-50,No Distancing/Rear End,Wet,Daylight,0,0,1,Minor,Rainy
1641,KAG_001642,Kaggle_road_csv,0,April,Sunday,Unknown,Truck,Unidentified,2,18-30,Unknown,No Distancing/Rear End,Dry,Daylight,0,0,2,Minor,Clear
1642,KAG_001643,Kaggle_road_csv,0,May,Sunday,Unknown,Truck,Unidentified,2,18-30,31-50,Lane Violation,Dry,Daylight,0,0,2,Minor,Clear
1643,KAG_001644,Kaggle_road_csv,0,May,Tuesday,Unknown,Truck,Unidentified,2,31-50,Under 18,Lane Violation,Dry,Daylight,0,0,5,Minor,Clear
1644,KAG_001645,Kaggle_road_csv,0,March,Tuesday,Unknown,Truck,Unidentified,2,31-50,31-50,Reckless Driving,Dry,Daylight,0,0,5,Minor,Clear
1645,KAG_001646,Kaggle_road_csv,0,May,Friday,Unknown,Truck,Unidentified,2,Over 51,18-30,No Distancing/Rear End,Dry,Daylight,0,0,1,Minor,Clear
1646,KAG_001647,Kaggle_road_csv,0,April,Friday,Unknown,Truck,Unidentified,2,18-30,Unknown,Reckless Driving,Dry,Daylight,0,0,1,Minor,Clear
1647,KAG_001648,Kaggle_road_csv,0,March,Saturday,Unknown,Truck,Unidentified,2,Unknown,31-50,Lane Violation,Dry,Daylight,0,0,1,Serious,Clear
1648,KAG_001649,Kaggle_road_csv,0,March,Wednesday,Unknown,Truck,Unidentified,2,31-50,Under 18,Reckless Driving,Dry,Daylight,0,0,2,Minor,Clear
1649,KAG_001650,Kaggle_road_csv,0,May,Wednesday,Unknown,Truck,Unidentified,2,18-30,Unknown,Lane Violation,Dry,Daylight,0,0,2,Minor,Clear
1650,KAG_001651,Kaggle_road_csv,0,March,Tuesday,Unknown,Truck,Unidentified,2,31-50,18-30,Lane Violation,Dry,Daylight,0,0,2,Minor,Clear
1651,KAG_001652,Kaggle_road_csv,0,October,Wednesday,Unknown,Truck,Unidentified,2,31-50,31-50,No Distancing/Rear End,Dry,Daylight,0,0,2,Minor,Clear
1652,KAG_001653,Kaggle_road_csv,0,September,Wednesday,Unknown,Truck,Unidentified,3,18-30,Unknown,No Distancing/Rear End,Wet,Daylight,0,0,4,Minor,Rainy
1653,KAG_001654,Kaggle_road_csv,0,July,Wednesday,Unknown,Truck,Unidentified,3,Unknown,18-30,No Distancing/Rear End,Wet,Daylight,0,0,4,Minor,Rainy
1654,KAG_001655,Kaggle_road_csv,0,July,Wednesday,Unknown,Truck,Unidentified,3,Unknown,18-30,Lane Violation,Wet,Daylight,0,0,4,Minor,Rainy
1655,KAG_001656,Kaggle_road_csv,0,April,Thursday,Unknown,Truck,Unidentified,1,Over 51,Over 51,Lane Violation,Dry,Daylight,0,0,4,Minor,Clear
1656,KAG_001657,Kaggle_road_csv,0,March,Saturday,Unknown,Truck,Unidentified,3,31-50,Unknown,Lane Violation,Dry,Daylight,0,0,2,Minor,Clear
1657,KAG_001658,Kaggle_road_csv,0,May,Sunday,Unknown,Truck,Unidentified,3,18-30,Unknown,No Distancing/Rear End,Dry,Dark,0,0,2,Minor,Clear
1658,KAG_001659,Kaggle_road_csv,0,October,Sunday,Unknown,Truck,Unidentified,3,18-30,Under 18,Reckless Driving,Dry,Dark,0,0,2,Minor,Clear
1659,KAG_001660,Kaggle_road_csv,0,October,Sunday,Unknown,Truck,Unidentified,3,31-50,Over 51,Lane Violation,Dry,Dark,0,0,2,Minor,Clear
1660,KAG_001661,Kaggle_road_csv,0,April,Tuesday,Unknown,Truck,Unidentified,2,Unknown,18-30,No Distancing/Rear End,Dry,Daylight,0,0,1,Minor,Clear
1661,KAG_001662,Kaggle_road_csv,0,June,Friday,Unknown,Truck,Unidentified,1,18-30,18-30,No Distancing/Rear End,Wet,Daylight,0,0,1,Minor,Rainy
1662,KAG_001663,Kaggle_road_csv,0,April,Friday,Unknown,Truck,Unidentified,4,18-30,Unknown,No Distancing/Rear End,Wet,Dark,0,0,4,Minor,Clear
1663,KAG_001664,Kaggle_road_csv,0,April,Tuesday,Unknown,Truck,Unidentified,2,31-50,Unknown,Reckless Driving,Dry,Daylight,0,0,1,Minor,Clear
1664,KAG_001665,Kaggle_road_csv,0,May,Friday,Unknown,Truck,Unidentified,3,31-50,Unknown,Reckless Driving,Dry,Daylight,0,0,3,Minor,Clear
1665,KAG_001666,Kaggle_road_csv,0,July,Wednesday,Unknown,Truck,Unidentified,3,31-50,Over 51,No Distancing/Rear End,Wet,Daylight,0,0,1,Minor,Rainy
1666,KAG_001667,Kaggle_road_csv,0,April,Thursday,Unknown,Truck,Unidentified,1,Over 51,18-30,Unknown/Other,Dry,Daylight,0,0,1,Serious,Clear
1667,KAG_001668,Kaggle_road_csv,0,September,Monday,Unknown,Truck,Unidentified,2,18-30,Under 18,Lane Violation,Wet,Dark,0,0,2,Minor,Rainy
1668,KAG_001669,Kaggle_road_csv,0,March,Thursday,Unknown,Truck,Unidentified,2,31-50,18-30,Parking Issue,Dry,Daylight,0,0,2,Minor,Clear
1669,KAG_001670,Kaggle_road_csv,0,March,Tuesday,Unknown,Truck,Unidentified,2,31-50,Unknown,Lane Violation,Wet,Dark,0,0,1,Serious,Clear
1670,KAG_001671,Kaggle_road_csv,0,April,Wednesday,Unknown,Truck,Unidentified,2,Over 51,18-30,Lane Violation,Wet,Dark,0,0,1,Fatal,Clear
1671,KAG_001672,Kaggle_road_csv,0,March,Wednesday,Unknown,Truck,Unidentified,2,18-30,Unknown,No Distancing/Rear End,Wet,Dark,0,0,1,Fatal,Clear
1672,KAG_001673,Kaggle_road_csv,0,April,Tuesday,Unknown,Truck,Unidentified,2,Over 51,18-30,Reckless Driving,Dry,Daylight,0,0,1,Minor,Clear
1673,KAG_001674,Kaggle_road_csv,0,October,Friday,Unknown,Truck,Unidentified,1,18-30,Unknown,Reckless Driving,Wet,Dark,0,0,1,Minor,Clear
1674,KAG_001675,Kaggle_road_csv,0,May,Monday,Unknown,Truck,Unidentified,3,31-50,31-50,Lane Violation,Dry,Daylight,0,0,1,Minor,Clear
1675,KAG_001676,Kaggle_road_csv,0,October,Monday,Unknown,Truck,Unidentified,2,18-30,31-50,Speeding,Dry,Daylight,0,0,1,Minor,Clear
1676,KAG_001677,Kaggle_road_csv,0,March,Monday,Unknown,Truck,Unidentified,2,31-50,18-30,Lane Violation,Dry,Daylight,0,0,1,Minor,Clear
1677,KAG_001678,Kaggle_road_csv,0,March,Saturday,Unknown,Truck,Unidentified,2,18-30,18-30,Unknown/Other,Dry,Daylight,0,0,1,Minor,Clear
1678,KAG_001679,Kaggle_road_csv,0,April,Friday,Unknown,Truck,Unidentified,2,Under 18,Over 51,Lane Violation,Dry,Daylight,0,0,2,Minor,Clear
1679,KAG_001680,Kaggle_road_csv,0,April,Monday,Unknown,Truck,Unidentified,2,18-30,18-30,No Distancing/Rear End,Dry,Dark,0,0,1,Minor,Clear
1680,KAG_001681,Kaggle_road_csv,0,October,Monday,Unknown,Truck,Unidentified,2,31-50,Under 18,Unknown/Other,Dry,Dark,0,0,1,Minor,Clear
1681,KAG_001682,Kaggle_road_csv,0,April,Friday,Unknown,Truck,Unidentified,1,Unknown,31-50,Reckless Driving,Wet,Daylight,0,0,1,Minor,Clear
1682,KAG_001683,Kaggle_road_csv,0,October,Friday,Unknown,Truck,Unidentified,2,Unknown,31-50,Reckless Driving,Dry,Dark,0,0,1,Minor,Clear
1683,KAG_001684,Kaggle_road_csv,0,May,Tuesday,Unknown,Truck,Unidentified,2,Unknown,18-30,Reckless Driving,Dry,Daylight,0,0,1,Minor,Clear
1684,KAG_001685,Kaggle_road_csv,0,April,Sunday,Unknown,Truck,Unidentified,2,31-50,Unknown,Lane Violation,Dry,Daylight,0,0,1,Minor,Clear
1685,KAG_001686,Kaggle_road_csv,0,May,Monday,Unknown,Truck,Unidentified,2,18-30,18-30,No Distancing/Rear End,Wet,Daylight,0,0,1,Minor,Clear
1686,KAG_001687,Kaggle_road_csv,0,October,Tuesday,Unknown,Truck,Unidentified,1,Unknown,Under 18,Lane Violation,Dry,Daylight,0,0,1,Minor,Clear
1687,KAG_001688,Kaggle_road_csv,0,May,Monday,Unknown,Truck,Unidentified,2,Over 51,31-50,Loss of Control,Dry,Dark,0,0,1,Minor,Clear
1688,KAG_001689,Kaggle_road_csv,0,March,Wednesday,Unknown,Truck,Unidentified,2,18-30,Unknown,Lane Violation,Dry,Daylight,0,0,1,Serious,Clear
1689,KAG_001690,Kaggle_road_csv,0,July,Friday,Unknown,Truck,Unidentified,2,Unknown,Over 51,No Distancing/Rear End,Wet,Daylight,0,0,1,Minor,Rainy
1690,KAG_001691,Kaggle_road_csv,0,May,Sunday,Unknown,Truck,Unidentified,2,31-50,Unknown,No Distancing/Rear End,Dry,Dark,0,0,2,Minor,Clear
1691,KAG_001692,Kaggle_road_csv,0,April,Thursday,Unknown,Truck,Unidentified,2,Over 51,31-50,Lane Violation,Dry,Daylight,0,0,1,Serious,Clear
1692,KAG_001693,Kaggle_road_csv,0,October,Sunday,Unknown,Truck,Unidentified,3,31-50,Over 51,Reckless Driving,Dry,Daylight,0,0,2,Minor,Clear
1693,KAG_001694,Kaggle_road_csv,0,March,Saturday,Unknown,Truck,Unidentified,3,18-30,Unknown,Reckless Driving,Dry,Daylight,0,0,1,Minor,Clear
1694,KAG_001695,Kaggle_road_csv,0,April,Saturday,Unknown,Truck,Unidentified,1,Unknown,18-30,Unknown/Other,Dry,Daylight,0,0,1,Serious,Clear
1695,KAG_001696,Kaggle_road_csv,0,March,Tuesday,Unknown,Truck,Unidentified,2,18-30,31-50,Speeding,Dry,Daylight,0,0,1,Minor,Clear
1696,KAG_001697,Kaggle_road_csv,0,October,Tuesday,Unknown,Truck,Unidentified,2,Over 51,18-30,Unknown/Other,Dry,Daylight,0,0,1,Minor,Clear
1697,KAG_001698,Kaggle_road_csv,0,May,Monday,Unknown,Truck,Unidentified,1,Under 18,Unknown,Lane Violation,Dry,Daylight,0,0,1,Minor,Clear
1698,KAG_001699,Kaggle_road_csv,0,October,Monday,Unknown,Truck,Unidentified,2,Under 18,Unknown,Reckless Driving,Dry,Daylight,0,0,2,Minor,Clear
1699,KAG_001700,Kaggle_road_csv,0,March,Monday,Unknown,Truck,Unidentified,2,18-30,Under 18,Lane Violation,Dry,Daylight,0,0,2,Minor,Clear
1700,KAG_001701,Kaggle_road_csv,0,October,Thursday,Unknown,Truck,Unidentified,2,Unknown,18-30,Reckless Driving,Dry,Daylight,0,0,1,Minor,Clear
1701,KAG_001702,Kaggle_road_csv,0,March,Thursday,Unknown,Truck,Unidentified,3,Over 51,31-50,Loss of Control,Dry,Daylight,0,0,2,Minor,Clear
1702,KAG_001703,Kaggle_road_csv,0,May,Thursday,Unknown,Truck,Unidentified,2,Unknown,Unknown,Reckless Driving,Dry,Daylight,0,0,5,Minor,Clear
1703,KAG_001704,Kaggle_road_csv,0,October,Thursday,Unknown,Truck,Unidentified,2,31-50,Unknown,Reckless Driving,Dry,Daylight,0,0,5,Minor,Clear
1704,KAG_001705,Kaggle_road_csv,0,May,Thursday,Unknown,Truck,Unidentified,2,31-50,Unknown,Lane Violation,Dry,Daylight,0,0,5,Minor,Clear
1705,KAG_001706,Kaggle_road_csv,0,October,Thursday,Unknown,Truck,Unidentified,2,31-50,18-30,No Distancing/Rear End,Dry,Daylight,0,0,5,Minor,Clear
1706,KAG_001707,Kaggle_road_csv,0,October,Thursday,Unknown,Truck,Unidentified,2,Unknown,31-50,No Distancing/Rear End,Dry,Dark,0,0,1,Minor,Clear
1707,KAG_001708,Kaggle_road_csv,0,May,Tuesday,Unknown,Truck,Unidentified,2,31-50,Unknown,No Distancing/Rear End,Dry,Dark,0,0,5,Minor,Clear
1708,KAG_001709,Kaggle_road_csv,0,October,Tuesday,Unknown,Truck,Unidentified,2,18-30,18-30,Lane Violation,Dry,Dark,0,0,5,Minor,Clear
1709,KAG_001710,Kaggle_road_csv,0,April,Wednesday,Unknown,Truck,Unidentified,2,31-50,18-30,No Distancing/Rear End,Dry,Daylight,0,0,1,Minor,Clear
1710,KAG_001711,Kaggle_road_csv,0,May,Wednesday,Unknown,Truck,Unidentified,2,31-50,Over 51,Reckless Driving,Dry,Daylight,0,0,1,Minor,Clear
1711,KAG_001712,Kaggle_road_csv,0,May,Saturday,Unknown,Truck,Unidentified,2,18-30,Unknown,Reckless Driving,Dry,Daylight,0,0,1,Minor,Clear
1712,KAG_001713,Kaggle_road_csv,0,October,Sunday,Unknown,Truck,Unidentified,2,Under 18,Unknown,No Distancing/Rear End,Wet,Dark,0,0,3,Minor,Clear
1713,KAG_001714,Kaggle_road_csv,0,April,Sunday,Unknown,Truck,Unidentified,2,Under 18,31-50,Unknown/Other,Wet,Dark,0,0,3,Minor,Clear
1714,KAG_001715,Kaggle_road_csv,0,March,Sunday,Unknown,Truck,Unidentified,2,Unknown,Unknown,No Distancing/Rear End,Wet,Dark,0,0,3,Minor,Clear
1715,KAG_001716,Kaggle_road_csv,0,May,Thursday,Unknown,Truck,Unidentified,1,31-50,31-50,Reckless Driving,Dry,Daylight,0,0,1,Minor,Clear
1716,KAG_001717,Kaggle_road_csv,0,May,Friday,Unknown,Truck,Unidentified,2,Unknown,31-50,Reckless Driving,Dry,Daylight,0,0,1,Minor,Clear
1717,KAG_001718,Kaggle_road_csv,0,March,Saturday,Unknown,Truck,Unidentified,2,18-30,31-50,Reckless Driving,Dry,Daylight,0,0,1,Minor,Clear
1718,KAG_001719,Kaggle_road_csv,0,May,Wednesday,Unknown,Truck,Unidentified,2,Unknown,Unknown,Lane Violation,Dry,Daylight,0,0,1,Minor,Clear
1719,KAG_001720,Kaggle_road_csv,0,May,Wednesday,Unknown,Truck,Unidentified,2,Unknown,Under 18,Lane Violation,Dry,Daylight,0,0,1,Minor,Clear
1720,KAG_001721,Kaggle_road_csv,0,March,Monday,Unknown,Truck,Unidentified,4,31-50,31-50,Lane Violation,Dry,Daylight,0,0,1,Minor,Clear
1721,KAG_001722,Kaggle_road_csv,0,October,Tuesday,Unknown,Truck,Unidentified,2,31-50,31-50,Lane Violation,Dry,Daylight,0,0,1,Minor,Clear
1722,KAG_001723,Kaggle_road_csv,0,August,Saturday,Unknown,Truck,Unidentified,2,18-30,Unknown,Reckless Driving,Wet,Daylight,0,0,1,Serious,Rainy
1723,KAG_001724,Kaggle_road_csv,0,April,Thursday,Unknown,Truck,Unidentified,2,31-50,31-50,Lane Violation,Dry,Daylight,0,0,1,Minor,Clear
1724,KAG_001725,Kaggle_road_csv,0,April,Thursday,Unknown,Truck,Unidentified,2,31-50,31-50,Unknown/Other,Dry,Daylight,0,0,1,Minor,Clear
1725,KAG_001726,Kaggle_road_csv,0,April,Monday,Unknown,Truck,Unidentified,2,Over 51,31-50,Reckless Driving,Dry,Daylight,0,0,1,Minor,Clear
1726,KAG_001727,Kaggle_road_csv,0,March,Wednesday,Unknown,Truck,Unidentified,2,18-30,Unknown,No Distancing/Rear End,Dry,Daylight,0,0,1,Minor,Clear
1727,KAG_001728,Kaggle_road_csv,0,March,Wednesday,Unknown,Truck,Unidentified,2,Unknown,Unknown,Reckless Driving,Dry,Daylight,0,0,1,Minor,Clear
1728,KAG_001729,Kaggle_road_csv,0,October,Friday,Unknown,Truck,Unidentified,2,18-30,18-30,No Distancing/Rear End,Dry,Daylight,0,0,1,Serious,Clear
1729,KAG_001730,Kaggle_road_csv,0,May,Monday,Unknown,Truck,Unidentified,1,31-50,31-50,Lane Violation,Dry,Daylight,0,0,1,Minor,Clear
1730,KAG_001731,Kaggle_road_csv,0,October,Saturday,Unknown,Truck,Unidentified,2,18-30,Unknown,Lane Violation,Dry,Daylight,0,0,1,Minor,Clear
1731,KAG_001732,Kaggle_road_csv,0,March,Saturday,Unknown,Truck,Unidentified,2,Over 51,31-50,No Distancing/Rear End,Dry,Daylight,0,0,1,Minor,Clear
1732,KAG_001733,Kaggle_road_csv,0,July,Sunday,Unknown,Truck,Unidentified,1,31-50,31-50,No Distancing/Rear End,Wet,Dark,0,0,1,Minor,Rainy
1733,KAG_001734,Kaggle_road_csv,0,August,Tuesday,Unknown,Truck,Unidentified,2,Over 51,18-30,Unknown/Other,Wet,Daylight,0,0,2,Minor,Rainy
1734,KAG_001735,Kaggle_road_csv,0,May,Thursday,Unknown,Truck,Unidentified,2,Under 18,18-30,Reckless Driving,Dry,Daylight,0,0,2,Serious,Clear
1735,KAG_001736,Kaggle_road_csv,0,May,Sunday,Unknown,Truck,Unidentified,2,Over 51,Unknown,Lane Violation,Dry,Daylight,0,0,1,Minor,Clear
1736,KAG_001737,Kaggle_road_csv,0,March,Wednesday,Unknown,Truck,Unidentified,3,Under 18,31-50,Lane Violation,Dry,Daylight,0,0,2,Minor,Clear
1737,KAG_001738,Kaggle_road_csv,0,October,Wednesday,Unknown,Truck,Unidentified,3,Over 51,Unknown,Reckless Driving,Dry,Daylight,0,0,2,Minor,Clear
1738,KAG_001739,Kaggle_road_csv,0,March,Tuesday,Unknown,Truck,Unidentified,2,18-30,18-30,Reckless Driving,Dry,Daylight,0,0,1,Minor,Clear
1739,KAG_001740,Kaggle_road_csv,0,March,Tuesday,Unknown,Truck,Unidentified,2,18-30,Unknown,Lane Violation,Dry,Daylight,0,0,1,Minor,Clear
1740,KAG_001741,Kaggle_road_csv,0,May,Monday,Unknown,Truck,Unidentified,2,Over 51,Unknown,Loss of Control,Dry,Daylight,0,0,1,Minor,Clear
1741,KAG_001742,Kaggle_road_csv,0,October,Wednesday,Unknown,Truck,Unidentified,2,31-50,Unknown,Reckless Driving,Dry,Daylight,0,0,1,Serious,Clear
1742,KAG_001743,Kaggle_road_csv,0,March,Wednesday,Unknown,Truck,Unidentified,2,31-50,Unknown,Reckless Driving,Dry,Daylight,0,0,1,Serious,Clear
1743,KAG_001744,Kaggle_road_csv,0,May,Saturday,Unknown,Truck,Unidentified,2,Unknown,18-30,Lane Violation,Dry,Daylight,0,0,1,Minor,Clear
1744,KAG_001745,Kaggle_road_csv,0,October,Thursday,Unknown,Truck,Unidentified,2,31-50,Unknown,Lane Violation,Dry,Daylight,0,0,2,Minor,Clear
1745,KAG_001746,Kaggle_road_csv,0,March,Saturday,Unknown,Truck,Unidentified,2,Over 51,31-50,No Distancing/Rear End,Dry,Daylight,0,0,2,Minor,Clear
1746,KAG_001747,Kaggle_road_csv,0,March,Saturday,Unknown,Truck,Unidentified,2,31-50,31-50,Unknown/Other,Dry,Daylight,0,0,2,Minor,Clear
1747,KAG_001748,Kaggle_road_csv,0,April,Thursday,Unknown,Truck,Unidentified,1,18-30,Unknown,Unknown/Other,Dry,Daylight,0,0,1,Minor,Clear
1748,KAG_001749,Kaggle_road_csv,0,March,Saturday,Unknown,Truck,Unidentified,1,18-30,Over 51,No Distancing/Rear End,Dry,Dark,0,0,1,Minor,Clear
1749,KAG_001750,Kaggle_road_csv,0,April,Saturday,Unknown,Truck,Unidentified,2,18-30,31-50,Reckless Driving,Dry,Daylight,0,0,1,Minor,Clear
1750,KAG_001751,Kaggle_road_csv,0,March,Saturday,Unknown,Truck,Unidentified,2,31-50,31-50,No Distancing/Rear End,Dry,Daylight,0,0,1,Minor,Clear
1751,KAG_001752,Kaggle_road_csv,0,March,Sunday,Unknown,Truck,Unidentified,2,31-50,Unknown,No Distancing/Rear End,Dry,Daylight,0,0,1,Minor,Clear
1752,KAG_001753,Kaggle_road_csv,0,October,Sunday,Unknown,Truck,Unidentified,2,31-50,Under 18,Reckless Driving,Dry,Dark,0,0,2,Minor,Clear
1753,KAG_001754,Kaggle_road_csv,0,July,Monday,Unknown,Truck,Unidentified,2,18-30,31-50,No Distancing/Rear End,Wet,Dark,0,0,1,Minor,Rainy
1754,KAG_001755,Kaggle_road_csv,0,March,Thursday,Unknown,Truck,Unidentified,2,Over 51,18-30,Lane Violation,Dry,Daylight,0,0,1,Minor,Clear
1755,KAG_001756,Kaggle_road_csv,0,March,Friday,Unknown,Truck,Unidentified,3,31-50,Unknown,Lane Violation,Dry,Daylight,0,0,2,Minor,Clear
1756,KAG_001757,Kaggle_road_csv,0,May,Friday,Unknown,Truck,Unidentified,3,31-50,Unknown,Lane Violation,Dry,Daylight,0,0,2,Minor,Clear
1757,KAG_001758,Kaggle_road_csv,0,May,Friday,Unknown,Truck,Unidentified,3,31-50,Unknown,Drunk/Drug Driving,Dry,Daylight,0,0,2,Minor,Clear
1758,KAG_001759,Kaggle_road_csv,0,May,Wednesday,Unknown,Truck,Unidentified,2,31-50,Under 18,Lane Violation,Dry,Daylight,0,0,1,Serious,Clear
1759,KAG_001760,Kaggle_road_csv,0,March,Wednesday,Unknown,Truck,Unidentified,2,Over 51,31-50,Drunk/Drug Driving,Dry,Daylight,0,0,1,Minor,Clear
1760,KAG_001761,Kaggle_road_csv,0,May,Wednesday,Unknown,Truck,Unidentified,2,Over 51,18-30,Reckless Driving,Dry,Daylight,0,0,1,Minor,Clear
1761,KAG_001762,Kaggle_road_csv,0,June,Thursday,Unknown,Truck,Unidentified,2,18-30,Unknown,No Distancing/Rear End,Wet,Daylight,0,0,2,Minor,Rainy
1762,KAG_001763,Kaggle_road_csv,0,March,Sunday,Unknown,Truck,Unidentified,2,18-30,18-30,Reckless Driving,Dry,Daylight,0,0,1,Minor,Clear
1763,KAG_001764,Kaggle_road_csv,0,May,Wednesday,Unknown,Truck,Unidentified,2,31-50,Over 51,No Distancing/Rear End,Dry,Dark,0,0,1,Minor,Clear
1764,KAG_001765,Kaggle_road_csv,0,May,Monday,Unknown,Truck,Unidentified,3,31-50,18-30,Lane Violation,Dry,Daylight,0,0,1,Serious,Clear
1765,KAG_001766,Kaggle_road_csv,0,October,Tuesday,Unknown,Truck,Unidentified,2,Unknown,Under 18,Speeding,Dry,Daylight,0,0,1,Minor,Clear
1766,KAG_001767,Kaggle_road_csv,0,April,Tuesday,Unknown,Truck,Unidentified,2,Under 18,Unknown,No Distancing/Rear End,Wet,Dark,0,0,1,Minor,Clear
1767,KAG_001768,Kaggle_road_csv,0,October,Friday,Unknown,Truck,Unidentified,2,18-30,31-50,No Distancing/Rear End,Wet,Daylight,0,0,1,Minor,Clear
1768,KAG_001769,Kaggle_road_csv,0,May,Tuesday,Unknown,Truck,Unidentified,4,18-30,31-50,Reckless Driving,Wet,Dark,0,0,1,Minor,Clear
1769,KAG_001770,Kaggle_road_csv,0,April,Tuesday,Unknown,Truck,Unidentified,4,31-50,Unknown,Lane Violation,Wet,Dark,0,0,1,Minor,Clear
1770,KAG_001771,Kaggle_road_csv,0,April,Wednesday,Unknown,Truck,Unidentified,2,Under 18,Unknown,Loss of Control,Wet,Daylight,0,0,1,Minor,Clear
1771,KAG_001772,Kaggle_road_csv,0,May,Wednesday,Unknown,Truck,Unidentified,2,18-30,Under 18,Drunk/Drug Driving,Wet,Daylight,0,0,1,Minor,Clear
1772,KAG_001773,Kaggle_road_csv,0,April,Sunday,Unknown,Truck,Unidentified,2,18-30,Over 51,Reckless Driving,Dry,Daylight,0,0,1,Serious,Clear
1773,KAG_001774,Kaggle_road_csv,0,May,Wednesday,Unknown,Truck,Unidentified,2,31-50,18-30,Reckless Driving,Dry,Daylight,0,0,3,Minor,Clear
1774,KAG_001775,Kaggle_road_csv,0,August,Saturday,Unknown,Truck,Unidentified,2,18-30,Unknown,Drunk/Drug Driving,Wet,Daylight,0,0,3,Minor,Rainy
1775,KAG_001776,Kaggle_road_csv,0,September,Saturday,Unknown,Truck,Unidentified,2,18-30,18-30,Reckless Driving,Wet,Daylight,0,0,3,Minor,Rainy
1776,KAG_001777,Kaggle_road_csv,0,March,Tuesday,Unknown,Truck,Unidentified,2,Unknown,Over 51,Reckless Driving,Dry,Dark,0,0,5,Minor,Clear
1777,KAG_001778,Kaggle_road_csv,0,March,Friday,Unknown,Truck,Unidentified,2,Unknown,Unknown,Drunk/Drug Driving,Dry,Daylight,0,0,1,Minor,Clear
1778,KAG_001779,Kaggle_road_csv,0,March,Tuesday,Unknown,Truck,Unidentified,2,Unknown,31-50,Reckless Driving,Dry,Dark,0,0,1,Minor,Clear
1779,KAG_001780,Kaggle_road_csv,0,October,Friday,Unknown,Truck,Unidentified,2,31-50,18-30,Reckless Driving,Dry,Daylight,0,0,2,Minor,Clear
1780,KAG_001781,Kaggle_road_csv,0,May,Tuesday,Unknown,Truck,Unidentified,2,31-50,Unknown,Lane Violation,Dry,Dark,0,0,1,Minor,Clear
1781,KAG_001782,Kaggle_road_csv,0,October,Wednesday,Unknown,Truck,Unidentified,2,Under 18,31-50,Reckless Driving,Wet,Daylight,0,0,1,Minor,Clear
1782,KAG_001783,Kaggle_road_csv,0,April,Sunday,Unknown,Truck,Unidentified,2,18-30,Over 51,Lane Violation,Wet,Daylight,0,0,3,Serious,Clear
1783,KAG_001784,Kaggle_road_csv,0,April,Wednesday,Unknown,Truck,Unidentified,2,18-30,18-30,No Distancing/Rear End,Dry,Daylight,0,0,2,Serious,Clear
1784,KAG_001785,Kaggle_road_csv,0,May,Wednesday,Unknown,Truck,Unidentified,2,31-50,31-50,Reckless Driving,Dry,Daylight,0,0,1,Minor,Clear
1785,KAG_001786,Kaggle_road_csv,0,April,Monday,Unknown,Truck,Unidentified,1,Unknown,31-50,No Distancing/Rear End,Dry,Daylight,0,0,1,Minor,Clear
1786,KAG_001787,Kaggle_road_csv,0,October,Tuesday,Unknown,Truck,Unidentified,2,18-30,31-50,Lane Violation,Dry,Dark,0,0,1,Minor,Clear
1787,KAG_001788,Kaggle_road_csv,0,May,Saturday,Unknown,Truck,Unidentified,3,Unknown,Unknown,No Distancing/Rear End,Dry,Daylight,0,0,2,Minor,Clear
1788,KAG_001789,Kaggle_road_csv,0,October,Tuesday,Unknown,Truck,Unidentified,2,18-30,Unknown,Reckless Driving,Dry,Dark,0,0,1,Minor,Clear
1789,KAG_001790,Kaggle_road_csv,0,March,Tuesday,Unknown,Truck,Unidentified,2,31-50,Over 51,Lane Violation,Wet,Daylight,0,0,1,Serious,Clear
1790,KAG_001791,Kaggle_road_csv,0,May,Tuesday,Unknown,Truck,Unidentified,2,18-30,Unknown,No Distancing/Rear End,Wet,Daylight,0,0,1,Serious,Clear
1791,KAG_001792,Kaggle_road_csv,0,October,Saturday,Unknown,Truck,Unidentified,2,Unknown,18-30,Lane Violation,Wet,Daylight,0,0,1,Minor,Clear
1792,KAG_001793,Kaggle_road_csv,0,May,Thursday,Unknown,Truck,Unidentified,1,Unknown,Unknown,Reckless Driving,Dry,Dark,0,0,1,Minor,Clear
1793,KAG_001794,Kaggle_road_csv,0,March,Thursday,Unknown,Truck,Unidentified,1,18-30,Unknown,Reckless Driving,Dry,Daylight,0,0,1,Minor,Clear
1794,KAG_001795,Kaggle_road_csv,0,March,Wednesday,Unknown,Truck,Unidentified,2,18-30,Unknown,No Distancing/Rear End,Wet,Dark,0,0,1,Minor,Clear
1795,KAG_001796,Kaggle_road_csv,0,March,Friday,Unknown,Truck,Unidentified,3,Under 18,Under 18,No Distancing/Rear End,Wet,Dark,0,0,3,Minor,Clear
1796,KAG_001797,Kaggle_road_csv,0,October,Friday,Unknown,Truck,Unidentified,3,Over 51,Unknown,Lane Violation,Wet,Dark,0,0,3,Minor,Clear
1797,KAG_001798,Kaggle_road_csv,0,March,Wednesday,Unknown,Truck,Unidentified,3,18-30,Unknown,No Distancing/Rear End,Wet,Dark,0,0,1,Serious,Clear
1798,KAG_001799,Kaggle_road_csv,0,May,Thursday,Unknown,Truck,Unidentified,1,31-50,Under 18,No Distancing/Rear End,Dry,Daylight,0,0,1,Minor,Clear
1799,KAG_001800,Kaggle_road_csv,0,May,Wednesday,Unknown,Truck,Unidentified,2,31-50,Unknown,Lane Violation,Dry,Dark,0,0,1,Minor,Clear
1800,KAG_001801,Kaggle_road_csv,0,May,Friday,Unknown,Truck,Unidentified,2,Over 51,31-50,Speeding,Dry,Daylight,0,0,1,Minor,Clear
1801,KAG_001802,Kaggle_road_csv,0,March,Friday,Unknown,Truck,Unidentified,2,18-30,18-30,Lane Violation,Dry,Daylight,0,0,1,Minor,Clear
1802,KAG_001803,Kaggle_road_csv,0,May,Friday,Unknown,Truck,Unidentified,2,31-50,Unknown,Reckless Driving,Dry,Daylight,0,0,1,Minor,Clear
1803,KAG_001804,Kaggle_road_csv,0,October,Saturday,Unknown,Truck,Unidentified,3,31-50,18-30,Reckless Driving,Dry,Daylight,0,0,3,Minor,Clear
1804,KAG_001805,Kaggle_road_csv,0,March,Saturday,Unknown,Truck,Unidentified,3,31-50,Unknown,No Distancing/Rear End,Dry,Daylight,0,0,3,Minor,Clear
1805,KAG_001806,Kaggle_road_csv,0,May,Saturday,Unknown,Truck,Unidentified,2,Unknown,18-30,Reckless Driving,Dry,Dark,0,0,1,Minor,Clear
1806,KAG_001807,Kaggle_road_csv,0,October,Monday,Unknown,Truck,Unidentified,2,Unknown,18-30,Lane Violation,Dry,Daylight,0,0,1,Serious,Clear
1807,KAG_001808,Kaggle_road_csv,0,April,Tuesday,Unknown,Truck,Unidentified,3,31-50,18-30,No Distancing/Rear End,Dry,Daylight,0,0,1,Minor,Clear
1808,KAG_001809,Kaggle_road_csv,0,March,Tuesday,Unknown,Truck,Unidentified,3,Unknown,Unknown,Speeding,Dry,Daylight,0,0,1,Minor,Clear
1809,KAG_001810,Kaggle_road_csv,0,May,Wednesday,Unknown,Truck,Unidentified,2,Under 18,Unknown,Reckless Driving,Dry,Daylight,0,0,1,Serious,Clear
1810,KAG_001811,Kaggle_road_csv,0,April,Monday,Unknown,Truck,Unidentified,2,Under 18,Unknown,Lane Violation,Dry,Dark,0,0,2,Minor,Clear
1811,KAG_001812,Kaggle_road_csv,0,March,Monday,Unknown,Truck,Unidentified,2,31-50,18-30,No Distancing/Rear End,Dry,Dark,0,0,2,Minor,Clear
1812,KAG_001813,Kaggle_road_csv,0,April,Monday,Unknown,Truck,Unidentified,4,31-50,31-50,No Distancing/Rear End,Dry,Daylight,0,0,1,Minor,Clear
1813,KAG_001814,Kaggle_road_csv,0,May,Thursday,Unknown,Truck,Unidentified,1,Unknown,18-30,Loss of Control,Dry,Daylight,0,0,1,Minor,Clear
1814,KAG_001815,Kaggle_road_csv,0,May,Monday,Unknown,Truck,Unidentified,2,31-50,Unknown,Speeding,Wet,Dark,0,0,1,Minor,Clear
1815,KAG_001816,Kaggle_road_csv,0,October,Tuesday,Unknown,Truck,Unidentified,1,Under 18,18-30,Lane Violation,Dry,Dark,0,0,1,Minor,Clear
1816,KAG_001817,Kaggle_road_csv,0,April,Friday,Unknown,Truck,Unidentified,2,Unknown,Unknown,No Distancing/Rear End,Dry,Dark,0,0,1,Minor,Clear
1817,KAG_001818,Kaggle_road_csv,0,May,Saturday,Unknown,Truck,Unidentified,2,18-30,Over 51,Reckless Driving,Wet,Daylight,0,0,2,Minor,Clear
1818,KAG_001819,Kaggle_road_csv,0,October,Tuesday,Unknown,Truck,Unidentified,2,31-50,Unknown,Reckless Driving,Dry,Daylight,0,0,1,Minor,Clear
1819,KAG_001820,Kaggle_road_csv,0,March,Tuesday,Unknown,Truck,Unidentified,2,31-50,18-30,No Distancing/Rear End,Dry,Daylight,0,0,1,Minor,Clear
1820,KAG_001821,Kaggle_road_csv,0,August,Wednesday,Unknown,Truck,Unidentified,2,Over 51,18-30,Lane Violation,Wet,Daylight,0,0,1,Minor,Rainy
1821,KAG_001822,Kaggle_road_csv,0,May,Saturday,Unknown,Truck,Unidentified,2,Unknown,Unknown,Lane Violation,Dry,Dark,0,0,1,Minor,Clear
1822,KAG_001823,Kaggle_road_csv,0,October,Monday,Unknown,Truck,Unidentified,2,31-50,Unknown,Reckless Driving,Dry,Daylight,0,0,5,Minor,Clear
1823,KAG_001824,Kaggle_road_csv,0,March,Thursday,Unknown,Truck,Unidentified,2,18-30,Unknown,No Distancing/Rear End,Wet,Dark,0,0,1,Minor,Clear
1824,KAG_001825,Kaggle_road_csv,0,April,Thursday,Unknown,Truck,Unidentified,2,Over 51,31-50,Lane Violation,Wet,Dark,0,0,1,Minor,Clear
1825,KAG_001826,Kaggle_road_csv,0,October,Wednesday,Unknown,Truck,Unidentified,2,18-30,18-30,Reckless Driving,Dry,Daylight,0,0,1,Serious,Clear
1826,KAG_001827,Kaggle_road_csv,0,April,Saturday,Unknown,Truck,Unidentified,3,Unknown,Under 18,Lane Violation,Dry,Dark,0,0,6,Minor,Clear
1827,KAG_001828,Kaggle_road_csv,0,March,Wednesday,Unknown,Truck,Unidentified,2,Unknown,18-30,No Distancing/Rear End,Dry,Daylight,0,0,1,Minor,Clear
1828,KAG_001829,Kaggle_road_csv,0,March,Monday,Unknown,Truck,Unidentified,1,Unknown,Unknown,Reckless Driving,Dry,Daylight,0,0,1,Minor,Clear
1829,KAG_001830,Kaggle_road_csv,0,April,Friday,Unknown,Truck,Unidentified,2,31-50,31-50,Reckless Driving,Dry,Daylight,0,0,1,Minor,Clear
1830,KAG_001831,Kaggle_road_csv,0,May,Wednesday,Unknown,Truck,Unidentified,4,31-50,Unknown,Lane Violation,Dry,Daylight,0,0,2,Minor,Clear
1831,KAG_001832,Kaggle_road_csv,0,April,Wednesday,Unknown,Truck,Unidentified,4,Under 18,31-50,Speeding,Dry,Daylight,0,0,2,Minor,Clear
1832,KAG_001833,Kaggle_road_csv,0,March,Wednesday,Unknown,Truck,Unidentified,4,Over 51,Unknown,No Distancing/Rear End,Dry,Daylight,0,0,2,Minor,Clear
1833,KAG_001834,Kaggle_road_csv,0,May,Thursday,Unknown,Truck,Unidentified,2,18-30,31-50,Reckless Driving,Dry,Dark,0,0,2,Minor,Clear
1834,KAG_001835,Kaggle_road_csv,0,March,Sunday,Unknown,Truck,Unidentified,2,18-30,Unknown,No Distancing/Rear End,Dry,Daylight,0,0,3,Minor,Clear
1835,KAG_001836,Kaggle_road_csv,0,April,Wednesday,Unknown,Truck,Unidentified,1,31-50,18-30,Lane Violation,Dry,Daylight,0,0,1,Minor,Clear
1836,KAG_001837,Kaggle_road_csv,0,April,Sunday,Unknown,Truck,Unidentified,1,18-30,Unknown,Reckless Driving,Wet,Dark,0,0,2,Serious,Clear
1837,KAG_001838,Kaggle_road_csv,0,April,Friday,Unknown,Truck,Unidentified,2,18-30,18-30,No Distancing/Rear End,Dry,Daylight,0,0,1,Minor,Clear
1838,KAG_001839,Kaggle_road_csv,0,May,Friday,Unknown,Truck,Unidentified,2,Over 51,Unknown,Reckless Driving,Wet,Dark,0,0,1,Minor,Clear
1839,KAG_001840,Kaggle_road_csv,0,October,Thursday,Unknown,Truck,Unidentified,2,Unknown,Unknown,Unknown/Other,Dry,Daylight,0,0,1,Minor,Clear
1840,KAG_001841,Kaggle_road_csv,0,April,Monday,Unknown,Truck,Unidentified,2,31-50,Unknown,No Distancing/Rear End,Wet,Daylight,0,0,3,Serious,Clear
1841,KAG_001842,Kaggle_road_csv,0,October,Thursday,Unknown,Truck,Unidentified,1,31-50,18-30,Loss of Control,Dry,Daylight,0,0,1,Serious,Clear
1842,KAG_001843,Kaggle_road_csv,0,May,Friday,Unknown,Truck,Unidentified,3,Over 51,18-30,Reckless Driving,Wet,Dark,0,0,1,Minor,Clear
1843,KAG_001844,Kaggle_road_csv,0,June,Thursday,Unknown,Truck,Unidentified,2,Unknown,Over 51,Unknown/Other,Wet,Daylight,0,0,1,Minor,Rainy
1844,KAG_001845,Kaggle_road_csv,0,March,Saturday,Unknown,Truck,Unidentified,2,31-50,Under 18,No Distancing/Rear End,Dry,Dark,0,0,2,Minor,Clear
1845,KAG_001846,Kaggle_road_csv,0,March,Saturday,Unknown,Truck,Unidentified,3,18-30,Unknown,Reckless Driving,Dry,Daylight,0,0,5,Serious,Clear
1846,KAG_001847,Kaggle_road_csv,0,April,Saturday,Unknown,Truck,Unidentified,3,18-30,Unknown,Lane Violation,Dry,Daylight,0,0,5,Serious,Clear
1847,KAG_001848,Kaggle_road_csv,0,March,Tuesday,Unknown,Truck,Unidentified,2,Under 18,Unknown,Reckless Driving,Dry,Daylight,0,0,1,Minor,Clear
1848,KAG_001849,Kaggle_road_csv,0,May,Friday,Unknown,Truck,Unidentified,2,Under 18,18-30,Reckless Driving,Dry,Daylight,0,0,1,Serious,Clear
1849,KAG_001850,Kaggle_road_csv,0,April,Friday,Unknown,Truck,Unidentified,2,Unknown,Unknown,Reckless Driving,Wet,Daylight,0,0,1,Minor,Clear
1850,KAG_001851,Kaggle_road_csv,0,April,Monday,Unknown,Truck,Unidentified,3,Under 18,Under 18,Unknown/Other,Dry,Daylight,0,0,3,Minor,Clear
1851,KAG_001852,Kaggle_road_csv,0,March,Friday,Unknown,Truck,Unidentified,2,Over 51,18-30,Lane Violation,Dry,Daylight,0,0,1,Minor,Clear
1852,KAG_001853,Kaggle_road_csv,0,March,Saturday,Unknown,Truck,Unidentified,2,31-50,Unknown,Lane Violation,Dry,Daylight,0,0,1,Minor,Clear
1853,KAG_001854,Kaggle_road_csv,0,March,Wednesday,Unknown,Truck,Unidentified,2,18-30,Unknown,Lane Violation,Dry,Daylight,0,0,1,Minor,Clear
1854,KAG_001855,Kaggle_road_csv,0,April,Friday,Unknown,Truck,Unidentified,1,Over 51,18-30,Lane Violation,Dry,Daylight,0,0,1,Minor,Clear
1855,KAG_001856,Kaggle_road_csv,0,March,Friday,Unknown,Truck,Unidentified,3,31-50,Unknown,No Distancing/Rear End,Dry,Daylight,0,0,1,Minor,Clear
1856,KAG_001857,Kaggle_road_csv,0,October,Monday,Unknown,Truck,Unidentified,2,31-50,Unknown,Unknown/Other,Wet,Dark,0,0,1,Minor,Clear
1857,KAG_001858,Kaggle_road_csv,0,May,Monday,Unknown,Truck,Unidentified,2,31-50,Under 18,Reckless Driving,Wet,Dark,0,0,1,Minor,Clear
1858,KAG_001859,Kaggle_road_csv,0,October,Sunday,Unknown,Truck,Unidentified,2,31-50,Under 18,No Distancing/Rear End,Dry,Daylight,0,0,1,Minor,Clear
1859,KAG_001860,Kaggle_road_csv,0,May,Wednesday,Unknown,Truck,Unidentified,1,Unknown,Under 18,No Distancing/Rear End,Dry,Daylight,0,0,1,Minor,Clear
1860,KAG_001861,Kaggle_road_csv,0,October,Saturday,Unknown,Truck,Unidentified,1,18-30,Under 18,Reckless Driving,Dry,Dark,0,0,1,Minor,Clear
1861,KAG_001862,Kaggle_road_csv,0,May,Saturday,Unknown,Truck,Unidentified,3,Unknown,Under 18,Lane Violation,Dry,Daylight,0,0,2,Minor,Clear
1862,KAG_001863,Kaggle_road_csv,0,May,Wednesday,Unknown,Truck,Unidentified,3,18-30,31-50,Lane Violation,Dry,Daylight,0,0,2,Serious,Clear
1863,KAG_001864,Kaggle_road_csv,0,October,Monday,Unknown,Truck,Unidentified,4,18-30,Unknown,No Distancing/Rear End,Dry,Daylight,0,0,5,Minor,Clear
1864,KAG_001865,Kaggle_road_csv,0,March,Monday,Unknown,Truck,Unidentified,2,Unknown,Unknown,Loss of Control,Dry,Daylight,0,0,1,Minor,Clear
1865,KAG_001866,Kaggle_road_csv,0,March,Friday,Unknown,Truck,Unidentified,2,Unknown,31-50,Lane Violation,Dry,Daylight,0,0,1,Minor,Clear
1866,KAG_001867,Kaggle_road_csv,0,April,Thursday,Unknown,Truck,Unidentified,1,31-50,18-30,Lane Violation,Dry,Daylight,0,0,1,Minor,Clear
1867,KAG_001868,Kaggle_road_csv,0,October,Wednesday,Unknown,Truck,Unidentified,2,Under 18,31-50,Lane Violation,Dry,Daylight,0,0,4,Minor,Clear
1868,KAG_001869,Kaggle_road_csv,0,May,Wednesday,Unknown,Truck,Unidentified,2,Under 18,18-30,Lane Violation,Dry,Daylight,0,0,4,Minor,Clear
1869,KAG_001870,Kaggle_road_csv,0,March,Wednesday,Unknown,Truck,Unidentified,2,18-30,Unknown,Reckless Driving,Dry,Daylight,0,0,4,Minor,Clear
1870,KAG_001871,Kaggle_road_csv,0,March,Tuesday,Unknown,Truck,Unidentified,2,18-30,18-30,Reckless Driving,Wet,Daylight,0,0,1,Minor,Clear
1871,KAG_001872,Kaggle_road_csv,0,March,Tuesday,Unknown,Truck,Unidentified,2,Unknown,Unknown,Reckless Driving,Wet,Daylight,0,0,1,Minor,Clear
1872,KAG_001873,Kaggle_road_csv,0,May,Thursday,Unknown,Truck,Unidentified,2,Unknown,31-50,Reckless Driving,Dry,Dark,0,0,4,Minor,Clear
1873,KAG_001874,Kaggle_road_csv,0,April,Thursday,Unknown,Truck,Unidentified,2,18-30,18-30,Lane Violation,Dry,Dark,0,0,4,Minor,Clear
1874,KAG_001875,Kaggle_road_csv,0,May,Tuesday,Unknown,Truck,Unidentified,3,Unknown,Unknown,Lane Violation,Dry,Daylight,0,0,1,Minor,Clear
1875,KAG_001876,Kaggle_road_csv,0,June,Monday,Unknown,Truck,Unidentified,2,31-50,31-50,Lane Violation,Wet,Dark,0,0,1,Minor,Rainy
1876,KAG_001877,Kaggle_road_csv,0,September,Monday,Unknown,Truck,Unidentified,2,31-50,Under 18,Lane Violation,Wet,Dark,0,0,1,Minor,Rainy
1877,KAG_001878,Kaggle_road_csv,0,May,Thursday,Unknown,Truck,Unidentified,2,31-50,31-50,Lane Violation,Dry,Daylight,0,0,1,Minor,Clear
1878,KAG_001879,Kaggle_road_csv,0,March,Thursday,Unknown,Truck,Unidentified,2,18-30,31-50,Reckless Driving,Dry,Daylight,0,0,1,Serious,Clear
1879,KAG_001880,Kaggle_road_csv,0,March,Wednesday,Unknown,Truck,Unidentified,2,Under 18,31-50,Lane Violation,Dry,Daylight,0,0,1,Minor,Clear
1880,KAG_001881,Kaggle_road_csv,0,April,Friday,Unknown,Truck,Unidentified,2,18-30,18-30,No Distancing/Rear End,Dry,Dark,0,0,3,Minor,Clear
1881,KAG_001882,Kaggle_road_csv,0,May,Friday,Unknown,Truck,Unidentified,2,18-30,Unknown,Lane Violation,Dry,Dark,0,0,3,Minor,Clear
1882,KAG_001883,Kaggle_road_csv,0,May,Wednesday,Unknown,Truck,Unidentified,3,Unknown,Unknown,No Distancing/Rear End,Dry,Daylight,0,0,1,Minor,Clear
1883,KAG_001884,Kaggle_road_csv,0,October,Wednesday,Unknown,Truck,Unidentified,3,31-50,31-50,Lane Violation,Dry,Daylight,0,0,1,Minor,Clear
1884,KAG_001885,Kaggle_road_csv,0,August,Saturday,Unknown,Truck,Unidentified,3,Unknown,Unknown,No Distancing/Rear End,Wet,Dark,0,0,1,Minor,Rainy
1885,KAG_001886,Kaggle_road_csv,0,August,Saturday,Unknown,Truck,Unidentified,3,Unknown,Unknown,Reckless Driving,Wet,Dark,0,0,1,Minor,Rainy
1886,KAG_001887,Kaggle_road_csv,0,August,Saturday,Unknown,Truck,Unidentified,3,Unknown,18-30,Reckless Driving,Wet,Dark,0,0,1,Minor,Rainy
1887,KAG_001888,Kaggle_road_csv,0,June,Saturday,Unknown,Truck,Unidentified,2,31-50,18-30,No Distancing/Rear End,Wet,Dark,0,0,3,Minor,Rainy
1888,KAG_001889,Kaggle_road_csv,0,April,Sunday,Unknown,Truck,Unidentified,2,Unknown,Unknown,No Distancing/Rear End,Wet,Daylight,0,0,2,Minor,Clear
1889,KAG_001890,Kaggle_road_csv,0,April,Wednesday,Unknown,Truck,Unidentified,2,31-50,Under 18,Reckless Driving,Dry,Daylight,0,0,1,Minor,Clear
1890,KAG_001891,Kaggle_road_csv,0,October,Tuesday,Unknown,Truck,Unidentified,2,Unknown,31-50,Reckless Driving,Dry,Daylight,0,0,1,Minor,Clear
1891,KAG_001892,Kaggle_road_csv,0,June,Thursday,Unknown,Truck,Unidentified,2,31-50,18-30,Reckless Driving,Wet,Daylight,0,0,1,Minor,Rainy
1892,KAG_001893,Kaggle_road_csv,0,October,Wednesday,Unknown,Truck,Unidentified,2,31-50,Unknown,Lane Violation,Dry,Daylight,0,0,1,Minor,Clear
1893,KAG_001894,Kaggle_road_csv,0,October,Saturday,Unknown,Truck,Unidentified,2,Unknown,18-30,No Distancing/Rear End,Dry,Daylight,0,0,1,Minor,Clear
1894,KAG_001895,Kaggle_road_csv,0,May,Saturday,Unknown,Truck,Unidentified,2,Over 51,18-30,Drunk/Drug Driving,Dry,Daylight,0,0,1,Minor,Clear
1895,KAG_001896,Kaggle_road_csv,0,October,Thursday,Unknown,Truck,Unidentified,2,18-30,31-50,Reckless Driving,Dry,Daylight,0,0,1,Minor,Clear
1896,KAG_001897,Kaggle_road_csv,0,October,Thursday,Unknown,Truck,Unidentified,3,18-30,Over 51,No Distancing/Rear End,Dry,Daylight,0,0,4,Minor,Clear
1897,KAG_001898,Kaggle_road_csv,0,October,Monday,Unknown,Truck,Unidentified,2,31-50,18-30,Loss of Control,Dry,Daylight,0,0,1,Minor,Clear
1898,KAG_001899,Kaggle_road_csv,0,April,Monday,Unknown,Truck,Unidentified,2,Under 18,Under 18,Lane Violation,Dry,Daylight,0,0,1,Minor,Clear
1899,KAG_001900,Kaggle_road_csv,0,April,Monday,Unknown,Truck,Unidentified,2,Over 51,Unknown,No Distancing/Rear End,Dry,Daylight,0,0,2,Minor,Clear
1900,KAG_001901,Kaggle_road_csv,0,April,Saturday,Unknown,Truck,Unidentified,3,Over 51,18-30,Lane Violation,Dry,Daylight,0,0,1,Minor,Clear
1901,KAG_001902,Kaggle_road_csv,0,April,Wednesday,Unknown,Truck,Unidentified,2,18-30,Unknown,Reckless Driving,Dry,Daylight,0,0,1,Minor,Clear
1902,KAG_001903,Kaggle_road_csv,0,May,Saturday,Unknown,Truck,Unidentified,1,Under 18,18-30,No Distancing/Rear End,Wet,Dark,0,0,2,Minor,Clear
1903,KAG_001904,Kaggle_road_csv,0,March,Thursday,Unknown,Truck,Unidentified,2,Unknown,Unknown,Reckless Driving,Dry,Daylight,0,0,1,Minor,Clear
1904,KAG_001905,Kaggle_road_csv,0,March,Tuesday,Unknown,Truck,Unidentified,2,18-30,Unknown,Lane Violation,Dry,Daylight,0,0,1,Minor,Clear
1905,KAG_001906,Kaggle_road_csv,0,March,Sunday,Unknown,Truck,Unidentified,2,18-30,18-30,No Distancing/Rear End,Dry,Daylight,0,0,3,Minor,Clear
1906,KAG_001907,Kaggle_road_csv,0,May,Thursday,Unknown,Truck,Unidentified,2,31-50,18-30,No Distancing/Rear End,Dry,Daylight,0,0,1,Minor,Clear
1907,KAG_001908,Kaggle_road_csv,0,October,Friday,Unknown,Truck,Unidentified,2,Over 51,18-30,Reckless Driving,Dry,Daylight,0,0,1,Minor,Clear
1908,KAG_001909,Kaggle_road_csv,0,April,Friday,Unknown,Truck,Unidentified,2,31-50,31-50,No Distancing/Rear End,Dry,Daylight,0,0,1,Minor,Clear
1909,KAG_001910,Kaggle_road_csv,0,October,Friday,Unknown,Truck,Unidentified,2,31-50,Unknown,Reckless Driving,Dry,Daylight,0,0,2,Minor,Clear
1910,KAG_001911,Kaggle_road_csv,0,March,Thursday,Unknown,Truck,Unidentified,2,Unknown,Unknown,Reckless Driving,Dry,Daylight,0,0,1,Minor,Clear
1911,KAG_001912,Kaggle_road_csv,0,May,Tuesday,Unknown,Truck,Unidentified,2,18-30,Unknown,No Distancing/Rear End,Dry,Daylight,0,0,1,Minor,Clear
1912,KAG_001913,Kaggle_road_csv,0,May,Friday,Unknown,Truck,Unidentified,2,Over 51,31-50,Reckless Driving,Dry,Daylight,0,0,1,Minor,Clear
1913,KAG_001914,Kaggle_road_csv,0,April,Saturday,Unknown,Truck,Unidentified,2,Unknown,Unknown,Drunk/Drug Driving,Dry,Daylight,0,0,2,Serious,Clear
1914,KAG_001915,Kaggle_road_csv,0,May,Saturday,Unknown,Truck,Unidentified,2,18-30,Unknown,Reckless Driving,Dry,Daylight,0,0,2,Serious,Clear
1915,KAG_001916,Kaggle_road_csv,0,March,Tuesday,Unknown,Truck,Unidentified,3,Over 51,Under 18,No Distancing/Rear End,Dry,Daylight,0,0,1,Minor,Clear
1916,KAG_001917,Kaggle_road_csv,0,March,Saturday,Unknown,Truck,Unidentified,2,31-50,Over 51,No Distancing/Rear End,Dry,Dark,0,0,1,Minor,Clear
1917,KAG_001918,Kaggle_road_csv,0,May,Friday,Unknown,Truck,Unidentified,2,Under 18,Under 18,No Distancing/Rear End,Dry,Daylight,0,0,1,Minor,Clear
1918,KAG_001919,Kaggle_road_csv,0,March,Sunday,Unknown,Truck,Unidentified,2,Over 51,31-50,No Distancing/Rear End,Dry,Dark,0,0,1,Minor,Clear
1919,KAG_001920,Kaggle_road_csv,0,October,Sunday,Unknown,Truck,Unidentified,2,18-30,18-30,Reckless Driving,Dry,Dark,0,0,1,Minor,Clear
1920,KAG_001921,Kaggle_road_csv,0,April,Thursday,Unknown,Truck,Unidentified,2,31-50,Unknown,Reckless Driving,Dry,Daylight,0,0,3,Minor,Clear
1921,KAG_001922,Kaggle_road_csv,0,April,Sunday,Unknown,Truck,Unidentified,4,18-30,18-30,Lane Violation,Dry,Daylight,0,0,1,Minor,Clear
1922,KAG_001923,Kaggle_road_csv,0,May,Thursday,Unknown,Truck,Unidentified,2,18-30,31-50,No Distancing/Rear End,Dry,Daylight,0,0,1,Minor,Clear
1923,KAG_001924,Kaggle_road_csv,0,March,Thursday,Unknown,Truck,Unidentified,2,18-30,Unknown,No Distancing/Rear End,Dry,Daylight,0,0,1,Minor,Clear
1924,KAG_001925,Kaggle_road_csv,0,April,Saturday,Unknown,Truck,Unidentified,4,18-30,Under 18,Lane Violation,Dry,Daylight,0,0,3,Serious,Clear
1925,KAG_001926,Kaggle_road_csv,0,April,Tuesday,Unknown,Truck,Unidentified,2,18-30,Unknown,No Distancing/Rear End,Wet,Daylight,0,0,1,Minor,Clear
1926,KAG_001927,Kaggle_road_csv,0,October,Tuesday,Unknown,Truck,Unidentified,2,31-50,31-50,Lane Violation,Wet,Daylight,0,0,1,Minor,Clear
1927,KAG_001928,Kaggle_road_csv,0,March,Thursday,Unknown,Truck,Unidentified,3,31-50,Unknown,Lane Violation,Dry,Daylight,0,0,1,Minor,Clear
1928,KAG_001929,Kaggle_road_csv,0,March,Saturday,Unknown,Truck,Unidentified,2,18-30,31-50,Lane Violation,Dry,Dark,0,0,4,Minor,Clear
1929,KAG_001930,Kaggle_road_csv,0,October,Friday,Unknown,Truck,Unidentified,4,Unknown,18-30,No Distancing/Rear End,Dry,Dark,0,0,1,Minor,Clear
1930,KAG_001931,Kaggle_road_csv,0,March,Saturday,Unknown,Truck,Unidentified,2,31-50,Over 51,Lane Violation,Dry,Daylight,0,0,1,Minor,Clear
1931,KAG_001932,Kaggle_road_csv,0,March,Saturday,Unknown,Truck,Unidentified,2,Over 51,Unknown,No Distancing/Rear End,Dry,Daylight,0,0,1,Minor,Clear
1932,KAG_001933,Kaggle_road_csv,0,March,Thursday,Unknown,Truck,Unidentified,2,Under 18,Unknown,Speeding,Dry,Dark,0,0,1,Minor,Clear
1933,KAG_001934,Kaggle_road_csv,0,March,Thursday,Unknown,Truck,Unidentified,1,18-30,18-30,Loss of Control,Dry,Daylight,0,0,1,Minor,Clear
1934,KAG_001935,Kaggle_road_csv,0,March,Wednesday,Unknown,Truck,Unidentified,2,18-30,31-50,No Distancing/Rear End,Dry,Daylight,0,0,1,Minor,Clear
1935,KAG_001936,Kaggle_road_csv,0,April,Saturday,Unknown,Truck,Unidentified,2,Unknown,31-50,Reckless Driving,Dry,Daylight,0,0,1,Minor,Clear
1936,KAG_001937,Kaggle_road_csv,0,March,Thursday,Unknown,Truck,Unidentified,2,18-30,Unknown,Lane Violation,Dry,Daylight,0,0,2,Minor,Clear
1937,KAG_001938,Kaggle_road_csv,0,October,Tuesday,Unknown,Truck,Unidentified,1,18-30,31-50,Lane Violation,Dry,Daylight,0,0,1,Minor,Clear
1938,KAG_001939,Kaggle_road_csv,0,May,Saturday,Unknown,Truck,Unidentified,1,31-50,18-30,No Distancing/Rear End,Dry,Dark,0,0,1,Minor,Clear
1939,KAG_001940,Kaggle_road_csv,0,May,Friday,Unknown,Truck,Unidentified,2,18-30,31-50,Lane Violation,Dry,Daylight,0,0,1,Minor,Clear
1940,KAG_001941,Kaggle_road_csv,0,March,Friday,Unknown,Truck,Unidentified,2,18-30,31-50,Speeding,Dry,Daylight,0,0,1,Minor,Clear
1941,KAG_001942,Kaggle_road_csv,0,March,Wednesday,Unknown,Truck,Unidentified,2,31-50,Unknown,Reckless Driving,Dry,Daylight,0,0,1,Minor,Clear
1942,KAG_001943,Kaggle_road_csv,0,July,Saturday,Unknown,Truck,Unidentified,2,31-50,Unknown,No Distancing/Rear End,Wet,Daylight,0,0,4,Minor,Rainy
1943,KAG_001944,Kaggle_road_csv,0,June,Saturday,Unknown,Truck,Unidentified,2,18-30,18-30,Speeding,Wet,Daylight,0,0,4,Minor,Rainy
1944,KAG_001945,Kaggle_road_csv,0,March,Sunday,Unknown,Truck,Unidentified,2,Over 51,18-30,Lane Violation,Dry,Dark,0,0,1,Minor,Clear
1945,KAG_001946,Kaggle_road_csv,0,July,Sunday,Unknown,Truck,Unidentified,2,31-50,31-50,No Distancing/Rear End,Wet,Daylight,0,0,1,Minor,Rainy
1946,KAG_001947,Kaggle_road_csv,0,March,Saturday,Unknown,Truck,Unidentified,2,18-30,Over 51,No Distancing/Rear End,Dry,Daylight,0,0,1,Minor,Clear
1947,KAG_001948,Kaggle_road_csv,0,April,Friday,Unknown,Truck,Unidentified,1,18-30,31-50,No Distancing/Rear End,Dry,Daylight,0,0,1,Minor,Clear
1948,KAG_001949,Kaggle_road_csv,0,October,Saturday,Unknown,Truck,Unidentified,2,31-50,18-30,Lane Violation,Dry,Daylight,0,0,3,Fatal,Clear
1949,KAG_001950,Kaggle_road_csv,0,March,Saturday,Unknown,Truck,Unidentified,2,31-50,Unknown,Loss of Control,Dry,Daylight,0,0,1,Minor,Clear
1950,KAG_001951,Kaggle_road_csv,0,October,Friday,Unknown,Truck,Unidentified,2,18-30,18-30,Lane Violation,Dry,Daylight,0,0,1,Minor,Clear
1951,KAG_001952,Kaggle_road_csv,0,April,Friday,Unknown,Truck,Unidentified,2,18-30,Unknown,No Distancing/Rear End,Dry,Daylight,0,0,1,Minor,Clear
1952,KAG_001953,Kaggle_road_csv,0,May,Sunday,Unknown,Truck,Unidentified,2,Over 51,Unknown,Loss of Control,Dry,Daylight,0,0,3,Minor,Clear
1953,KAG_001954,Kaggle_road_csv,0,March,Wednesday,Unknown,Truck,Unidentified,1,18-30,Unknown,No Distancing/Rear End,Dry,Daylight,0,0,1,Minor,Clear
1954,KAG_001955,Kaggle_road_csv,0,March,Monday,Unknown,Truck,Unidentified,3,18-30,18-30,Lane Violation,Dry,Dark,0,0,2,Minor,Clear
1955,KAG_001956,Kaggle_road_csv,0,October,Monday,Unknown,Truck,Unidentified,3,18-30,Under 18,No Distancing/Rear End,Dry,Dark,0,0,2,Minor,Clear
1956,KAG_001957,Kaggle_road_csv,0,May,Wednesday,Unknown,Truck,Unidentified,2,31-50,Unknown,Reckless Driving,Dry,Daylight,0,0,1,Minor,Clear
1957,KAG_001958,Kaggle_road_csv,0,October,Wednesday,Unknown,Truck,Unidentified,2,31-50,Unknown,Reckless Driving,Dry,Daylight,0,0,1,Minor,Clear
1958,KAG_001959,Kaggle_road_csv,0,May,Wednesday,Unknown,Truck,Unidentified,2,31-50,18-30,Lane Violation,Dry,Daylight,0,0,1,Minor,Clear
1959,KAG_001960,Kaggle_road_csv,0,April,Monday,Unknown,Truck,Unidentified,2,31-50,Unknown,Lane Violation,Dry,Daylight,0,0,1,Minor,Clear
1960,KAG_001961,Kaggle_road_csv,0,March,Wednesday,Unknown,Truck,Unidentified,2,18-30,Under 18,Reckless Driving,Dry,Daylight,0,0,1,Minor,Clear
1961,KAG_001962,Kaggle_road_csv,0,May,Wednesday,Unknown,Truck,Unidentified,2,18-30,Unknown,Reckless Driving,Dry,Daylight,0,0,2,Minor,Clear
1962,KAG_001963,Kaggle_road_csv,0,October,Monday,Unknown,Truck,Unidentified,1,18-30,Unknown,No Distancing/Rear End,Dry,Dark,0,0,1,Fatal,Clear
1963,KAG_001964,Kaggle_road_csv,0,April,Friday,Unknown,Truck,Unidentified,4,31-50,18-30,Drunk/Drug Driving,Dry,Dark,0,0,1,Minor,Clear
1964,KAG_001965,Kaggle_road_csv,0,March,Friday,Unknown,Truck,Unidentified,4,31-50,Unknown,No Distancing/Rear End,Dry,Dark,0,0,1,Minor,Clear
1965,KAG_001966,Kaggle_road_csv,0,May,Wednesday,Unknown,Truck,Unidentified,2,18-30,31-50,Lane Violation,Dry,Daylight,0,0,1,Minor,Clear
1966,KAG_001967,Kaggle_road_csv,0,August,Wednesday,Unknown,Truck,Unidentified,2,18-30,Unknown,Reckless Driving,Wet,Daylight,0,0,1,Minor,Rainy
1967,KAG_001968,Kaggle_road_csv,0,March,Friday,Unknown,Truck,Unidentified,2,31-50,Under 18,Lane Violation,Dry,Daylight,0,0,2,Serious,Clear
1968,KAG_001969,Kaggle_road_csv,0,April,Monday,Unknown,Truck,Unidentified,2,31-50,Unknown,No Distancing/Rear End,Dry,Daylight,0,0,1,Minor,Clear
1969,KAG_001970,Kaggle_road_csv,0,September,Friday,Unknown,Truck,Unidentified,2,18-30,31-50,No Distancing/Rear End,Wet,Daylight,0,0,2,Minor,Rainy
1970,KAG_001971,Kaggle_road_csv,0,August,Monday,Unknown,Truck,Unidentified,2,18-30,Unknown,Reckless Driving,Wet,Dark,0,0,3,Minor,Rainy
1971,KAG_001972,Kaggle_road_csv,0,May,Saturday,Unknown,Truck,Unidentified,2,Over 51,Unknown,No Distancing/Rear End,Dry,Daylight,0,0,4,Minor,Clear
1972,KAG_001973,Kaggle_road_csv,0,April,Wednesday,Unknown,Truck,Unidentified,3,Under 18,18-30,Lane Violation,Dry,Daylight,0,0,1,Minor,Clear
1973,KAG_001974,Kaggle_road_csv,0,March,Wednesday,Unknown,Truck,Unidentified,3,31-50,Over 51,No Distancing/Rear End,Dry,Daylight,0,0,1,Minor,Clear
1974,KAG_001975,Kaggle_road_csv,0,April,Wednesday,Unknown,Truck,Unidentified,3,Unknown,31-50,Lane Violation,Dry,Daylight,0,0,1,Minor,Clear
1975,KAG_001976,Kaggle_road_csv,0,May,Thursday,Unknown,Truck,Unidentified,2,31-50,Unknown,Lane Violation,Dry,Daylight,0,0,1,Minor,Clear
1976,KAG_001977,Kaggle_road_csv,0,October,Monday,Unknown,Truck,Unidentified,2,Unknown,18-30,Lane Violation,Wet,Daylight,0,0,1,Minor,Clear
1977,KAG_001978,Kaggle_road_csv,0,April,Monday,Unknown,Truck,Unidentified,2,31-50,31-50,Lane Violation,Wet,Daylight,0,0,1,Minor,Clear
1978,KAG_001979,Kaggle_road_csv,0,October,Tuesday,Unknown,Truck,Unidentified,2,31-50,Unknown,No Distancing/Rear End,Dry,Daylight,0,0,1,Minor,Clear
1979,KAG_001980,Kaggle_road_csv,0,June,Tuesday,Unknown,Truck,Unidentified,2,Under 18,Over 51,Lane Violation,Wet,Daylight,0,0,4,Minor,Rainy
1980,KAG_001981,Kaggle_road_csv,0,July,Friday,Unknown,Truck,Unidentified,2,Unknown,31-50,No Distancing/Rear End,Wet,Daylight,0,0,1,Minor,Rainy
1981,KAG_001982,Kaggle_road_csv,0,April,Thursday,Unknown,Truck,Unidentified,4,31-50,Unknown,Reckless Driving,Wet,Daylight,0,0,1,Minor,Clear
1982,KAG_001983,Kaggle_road_csv,0,October,Wednesday,Unknown,Truck,Unidentified,2,Under 18,Unknown,Lane Violation,Wet,Dark,0,0,1,Minor,Clear
1983,KAG_001984,Kaggle_road_csv,0,April,Wednesday,Unknown,Truck,Unidentified,2,31-50,Under 18,Lane Violation,Wet,Dark,0,0,1,Minor,Clear
1984,KAG_001985,Kaggle_road_csv,0,October,Monday,Unknown,Truck,Unidentified,2,18-30,Unknown,Drunk/Drug Driving,Wet,Daylight,0,0,1,Minor,Clear
1985,KAG_001986,Kaggle_road_csv,0,April,Saturday,Unknown,Truck,Unidentified,2,Unknown,Over 51,Reckless Driving,Dry,Daylight,0,0,3,Minor,Clear
1986,KAG_001987,Kaggle_road_csv,0,October,Saturday,Unknown,Truck,Unidentified,2,31-50,Unknown,Lane Violation,Dry,Daylight,0,0,3,Minor,Clear
1987,KAG_001988,Kaggle_road_csv,0,April,Saturday,Unknown,Truck,Unidentified,2,31-50,Unknown,No Distancing/Rear End,Dry,Daylight,0,0,3,Minor,Clear
1988,KAG_001989,Kaggle_road_csv,0,May,Friday,Unknown,Truck,Unidentified,3,31-50,31-50,Reckless Driving,Dry,Daylight,0,0,2,Minor,Clear
1989,KAG_001990,Kaggle_road_csv,0,October,Friday,Unknown,Truck,Unidentified,2,18-30,18-30,No Distancing/Rear End,Dry,Daylight,0,0,2,Minor,Clear
1990,KAG_001991,Kaggle_road_csv,0,October,Monday,Unknown,Truck,Unidentified,2,18-30,Unknown,Reckless Driving,Wet,Dark,0,0,1,Minor,Clear
1991,KAG_001992,Kaggle_road_csv,0,April,Wednesday,Unknown,Truck,Unidentified,2,18-30,Under 18,No Distancing/Rear End,Dry,Daylight,0,0,2,Serious,Clear
1992,KAG_001993,Kaggle_road_csv,0,March,Wednesday,Unknown,Truck,Unidentified,3,18-30,18-30,Reckless Driving,Dry,Daylight,0,0,3,Minor,Clear
1993,KAG_001994,Kaggle_road_csv,0,October,Wednesday,Unknown,Truck,Unidentified,2,18-30,Unknown,Reckless Driving,Dry,Dark,0,0,1,Serious,Clear
1994,KAG_001995,Kaggle_road_csv,0,March,Thursday,Unknown,Truck,Unidentified,2,18-30,18-30,No Distancing/Rear End,Dry,Daylight,0,0,1,Minor,Clear
1995,KAG_001996,Kaggle_road_csv,0,May,Tuesday,Unknown,Truck,Unidentified,2,31-50,18-30,Reckless Driving,Wet,Daylight,0,0,1,Minor,Clear
1996,KAG_001997,Kaggle_road_csv,0,October,Tuesday,Unknown,Truck,Unidentified,2,Over 51,18-30,Reckless Driving,Wet,Daylight,0,0,1,Minor,Clear
1997,KAG_001998,Kaggle_road_csv,0,August,Tuesday,Unknown,Truck,Unidentified,1,31-50,18-30,No Distancing/Rear End,Wet,Daylight,0,0,1,Minor,Rainy
1998,KAG_001999,Kaggle_road_csv,0,April,Thursday,Unknown,Truck,Unidentified,2,Unknown,18-30,Reckless Driving,Dry,Daylight,0,0,1,Serious,Clear
1999,KAG_002000,Kaggle_road_csv,0,August,Saturday,Unknown,Truck,Unidentified,1,Under 18,Unknown,No Distancing/Rear End,Wet,Dark,0,0,1,Minor,Rainy
2000,KAG_002001,Kaggle_road_csv,0,May,Wednesday,Unknown,Truck,Unidentified,2,Unknown,Unknown,Reckless Driving,Dry,Daylight,0,0,1,Minor,Clear
2001,KAG_002002,Kaggle_road_csv,0,April,Tuesday,Unknown,Truck,Unidentified,2,31-50,Unknown,Reckless Driving,Dry,Daylight,0,0,5,Minor,Clear
2002,KAG_002003,Kaggle_road_csv,0,March,Tuesday,Unknown,Truck,Unidentified,2,Unknown,31-50,Lane Violation,Dry,Daylight,0,0,2,Minor,Clear
2003,KAG_002004,Kaggle_road_csv,0,May,Tuesday,Unknown,Truck,Unidentified,2,18-30,31-50,No Distancing/Rear End,Dry,Daylight,0,0,2,Minor,Clear
2004,KAG_002005,Kaggle_road_csv,0,March,Wednesday,Unknown,Truck,Unidentified,2,Unknown,18-30,Drunk/Drug Driving,Wet,Daylight,0,0,2,Minor,Clear
2005,KAG_002006,Kaggle_road_csv,0,May,Thursday,Unknown,Truck,Unidentified,3,18-30,18-30,Drunk/Drug Driving,Dry,Daylight,0,0,2,Minor,Clear
2006,KAG_002007,Kaggle_road_csv,0,March,Thursday,Unknown,Truck,Unidentified,3,18-30,Unknown,Lane Violation,Dry,Daylight,0,0,2,Minor,Clear
2007,KAG_002008,Kaggle_road_csv,0,May,Monday,Unknown,Truck,Unidentified,2,18-30,Under 18,Lane Violation,Dry,Daylight,0,0,1,Minor,Clear
2008,KAG_002009,Kaggle_road_csv,0,April,Wednesday,Unknown,Truck,Unidentified,2,31-50,Unknown,Lane Violation,Dry,Daylight,0,0,1,Minor,Clear
2009,KAG_002010,Kaggle_road_csv,0,October,Saturday,Unknown,Truck,Unidentified,2,Under 18,18-30,Unknown/Other,Dry,Daylight,0,0,1,Minor,Clear
2010,KAG_002011,Kaggle_road_csv,0,March,Saturday,Unknown,Truck,Unidentified,2,Over 51,Unknown,Lane Violation,Dry,Daylight,0,0,3,Fatal,Clear
2011,KAG_002012,Kaggle_road_csv,0,March,Friday,Unknown,Truck,Unidentified,3,31-50,18-30,Reckless Driving,Dry,Daylight,0,0,3,Minor,Clear
2012,KAG_002013,Kaggle_road_csv,0,March,Friday,Unknown,Truck,Unidentified,3,31-50,Unknown,No Distancing/Rear End,Dry,Daylight,0,0,3,Minor,Clear
2013,KAG_002014,Kaggle_road_csv,0,March,Wednesday,Unknown,Truck,Unidentified,2,31-50,31-50,No Distancing/Rear End,Wet,Daylight,0,0,1,Minor,Clear
2014,KAG_002015,Kaggle_road_csv,0,March,Monday,Unknown,Truck,Unidentified,2,Under 18,Unknown,Loss of Control,Dry,Daylight,0,0,2,Minor,Clear
2015,KAG_002016,Kaggle_road_csv,0,April,Saturday,Unknown,Truck,Unidentified,2,18-30,Under 18,Unknown/Other,Dry,Dark,0,0,2,Serious,Clear
2016,KAG_002017,Kaggle_road_csv,0,March,Friday,Unknown,Truck,Unidentified,3,18-30,Over 51,Reckless Driving,Dry,Daylight,0,0,1,Minor,Clear
2017,KAG_002018,Kaggle_road_csv,0,March,Friday,Unknown,Truck,Unidentified,2,18-30,18-30,Unknown/Other,Dry,Daylight,0,0,1,Minor,Clear
2018,KAG_002019,Kaggle_road_csv,0,October,Saturday,Unknown,Truck,Unidentified,2,Unknown,18-30,Lane Violation,Dry,Dark,0,0,1,Serious,Clear
2019,KAG_002020,Kaggle_road_csv,0,May,Thursday,Unknown,Truck,Unidentified,1,18-30,Unknown,Lane Violation,Wet,Dark,0,0,1,Serious,Clear
2020,KAG_002021,Kaggle_road_csv,0,April,Friday,Unknown,Truck,Unidentified,2,Unknown,Unknown,Reckless Driving,Dry,Dark,0,0,1,Minor,Clear
2021,KAG_002022,Kaggle_road_csv,0,March,Friday,Unknown,Truck,Unidentified,1,31-50,Unknown,Reckless Driving,Dry,Daylight,0,0,1,Minor,Clear
2022,KAG_002023,Kaggle_road_csv,0,September,Monday,Unknown,Truck,Unidentified,2,Unknown,Under 18,Reckless Driving,Wet,Dark,0,0,2,Minor,Rainy
2023,KAG_002024,Kaggle_road_csv,0,August,Monday,Unknown,Truck,Unidentified,2,31-50,Over 51,Lane Violation,Wet,Dark,0,0,2,Minor,Rainy
2024,KAG_002025,Kaggle_road_csv,0,March,Monday,Unknown,Truck,Unidentified,2,31-50,Under 18,Lane Violation,Dry,Daylight,0,0,1,Minor,Clear
2025,KAG_002026,Kaggle_road_csv,0,March,Sunday,Unknown,Truck,Unidentified,2,31-50,Over 51,No Distancing/Rear End,Dry,Daylight,0,0,1,Minor,Clear
2026,KAG_002027,Kaggle_road_csv,0,August,Sunday,Unknown,Truck,Unidentified,2,18-30,18-30,Lane Violation,Wet,Daylight,0,0,3,Minor,Rainy
2027,KAG_002028,Kaggle_road_csv,0,August,Sunday,Unknown,Truck,Unidentified,2,Over 51,Unknown,No Distancing/Rear End,Wet,Daylight,0,0,3,Minor,Rainy
2028,KAG_002029,Kaggle_road_csv,0,August,Saturday,Unknown,Truck,Unidentified,2,Over 51,Unknown,Lane Violation,Wet,Daylight,0,0,1,Minor,Rainy
2029,KAG_002030,Kaggle_road_csv,0,April,Monday,Unknown,Truck,Unidentified,2,Under 18,Unknown,Loss of Control,Dry,Daylight,0,0,1,Minor,Clear
2030,KAG_002031,Kaggle_road_csv,0,October,Friday,Unknown,Truck,Unidentified,2,Over 51,Unknown,No Distancing/Rear End,Dry,Daylight,0,0,2,Minor,Clear
2031,KAG_002032,Kaggle_road_csv,0,March,Tuesday,Unknown,Truck,Unidentified,1,Under 18,Unknown,Reckless Driving,Dry,Daylight,0,0,1,Minor,Clear
2032,KAG_002033,Kaggle_road_csv,0,April,Saturday,Unknown,Truck,Unidentified,2,18-30,Unknown,Lane Violation,Dry,Daylight,0,0,1,Minor,Clear
2033,KAG_002034,Kaggle_road_csv,0,July,Friday,Unknown,Truck,Unidentified,3,Unknown,31-50,No Distancing/Rear End,Wet,Daylight,0,0,1,Minor,Rainy
2034,KAG_002035,Kaggle_road_csv,0,April,Friday,Unknown,Truck,Unidentified,2,18-30,31-50,Loss of Control,Dry,Dark,0,0,4,Minor,Clear
2035,KAG_002036,Kaggle_road_csv,0,October,Friday,Unknown,Truck,Unidentified,2,31-50,31-50,Lane Violation,Wet,Dark,0,0,1,Minor,Clear
2036,KAG_002037,Kaggle_road_csv,0,June,Thursday,Unknown,Truck,Unidentified,2,Over 51,18-30,Lane Violation,Wet,Daylight,0,0,1,Minor,Rainy
2037,KAG_002038,Kaggle_road_csv,0,March,Friday,Unknown,Truck,Unidentified,1,18-30,Under 18,Reckless Driving,Wet,Daylight,0,0,1,Minor,Clear
2038,KAG_002039,Kaggle_road_csv,0,April,Wednesday,Unknown,Truck,Unidentified,3,18-30,18-30,Lane Violation,Dry,Daylight,0,0,1,Serious,Clear
2039,KAG_002040,Kaggle_road_csv,0,May,Thursday,Unknown,Truck,Unidentified,2,31-50,Unknown,Lane Violation,Dry,Dark,0,0,1,Serious,Clear
2040,KAG_002041,Kaggle_road_csv,0,October,Saturday,Unknown,Truck,Unidentified,2,Under 18,31-50,Lane Violation,Dry,Daylight,0,0,1,Minor,Clear
2041,KAG_002042,Kaggle_road_csv,0,March,Friday,Unknown,Truck,Unidentified,3,Over 51,18-30,No Distancing/Rear End,Dry,Daylight,0,0,1,Minor,Clear
2042,KAG_002043,Kaggle_road_csv,0,April,Friday,Unknown,Truck,Unidentified,3,18-30,Unknown,Unknown/Other,Dry,Daylight,0,0,1,Minor,Clear
2043,KAG_002044,Kaggle_road_csv,0,July,Monday,Unknown,Truck,Unidentified,3,31-50,Under 18,Lane Violation,Wet,Daylight,0,0,5,Minor,Rainy
2044,KAG_002045,Kaggle_road_csv,0,March,Saturday,Unknown,Truck,Unidentified,2,31-50,31-50,No Distancing/Rear End,Wet,Dark,0,0,2,Minor,Clear
2045,KAG_002046,Kaggle_road_csv,0,October,Tuesday,Unknown,Truck,Unidentified,2,18-30,18-30,Unknown/Other,Dry,Dark,0,0,2,Minor,Clear
2046,KAG_002047,Kaggle_road_csv,0,April,Thursday,Unknown,Truck,Unidentified,2,31-50,18-30,Reckless Driving,Wet,Daylight,0,0,1,Minor,Clear
2047,KAG_002048,Kaggle_road_csv,0,October,Monday,Unknown,Truck,Unidentified,2,Under 18,Under 18,Reckless Driving,Wet,Dark,0,0,1,Minor,Clear
2048,KAG_002049,Kaggle_road_csv,0,October,Friday,Unknown,Truck,Unidentified,1,31-50,Unknown,Lane Violation,Wet,Dark,0,0,1,Minor,Clear
2049,KAG_002050,Kaggle_road_csv,0,April,Friday,Unknown,Truck,Unidentified,2,18-30,Over 51,Lane Violation,Dry,Dark,0,0,1,Minor,Clear
2050,KAG_002051,Kaggle_road_csv,0,June,Saturday,Unknown,Truck,Unidentified,2,Unknown,Over 51,Lane Violation,Wet,Daylight,0,0,1,Minor,Rainy
2051,KAG_002052,Kaggle_road_csv,0,August,Saturday,Unknown,Truck,Unidentified,2,18-30,Unknown,No Distancing/Rear End,Wet,Daylight,0,0,1,Minor,Rainy
2052,KAG_002053,Kaggle_road_csv,0,August,Monday,Unknown,Truck,Unidentified,2,Over 51,18-30,No Distancing/Rear End,Wet,Daylight,0,0,2,Minor,Rainy
2053,KAG_002054,Kaggle_road_csv,0,May,Wednesday,Unknown,Truck,Unidentified,2,18-30,31-50,No Distancing/Rear End,Dry,Dark,0,0,1,Minor,Clear
2054,KAG_002055,Kaggle_road_csv,0,October,Sunday,Unknown,Truck,Unidentified,2,31-50,Over 51,Lane Violation,Dry,Daylight,0,0,1,Minor,Clear
2055,KAG_002056,Kaggle_road_csv,0,May,Sunday,Unknown,Truck,Unidentified,2,31-50,18-30,Lane Violation,Dry,Daylight,0,0,1,Serious,Clear
2056,KAG_002057,Kaggle_road_csv,0,April,Sunday,Unknown,Truck,Unidentified,2,Under 18,31-50,Reckless Driving,Dry,Daylight,0,0,1,Serious,Clear
2057,KAG_002058,Kaggle_road_csv,0,June,Wednesday,Unknown,Truck,Unidentified,3,18-30,Unknown,Lane Violation,Dry,Daylight,0,0,2,Serious,Rainy
2058,KAG_002059,Kaggle_road_csv,0,October,Monday,Unknown,Truck,Unidentified,3,31-50,18-30,Lane Violation,Dry,Daylight,0,0,1,Serious,Clear
2059,KAG_002060,Kaggle_road_csv,0,October,Thursday,Unknown,Truck,Unidentified,2,Unknown,Unknown,No Distancing/Rear End,Dry,Daylight,0,0,1,Minor,Clear
2060,KAG_002061,Kaggle_road_csv,0,March,Friday,Unknown,Truck,Unidentified,2,31-50,Over 51,Lane Violation,Dry,Daylight,0,0,4,Minor,Clear
2061,KAG_002062,Kaggle_road_csv,0,March,Friday,Unknown,Truck,Unidentified,2,31-50,Unknown,Reckless Driving,Dry,Daylight,0,0,4,Minor,Clear
2062,KAG_002063,Kaggle_road_csv,0,March,Saturday,Unknown,Truck,Unidentified,2,Unknown,31-50,Lane Violation,Dry,Daylight,0,0,1,Minor,Clear
2063,KAG_002064,Kaggle_road_csv,0,March,Saturday,Unknown,Truck,Unidentified,2,31-50,Unknown,Lane Violation,Wet,Daylight,0,0,2,Minor,Clear
2064,KAG_002065,Kaggle_road_csv,0,March,Thursday,Unknown,Truck,Unidentified,2,31-50,18-30,Reckless Driving,Dry,Dark,0,0,1,Minor,Clear
2065,KAG_002066,Kaggle_road_csv,0,June,Monday,Unknown,Truck,Unidentified,2,Under 18,31-50,Loss of Control,Wet,Daylight,0,0,2,Minor,Rainy
2066,KAG_002067,Kaggle_road_csv,0,June,Monday,Unknown,Truck,Unidentified,2,Under 18,Unknown,No Distancing/Rear End,Wet,Daylight,0,0,2,Minor,Rainy
2067,KAG_002068,Kaggle_road_csv,0,September,Monday,Unknown,Truck,Unidentified,2,31-50,18-30,Reckless Driving,Wet,Daylight,0,0,2,Minor,Rainy
2068,KAG_002069,Kaggle_road_csv,0,March,Tuesday,Unknown,Truck,Unidentified,2,Unknown,31-50,Lane Violation,Dry,Daylight,0,0,1,Minor,Clear
2069,KAG_002070,Kaggle_road_csv,0,October,Saturday,Unknown,Truck,Unidentified,3,Over 51,Unknown,Lane Violation,Wet,Daylight,0,0,4,Minor,Clear
2070,KAG_002071,Kaggle_road_csv,0,March,Monday,Unknown,Truck,Unidentified,2,31-50,Unknown,Lane Violation,Dry,Daylight,0,0,1,Minor,Clear
2071,KAG_002072,Kaggle_road_csv,0,March,Sunday,Unknown,Truck,Unidentified,1,18-30,31-50,No Distancing/Rear End,Wet,Daylight,0,0,1,Minor,Clear
2072,KAG_002073,Kaggle_road_csv,0,May,Sunday,Unknown,Truck,Unidentified,2,Unknown,31-50,Lane Violation,Dry,Dark,0,0,1,Minor,Clear
2073,KAG_002074,Kaggle_road_csv,0,March,Friday,Unknown,Truck,Unidentified,1,Unknown,Over 51,Reckless Driving,Dry,Daylight,0,0,1,Minor,Clear
2074,KAG_002075,Kaggle_road_csv,0,March,Friday,Unknown,Truck,Unidentified,2,Unknown,Unknown,No Distancing/Rear End,Dry,Daylight,0,0,1,Minor,Clear
2075,KAG_002076,Kaggle_road_csv,0,April,Thursday,Unknown,Truck,Unidentified,3,31-50,Under 18,Lane Violation,Dry,Daylight,0,0,1,Minor,Clear
2076,KAG_002077,Kaggle_road_csv,0,March,Friday,Unknown,Truck,Unidentified,2,31-50,18-30,Lane Violation,Dry,Daylight,0,0,3,Minor,Clear
2077,KAG_002078,Kaggle_road_csv,0,April,Friday,Unknown,Truck,Unidentified,2,31-50,Unknown,Lane Violation,Dry,Dark,0,0,4,Minor,Clear
2078,KAG_002079,Kaggle_road_csv,0,May,Friday,Unknown,Truck,Unidentified,2,31-50,Unknown,No Distancing/Rear End,Dry,Daylight,0,0,1,Minor,Clear
2079,KAG_002080,Kaggle_road_csv,0,October,Monday,Unknown,Truck,Unidentified,2,18-30,18-30,Lane Violation,Dry,Daylight,0,0,1,Minor,Clear
2080,KAG_002081,Kaggle_road_csv,0,April,Monday,Unknown,Truck,Unidentified,2,Unknown,31-50,Reckless Driving,Dry,Daylight,0,0,1,Minor,Clear
2081,KAG_002082,Kaggle_road_csv,0,October,Sunday,Unknown,Truck,Unidentified,2,Unknown,31-50,Drunk/Drug Driving,Dry,Daylight,0,0,1,Minor,Clear
2082,KAG_002083,Kaggle_road_csv,0,May,Monday,Unknown,Truck,Unidentified,2,Under 18,18-30,No Distancing/Rear End,Dry,Daylight,0,0,2,Minor,Clear
2083,KAG_002084,Kaggle_road_csv,0,May,Monday,Unknown,Truck,Unidentified,2,18-30,31-50,Lane Violation,Dry,Daylight,0,0,2,Minor,Clear
2084,KAG_002085,Kaggle_road_csv,0,March,Monday,Unknown,Truck,Unidentified,3,Over 51,31-50,Drunk/Drug Driving,Dry,Daylight,0,0,1,Minor,Clear
2085,KAG_002086,Kaggle_road_csv,0,March,Wednesday,Unknown,Truck,Unidentified,3,Unknown,Unknown,Lane Violation,Dry,Daylight,0,0,3,Minor,Clear
2086,KAG_002087,Kaggle_road_csv,0,October,Wednesday,Unknown,Truck,Unidentified,2,18-30,Over 51,Lane Violation,Dry,Daylight,0,0,1,Minor,Clear
2087,KAG_002088,Kaggle_road_csv,0,May,Friday,Unknown,Truck,Unidentified,2,Unknown,Unknown,No Distancing/Rear End,Dry,Daylight,0,0,2,Minor,Clear
2088,KAG_002089,Kaggle_road_csv,0,May,Friday,Unknown,Truck,Unidentified,2,18-30,18-30,Reckless Driving,Dry,Daylight,0,0,2,Minor,Clear
2089,KAG_002090,Kaggle_road_csv,0,October,Friday,Unknown,Truck,Unidentified,2,18-30,18-30,Reckless Driving,Dry,Daylight,0,0,2,Minor,Clear
2090,KAG_002091,Kaggle_road_csv,0,October,Sunday,Unknown,Truck,Unidentified,2,31-50,31-50,No Distancing/Rear End,Dry,Daylight,0,0,1,Minor,Clear
2091,KAG_002092,Kaggle_road_csv,0,April,Monday,Unknown,Truck,Unidentified,2,Under 18,18-30,Reckless Driving,Dry,Daylight,0,0,6,Minor,Clear
2092,KAG_002093,Kaggle_road_csv,0,May,Monday,Unknown,Truck,Unidentified,2,Under 18,18-30,No Distancing/Rear End,Dry,Daylight,0,0,6,Minor,Clear
2093,KAG_002094,Kaggle_road_csv,0,May,Tuesday,Unknown,Truck,Unidentified,2,31-50,Unknown,No Distancing/Rear End,Dry,Daylight,0,0,2,Minor,Clear
2094,KAG_002095,Kaggle_road_csv,0,October,Monday,Unknown,Truck,Unidentified,2,Under 18,31-50,Lane Violation,Dry,Dark,0,0,1,Minor,Clear
2095,KAG_002096,Kaggle_road_csv,0,March,Saturday,Unknown,Truck,Unidentified,2,31-50,31-50,Lane Violation,Dry,Daylight,0,0,1,Minor,Clear
2096,KAG_002097,Kaggle_road_csv,0,May,Wednesday,Unknown,Truck,Unidentified,2,Unknown,31-50,Reckless Driving,Dry,Daylight,0,0,1,Minor,Clear
2097,KAG_002098,Kaggle_road_csv,0,May,Friday,Unknown,Truck,Unidentified,2,18-30,31-50,Lane Violation,Dry,Daylight,0,0,1,Minor,Clear
2098,KAG_002099,Kaggle_road_csv,0,October,Friday,Unknown,Truck,Unidentified,2,18-30,Under 18,Lane Violation,Dry,Dark,0,0,2,Minor,Clear
2099,KAG_002100,Kaggle_road_csv,0,May,Wednesday,Unknown,Truck,Unidentified,3,31-50,31-50,Lane Violation,Dry,Daylight,0,0,1,Minor,Clear
2100,KAG_002101,Kaggle_road_csv,0,March,Saturday,Unknown,Truck,Unidentified,2,31-50,Unknown,Reckless Driving,Dry,Daylight,0,0,2,Minor,Clear
2101,KAG_002102,Kaggle_road_csv,0,October,Wednesday,Unknown,Truck,Unidentified,2,Unknown,Unknown,Lane Violation,Dry,Daylight,0,0,1,Minor,Clear
2102,KAG_002103,Kaggle_road_csv,0,April,Monday,Unknown,Truck,Unidentified,2,31-50,Unknown,Reckless Driving,Wet,Daylight,0,0,2,Minor,Clear
2103,KAG_002104,Kaggle_road_csv,0,May,Wednesday,Unknown,Truck,Unidentified,4,Unknown,18-30,Reckless Driving,Dry,Daylight,0,0,5,Minor,Clear
2104,KAG_002105,Kaggle_road_csv,0,April,Wednesday,Unknown,Truck,Unidentified,4,Unknown,Under 18,No Distancing/Rear End,Dry,Daylight,0,0,5,Minor,Clear
2105,KAG_002106,Kaggle_road_csv,0,March,Wednesday,Unknown,Truck,Unidentified,4,Over 51,Under 18,No Distancing/Rear End,Dry,Daylight,0,0,5,Minor,Clear
2106,KAG_002107,Kaggle_road_csv,0,April,Tuesday,Unknown,Truck,Unidentified,2,Unknown,Unknown,No Distancing/Rear End,Dry,Daylight,0,0,1,Minor,Clear
2107,KAG_002108,Kaggle_road_csv,0,March,Tuesday,Unknown,Truck,Unidentified,2,18-30,18-30,Lane Violation,Dry,Daylight,0,0,1,Minor,Clear
2108,KAG_002109,Kaggle_road_csv,0,March,Thursday,Unknown,Truck,Unidentified,1,Over 51,Unknown,Lane Violation,Dry,Daylight,0,0,1,Minor,Clear
2109,KAG_002110,Kaggle_road_csv,0,October,Thursday,Unknown,Truck,Unidentified,3,18-30,Unknown,No Distancing/Rear End,Dry,Daylight,0,0,1,Minor,Clear
2110,KAG_002111,Kaggle_road_csv,0,October,Friday,Unknown,Truck,Unidentified,2,18-30,18-30,Lane Violation,Dry,Daylight,0,0,1,Minor,Clear
2111,KAG_002112,Kaggle_road_csv,0,April,Thursday,Unknown,Truck,Unidentified,2,31-50,Over 51,Reckless Driving,Dry,Daylight,0,0,3,Minor,Clear
2112,KAG_002113,Kaggle_road_csv,0,October,Thursday,Unknown,Truck,Unidentified,2,31-50,18-30,No Distancing/Rear End,Dry,Daylight,0,0,3,Minor,Clear
2113,KAG_002114,Kaggle_road_csv,0,May,Thursday,Unknown,Truck,Unidentified,2,Over 51,Over 51,No Distancing/Rear End,Dry,Daylight,0,0,1,Minor,Clear
2114,KAG_002115,Kaggle_road_csv,0,May,Sunday,Unknown,Truck,Unidentified,2,18-30,18-30,No Distancing/Rear End,Dry,Daylight,0,0,1,Minor,Clear
2115,KAG_002116,Kaggle_road_csv,0,March,Friday,Unknown,Truck,Unidentified,1,31-50,18-30,Lane Violation,Dry,Daylight,0,0,1,Minor,Clear
2116,KAG_002117,Kaggle_road_csv,0,April,Sunday,Unknown,Truck,Unidentified,2,Unknown,Over 51,No Distancing/Rear End,Dry,Dark,0,0,3,Minor,Clear
2117,KAG_002118,Kaggle_road_csv,0,October,Sunday,Unknown,Truck,Unidentified,2,31-50,Under 18,Lane Violation,Dry,Dark,0,0,3,Minor,Clear
2118,KAG_002119,Kaggle_road_csv,0,May,Friday,Unknown,Truck,Unidentified,1,31-50,18-30,No Distancing/Rear End,Dry,Daylight,0,0,1,Minor,Clear
2119,KAG_002120,Kaggle_road_csv,0,March,Friday,Unknown,Truck,Unidentified,2,Over 51,18-30,Lane Violation,Dry,Daylight,0,0,1,Minor,Clear
2120,KAG_002121,Kaggle_road_csv,0,October,Monday,Unknown,Truck,Unidentified,1,31-50,Unknown,Lane Violation,Dry,Daylight,0,0,1,Minor,Clear
2121,KAG_002122,Kaggle_road_csv,0,October,Monday,Unknown,Truck,Unidentified,3,Unknown,Unknown,No Distancing/Rear End,Dry,Daylight,0,0,1,Minor,Clear
2122,KAG_002123,Kaggle_road_csv,0,October,Monday,Unknown,Truck,Unidentified,3,18-30,31-50,Lane Violation,Dry,Daylight,0,0,1,Minor,Clear
2123,KAG_002124,Kaggle_road_csv,0,June,Saturday,Unknown,Truck,Unidentified,2,Over 51,18-30,Reckless Driving,Wet,Daylight,0,0,1,Minor,Rainy
2124,KAG_002125,Kaggle_road_csv,0,April,Monday,Unknown,Truck,Unidentified,1,31-50,Unknown,Loss of Control,Dry,Daylight,0,0,1,Minor,Clear
2125,KAG_002126,Kaggle_road_csv,0,May,Tuesday,Unknown,Truck,Unidentified,1,18-30,Under 18,No Distancing/Rear End,Dry,Daylight,0,0,1,Minor,Clear
2126,KAG_002127,Kaggle_road_csv,0,October,Monday,Unknown,Truck,Unidentified,3,31-50,18-30,Lane Violation,Wet,Daylight,0,0,1,Minor,Clear
2127,KAG_002128,Kaggle_road_csv,0,May,Saturday,Unknown,Truck,Unidentified,2,31-50,Unknown,Reckless Driving,Dry,Daylight,0,0,1,Minor,Clear
2128,KAG_002129,Kaggle_road_csv,0,March,Monday,Unknown,Truck,Unidentified,2,18-30,Under 18,Speeding,Dry,Daylight,0,0,2,Minor,Clear
2129,KAG_002130,Kaggle_road_csv,0,April,Saturday,Unknown,Truck,Unidentified,3,31-50,18-30,Speeding,Dry,Daylight,0,0,1,Serious,Clear
2130,KAG_002131,Kaggle_road_csv,0,May,Thursday,Unknown,Truck,Unidentified,2,18-30,Over 51,No Distancing/Rear End,Dry,Dark,0,0,1,Minor,Clear
2131,KAG_002132,Kaggle_road_csv,0,April,Thursday,Unknown,Truck,Unidentified,2,18-30,18-30,Reckless Driving,Dry,Dark,0,0,1,Minor,Clear
2132,KAG_002133,Kaggle_road_csv,0,May,Tuesday,Unknown,Truck,Unidentified,2,31-50,18-30,Lane Violation,Dry,Daylight,0,0,1,Minor,Clear
2133,KAG_002134,Kaggle_road_csv,0,April,Friday,Unknown,Truck,Unidentified,2,18-30,18-30,Reckless Driving,Dry,Daylight,0,0,2,Minor,Clear
2134,KAG_002135,Kaggle_road_csv,0,May,Wednesday,Unknown,Truck,Unidentified,2,31-50,Unknown,Reckless Driving,Dry,Daylight,0,0,1,Minor,Clear
2135,KAG_002136,Kaggle_road_csv,0,March,Saturday,Unknown,Truck,Unidentified,2,Over 51,Unknown,Lane Violation,Dry,Daylight,0,0,1,Minor,Clear
2136,KAG_002137,Kaggle_road_csv,0,October,Saturday,Unknown,Truck,Unidentified,2,Over 51,31-50,Lane Violation,Dry,Daylight,0,0,1,Minor,Clear
2137,KAG_002138,Kaggle_road_csv,0,March,Monday,Unknown,Truck,Unidentified,2,Over 51,Unknown,No Distancing/Rear End,Wet,Daylight,0,0,1,Minor,Clear
2138,KAG_002139,Kaggle_road_csv,0,April,Monday,Unknown,Truck,Unidentified,2,18-30,Over 51,Lane Violation,Dry,Daylight,0,0,1,Minor,Clear
2139,KAG_002140,Kaggle_road_csv,0,May,Monday,Unknown,Truck,Unidentified,2,31-50,18-30,Lane Violation,Dry,Daylight,0,0,1,Minor,Clear
2140,KAG_002141,Kaggle_road_csv,0,May,Wednesday,Unknown,Truck,Unidentified,2,18-30,18-30,Loss of Control,Dry,Daylight,0,0,1,Minor,Clear
2141,KAG_002142,Kaggle_road_csv,0,April,Wednesday,Unknown,Truck,Unidentified,2,18-30,Unknown,No Distancing/Rear End,Dry,Daylight,0,0,1,Minor,Clear
2142,KAG_002143,Kaggle_road_csv,0,March,Thursday,Unknown,Truck,Unidentified,2,18-30,31-50,Reckless Driving,Dry,Daylight,0,0,1,Minor,Clear
2143,KAG_002144,Kaggle_road_csv,0,October,Friday,Unknown,Truck,Unidentified,2,31-50,Under 18,Drunk/Drug Driving,Wet,Daylight,0,0,1,Minor,Clear
2144,KAG_002145,Kaggle_road_csv,0,September,Friday,Unknown,Truck,Unidentified,2,Unknown,Under 18,Reckless Driving,Wet,Daylight,0,0,2,Serious,Rainy
2145,KAG_002146,Kaggle_road_csv,0,March,Sunday,Unknown,Truck,Unidentified,2,18-30,18-30,Lane Violation,Dry,Dark,0,0,1,Minor,Clear
2146,KAG_002147,Kaggle_road_csv,0,April,Friday,Unknown,Truck,Unidentified,2,18-30,Unknown,No Distancing/Rear End,Dry,Daylight,0,0,1,Minor,Clear
2147,KAG_002148,Kaggle_road_csv,0,October,Friday,Unknown,Truck,Unidentified,2,18-30,31-50,No Distancing/Rear End,Dry,Daylight,0,0,1,Minor,Clear
2148,KAG_002149,Kaggle_road_csv,0,March,Saturday,Unknown,Truck,Unidentified,3,31-50,Unknown,Lane Violation,Dry,Daylight,0,0,2,Minor,Clear
2149,KAG_002150,Kaggle_road_csv,0,March,Saturday,Unknown,Truck,Unidentified,3,Unknown,18-30,No Distancing/Rear End,Dry,Daylight,0,0,2,Minor,Clear
2150,KAG_002151,Kaggle_road_csv,0,May,Tuesday,Unknown,Truck,Unidentified,1,31-50,31-50,Loss of Control,Dry,Daylight,0,0,1,Serious,Clear
2151,KAG_002152,Kaggle_road_csv,0,October,Friday,Unknown,Truck,Unidentified,1,31-50,18-30,Lane Violation,Dry,Daylight,0,0,1,Minor,Clear
2152,KAG_002153,Kaggle_road_csv,0,October,Wednesday,Unknown,Truck,Unidentified,2,Unknown,Unknown,Lane Violation,Dry,Daylight,0,0,1,Minor,Clear
2153,KAG_002154,Kaggle_road_csv,0,October,Wednesday,Unknown,Truck,Unidentified,2,Over 51,18-30,No Distancing/Rear End,Dry,Daylight,0,0,1,Minor,Clear
2154,KAG_002155,Kaggle_road_csv,0,April,Thursday,Unknown,Truck,Unidentified,3,18-30,Unknown,No Distancing/Rear End,Dry,Daylight,0,0,4,Minor,Clear
2155,KAG_002156,Kaggle_road_csv,0,March,Thursday,Unknown,Truck,Unidentified,3,18-30,31-50,Lane Violation,Dry,Daylight,0,0,4,Minor,Clear
2156,KAG_002157,Kaggle_road_csv,0,May,Saturday,Unknown,Truck,Unidentified,2,18-30,Unknown,No Distancing/Rear End,Dry,Dark,0,0,1,Minor,Clear
2157,KAG_002158,Kaggle_road_csv,0,April,Tuesday,Unknown,Truck,Unidentified,2,31-50,Unknown,Lane Violation,Dry,Daylight,0,0,1,Serious,Clear
2158,KAG_002159,Kaggle_road_csv,0,April,Tuesday,Unknown,Truck,Unidentified,2,Unknown,Unknown,Lane Violation,Dry,Daylight,0,0,1,Serious,Clear
2159,KAG_002160,Kaggle_road_csv,0,April,Friday,Unknown,Truck,Unidentified,2,Over 51,31-50,Reckless Driving,Dry,Daylight,0,0,1,Minor,Clear
2160,KAG_002161,Kaggle_road_csv,0,April,Sunday,Unknown,Truck,Unidentified,3,31-50,Unknown,Lane Violation,Dry,Dark,0,0,1,Minor,Clear
2161,KAG_002162,Kaggle_road_csv,0,April,Monday,Unknown,Truck,Unidentified,2,Unknown,Unknown,No Distancing/Rear End,Dry,Daylight,0,0,1,Minor,Clear
2162,KAG_002163,Kaggle_road_csv,0,April,Wednesday,Unknown,Truck,Unidentified,1,18-30,Unknown,No Distancing/Rear End,Wet,Dark,0,0,1,Minor,Clear
2163,KAG_002164,Kaggle_road_csv,0,September,Monday,Unknown,Truck,Unidentified,2,31-50,Unknown,Reckless Driving,Wet,Daylight,0,0,5,Minor,Rainy
2164,KAG_002165,Kaggle_road_csv,0,June,Monday,Unknown,Truck,Unidentified,2,18-30,Under 18,No Distancing/Rear End,Wet,Daylight,0,0,5,Minor,Rainy
2165,KAG_002166,Kaggle_road_csv,0,May,Friday,Unknown,Truck,Unidentified,2,31-50,Under 18,Reckless Driving,Dry,Daylight,0,0,1,Minor,Clear
2166,KAG_002167,Kaggle_road_csv,0,March,Friday,Unknown,Truck,Unidentified,2,18-30,Under 18,No Distancing/Rear End,Dry,Daylight,0,0,2,Minor,Clear
2167,KAG_002168,Kaggle_road_csv,0,April,Sunday,Unknown,Truck,Unidentified,2,31-50,18-30,Reckless Driving,Dry,Daylight,0,0,1,Minor,Clear
2168,KAG_002169,Kaggle_road_csv,0,May,Sunday,Unknown,Truck,Unidentified,2,Unknown,Under 18,No Distancing/Rear End,Dry,Daylight,0,0,1,Minor,Clear
2169,KAG_002170,Kaggle_road_csv,0,May,Friday,Unknown,Truck,Unidentified,2,18-30,Unknown,Lane Violation,Dry,Daylight,0,0,2,Minor,Clear
2170,KAG_002171,Kaggle_road_csv,0,May,Friday,Unknown,Truck,Unidentified,2,31-50,Over 51,No Distancing/Rear End,Dry,Dark,0,0,2,Minor,Clear
2171,KAG_002172,Kaggle_road_csv,0,May,Saturday,Unknown,Truck,Unidentified,2,31-50,Unknown,No Distancing/Rear End,Dry,Daylight,0,0,1,Minor,Clear
2172,KAG_002173,Kaggle_road_csv,0,May,Sunday,Unknown,Truck,Unidentified,2,31-50,18-30,Lane Violation,Dry,Daylight,0,0,2,Minor,Clear
2173,KAG_002174,Kaggle_road_csv,0,March,Wednesday,Unknown,Truck,Unidentified,2,Unknown,18-30,No Distancing/Rear End,Dry,Daylight,0,0,1,Minor,Clear
2174,KAG_002175,Kaggle_road_csv,0,October,Wednesday,Unknown,Truck,Unidentified,3,18-30,18-30,No Distancing/Rear End,Dry,Daylight,0,0,2,Minor,Clear
2175,KAG_002176,Kaggle_road_csv,0,October,Friday,Unknown,Truck,Unidentified,1,Unknown,Over 51,Reckless Driving,Dry,Dark,0,0,1,Minor,Clear
2176,KAG_002177,Kaggle_road_csv,0,May,Wednesday,Unknown,Truck,Unidentified,2,31-50,Unknown,Reckless Driving,Wet,Dark,0,0,1,Minor,Clear
2177,KAG_002178,Kaggle_road_csv,0,September,Monday,Unknown,Truck,Unidentified,2,18-30,18-30,No Distancing/Rear End,Wet,Daylight,0,0,1,Minor,Rainy
2178,KAG_002179,Kaggle_road_csv,0,July,Tuesday,Unknown,Truck,Unidentified,1,Unknown,31-50,Lane Violation,Wet,Dark,0,0,1,Serious,Rainy
2179,KAG_002180,Kaggle_road_csv,0,March,Wednesday,Unknown,Truck,Unidentified,2,Unknown,Unknown,No Distancing/Rear End,Dry,Daylight,0,0,1,Minor,Clear
2180,KAG_002181,Kaggle_road_csv,0,October,Saturday,Unknown,Truck,Unidentified,2,31-50,Unknown,No Distancing/Rear End,Dry,Dark,0,0,2,Serious,Clear
2181,KAG_002182,Kaggle_road_csv,0,March,Tuesday,Unknown,Truck,Unidentified,2,18-30,Unknown,No Distancing/Rear End,Dry,Daylight,0,0,2,Minor,Clear
2182,KAG_002183,Kaggle_road_csv,0,March,Monday,Unknown,Truck,Unidentified,1,31-50,18-30,Loss of Control,Wet,Dark,0,0,1,Minor,Clear
2183,KAG_002184,Kaggle_road_csv,0,June,Friday,Unknown,Truck,Unidentified,1,18-30,Unknown,Reckless Driving,Wet,Dark,0,0,1,Minor,Rainy
2184,KAG_002185,Kaggle_road_csv,0,March,Wednesday,Unknown,Truck,Unidentified,4,31-50,Unknown,No Distancing/Rear End,Dry,Daylight,0,0,2,Minor,Clear
2185,KAG_002186,Kaggle_road_csv,0,July,Wednesday,Unknown,Truck,Unidentified,2,31-50,Under 18,Reckless Driving,Wet,Daylight,0,0,1,Minor,Rainy
2186,KAG_002187,Kaggle_road_csv,0,April,Sunday,Unknown,Truck,Unidentified,2,18-30,31-50,Reckless Driving,Wet,Daylight,0,0,1,Minor,Clear
2187,KAG_002188,Kaggle_road_csv,0,April,Wednesday,Unknown,Truck,Unidentified,2,31-50,31-50,Lane Violation,Wet,Daylight,0,0,1,Serious,Clear
2188,KAG_002189,Kaggle_road_csv,0,April,Saturday,Unknown,Truck,Unidentified,2,18-30,Over 51,No Distancing/Rear End,Dry,Dark,0,0,3,Minor,Clear
2189,KAG_002190,Kaggle_road_csv,0,April,Saturday,Unknown,Truck,Unidentified,2,18-30,Unknown,No Distancing/Rear End,Dry,Dark,0,0,3,Minor,Clear
2190,KAG_002191,Kaggle_road_csv,0,May,Saturday,Unknown,Truck,Unidentified,1,31-50,Unknown,No Distancing/Rear End,Wet,Dark,0,0,1,Serious,Clear
2191,KAG_002192,Kaggle_road_csv,0,May,Wednesday,Unknown,Truck,Unidentified,3,31-50,Unknown,Reckless Driving,Wet,Dark,0,0,1,Serious,Clear
2192,KAG_002193,Kaggle_road_csv,0,March,Thursday,Unknown,Truck,Unidentified,2,Unknown,Unknown,Lane Violation,Wet,Dark,0,0,1,Minor,Clear
2193,KAG_002194,Kaggle_road_csv,0,October,Wednesday,Unknown,Truck,Unidentified,1,Under 18,Unknown,Lane Violation,Wet,Daylight,0,0,1,Minor,Clear
2194,KAG_002195,Kaggle_road_csv,0,April,Wednesday,Unknown,Truck,Unidentified,2,Over 51,Unknown,Drunk/Drug Driving,Dry,Daylight,0,0,1,Minor,Clear
2195,KAG_002196,Kaggle_road_csv,0,October,Tuesday,Unknown,Truck,Unidentified,1,Under 18,Unknown,Lane Violation,Wet,Dark,0,0,2,Minor,Clear
2196,KAG_002197,Kaggle_road_csv,0,September,Monday,Unknown,Truck,Unidentified,1,Over 51,Under 18,Reckless Driving,Wet,Daylight,0,0,3,Minor,Rainy
2197,KAG_002198,Kaggle_road_csv,0,April,Tuesday,Unknown,Truck,Unidentified,2,31-50,Unknown,No Distancing/Rear End,Dry,Daylight,0,0,1,Serious,Clear
2198,KAG_002199,Kaggle_road_csv,0,October,Tuesday,Unknown,Truck,Unidentified,2,31-50,Unknown,Lane Violation,Dry,Daylight,0,0,1,Serious,Clear
2199,KAG_002200,Kaggle_road_csv,0,May,Wednesday,Unknown,Truck,Unidentified,2,18-30,18-30,Loss of Control,Dry,Dark,0,0,1,Minor,Clear
2200,KAG_002201,Kaggle_road_csv,0,February,Thursday,Unknown,Truck,Unidentified,2,Unknown,Unknown,Unknown/Other,Wet,Daylight,0,0,5,Minor,Cold
2201,KAG_002202,Kaggle_road_csv,0,February,Thursday,Unknown,Truck,Unidentified,2,18-30,Over 51,Reckless Driving,Wet,Daylight,0,0,5,Minor,Cold
2202,KAG_002203,Kaggle_road_csv,0,March,Friday,Unknown,Truck,Unidentified,2,18-30,18-30,Lane Violation,Dry,Daylight,0,0,1,Minor,Clear
2203,KAG_002204,Kaggle_road_csv,0,April,Sunday,Unknown,Truck,Unidentified,2,31-50,Unknown,Lane Violation,Wet,Dark,0,0,1,Minor,Clear
2204,KAG_002205,Kaggle_road_csv,0,May,Sunday,Unknown,Truck,Unidentified,2,18-30,31-50,Lane Violation,Wet,Dark,0,0,1,Minor,Clear
2205,KAG_002206,Kaggle_road_csv,0,March,Tuesday,Unknown,Truck,Unidentified,2,Over 51,Unknown,Unknown/Other,Dry,Daylight,0,0,1,Minor,Clear
2206,KAG_002207,Kaggle_road_csv,0,May,Monday,Unknown,Truck,Unidentified,1,Under 18,Unknown,No Distancing/Rear End,Wet,Dark,0,0,2,Minor,Clear
2207,KAG_002208,Kaggle_road_csv,0,July,Thursday,Unknown,Truck,Unidentified,3,18-30,Under 18,Reckless Driving,Wet,Dark,0,0,1,Serious,Rainy
2208,KAG_002209,Kaggle_road_csv,0,May,Tuesday,Unknown,Truck,Unidentified,2,18-30,18-30,Loss of Control,Dry,Daylight,0,0,1,Minor,Clear
2209,KAG_002210,Kaggle_road_csv,0,March,Tuesday,Unknown,Truck,Unidentified,2,31-50,Unknown,Unknown/Other,Dry,Daylight,0,0,1,Minor,Clear
2210,KAG_002211,Kaggle_road_csv,0,March,Sunday,Unknown,Truck,Unidentified,2,31-50,Unknown,Reckless Driving,Dry,Dark,0,0,1,Minor,Clear
2211,KAG_002212,Kaggle_road_csv,0,October,Saturday,Unknown,Truck,Unidentified,3,31-50,Over 51,No Distancing/Rear End,Dry,Daylight,0,0,1,Minor,Clear
2212,KAG_002213,Kaggle_road_csv,0,October,Saturday,Unknown,Truck,Unidentified,3,31-50,Unknown,Lane Violation,Dry,Daylight,0,0,1,Minor,Clear
2213,KAG_002214,Kaggle_road_csv,0,May,Monday,Unknown,Truck,Unidentified,2,31-50,18-30,Reckless Driving,Dry,Daylight,0,0,1,Minor,Clear
2214,KAG_002215,Kaggle_road_csv,0,October,Thursday,Unknown,Truck,Unidentified,2,31-50,Unknown,Reckless Driving,Dry,Dark,0,0,1,Minor,Clear
2215,KAG_002216,Kaggle_road_csv,0,May,Wednesday,Unknown,Truck,Unidentified,3,31-50,18-30,Reckless Driving,Dry,Daylight,0,0,1,Minor,Clear
2216,KAG_002217,Kaggle_road_csv,0,June,Monday,Unknown,Truck,Unidentified,2,31-50,Unknown,Reckless Driving,Wet,Daylight,0,0,1,Minor,Rainy
2217,KAG_002218,Kaggle_road_csv,0,October,Wednesday,Unknown,Truck,Unidentified,2,18-30,Unknown,Reckless Driving,Dry,Daylight,0,0,3,Minor,Clear
2218,KAG_002219,Kaggle_road_csv,0,October,Wednesday,Unknown,Truck,Unidentified,2,31-50,31-50,Speeding,Dry,Daylight,0,0,1,Minor,Clear
2219,KAG_002220,Kaggle_road_csv,0,March,Sunday,Unknown,Truck,Unidentified,1,18-30,31-50,No Distancing/Rear End,Dry,Daylight,0,0,1,Serious,Clear
2220,KAG_002221,Kaggle_road_csv,0,October,Thursday,Unknown,Truck,Unidentified,2,18-30,31-50,Speeding,Dry,Daylight,0,0,1,Minor,Clear
2221,KAG_002222,Kaggle_road_csv,0,March,Thursday,Unknown,Truck,Unidentified,2,18-30,Unknown,Unknown/Other,Dry,Daylight,0,0,1,Minor,Clear
2222,KAG_002223,Kaggle_road_csv,0,March,Monday,Unknown,Truck,Unidentified,2,18-30,Unknown,Reckless Driving,Dry,Daylight,0,0,1,Minor,Clear
2223,KAG_002224,Kaggle_road_csv,0,May,Wednesday,Unknown,Truck,Unidentified,2,18-30,Under 18,Reckless Driving,Dry,Dark,0,0,1,Minor,Clear
2224,KAG_002225,Kaggle_road_csv,0,May,Wednesday,Unknown,Truck,Unidentified,2,Under 18,18-30,No Distancing/Rear End,Dry,Dark,0,0,1,Minor,Clear
2225,KAG_002226,Kaggle_road_csv,0,October,Wednesday,Unknown,Truck,Unidentified,2,31-50,Under 18,Lane Violation,Wet,Daylight,0,0,1,Minor,Clear
2226,KAG_002227,Kaggle_road_csv,0,May,Saturday,Unknown,Truck,Unidentified,2,31-50,18-30,Reckless Driving,Dry,Dark,0,0,1,Serious,Clear
2227,KAG_002228,Kaggle_road_csv,0,March,Thursday,Unknown,Truck,Unidentified,1,18-30,18-30,No Distancing/Rear End,Dry,Daylight,0,0,1,Minor,Clear
2228,KAG_002229,Kaggle_road_csv,0,October,Monday,Unknown,Truck,Unidentified,2,31-50,Under 18,Unknown/Other,Dry,Daylight,0,0,1,Minor,Clear
2229,KAG_002230,Kaggle_road_csv,0,October,Thursday,Unknown,Truck,Unidentified,2,31-50,Unknown,Reckless Driving,Dry,Daylight,0,0,1,Minor,Clear
2230,KAG_002231,Kaggle_road_csv,0,October,Monday,Unknown,Truck,Unidentified,4,18-30,Over 51,Lane Violation,Dry,Daylight,0,0,1,Minor,Clear
2231,KAG_002232,Kaggle_road_csv,0,May,Sunday,Unknown,Truck,Unidentified,2,31-50,Unknown,Unknown/Other,Dry,Daylight,0,0,1,Minor,Clear
2232,KAG_002233,Kaggle_road_csv,0,October,Sunday,Unknown,Truck,Unidentified,2,31-50,18-30,No Distancing/Rear End,Dry,Daylight,0,0,1,Minor,Clear
2233,KAG_002234,Kaggle_road_csv,0,October,Tuesday,Unknown,Truck,Unidentified,2,18-30,18-30,Reckless Driving,Dry,Daylight,0,0,1,Minor,Clear
2234,KAG_002235,Kaggle_road_csv,0,March,Saturday,Unknown,Truck,Unidentified,2,18-30,18-30,No Distancing/Rear End,Dry,Daylight,0,0,2,Minor,Clear
2235,KAG_002236,Kaggle_road_csv,0,March,Sunday,Unknown,Truck,Unidentified,3,18-30,Under 18,Reckless Driving,Dry,Daylight,0,0,1,Minor,Clear
2236,KAG_002237,Kaggle_road_csv,0,October,Wednesday,Unknown,Truck,Unidentified,1,18-30,31-50,Lane Violation,Dry,Dark,0,0,2,Serious,Clear
2237,KAG_002238,Kaggle_road_csv,0,October,Wednesday,Unknown,Truck,Unidentified,2,Over 51,Unknown,Lane Violation,Dry,Daylight,0,0,1,Minor,Clear
2238,KAG_002239,Kaggle_road_csv,0,April,Thursday,Unknown,Truck,Unidentified,3,18-30,31-50,Lane Violation,Dry,Daylight,0,0,2,Minor,Clear
2239,KAG_002240,Kaggle_road_csv,0,March,Thursday,Unknown,Truck,Unidentified,3,31-50,Unknown,Reckless Driving,Dry,Daylight,0,0,2,Minor,Clear
2240,KAG_002241,Kaggle_road_csv,0,March,Friday,Unknown,Truck,Unidentified,4,Over 51,31-50,Lane Violation,Dry,Daylight,0,0,4,Minor,Clear
2241,KAG_002242,Kaggle_road_csv,0,April,Saturday,Unknown,Truck,Unidentified,1,31-50,18-30,Reckless Driving,Dry,Daylight,0,0,1,Minor,Clear
2242,KAG_002243,Kaggle_road_csv,0,October,Friday,Unknown,Truck,Unidentified,3,31-50,18-30,Lane Violation,Dry,Daylight,0,0,1,Minor,Clear
2243,KAG_002244,Kaggle_road_csv,0,April,Tuesday,Unknown,Truck,Unidentified,2,Over 51,Unknown,Reckless Driving,Dry,Daylight,0,0,1,Minor,Clear
2244,KAG_002245,Kaggle_road_csv,0,October,Sunday,Unknown,Truck,Unidentified,2,31-50,Unknown,Reckless Driving,Dry,Dark,0,0,1,Serious,Clear
2245,KAG_002246,Kaggle_road_csv,0,March,Wednesday,Unknown,Truck,Unidentified,2,31-50,Under 18,Reckless Driving,Dry,Daylight,0,0,2,Serious,Clear
2246,KAG_002247,Kaggle_road_csv,0,April,Wednesday,Unknown,Truck,Unidentified,2,Under 18,Unknown,Reckless Driving,Dry,Daylight,0,0,1,Minor,Clear
2247,KAG_002248,Kaggle_road_csv,0,May,Saturday,Unknown,Truck,Unidentified,2,18-30,Unknown,Reckless Driving,Dry,Daylight,0,0,2,Minor,Clear
2248,KAG_002249,Kaggle_road_csv,0,March,Monday,Unknown,Truck,Unidentified,2,18-30,Unknown,Reckless Driving,Dry,Daylight,0,0,1,Minor,Clear
2249,KAG_002250,Kaggle_road_csv,0,October,Monday,Unknown,Truck,Unidentified,2,18-30,31-50,Lane Violation,Dry,Daylight,0,0,1,Minor,Clear
2250,KAG_002251,Kaggle_road_csv,0,October,Sunday,Unknown,Truck,Unidentified,2,Under 18,Unknown,No Distancing/Rear End,Dry,Daylight,0,0,1,Minor,Clear
2251,KAG_002252,Kaggle_road_csv,0,May,Sunday,Unknown,Truck,Unidentified,2,18-30,Unknown,Lane Violation,Dry,Daylight,0,0,2,Minor,Clear
2252,KAG_002253,Kaggle_road_csv,0,May,Thursday,Unknown,Truck,Unidentified,1,31-50,18-30,Lane Violation,Dry,Daylight,0,0,1,Serious,Clear
2253,KAG_002254,Kaggle_road_csv,0,March,Thursday,Unknown,Truck,Unidentified,2,18-30,18-30,No Distancing/Rear End,Dry,Daylight,0,0,1,Minor,Clear
2254,KAG_002255,Kaggle_road_csv,0,May,Friday,Unknown,Truck,Unidentified,2,Over 51,Unknown,Reckless Driving,Dry,Daylight,0,0,1,Minor,Clear
2255,KAG_002256,Kaggle_road_csv,0,March,Friday,Unknown,Truck,Unidentified,2,31-50,18-30,No Distancing/Rear End,Dry,Daylight,0,0,1,Serious,Clear
2256,KAG_002257,Kaggle_road_csv,0,March,Sunday,Unknown,Truck,Unidentified,2,18-30,Under 18,No Distancing/Rear End,Dry,Daylight,0,0,1,Minor,Clear
2257,KAG_002258,Kaggle_road_csv,0,April,Thursday,Unknown,Truck,Unidentified,2,18-30,18-30,Reckless Driving,Dry,Daylight,0,0,1,Minor,Clear
2258,KAG_002259,Kaggle_road_csv,0,October,Tuesday,Unknown,Truck,Unidentified,3,18-30,Over 51,Reckless Driving,Dry,Dark,0,0,1,Minor,Clear
2259,KAG_002260,Kaggle_road_csv,0,May,Monday,Unknown,Truck,Unidentified,2,18-30,31-50,Reckless Driving,Dry,Daylight,0,0,1,Minor,Clear
2260,KAG_002261,Kaggle_road_csv,0,March,Thursday,Unknown,Truck,Unidentified,2,18-30,31-50,Lane Violation,Dry,Daylight,0,0,1,Minor,Clear
2261,KAG_002262,Kaggle_road_csv,0,April,Thursday,Unknown,Truck,Unidentified,2,Over 51,18-30,Reckless Driving,Dry,Dark,0,0,2,Minor,Clear
2262,KAG_002263,Kaggle_road_csv,0,April,Thursday,Unknown,Truck,Unidentified,2,31-50,Over 51,Lane Violation,Dry,Dark,0,0,2,Minor,Clear
2263,KAG_002264,Kaggle_road_csv,0,October,Tuesday,Unknown,Truck,Unidentified,3,18-30,18-30,No Distancing/Rear End,Dry,Dark,0,0,1,Minor,Clear
2264,KAG_002265,Kaggle_road_csv,0,April,Monday,Unknown,Truck,Unidentified,2,Over 51,Over 51,No Distancing/Rear End,Dry,Daylight,0,0,1,Minor,Clear
2265,KAG_002266,Kaggle_road_csv,0,October,Tuesday,Unknown,Truck,Unidentified,2,Unknown,Under 18,Lane Violation,Dry,Dark,0,0,1,Serious,Clear
2266,KAG_002267,Kaggle_road_csv,0,March,Friday,Unknown,Truck,Unidentified,2,18-30,31-50,Loss of Control,Dry,Dark,0,0,1,Serious,Clear
2267,KAG_002268,Kaggle_road_csv,0,March,Thursday,Unknown,Truck,Unidentified,2,31-50,18-30,Unknown/Other,Dry,Daylight,0,0,2,Minor,Clear
2268,KAG_002269,Kaggle_road_csv,0,April,Monday,Unknown,Truck,Unidentified,1,Unknown,Unknown,Lane Violation,Dry,Dark,0,0,1,Minor,Clear
2269,KAG_002270,Kaggle_road_csv,0,May,Thursday,Unknown,Truck,Unidentified,2,Under 18,18-30,Lane Violation,Dry,Daylight,0,0,2,Minor,Clear
2270,KAG_002271,Kaggle_road_csv,0,March,Thursday,Unknown,Truck,Unidentified,2,18-30,Unknown,Lane Violation,Dry,Daylight,0,0,1,Minor,Clear
2271,KAG_002272,Kaggle_road_csv,0,June,Friday,Unknown,Truck,Unidentified,2,18-30,Unknown,Lane Violation,Wet,Daylight,0,0,1,Minor,Rainy
2272,KAG_002273,Kaggle_road_csv,0,July,Friday,Unknown,Truck,Unidentified,3,18-30,31-50,Unknown/Other,Wet,Daylight,0,0,1,Minor,Rainy
2273,KAG_002274,Kaggle_road_csv,0,October,Wednesday,Unknown,Truck,Unidentified,2,18-30,Unknown,Lane Violation,Wet,Dark,0,0,1,Minor,Clear
2274,KAG_002275,Kaggle_road_csv,0,July,Wednesday,Unknown,Truck,Unidentified,2,31-50,Unknown,Lane Violation,Wet,Daylight,0,0,1,Minor,Rainy
2275,KAG_002276,Kaggle_road_csv,0,July,Wednesday,Unknown,Truck,Unidentified,2,31-50,31-50,Reckless Driving,Wet,Daylight,0,0,1,Minor,Rainy
2276,KAG_002277,Kaggle_road_csv,0,July,Wednesday,Unknown,Truck,Unidentified,2,31-50,18-30,Reckless Driving,Wet,Dark,0,0,1,Minor,Rainy
2277,KAG_002278,Kaggle_road_csv,0,March,Sunday,Unknown,Truck,Unidentified,2,31-50,Unknown,Reckless Driving,Dry,Daylight,0,0,1,Minor,Clear
2278,KAG_002279,Kaggle_road_csv,0,April,Sunday,Unknown,Truck,Unidentified,2,Over 51,Under 18,Reckless Driving,Dry,Daylight,0,0,1,Minor,Clear
2279,KAG_002280,Kaggle_road_csv,0,June,Tuesday,Unknown,Truck,Unidentified,1,31-50,Unknown,Lane Violation,Wet,Dark,0,0,1,Minor,Rainy
2280,KAG_002281,Kaggle_road_csv,0,October,Saturday,Unknown,Truck,Unidentified,2,18-30,18-30,Lane Violation,Dry,Daylight,0,0,2,Minor,Clear
2281,KAG_002282,Kaggle_road_csv,0,May,Friday,Unknown,Truck,Unidentified,2,31-50,Unknown,Lane Violation,Dry,Daylight,0,0,1,Minor,Clear
2282,KAG_002283,Kaggle_road_csv,0,May,Tuesday,Unknown,Truck,Unidentified,2,18-30,18-30,No Distancing/Rear End,Dry,Dark,0,0,1,Minor,Clear
2283,KAG_002284,Kaggle_road_csv,0,May,Tuesday,Unknown,Truck,Unidentified,2,Over 51,31-50,No Distancing/Rear End,Dry,Daylight,0,0,1,Minor,Clear
2284,KAG_002285,Kaggle_road_csv,0,October,Monday,Unknown,Truck,Unidentified,2,31-50,31-50,Reckless Driving,Wet,Dark,0,0,1,Minor,Clear
2285,KAG_002286,Kaggle_road_csv,0,May,Monday,Unknown,Truck,Unidentified,1,Over 51,Unknown,Lane Violation,Wet,Daylight,0,0,2,Minor,Clear
2286,KAG_002287,Kaggle_road_csv,0,March,Saturday,Unknown,Truck,Unidentified,2,18-30,Unknown,Reckless Driving,Wet,Dark,0,0,1,Minor,Clear
2287,KAG_002288,Kaggle_road_csv,0,March,Monday,Unknown,Truck,Unidentified,1,Over 51,Over 51,No Distancing/Rear End,Dry,Daylight,0,0,1,Serious,Clear
2288,KAG_002289,Kaggle_road_csv,0,May,Saturday,Unknown,Truck,Unidentified,3,31-50,31-50,No Distancing/Rear End,Wet,Daylight,0,0,6,Minor,Clear
2289,KAG_002290,Kaggle_road_csv,0,October,Saturday,Unknown,Truck,Unidentified,3,31-50,18-30,Reckless Driving,Wet,Daylight,0,0,6,Minor,Clear
2290,KAG_002291,Kaggle_road_csv,0,March,Saturday,Unknown,Truck,Unidentified,3,31-50,Over 51,Reckless Driving,Wet,Daylight,0,0,6,Minor,Clear
2291,KAG_002292,Kaggle_road_csv,0,September,Thursday,Unknown,Truck,Unidentified,2,31-50,Over 51,Reckless Driving,Wet,Dark,0,0,2,Minor,Rainy
2292,KAG_002293,Kaggle_road_csv,0,October,Tuesday,Unknown,Truck,Unidentified,3,Over 51,Unknown,Reckless Driving,Wet,Dark,0,0,1,Minor,Clear
2293,KAG_002294,Kaggle_road_csv,0,March,Tuesday,Unknown,Truck,Unidentified,3,18-30,18-30,Reckless Driving,Wet,Dark,0,0,1,Minor,Clear
2294,KAG_002295,Kaggle_road_csv,0,May,Tuesday,Unknown,Truck,Unidentified,3,31-50,Unknown,Reckless Driving,Wet,Dark,0,0,1,Minor,Clear
2295,KAG_002296,Kaggle_road_csv,0,April,Thursday,Unknown,Truck,Unidentified,2,31-50,31-50,Lane Violation,Wet,Daylight,0,0,1,Minor,Clear
2296,KAG_002297,Kaggle_road_csv,0,March,Thursday,Unknown,Truck,Unidentified,1,31-50,Over 51,Lane Violation,Wet,Daylight,0,0,1,Minor,Clear
2297,KAG_002298,Kaggle_road_csv,0,May,Friday,Unknown,Truck,Unidentified,1,18-30,31-50,Lane Violation,Dry,Dark,0,0,1,Serious,Clear
2298,KAG_002299,Kaggle_road_csv,0,October,Friday,Unknown,Truck,Unidentified,2,Under 18,31-50,Unknown/Other,Dry,Daylight,0,0,2,Serious,Clear
2299,KAG_002300,Kaggle_road_csv,0,May,Thursday,Unknown,Truck,Unidentified,2,18-30,Unknown,Lane Violation,Wet,Daylight,0,0,1,Minor,Clear
2300,KAG_002301,Kaggle_road_csv,0,July,Tuesday,Unknown,Truck,Unidentified,2,18-30,31-50,Lane Violation,Wet,Dark,0,0,1,Minor,Rainy
2301,KAG_002302,Kaggle_road_csv,0,October,Friday,Unknown,Truck,Unidentified,2,Over 51,18-30,No Distancing/Rear End,Dry,Daylight,0,0,1,Minor,Clear
2302,KAG_002303,Kaggle_road_csv,0,March,Monday,Unknown,Truck,Unidentified,2,18-30,Unknown,Lane Violation,Wet,Daylight,0,0,1,Minor,Clear
2303,KAG_002304,Kaggle_road_csv,0,April,Thursday,Unknown,Truck,Unidentified,3,31-50,Unknown,Lane Violation,Wet,Dark,0,0,2,Minor,Clear
2304,KAG_002305,Kaggle_road_csv,0,April,Thursday,Unknown,Truck,Unidentified,2,18-30,Over 51,Reckless Driving,Dry,Daylight,0,0,1,Minor,Clear
2305,KAG_002306,Kaggle_road_csv,0,April,Sunday,Unknown,Truck,Unidentified,2,18-30,Unknown,Reckless Driving,Dry,Dark,0,0,1,Minor,Clear
2306,KAG_002307,Kaggle_road_csv,0,March,Sunday,Unknown,Truck,Unidentified,2,31-50,Unknown,No Distancing/Rear End,Dry,Dark,0,0,1,Minor,Clear
2307,KAG_002308,Kaggle_road_csv,0,October,Wednesday,Unknown,Truck,Unidentified,1,31-50,18-30,Loss of Control,Wet,Daylight,0,0,1,Minor,Clear
2308,KAG_002309,Kaggle_road_csv,0,May,Thursday,Unknown,Truck,Unidentified,2,18-30,31-50,Unknown/Other,Dry,Dark,0,0,2,Minor,Clear
2309,KAG_002310,Kaggle_road_csv,0,May,Friday,Unknown,Truck,Unidentified,1,18-30,Unknown,Reckless Driving,Dry,Daylight,0,0,1,Minor,Clear
2310,KAG_002311,Kaggle_road_csv,0,July,Friday,Unknown,Truck,Unidentified,2,18-30,Unknown,No Distancing/Rear End,Wet,Daylight,0,0,1,Minor,Rainy
2311,KAG_002312,Kaggle_road_csv,0,May,Sunday,Unknown,Truck,Unidentified,2,31-50,31-50,Lane Violation,Dry,Daylight,0,0,2,Minor,Clear
2312,KAG_002313,Kaggle_road_csv,0,March,Tuesday,Unknown,Truck,Unidentified,3,18-30,31-50,No Distancing/Rear End,Dry,Daylight,0,0,1,Minor,Clear
2313,KAG_002314,Kaggle_road_csv,0,July,Friday,Unknown,Truck,Unidentified,3,31-50,Under 18,Reckless Driving,Wet,Daylight,0,0,2,Minor,Rainy
2314,KAG_002315,Kaggle_road_csv,0,March,Friday,Unknown,Truck,Unidentified,1,Unknown,31-50,Reckless Driving,Dry,Dark,0,0,2,Minor,Clear
2315,KAG_002316,Kaggle_road_csv,0,April,Friday,Unknown,Truck,Unidentified,1,Unknown,Under 18,Reckless Driving,Dry,Dark,0,0,2,Minor,Clear
2316,KAG_002317,Kaggle_road_csv,0,October,Monday,Unknown,Truck,Unidentified,2,18-30,18-30,Lane Violation,Dry,Daylight,0,0,1,Minor,Clear
2317,KAG_002318,Kaggle_road_csv,0,March,Wednesday,Unknown,Truck,Unidentified,2,18-30,Unknown,No Distancing/Rear End,Dry,Daylight,0,0,1,Minor,Clear
2318,KAG_002319,Kaggle_road_csv,0,May,Sunday,Unknown,Truck,Unidentified,2,18-30,31-50,Reckless Driving,Dry,Dark,0,0,7,Minor,Clear
2319,KAG_002320,Kaggle_road_csv,0,March,Monday,Unknown,Truck,Unidentified,2,31-50,Unknown,No Distancing/Rear End,Dry,Daylight,0,0,3,Serious,Clear
2320,KAG_002321,Kaggle_road_csv,0,October,Friday,Unknown,Truck,Unidentified,1,Over 51,18-30,No Distancing/Rear End,Dry,Daylight,0,0,1,Minor,Clear
2321,KAG_002322,Kaggle_road_csv,0,April,Monday,Unknown,Truck,Unidentified,2,Over 51,Under 18,Loss of Control,Dry,Daylight,0,0,1,Minor,Clear
2322,KAG_002323,Kaggle_road_csv,0,October,Saturday,Unknown,Truck,Unidentified,2,18-30,31-50,Reckless Driving,Dry,Daylight,0,0,1,Minor,Clear
2323,KAG_002324,Kaggle_road_csv,0,March,Thursday,Unknown,Truck,Unidentified,2,18-30,Unknown,No Distancing/Rear End,Dry,Daylight,0,0,1,Minor,Clear
2324,KAG_002325,Kaggle_road_csv,0,May,Thursday,Unknown,Truck,Unidentified,2,Over 51,Unknown,No Distancing/Rear End,Dry,Daylight,0,0,1,Minor,Clear
2325,KAG_002326,Kaggle_road_csv,0,August,Tuesday,Unknown,Truck,Unidentified,2,18-30,Unknown,Lane Violation,Wet,Dark,0,0,1,Minor,Rainy
2326,KAG_002327,Kaggle_road_csv,0,April,Sunday,Unknown,Truck,Unidentified,1,18-30,Under 18,Lane Violation,Dry,Daylight,0,0,1,Serious,Clear
2327,KAG_002328,Kaggle_road_csv,0,April,Wednesday,Unknown,Truck,Unidentified,2,18-30,31-50,Lane Violation,Dry,Daylight,0,0,1,Minor,Clear
2328,KAG_002329,Kaggle_road_csv,0,April,Thursday,Unknown,Truck,Unidentified,3,31-50,Under 18,Reckless Driving,Dry,Daylight,0,0,3,Minor,Clear
2329,KAG_002330,Kaggle_road_csv,0,April,Monday,Unknown,Truck,Unidentified,2,31-50,Unknown,Reckless Driving,Wet,Daylight,0,0,3,Minor,Clear
2330,KAG_002331,Kaggle_road_csv,0,May,Wednesday,Unknown,Truck,Unidentified,2,31-50,Unknown,Lane Violation,Dry,Daylight,0,0,1,Minor,Clear
2331,KAG_002332,Kaggle_road_csv,0,March,Wednesday,Unknown,Truck,Unidentified,2,18-30,31-50,Reckless Driving,Dry,Daylight,0,0,1,Minor,Clear
2332,KAG_002333,Kaggle_road_csv,0,October,Sunday,Unknown,Truck,Unidentified,1,18-30,Unknown,Lane Violation,Dry,Daylight,0,0,4,Minor,Clear
2333,KAG_002334,Kaggle_road_csv,0,April,Wednesday,Unknown,Truck,Unidentified,3,18-30,31-50,No Distancing/Rear End,Dry,Daylight,0,0,1,Serious,Clear
2334,KAG_002335,Kaggle_road_csv,0,May,Wednesday,Unknown,Truck,Unidentified,3,31-50,Over 51,Lane Violation,Dry,Daylight,0,0,1,Serious,Clear
2335,KAG_002336,Kaggle_road_csv,0,May,Sunday,Unknown,Truck,Unidentified,4,31-50,Unknown,No Distancing/Rear End,Dry,Daylight,0,0,7,Minor,Clear
2336,KAG_002337,Kaggle_road_csv,0,March,Sunday,Unknown,Truck,Unidentified,1,Over 51,18-30,Reckless Driving,Dry,Daylight,0,0,1,Minor,Clear
2337,KAG_002338,Kaggle_road_csv,0,May,Sunday,Unknown,Truck,Unidentified,3,Under 18,18-30,Reckless Driving,Dry,Daylight,0,0,6,Minor,Clear
2338,KAG_002339,Kaggle_road_csv,0,April,Monday,Unknown,Truck,Unidentified,2,18-30,Unknown,No Distancing/Rear End,Dry,Daylight,0,0,1,Minor,Clear
2339,KAG_002340,Kaggle_road_csv,0,March,Sunday,Unknown,Truck,Unidentified,2,18-30,Unknown,Lane Violation,Wet,Daylight,0,0,1,Minor,Clear
2340,KAG_002341,Kaggle_road_csv,0,October,Friday,Unknown,Truck,Unidentified,3,31-50,Unknown,Speeding,Dry,Daylight,0,0,1,Minor,Clear
2341,KAG_002342,Kaggle_road_csv,0,May,Friday,Unknown,Truck,Unidentified,3,31-50,18-30,No Distancing/Rear End,Dry,Daylight,0,0,2,Minor,Clear
2342,KAG_002343,Kaggle_road_csv,0,April,Saturday,Unknown,Truck,Unidentified,2,18-30,31-50,Reckless Driving,Wet,Daylight,0,0,2,Minor,Clear
2343,KAG_002344,Kaggle_road_csv,0,May,Saturday,Unknown,Truck,Unidentified,2,31-50,Unknown,Drunk/Drug Driving,Wet,Daylight,0,0,2,Minor,Clear
2344,KAG_002345,Kaggle_road_csv,0,August,Wednesday,Unknown,Truck,Unidentified,2,31-50,Unknown,Loss of Control,Wet,Daylight,0,0,2,Minor,Rainy
2345,KAG_002346,Kaggle_road_csv,0,April,Thursday,Unknown,Truck,Unidentified,2,18-30,Unknown,No Distancing/Rear End,Dry,Daylight,0,0,1,Minor,Clear
2346,KAG_002347,Kaggle_road_csv,0,June,Monday,Unknown,Truck,Unidentified,2,18-30,Over 51,No Distancing/Rear End,Wet,Daylight,0,0,1,Minor,Rainy
2347,KAG_002348,Kaggle_road_csv,0,May,Tuesday,Unknown,Truck,Unidentified,2,31-50,Unknown,Reckless Driving,Dry,Daylight,0,0,2,Minor,Clear
2348,KAG_002349,Kaggle_road_csv,0,October,Friday,Unknown,Truck,Unidentified,2,Under 18,Unknown,Reckless Driving,Dry,Daylight,0,0,1,Minor,Clear
2349,KAG_002350,Kaggle_road_csv,0,April,Monday,Unknown,Truck,Unidentified,2,18-30,31-50,Reckless Driving,Dry,Daylight,0,0,1,Minor,Clear
2350,KAG_002351,Kaggle_road_csv,0,March,Wednesday,Unknown,Truck,Unidentified,1,31-50,31-50,Lane Violation,Wet,Daylight,0,0,1,Minor,Clear
2351,KAG_002352,Kaggle_road_csv,0,May,Tuesday,Unknown,Truck,Unidentified,2,18-30,31-50,Reckless Driving,Wet,Daylight,0,0,3,Minor,Clear
2352,KAG_002353,Kaggle_road_csv,0,October,Saturday,Unknown,Truck,Unidentified,2,18-30,Unknown,Reckless Driving,Dry,Daylight,0,0,1,Minor,Clear
2353,KAG_002354,Kaggle_road_csv,0,May,Sunday,Unknown,Truck,Unidentified,2,31-50,18-30,Reckless Driving,Dry,Dark,0,0,2,Minor,Clear
2354,KAG_002355,Kaggle_road_csv,0,October,Tuesday,Unknown,Truck,Unidentified,2,Over 51,31-50,Reckless Driving,Dry,Dark,0,0,4,Minor,Clear
2355,KAG_002356,Kaggle_road_csv,0,October,Friday,Unknown,Truck,Unidentified,2,31-50,Unknown,Lane Violation,Dry,Dark,0,0,1,Serious,Clear
2356,KAG_002357,Kaggle_road_csv,0,May,Sunday,Unknown,Truck,Unidentified,2,18-30,Unknown,No Distancing/Rear End,Dry,Daylight,0,0,1,Minor,Clear
2357,KAG_002358,Kaggle_road_csv,0,October,Tuesday,Unknown,Truck,Unidentified,3,31-50,Unknown,No Distancing/Rear End,Dry,Daylight,0,0,3,Minor,Clear
2358,KAG_002359,Kaggle_road_csv,0,May,Thursday,Unknown,Truck,Unidentified,2,18-30,31-50,No Distancing/Rear End,Dry,Daylight,0,0,1,Serious,Clear
2359,KAG_002360,Kaggle_road_csv,0,March,Thursday,Unknown,Truck,Unidentified,2,Under 18,Unknown,Lane Violation,Dry,Daylight,0,0,1,Serious,Clear
2360,KAG_002361,Kaggle_road_csv,0,April,Friday,Unknown,Truck,Unidentified,3,31-50,31-50,No Distancing/Rear End,Dry,Daylight,0,0,5,Serious,Clear
2361,KAG_002362,Kaggle_road_csv,0,April,Friday,Unknown,Truck,Unidentified,3,31-50,Over 51,No Distancing/Rear End,Dry,Daylight,0,0,5,Serious,Clear
2362,KAG_002363,Kaggle_road_csv,0,October,Tuesday,Unknown,Truck,Unidentified,2,Under 18,18-30,No Distancing/Rear End,Wet,Daylight,0,0,1,Minor,Clear
2363,KAG_002364,Kaggle_road_csv,0,April,Tuesday,Unknown,Truck,Unidentified,2,Over 51,Unknown,Reckless Driving,Wet,Daylight,0,0,1,Minor,Clear
2364,KAG_002365,Kaggle_road_csv,0,October,Monday,Unknown,Truck,Unidentified,2,18-30,31-50,No Distancing/Rear End,Wet,Dark,0,0,3,Minor,Clear
2365,KAG_002366,Kaggle_road_csv,0,May,Friday,Unknown,Truck,Unidentified,3,Unknown,18-30,Lane Violation,Dry,Daylight,0,0,1,Serious,Clear
2366,KAG_002367,Kaggle_road_csv,0,April,Tuesday,Unknown,Truck,Unidentified,2,18-30,18-30,No Distancing/Rear End,Dry,Daylight,0,0,1,Serious,Clear
2367,KAG_002368,Kaggle_road_csv,0,August,Wednesday,Unknown,Truck,Unidentified,2,31-50,Unknown,No Distancing/Rear End,Wet,Dark,0,0,1,Minor,Rainy
2368,KAG_002369,Kaggle_road_csv,0,April,Friday,Unknown,Truck,Unidentified,1,18-30,Unknown,Lane Violation,Dry,Daylight,0,0,1,Minor,Clear
2369,KAG_002370,Kaggle_road_csv,0,March,Wednesday,Unknown,Truck,Unidentified,2,31-50,31-50,Reckless Driving,Dry,Daylight,0,0,1,Minor,Clear
2370,KAG_002371,Kaggle_road_csv,0,October,Sunday,Unknown,Truck,Unidentified,2,31-50,31-50,Loss of Control,Dry,Daylight,0,0,1,Minor,Clear
2371,KAG_002372,Kaggle_road_csv,0,October,Sunday,Unknown,Truck,Unidentified,2,18-30,Unknown,No Distancing/Rear End,Dry,Daylight,0,0,1,Minor,Clear
2372,KAG_002373,Kaggle_road_csv,0,May,Friday,Unknown,Truck,Unidentified,2,Unknown,18-30,Lane Violation,Dry,Dark,0,0,1,Minor,Clear
2373,KAG_002374,Kaggle_road_csv,0,May,Friday,Unknown,Truck,Unidentified,2,18-30,Unknown,No Distancing/Rear End,Dry,Dark,0,0,1,Minor,Clear
2374,KAG_002375,Kaggle_road_csv,0,October,Friday,Unknown,Truck,Unidentified,1,31-50,31-50,Lane Violation,Dry,Daylight,0,0,1,Minor,Clear
2375,KAG_002376,Kaggle_road_csv,0,May,Tuesday,Unknown,Truck,Unidentified,2,18-30,Unknown,No Distancing/Rear End,Wet,Dark,0,0,2,Serious,Clear
2376,KAG_002377,Kaggle_road_csv,0,May,Friday,Unknown,Truck,Unidentified,3,Over 51,18-30,No Distancing/Rear End,Dry,Daylight,0,0,5,Minor,Clear
2377,KAG_002378,Kaggle_road_csv,0,April,Friday,Unknown,Truck,Unidentified,3,31-50,31-50,No Distancing/Rear End,Dry,Daylight,0,0,5,Minor,Clear
2378,KAG_002379,Kaggle_road_csv,0,October,Sunday,Unknown,Truck,Unidentified,1,18-30,Unknown,Loss of Control,Dry,Daylight,0,0,1,Serious,Clear
2379,KAG_002380,Kaggle_road_csv,0,October,Thursday,Unknown,Truck,Unidentified,2,18-30,31-50,No Distancing/Rear End,Dry,Daylight,0,0,2,Serious,Clear
2380,KAG_002381,Kaggle_road_csv,0,May,Thursday,Unknown,Truck,Unidentified,1,Over 51,Unknown,Lane Violation,Wet,Dark,0,0,1,Minor,Clear
2381,KAG_002382,Kaggle_road_csv,0,May,Tuesday,Unknown,Truck,Unidentified,3,18-30,Unknown,Lane Violation,Dry,Daylight,0,0,3,Minor,Clear
2382,KAG_002383,Kaggle_road_csv,0,October,Wednesday,Unknown,Truck,Unidentified,2,18-30,18-30,Loss of Control,Dry,Daylight,0,0,3,Minor,Clear
2383,KAG_002384,Kaggle_road_csv,0,March,Wednesday,Unknown,Truck,Unidentified,2,18-30,Over 51,Unknown/Other,Dry,Daylight,0,0,3,Minor,Clear
2384,KAG_002385,Kaggle_road_csv,0,June,Monday,Unknown,Truck,Unidentified,2,31-50,Under 18,Lane Violation,Wet,Daylight,0,0,1,Minor,Rainy
2385,KAG_002386,Kaggle_road_csv,0,July,Monday,Unknown,Truck,Unidentified,2,31-50,Unknown,Reckless Driving,Wet,Daylight,0,0,1,Minor,Rainy
2386,KAG_002387,Kaggle_road_csv,0,May,Wednesday,Unknown,Truck,Unidentified,2,31-50,18-30,Parking Issue,Dry,Daylight,0,0,1,Minor,Clear
2387,KAG_002388,Kaggle_road_csv,0,October,Monday,Unknown,Truck,Unidentified,1,Over 51,31-50,Unknown/Other,Wet,Daylight,0,0,1,Fatal,Clear
2388,KAG_002389,Kaggle_road_csv,0,July,Tuesday,Unknown,Truck,Unidentified,3,31-50,Unknown,Lane Violation,Wet,Dark,0,0,1,Minor,Rainy
2389,KAG_002390,Kaggle_road_csv,0,July,Tuesday,Unknown,Truck,Unidentified,3,31-50,Under 18,Reckless Driving,Wet,Dark,0,0,1,Minor,Rainy
2390,KAG_002391,Kaggle_road_csv,0,May,Sunday,Unknown,Truck,Unidentified,2,18-30,Unknown,Reckless Driving,Wet,Daylight,0,0,1,Minor,Clear
2391,KAG_002392,Kaggle_road_csv,0,March,Friday,Unknown,Truck,Unidentified,2,18-30,18-30,Reckless Driving,Dry,Dark,0,0,1,Minor,Clear
2392,KAG_002393,Kaggle_road_csv,0,March,Thursday,Unknown,Truck,Unidentified,2,Under 18,18-30,Reckless Driving,Wet,Daylight,0,0,1,Serious,Clear
2393,KAG_002394,Kaggle_road_csv,0,June,Thursday,Unknown,Truck,Unidentified,2,31-50,31-50,Speeding,Wet,Dark,0,0,1,Minor,Rainy
2394,KAG_002395,Kaggle_road_csv,0,March,Friday,Unknown,Truck,Unidentified,2,31-50,31-50,Lane Violation,Dry,Dark,0,0,1,Serious,Clear
2395,KAG_002396,Kaggle_road_csv,0,May,Thursday,Unknown,Truck,Unidentified,2,18-30,Unknown,Lane Violation,Wet,Dark,0,0,1,Serious,Clear
2396,KAG_002397,Kaggle_road_csv,0,May,Monday,Unknown,Truck,Unidentified,3,18-30,Unknown,Unknown/Other,Wet,Daylight,0,0,1,Minor,Clear
2397,KAG_002398,Kaggle_road_csv,0,April,Tuesday,Unknown,Truck,Unidentified,2,18-30,31-50,Lane Violation,Wet,Dark,0,0,2,Minor,Clear
2398,KAG_002399,Kaggle_road_csv,0,May,Wednesday,Unknown,Truck,Unidentified,2,Over 51,Unknown,Lane Violation,Dry,Daylight,0,0,2,Minor,Clear
2399,KAG_002400,Kaggle_road_csv,0,April,Wednesday,Unknown,Truck,Unidentified,2,31-50,18-30,Lane Violation,Dry,Daylight,0,0,2,Minor,Clear
2400,KAG_002401,Kaggle_road_csv,0,May,Wednesday,Unknown,Truck,Unidentified,2,Under 18,Under 18,No Distancing/Rear End,Dry,Daylight,0,0,1,Minor,Clear
2401,KAG_002402,Kaggle_road_csv,0,March,Wednesday,Unknown,Truck,Unidentified,2,31-50,Unknown,No Distancing/Rear End,Dry,Daylight,0,0,1,Minor,Clear
2402,KAG_002403,Kaggle_road_csv,0,April,Monday,Unknown,Truck,Unidentified,2,Under 18,18-30,Lane Violation,Wet,Daylight,0,0,1,Minor,Clear
2403,KAG_002404,Kaggle_road_csv,0,May,Friday,Unknown,Truck,Unidentified,2,Under 18,31-50,Reckless Driving,Wet,Dark,0,0,1,Minor,Clear
2404,KAG_002405,Kaggle_road_csv,0,October,Saturday,Unknown,Truck,Unidentified,4,Under 18,31-50,Unknown/Other,Dry,Dark,0,0,1,Minor,Clear
2405,KAG_002406,Kaggle_road_csv,0,October,Saturday,Unknown,Truck,Unidentified,4,Unknown,18-30,Lane Violation,Dry,Dark,0,0,1,Minor,Clear
2406,KAG_002407,Kaggle_road_csv,0,April,Thursday,Unknown,Truck,Unidentified,2,18-30,31-50,Loss of Control,Dry,Dark,0,0,1,Minor,Clear
2407,KAG_002408,Kaggle_road_csv,0,April,Wednesday,Unknown,Truck,Unidentified,2,18-30,Unknown,Reckless Driving,Dry,Daylight,0,0,1,Minor,Clear
2408,KAG_002409,Kaggle_road_csv,0,March,Saturday,Unknown,Truck,Unidentified,2,31-50,31-50,Reckless Driving,Dry,Daylight,0,0,1,Minor,Clear
2409,KAG_002410,Kaggle_road_csv,0,March,Saturday,Unknown,Truck,Unidentified,2,18-30,18-30,No Distancing/Rear End,Dry,Daylight,0,0,1,Minor,Clear
2410,KAG_002411,Kaggle_road_csv,0,April,Sunday,Unknown,Truck,Unidentified,2,Under 18,Under 18,Reckless Driving,Dry,Daylight,0,0,1,Minor,Clear
2411,KAG_002412,Kaggle_road_csv,0,April,Wednesday,Unknown,Truck,Unidentified,1,Over 51,31-50,Reckless Driving,Dry,Daylight,0,0,1,Serious,Clear
2412,KAG_002413,Kaggle_road_csv,0,March,Friday,Unknown,Truck,Unidentified,3,Unknown,18-30,Lane Violation,Wet,Daylight,0,0,1,Minor,Clear
2413,KAG_002414,Kaggle_road_csv,0,March,Friday,Unknown,Truck,Unidentified,2,18-30,Unknown,Reckless Driving,Dry,Daylight,0,0,1,Minor,Clear
2414,KAG_002415,Kaggle_road_csv,0,May,Tuesday,Unknown,Truck,Unidentified,2,18-30,31-50,Lane Violation,Dry,Daylight,0,0,1,Minor,Clear
2415,KAG_002416,Kaggle_road_csv,0,April,Tuesday,Unknown,Truck,Unidentified,3,31-50,18-30,Lane Violation,Dry,Daylight,0,0,3,Serious,Clear
2416,KAG_002417,Kaggle_road_csv,0,May,Tuesday,Unknown,Truck,Unidentified,3,Under 18,18-30,No Distancing/Rear End,Dry,Daylight,0,0,3,Serious,Clear
2417,KAG_002418,Kaggle_road_csv,0,April,Sunday,Unknown,Truck,Unidentified,3,31-50,Unknown,Reckless Driving,Dry,Daylight,0,0,2,Minor,Clear
2418,KAG_002419,Kaggle_road_csv,0,May,Saturday,Unknown,Truck,Unidentified,3,18-30,18-30,No Distancing/Rear End,Dry,Dark,0,0,3,Minor,Clear
2419,KAG_002420,Kaggle_road_csv,0,October,Saturday,Unknown,Truck,Unidentified,3,18-30,Unknown,No Distancing/Rear End,Dry,Dark,0,0,3,Minor,Clear
2420,KAG_002421,Kaggle_road_csv,0,April,Sunday,Unknown,Truck,Unidentified,2,Over 51,31-50,Reckless Driving,Dry,Daylight,0,0,1,Minor,Clear
2421,KAG_002422,Kaggle_road_csv,0,April,Sunday,Unknown,Truck,Unidentified,2,18-30,31-50,No Distancing/Rear End,Dry,Daylight,0,0,1,Minor,Clear
2422,KAG_002423,Kaggle_road_csv,0,April,Monday,Unknown,Truck,Unidentified,2,18-30,Unknown,Reckless Driving,Dry,Daylight,0,0,2,Minor,Clear
2423,KAG_002424,Kaggle_road_csv,0,April,Monday,Unknown,Truck,Unidentified,2,31-50,31-50,Lane Violation,Dry,Daylight,0,0,2,Minor,Clear
2424,KAG_002425,Kaggle_road_csv,0,April,Thursday,Unknown,Truck,Unidentified,2,31-50,31-50,No Distancing/Rear End,Dry,Daylight,0,0,1,Minor,Clear
2425,KAG_002426,Kaggle_road_csv,0,October,Thursday,Unknown,Truck,Unidentified,2,31-50,18-30,Lane Violation,Dry,Daylight,0,0,1,Minor,Clear
2426,KAG_002427,Kaggle_road_csv,0,May,Tuesday,Unknown,Truck,Unidentified,3,18-30,18-30,Reckless Driving,Dry,Daylight,0,0,2,Minor,Clear
2427,KAG_002428,Kaggle_road_csv,0,October,Friday,Unknown,Truck,Unidentified,2,Over 51,Over 51,Reckless Driving,Dry,Daylight,0,0,1,Serious,Clear
2428,KAG_002429,Kaggle_road_csv,0,March,Friday,Unknown,Truck,Unidentified,2,Unknown,31-50,Lane Violation,Dry,Daylight,0,0,1,Serious,Clear
2429,KAG_002430,Kaggle_road_csv,0,October,Sunday,Unknown,Truck,Unidentified,2,31-50,31-50,Lane Violation,Dry,Daylight,0,0,1,Minor,Clear
2430,KAG_002431,Kaggle_road_csv,0,April,Friday,Unknown,Truck,Unidentified,2,31-50,31-50,Lane Violation,Wet,Daylight,0,0,1,Minor,Clear
2431,KAG_002432,Kaggle_road_csv,0,March,Saturday,Unknown,Truck,Unidentified,2,18-30,31-50,Reckless Driving,Dry,Daylight,0,0,2,Serious,Clear
2432,KAG_002433,Kaggle_road_csv,0,March,Sunday,Unknown,Truck,Unidentified,1,31-50,18-30,Reckless Driving,Dry,Daylight,0,0,1,Serious,Clear
2433,KAG_002434,Kaggle_road_csv,0,April,Wednesday,Unknown,Truck,Unidentified,3,18-30,Unknown,Reckless Driving,Wet,Daylight,0,0,4,Minor,Clear
2434,KAG_002435,Kaggle_road_csv,0,May,Wednesday,Unknown,Truck,Unidentified,3,Under 18,31-50,No Distancing/Rear End,Wet,Daylight,0,0,4,Minor,Clear
2435,KAG_002436,Kaggle_road_csv,0,October,Monday,Unknown,Truck,Unidentified,2,18-30,31-50,Reckless Driving,Wet,Daylight,0,0,1,Minor,Clear
2436,KAG_002437,Kaggle_road_csv,0,May,Wednesday,Unknown,Truck,Unidentified,2,18-30,18-30,Lane Violation,Dry,Daylight,0,0,1,Serious,Clear
2437,KAG_002438,Kaggle_road_csv,0,April,Thursday,Unknown,Truck,Unidentified,3,Under 18,31-50,Reckless Driving,Dry,Daylight,0,0,1,Minor,Clear
2438,KAG_002439,Kaggle_road_csv,0,March,Thursday,Unknown,Truck,Unidentified,3,Over 51,Unknown,Lane Violation,Dry,Daylight,0,0,1,Minor,Clear
2439,KAG_002440,Kaggle_road_csv,0,October,Monday,Unknown,Truck,Unidentified,3,Unknown,Over 51,Reckless Driving,Dry,Daylight,0,0,1,Minor,Clear
2440,KAG_002441,Kaggle_road_csv,0,March,Monday,Unknown,Truck,Unidentified,3,18-30,31-50,Lane Violation,Dry,Daylight,0,0,3,Minor,Clear
2441,KAG_002442,Kaggle_road_csv,0,May,Monday,Unknown,Truck,Unidentified,3,31-50,Unknown,Loss of Control,Dry,Daylight,0,0,3,Minor,Clear
2442,KAG_002443,Kaggle_road_csv,0,April,Monday,Unknown,Truck,Unidentified,3,31-50,Unknown,No Distancing/Rear End,Dry,Daylight,0,0,3,Minor,Clear
2443,KAG_002444,Kaggle_road_csv,0,May,Saturday,Unknown,Truck,Unidentified,2,18-30,31-50,No Distancing/Rear End,Dry,Daylight,0,0,1,Minor,Clear
2444,KAG_002445,Kaggle_road_csv,0,March,Thursday,Unknown,Truck,Unidentified,2,31-50,Unknown,Lane Violation,Dry,Daylight,0,0,1,Minor,Clear
2445,KAG_002446,Kaggle_road_csv,0,April,Saturday,Unknown,Truck,Unidentified,2,31-50,31-50,No Distancing/Rear End,Dry,Daylight,0,0,1,Minor,Clear
2446,KAG_002447,Kaggle_road_csv,0,March,Thursday,Unknown,Truck,Unidentified,2,18-30,Over 51,No Distancing/Rear End,Dry,Daylight,0,0,1,Minor,Clear
2447,KAG_002448,Kaggle_road_csv,0,April,Saturday,Unknown,Truck,Unidentified,2,18-30,18-30,No Distancing/Rear End,Dry,Daylight,0,0,1,Minor,Clear
2448,KAG_002449,Kaggle_road_csv,0,October,Thursday,Unknown,Truck,Unidentified,3,18-30,Under 18,No Distancing/Rear End,Dry,Daylight,0,0,1,Minor,Clear
2449,KAG_002450,Kaggle_road_csv,0,March,Saturday,Unknown,Truck,Unidentified,1,Under 18,18-30,Reckless Driving,Dry,Dark,0,0,2,Serious,Clear
2450,KAG_002451,Kaggle_road_csv,0,March,Saturday,Unknown,Truck,Unidentified,2,31-50,Under 18,Reckless Driving,Dry,Daylight,0,0,2,Minor,Clear
2451,KAG_002452,Kaggle_road_csv,0,July,Sunday,Unknown,Truck,Unidentified,2,18-30,Over 51,Reckless Driving,Wet,Daylight,0,0,4,Fatal,Rainy
2452,KAG_002453,Kaggle_road_csv,0,March,Saturday,Unknown,Truck,Unidentified,1,31-50,Unknown,Reckless Driving,Dry,Daylight,0,0,1,Minor,Clear
2453,KAG_002454,Kaggle_road_csv,0,October,Saturday,Unknown,Truck,Unidentified,1,31-50,Over 51,Lane Violation,Dry,Daylight,0,0,1,Minor,Clear
2454,KAG_002455,Kaggle_road_csv,0,August,Saturday,Unknown,Truck,Unidentified,2,31-50,18-30,Reckless Driving,Wet,Daylight,0,0,1,Minor,Rainy
2455,KAG_002456,Kaggle_road_csv,0,October,Tuesday,Unknown,Truck,Unidentified,3,31-50,18-30,Lane Violation,Dry,Daylight,0,0,1,Minor,Clear
2456,KAG_002457,Kaggle_road_csv,0,May,Wednesday,Unknown,Truck,Unidentified,2,18-30,Unknown,No Distancing/Rear End,Dry,Daylight,0,0,1,Minor,Clear
2457,KAG_002458,Kaggle_road_csv,0,October,Wednesday,Unknown,Truck,Unidentified,2,31-50,Under 18,Lane Violation,Dry,Daylight,0,0,1,Minor,Clear
2458,KAG_002459,Kaggle_road_csv,0,May,Tuesday,Unknown,Truck,Unidentified,1,Unknown,18-30,Lane Violation,Dry,Daylight,0,0,1,Minor,Clear
2459,KAG_002460,Kaggle_road_csv,0,July,Tuesday,Unknown,Truck,Unidentified,2,Over 51,Under 18,Lane Violation,Wet,Daylight,0,0,4,Minor,Rainy
2460,KAG_002461,Kaggle_road_csv,0,August,Tuesday,Unknown,Truck,Unidentified,2,18-30,Unknown,Drunk/Drug Driving,Wet,Daylight,0,0,4,Minor,Rainy
2461,KAG_002462,Kaggle_road_csv,0,October,Thursday,Unknown,Truck,Unidentified,1,Over 51,Unknown,Lane Violation,Dry,Daylight,0,0,1,Minor,Clear
2462,KAG_002463,Kaggle_road_csv,0,March,Monday,Unknown,Truck,Unidentified,1,Under 18,31-50,Loss of Control,Dry,Daylight,0,0,1,Serious,Clear
2463,KAG_002464,Kaggle_road_csv,0,May,Sunday,Unknown,Truck,Unidentified,2,18-30,Under 18,No Distancing/Rear End,Dry,Dark,0,0,1,Minor,Clear
2464,KAG_002465,Kaggle_road_csv,0,October,Saturday,Unknown,Truck,Unidentified,1,Over 51,18-30,No Distancing/Rear End,Dry,Daylight,0,0,1,Minor,Clear
2465,KAG_002466,Kaggle_road_csv,0,March,Monday,Unknown,Truck,Unidentified,2,18-30,31-50,Reckless Driving,Dry,Daylight,0,0,1,Serious,Clear
2466,KAG_002467,Kaggle_road_csv,0,October,Friday,Unknown,Truck,Unidentified,2,31-50,31-50,No Distancing/Rear End,Dry,Daylight,0,0,1,Serious,Clear
2467,KAG_002468,Kaggle_road_csv,0,July,Monday,Unknown,Truck,Unidentified,3,18-30,Unknown,Loss of Control,Wet,Daylight,0,0,2,Serious,Rainy
2468,KAG_002469,Kaggle_road_csv,0,July,Monday,Unknown,Truck,Unidentified,3,31-50,18-30,Drunk/Drug Driving,Wet,Daylight,0,0,2,Serious,Rainy
2469,KAG_002470,Kaggle_road_csv,0,April,Saturday,Unknown,Truck,Unidentified,2,Under 18,18-30,Lane Violation,Dry,Daylight,0,0,1,Serious,Clear
2470,KAG_002471,Kaggle_road_csv,0,October,Thursday,Unknown,Truck,Unidentified,1,18-30,Unknown,Reckless Driving,Wet,Dark,0,0,1,Serious,Clear
2471,KAG_002472,Kaggle_road_csv,0,October,Thursday,Unknown,Truck,Unidentified,2,Over 51,18-30,Lane Violation,Dry,Daylight,0,0,2,Minor,Clear
2472,KAG_002473,Kaggle_road_csv,0,May,Friday,Unknown,Truck,Unidentified,2,31-50,18-30,Reckless Driving,Dry,Dark,0,0,1,Minor,Clear
2473,KAG_002474,Kaggle_road_csv,0,October,Monday,Unknown,Truck,Unidentified,2,Over 51,18-30,Lane Violation,Dry,Daylight,0,0,1,Minor,Clear
2474,KAG_002475,Kaggle_road_csv,0,March,Monday,Unknown,Truck,Unidentified,2,18-30,31-50,Reckless Driving,Dry,Daylight,0,0,1,Minor,Clear
2475,KAG_002476,Kaggle_road_csv,0,March,Thursday,Unknown,Truck,Unidentified,2,Over 51,Unknown,No Distancing/Rear End,Dry,Daylight,0,0,1,Minor,Clear
2476,KAG_002477,Kaggle_road_csv,0,May,Thursday,Unknown,Truck,Unidentified,2,Over 51,31-50,Lane Violation,Dry,Daylight,0,0,1,Minor,Clear
2477,KAG_002478,Kaggle_road_csv,0,October,Saturday,Unknown,Truck,Unidentified,1,31-50,Under 18,Reckless Driving,Dry,Dark,0,0,1,Minor,Clear
2478,KAG_002479,Kaggle_road_csv,0,July,Thursday,Unknown,Truck,Unidentified,2,18-30,Unknown,No Distancing/Rear End,Wet,Daylight,0,0,1,Minor,Rainy
2479,KAG_002480,Kaggle_road_csv,0,July,Thursday,Unknown,Truck,Unidentified,2,31-50,18-30,Reckless Driving,Wet,Daylight,0,0,1,Minor,Rainy
2480,KAG_002481,Kaggle_road_csv,0,June,Friday,Unknown,Truck,Unidentified,2,31-50,Unknown,Reckless Driving,Wet,Daylight,0,0,1,Minor,Rainy
2481,KAG_002482,Kaggle_road_csv,0,August,Wednesday,Unknown,Truck,Unidentified,1,Over 51,31-50,No Distancing/Rear End,Wet,Daylight,0,0,1,Serious,Rainy
2482,KAG_002483,Kaggle_road_csv,0,April,Friday,Unknown,Truck,Unidentified,1,18-30,Unknown,Lane Violation,Dry,Dark,0,0,1,Serious,Clear
2483,KAG_002484,Kaggle_road_csv,0,July,Monday,Unknown,Truck,Unidentified,2,18-30,Under 18,No Distancing/Rear End,Wet,Dark,0,0,1,Minor,Rainy
2484,KAG_002485,Kaggle_road_csv,0,May,Tuesday,Unknown,Truck,Unidentified,2,18-30,31-50,Lane Violation,Dry,Daylight,0,0,1,Minor,Clear
2485,KAG_002486,Kaggle_road_csv,0,October,Tuesday,Unknown,Truck,Unidentified,1,18-30,Unknown,No Distancing/Rear End,Dry,Daylight,0,0,1,Minor,Clear
2486,KAG_002487,Kaggle_road_csv,0,May,Monday,Unknown,Truck,Unidentified,3,31-50,Under 18,No Distancing/Rear End,Dry,Dark,0,0,1,Minor,Clear
2487,KAG_002488,Kaggle_road_csv,0,May,Saturday,Unknown,Truck,Unidentified,1,31-50,Over 51,Reckless Driving,Wet,Dark,0,0,1,Minor,Clear
2488,KAG_002489,Kaggle_road_csv,0,May,Tuesday,Unknown,Truck,Unidentified,2,Over 51,Under 18,Drunk/Drug Driving,Wet,Dark,0,0,1,Minor,Clear
2489,KAG_002490,Kaggle_road_csv,0,May,Tuesday,Unknown,Truck,Unidentified,2,31-50,18-30,No Distancing/Rear End,Wet,Dark,0,0,1,Minor,Clear
2490,KAG_002491,Kaggle_road_csv,0,September,Tuesday,Unknown,Truck,Unidentified,2,18-30,Unknown,Lane Violation,Wet,Dark,0,0,1,Minor,Rainy
2491,KAG_002492,Kaggle_road_csv,0,May,Thursday,Unknown,Truck,Unidentified,2,31-50,Unknown,No Distancing/Rear End,Wet,Dark,0,0,1,Minor,Clear
2492,KAG_002493,Kaggle_road_csv,0,July,Monday,Unknown,Truck,Unidentified,2,Over 51,18-30,Lane Violation,Wet,Daylight,0,0,2,Minor,Rainy
2493,KAG_002494,Kaggle_road_csv,0,October,Thursday,Unknown,Truck,Unidentified,2,Over 51,Unknown,Reckless Driving,Dry,Daylight,0,0,2,Minor,Clear
2494,KAG_002495,Kaggle_road_csv,0,March,Thursday,Unknown,Truck,Unidentified,2,18-30,18-30,Lane Violation,Wet,Dark,0,0,1,Minor,Clear
2495,KAG_002496,Kaggle_road_csv,0,April,Tuesday,Unknown,Truck,Unidentified,3,31-50,31-50,No Distancing/Rear End,Dry,Daylight,0,0,1,Minor,Clear
2496,KAG_002497,Kaggle_road_csv,0,May,Wednesday,Unknown,Truck,Unidentified,2,18-30,31-50,Lane Violation,Dry,Dark,0,0,1,Minor,Clear
2497,KAG_002498,Kaggle_road_csv,0,October,Friday,Unknown,Truck,Unidentified,2,18-30,31-50,No Distancing/Rear End,Dry,Daylight,0,0,1,Minor,Clear
2498,KAG_002499,Kaggle_road_csv,0,March,Tuesday,Unknown,Truck,Unidentified,1,Over 51,Unknown,Loss of Control,Dry,Daylight,0,0,1,Serious,Clear
2499,KAG_002500,Kaggle_road_csv,0,May,Thursday,Unknown,Truck,Unidentified,1,31-50,31-50,No Distancing/Rear End,Wet,Dark,0,0,1,Minor,Clear
2500,KAG_002501,Kaggle_road_csv,0,May,Monday,Unknown,Truck,Unidentified,1,18-30,Unknown,Lane Violation,Dry,Daylight,0,0,2,Minor,Clear
2501,KAG_002502,Kaggle_road_csv,0,October,Tuesday,Unknown,Truck,Unidentified,1,Over 51,Under 18,Reckless Driving,Dry,Daylight,0,0,1,Minor,Clear
2502,KAG_002503,Kaggle_road_csv,0,March,Friday,Unknown,Truck,Unidentified,3,Over 51,18-30,Lane Violation,Dry,Daylight,0,0,2,Fatal,Clear
2503,KAG_002504,Kaggle_road_csv,0,March,Monday,Unknown,Truck,Unidentified,2,Unknown,18-30,No Distancing/Rear End,Dry,Daylight,0,0,1,Serious,Clear
2504,KAG_002505,Kaggle_road_csv,0,March,Friday,Unknown,Truck,Unidentified,3,31-50,Unknown,No Distancing/Rear End,Dry,Daylight,0,0,1,Minor,Clear
2505,KAG_002506,Kaggle_road_csv,0,April,Friday,Unknown,Truck,Unidentified,3,31-50,Unknown,Lane Violation,Dry,Daylight,0,0,1,Minor,Clear
2506,KAG_002507,Kaggle_road_csv,0,October,Thursday,Unknown,Truck,Unidentified,4,Unknown,18-30,Lane Violation,Dry,Daylight,0,0,1,Minor,Clear
2507,KAG_002508,Kaggle_road_csv,0,March,Wednesday,Unknown,Truck,Unidentified,2,18-30,Unknown,Reckless Driving,Dry,Daylight,0,0,1,Minor,Clear
2508,KAG_002509,Kaggle_road_csv,0,April,Wednesday,Unknown,Truck,Unidentified,2,31-50,Unknown,Lane Violation,Dry,Daylight,0,0,1,Minor,Clear
2509,KAG_002510,Kaggle_road_csv,0,September,Wednesday,Unknown,Truck,Unidentified,2,18-30,18-30,No Distancing/Rear End,Wet,Dark,0,0,1,Minor,Rainy
2510,KAG_002511,Kaggle_road_csv,0,June,Wednesday,Unknown,Truck,Unidentified,2,31-50,Unknown,Lane Violation,Wet,Dark,0,0,1,Minor,Rainy
2511,KAG_002512,Kaggle_road_csv,0,October,Wednesday,Unknown,Truck,Unidentified,2,31-50,18-30,Reckless Driving,Dry,Daylight,0,0,1,Minor,Clear
2512,KAG_002513,Kaggle_road_csv,0,March,Wednesday,Unknown,Truck,Unidentified,2,18-30,31-50,No Distancing/Rear End,Dry,Daylight,0,0,1,Minor,Clear
2513,KAG_002514,Kaggle_road_csv,0,May,Wednesday,Unknown,Truck,Unidentified,2,31-50,Over 51,No Distancing/Rear End,Dry,Daylight,0,0,1,Serious,Clear
2514,KAG_002515,Kaggle_road_csv,0,October,Friday,Unknown,Truck,Unidentified,2,18-30,18-30,No Distancing/Rear End,Dry,Dark,0,0,1,Minor,Clear
2515,KAG_002516,Kaggle_road_csv,0,May,Sunday,Unknown,Truck,Unidentified,1,Under 18,31-50,Loss of Control,Wet,Daylight,0,0,1,Serious,Clear
2516,KAG_002517,Kaggle_road_csv,0,May,Friday,Unknown,Truck,Unidentified,2,31-50,18-30,Lane Violation,Dry,Daylight,0,0,1,Minor,Clear
2517,KAG_002518,Kaggle_road_csv,0,October,Thursday,Unknown,Truck,Unidentified,2,Over 51,31-50,Reckless Driving,Dry,Daylight,0,0,1,Minor,Clear
2518,KAG_002519,Kaggle_road_csv,0,October,Sunday,Unknown,Truck,Unidentified,2,Over 51,18-30,Lane Violation,Dry,Daylight,0,0,1,Minor,Clear
2519,KAG_002520,Kaggle_road_csv,0,October,Sunday,Unknown,Truck,Unidentified,2,31-50,18-30,Reckless Driving,Dry,Daylight,0,0,1,Minor,Clear
2520,KAG_002521,Kaggle_road_csv,0,May,Saturday,Unknown,Truck,Unidentified,2,18-30,Under 18,No Distancing/Rear End,Dry,Daylight,0,0,2,Minor,Clear
2521,KAG_002522,Kaggle_road_csv,0,May,Monday,Unknown,Truck,Unidentified,1,18-30,Unknown,Reckless Driving,Dry,Daylight,0,0,1,Minor,Clear
2522,KAG_002523,Kaggle_road_csv,0,May,Sunday,Unknown,Truck,Unidentified,4,Under 18,31-50,Lane Violation,Dry,Daylight,0,0,5,Minor,Clear
2523,KAG_002524,Kaggle_road_csv,0,October,Monday,Unknown,Truck,Unidentified,3,18-30,Unknown,No Distancing/Rear End,Dry,Daylight,0,0,1,Serious,Clear
2524,KAG_002525,Kaggle_road_csv,0,May,Saturday,Unknown,Truck,Unidentified,2,18-30,Unknown,No Distancing/Rear End,Dry,Dark,0,0,3,Minor,Clear
2525,KAG_002526,Kaggle_road_csv,0,March,Saturday,Unknown,Truck,Unidentified,2,18-30,18-30,Reckless Driving,Dry,Dark,0,0,3,Minor,Clear
2526,KAG_002527,Kaggle_road_csv,0,September,Wednesday,Unknown,Truck,Unidentified,2,31-50,Unknown,Reckless Driving,Wet,Daylight,0,0,1,Minor,Rainy
2527,KAG_002528,Kaggle_road_csv,0,September,Sunday,Unknown,Truck,Unidentified,4,31-50,Unknown,Reckless Driving,Wet,Daylight,0,0,1,Minor,Rainy
2528,KAG_002529,Kaggle_road_csv,0,July,Sunday,Unknown,Truck,Unidentified,4,Unknown,Unknown,Lane Violation,Wet,Daylight,0,0,1,Minor,Rainy
2529,KAG_002530,Kaggle_road_csv,0,October,Thursday,Unknown,Truck,Unidentified,2,18-30,Unknown,Lane Violation,Dry,Daylight,0,0,1,Minor,Clear
2530,KAG_002531,Kaggle_road_csv,0,October,Thursday,Unknown,Truck,Unidentified,2,31-50,Unknown,Reckless Driving,Dry,Daylight,0,0,1,Minor,Clear
2531,KAG_002532,Kaggle_road_csv,0,March,Tuesday,Unknown,Truck,Unidentified,1,Over 51,Under 18,Lane Violation,Dry,Daylight,0,0,1,Minor,Clear
2532,KAG_002533,Kaggle_road_csv,0,March,Wednesday,Unknown,Truck,Unidentified,2,31-50,31-50,Loss of Control,Dry,Daylight,0,0,1,Minor,Clear
2533,KAG_002534,Kaggle_road_csv,0,April,Wednesday,Unknown,Truck,Unidentified,2,31-50,Unknown,Reckless Driving,Dry,Daylight,0,0,1,Minor,Clear
2534,KAG_002535,Kaggle_road_csv,0,April,Wednesday,Unknown,Truck,Unidentified,2,31-50,18-30,No Distancing/Rear End,Dry,Daylight,0,0,1,Minor,Clear
2535,KAG_002536,Kaggle_road_csv,0,October,Friday,Unknown,Truck,Unidentified,2,31-50,Unknown,No Distancing/Rear End,Dry,Daylight,0,0,1,Minor,Clear
2536,KAG_002537,Kaggle_road_csv,0,May,Friday,Unknown,Truck,Unidentified,3,31-50,18-30,Reckless Driving,Dry,Daylight,0,0,3,Minor,Clear
2537,KAG_002538,Kaggle_road_csv,0,May,Tuesday,Unknown,Truck,Unidentified,1,18-30,Unknown,Unknown/Other,Dry,Daylight,0,0,1,Serious,Clear
2538,KAG_002539,Kaggle_road_csv,0,March,Tuesday,Unknown,Truck,Unidentified,2,18-30,18-30,No Distancing/Rear End,Dry,Daylight,0,0,1,Minor,Clear
2539,KAG_002540,Kaggle_road_csv,0,October,Tuesday,Unknown,Truck,Unidentified,6,18-30,Unknown,Unknown/Other,Dry,Daylight,0,0,2,Serious,Clear
2540,KAG_002541,Kaggle_road_csv,0,March,Tuesday,Unknown,Truck,Unidentified,6,31-50,Unknown,Unknown/Other,Dry,Daylight,0,0,2,Serious,Clear
2541,KAG_002542,Kaggle_road_csv,0,March,Thursday,Unknown,Truck,Unidentified,1,31-50,18-30,Loss of Control,Dry,Daylight,0,0,1,Minor,Clear
2542,KAG_002543,Kaggle_road_csv,0,May,Tuesday,Unknown,Truck,Unidentified,1,31-50,18-30,Lane Violation,Dry,Daylight,0,0,1,Minor,Clear
2543,KAG_002544,Kaggle_road_csv,0,April,Tuesday,Unknown,Truck,Unidentified,1,31-50,Unknown,Reckless Driving,Dry,Daylight,0,0,2,Serious,Clear
2544,KAG_002545,Kaggle_road_csv,0,May,Sunday,Unknown,Truck,Unidentified,2,18-30,31-50,Lane Violation,Dry,Daylight,0,0,1,Serious,Clear
2545,KAG_002546,Kaggle_road_csv,0,April,Saturday,Unknown,Truck,Unidentified,2,Over 51,31-50,Reckless Driving,Dry,Daylight,0,0,1,Serious,Clear
2546,KAG_002547,Kaggle_road_csv,0,May,Friday,Unknown,Truck,Unidentified,1,18-30,Unknown,Unknown/Other,Dry,Daylight,0,0,1,Minor,Clear
2547,KAG_002548,Kaggle_road_csv,0,October,Saturday,Unknown,Truck,Unidentified,1,18-30,31-50,Lane Violation,Dry,Daylight,0,0,1,Minor,Clear
2548,KAG_002549,Kaggle_road_csv,0,September,Tuesday,Unknown,Truck,Unidentified,1,18-30,Under 18,No Distancing/Rear End,Wet,Daylight,0,0,1,Minor,Rainy
2549,KAG_002550,Kaggle_road_csv,0,September,Saturday,Unknown,Truck,Unidentified,2,Over 51,Under 18,No Distancing/Rear End,Wet,Daylight,0,0,2,Minor,Rainy
2550,KAG_002551,Kaggle_road_csv,0,September,Saturday,Unknown,Truck,Unidentified,2,Over 51,Unknown,No Distancing/Rear End,Wet,Daylight,0,0,2,Minor,Rainy
2551,KAG_002552,Kaggle_road_csv,0,May,Thursday,Unknown,Truck,Unidentified,1,18-30,18-30,Reckless Driving,Dry,Daylight,0,0,1,Minor,Clear
2552,KAG_002553,Kaggle_road_csv,0,September,Monday,Unknown,Truck,Unidentified,2,31-50,Unknown,Unknown/Other,Wet,Daylight,0,0,2,Minor,Rainy
2553,KAG_002554,Kaggle_road_csv,0,June,Monday,Unknown,Truck,Unidentified,1,18-30,Unknown,No Distancing/Rear End,Wet,Daylight,0,0,2,Minor,Rainy
2554,KAG_002555,Kaggle_road_csv,0,August,Monday,Unknown,Truck,Unidentified,1,18-30,Over 51,Reckless Driving,Wet,Daylight,0,0,2,Minor,Rainy
2555,KAG_002556,Kaggle_road_csv,0,May,Wednesday,Unknown,Truck,Unidentified,2,Over 51,31-50,No Distancing/Rear End,Dry,Daylight,0,0,2,Minor,Clear
2556,KAG_002557,Kaggle_road_csv,0,July,Sunday,Unknown,Truck,Unidentified,2,31-50,18-30,No Distancing/Rear End,Wet,Daylight,0,0,4,Minor,Rainy
2557,KAG_002558,Kaggle_road_csv,0,May,Friday,Unknown,Truck,Unidentified,1,18-30,Under 18,Lane Violation,Dry,Daylight,0,0,1,Minor,Clear
2558,KAG_002559,Kaggle_road_csv,0,October,Thursday,Unknown,Truck,Unidentified,2,18-30,Under 18,Speeding,Dry,Daylight,0,0,1,Minor,Clear
2559,KAG_002560,Kaggle_road_csv,0,October,Monday,Unknown,Truck,Unidentified,2,Under 18,Over 51,Lane Violation,Dry,Daylight,0,0,1,Minor,Clear
2560,KAG_002561,Kaggle_road_csv,0,May,Monday,Unknown,Truck,Unidentified,2,31-50,31-50,No Distancing/Rear End,Dry,Daylight,0,0,1,Minor,Clear
2561,KAG_002562,Kaggle_road_csv,0,April,Wednesday,Unknown,Truck,Unidentified,2,18-30,Unknown,No Distancing/Rear End,Dry,Daylight,0,0,1,Minor,Clear
2562,KAG_002563,Kaggle_road_csv,0,May,Saturday,Unknown,Truck,Unidentified,2,18-30,Under 18,Lane Violation,Dry,Daylight,0,0,1,Serious,Clear
2563,KAG_002564,Kaggle_road_csv,0,October,Wednesday,Unknown,Truck,Unidentified,2,Unknown,31-50,Reckless Driving,Dry,Daylight,0,0,1,Minor,Clear
2564,KAG_002565,Kaggle_road_csv,0,October,Saturday,Unknown,Truck,Unidentified,6,18-30,Unknown,Lane Violation,Dry,Dark,0,0,2,Minor,Clear
2565,KAG_002566,Kaggle_road_csv,0,May,Tuesday,Unknown,Truck,Unidentified,4,Over 51,Unknown,No Distancing/Rear End,Dry,Daylight,0,0,2,Minor,Clear
2566,KAG_002567,Kaggle_road_csv,0,October,Tuesday,Unknown,Truck,Unidentified,3,Over 51,18-30,Reckless Driving,Dry,Daylight,0,0,1,Minor,Clear
2567,KAG_002568,Kaggle_road_csv,0,March,Thursday,Unknown,Truck,Unidentified,1,Over 51,31-50,Lane Violation,Dry,Daylight,0,0,2,Serious,Clear
2568,KAG_002569,Kaggle_road_csv,0,October,Monday,Unknown,Truck,Unidentified,3,18-30,Unknown,Lane Violation,Dry,Daylight,0,0,2,Minor,Clear
2569,KAG_002570,Kaggle_road_csv,0,May,Wednesday,Unknown,Truck,Unidentified,1,18-30,31-50,Lane Violation,Dry,Daylight,0,0,1,Minor,Clear
2570,KAG_002571,Kaggle_road_csv,0,October,Friday,Unknown,Truck,Unidentified,3,18-30,Unknown,Lane Violation,Dry,Daylight,0,0,1,Minor,Clear
2571,KAG_002572,Kaggle_road_csv,0,March,Friday,Unknown,Truck,Unidentified,3,18-30,Unknown,Lane Violation,Dry,Daylight,0,0,1,Minor,Clear
2572,KAG_002573,Kaggle_road_csv,0,March,Thursday,Unknown,Truck,Unidentified,2,31-50,31-50,Unknown/Other,Dry,Daylight,0,0,2,Minor,Clear
2573,KAG_002574,Kaggle_road_csv,0,August,Monday,Unknown,Truck,Unidentified,2,18-30,18-30,Reckless Driving,Wet,Dark,0,0,3,Minor,Rainy
2574,KAG_002575,Kaggle_road_csv,0,September,Monday,Unknown,Truck,Unidentified,2,18-30,Unknown,Lane Violation,Wet,Dark,0,0,3,Minor,Rainy
2575,KAG_002576,Kaggle_road_csv,0,March,Thursday,Unknown,Truck,Unidentified,1,18-30,Over 51,Reckless Driving,Dry,Daylight,0,0,1,Minor,Clear
2576,KAG_002577,Kaggle_road_csv,0,May,Saturday,Unknown,Truck,Unidentified,2,18-30,Over 51,Lane Violation,Dry,Daylight,0,0,1,Minor,Clear
2577,KAG_002578,Kaggle_road_csv,0,April,Sunday,Unknown,Truck,Unidentified,2,Over 51,Unknown,Reckless Driving,Dry,Daylight,0,0,1,Minor,Clear
2578,KAG_002579,Kaggle_road_csv,0,March,Friday,Unknown,Truck,Unidentified,2,31-50,31-50,Reckless Driving,Dry,Daylight,0,0,1,Minor,Clear
2579,KAG_002580,Kaggle_road_csv,0,October,Tuesday,Unknown,Truck,Unidentified,2,18-30,18-30,Reckless Driving,Dry,Daylight,0,0,1,Minor,Clear
2580,KAG_002581,Kaggle_road_csv,0,May,Saturday,Unknown,Truck,Unidentified,3,31-50,31-50,Lane Violation,Dry,Daylight,0,0,3,Minor,Clear
2581,KAG_002582,Kaggle_road_csv,0,May,Thursday,Unknown,Truck,Unidentified,2,18-30,Over 51,Lane Violation,Dry,Daylight,0,0,1,Minor,Clear
2582,KAG_002583,Kaggle_road_csv,0,October,Sunday,Unknown,Truck,Unidentified,2,31-50,Unknown,Lane Violation,Dry,Daylight,0,0,1,Minor,Clear
2583,KAG_002584,Kaggle_road_csv,0,May,Sunday,Unknown,Truck,Unidentified,2,31-50,Unknown,No Distancing/Rear End,Dry,Daylight,0,0,1,Minor,Clear
2584,KAG_002585,Kaggle_road_csv,0,March,Wednesday,Unknown,Truck,Unidentified,2,31-50,18-30,Lane Violation,Dry,Daylight,0,0,1,Minor,Clear
2585,KAG_002586,Kaggle_road_csv,0,May,Monday,Unknown,Truck,Unidentified,2,31-50,31-50,Drunk/Drug Driving,Dry,Dark,0,0,1,Minor,Clear
2586,KAG_002587,Kaggle_road_csv,0,May,Thursday,Unknown,Truck,Unidentified,1,31-50,18-30,Reckless Driving,Dry,Daylight,0,0,4,Minor,Clear
2587,KAG_002588,Kaggle_road_csv,0,March,Wednesday,Unknown,Truck,Unidentified,1,Over 51,18-30,Lane Violation,Dry,Daylight,0,0,1,Minor,Clear
2588,KAG_002589,Kaggle_road_csv,0,March,Wednesday,Unknown,Truck,Unidentified,2,31-50,Under 18,Lane Violation,Wet,Dark,0,0,1,Serious,Clear
2589,KAG_002590,Kaggle_road_csv,0,October,Wednesday,Unknown,Truck,Unidentified,2,31-50,Under 18,Lane Violation,Wet,Dark,0,0,1,Serious,Clear
2590,KAG_002591,Kaggle_road_csv,0,May,Sunday,Unknown,Truck,Unidentified,1,Over 51,Unknown,Drunk/Drug Driving,Dry,Daylight,0,0,2,Minor,Clear
2591,KAG_002592,Kaggle_road_csv,0,March,Thursday,Unknown,Truck,Unidentified,3,18-30,18-30,Drunk/Drug Driving,Dry,Daylight,0,0,1,Minor,Clear
2592,KAG_002593,Kaggle_road_csv,0,April,Sunday,Unknown,Truck,Unidentified,2,Over 51,Over 51,Reckless Driving,Dry,Dark,0,0,1,Minor,Clear
2593,KAG_002594,Kaggle_road_csv,0,October,Monday,Unknown,Truck,Unidentified,1,31-50,Unknown,Lane Violation,Dry,Daylight,0,0,1,Minor,Clear
2594,KAG_002595,Kaggle_road_csv,0,April,Monday,Unknown,Truck,Unidentified,3,31-50,18-30,Lane Violation,Dry,Dark,0,0,1,Minor,Clear
2595,KAG_002596,Kaggle_road_csv,0,March,Friday,Unknown,Truck,Unidentified,3,31-50,Unknown,No Distancing/Rear End,Dry,Daylight,0,0,1,Minor,Clear
2596,KAG_002597,Kaggle_road_csv,0,March,Friday,Unknown,Truck,Unidentified,3,18-30,Under 18,Reckless Driving,Dry,Daylight,0,0,1,Minor,Clear
2597,KAG_002598,Kaggle_road_csv,0,October,Monday,Unknown,Truck,Unidentified,2,Under 18,Over 51,Lane Violation,Dry,Daylight,0,0,1,Minor,Clear
2598,KAG_002599,Kaggle_road_csv,0,April,Monday,Unknown,Truck,Unidentified,2,Over 51,Unknown,Reckless Driving,Dry,Daylight,0,0,1,Minor,Clear
2599,KAG_002600,Kaggle_road_csv,0,May,Saturday,Unknown,Truck,Unidentified,1,31-50,Unknown,Lane Violation,Wet,Daylight,0,0,1,Minor,Clear
2600,KAG_002601,Kaggle_road_csv,0,April,Sunday,Unknown,Truck,Unidentified,1,18-30,18-30,Lane Violation,Dry,Dark,0,0,3,Minor,Clear
2601,KAG_002602,Kaggle_road_csv,0,July,Friday,Unknown,Truck,Unidentified,2,31-50,Over 51,Reckless Driving,Wet,Dark,0,0,1,Serious,Rainy
2602,KAG_002603,Kaggle_road_csv,0,October,Thursday,Unknown,Truck,Unidentified,1,Under 18,Unknown,No Distancing/Rear End,Wet,Dark,0,0,2,Serious,Clear
2603,KAG_002604,Kaggle_road_csv,0,August,Friday,Unknown,Truck,Unidentified,1,18-30,31-50,Lane Violation,Wet,Dark,0,0,4,Minor,Rainy
2604,KAG_002605,Kaggle_road_csv,0,March,Saturday,Unknown,Truck,Unidentified,1,18-30,Unknown,Lane Violation,Dry,Daylight,0,0,1,Minor,Clear
2605,KAG_002606,Kaggle_road_csv,0,June,Friday,Unknown,Truck,Unidentified,1,Under 18,31-50,No Distancing/Rear End,Wet,Daylight,0,0,1,Minor,Rainy
2606,KAG_002607,Kaggle_road_csv,0,July,Saturday,Unknown,Truck,Unidentified,2,Under 18,Over 51,Reckless Driving,Wet,Dark,0,0,1,Minor,Rainy
2607,KAG_002608,Kaggle_road_csv,0,May,Tuesday,Unknown,Truck,Unidentified,2,18-30,Unknown,Drunk/Drug Driving,Wet,Dark,0,0,1,Minor,Clear
2608,KAG_002609,Kaggle_road_csv,0,May,Monday,Unknown,Truck,Unidentified,2,18-30,18-30,Reckless Driving,Dry,Daylight,0,0,2,Minor,Clear
2609,KAG_002610,Kaggle_road_csv,0,August,Saturday,Unknown,Truck,Unidentified,2,18-30,31-50,Reckless Driving,Wet,Dark,0,0,1,Minor,Rainy
2610,KAG_002611,Kaggle_road_csv,0,August,Saturday,Unknown,Truck,Unidentified,2,18-30,31-50,No Distancing/Rear End,Wet,Dark,0,0,1,Minor,Rainy
2611,KAG_002612,Kaggle_road_csv,0,August,Wednesday,Unknown,Truck,Unidentified,2,31-50,31-50,Lane Violation,Wet,Daylight,0,0,3,Minor,Rainy
2612,KAG_002613,Kaggle_road_csv,0,July,Wednesday,Unknown,Truck,Unidentified,2,31-50,18-30,Reckless Driving,Wet,Daylight,0,0,3,Minor,Rainy
2613,KAG_002614,Kaggle_road_csv,0,April,Tuesday,Unknown,Truck,Unidentified,2,Over 51,31-50,No Distancing/Rear End,Wet,Dark,0,0,1,Minor,Clear
2614,KAG_002615,Kaggle_road_csv,0,April,Thursday,Unknown,Truck,Unidentified,2,18-30,Unknown,Lane Violation,Wet,Dark,0,0,1,Minor,Clear
2615,KAG_002616,Kaggle_road_csv,0,April,Thursday,Unknown,Truck,Unidentified,2,31-50,Unknown,Lane Violation,Wet,Dark,0,0,1,Minor,Clear
2616,KAG_002617,Kaggle_road_csv,0,June,Thursday,Unknown,Truck,Unidentified,2,31-50,Under 18,No Distancing/Rear End,Wet,Dark,0,0,1,Minor,Rainy
2617,KAG_002618,Kaggle_road_csv,0,September,Friday,Unknown,Truck,Unidentified,2,18-30,18-30,Reckless Driving,Wet,Dark,0,0,3,Serious,Rainy
2618,KAG_002619,Kaggle_road_csv,0,October,Tuesday,Unknown,Truck,Unidentified,6,Unknown,Over 51,No Distancing/Rear End,Dry,Daylight,0,0,1,Minor,Clear
2619,KAG_002620,Kaggle_road_csv,0,April,Tuesday,Unknown,Truck,Unidentified,6,Unknown,31-50,Lane Violation,Dry,Daylight,0,0,1,Minor,Clear
2620,KAG_002621,Kaggle_road_csv,0,September,Tuesday,Unknown,Truck,Unidentified,2,18-30,Unknown,No Distancing/Rear End,Wet,Dark,0,0,1,Minor,Rainy
2621,KAG_002622,Kaggle_road_csv,0,May,Tuesday,Unknown,Truck,Unidentified,2,31-50,18-30,Lane Violation,Wet,Dark,0,0,2,Minor,Clear
2622,KAG_002623,Kaggle_road_csv,0,August,Thursday,Unknown,Truck,Unidentified,2,31-50,Unknown,Speeding,Wet,Daylight,0,0,3,Minor,Rainy
2623,KAG_002624,Kaggle_road_csv,0,April,Thursday,Unknown,Truck,Unidentified,2,18-30,31-50,Loss of Control,Dry,Daylight,0,0,1,Minor,Clear
2624,KAG_002625,Kaggle_road_csv,0,May,Monday,Unknown,Truck,Unidentified,2,18-30,31-50,No Distancing/Rear End,Wet,Dark,0,0,1,Minor,Clear
2625,KAG_002626,Kaggle_road_csv,0,September,Friday,Unknown,Truck,Unidentified,2,18-30,Under 18,No Distancing/Rear End,Wet,Dark,0,0,2,Minor,Rainy
2626,KAG_002627,Kaggle_road_csv,0,September,Saturday,Unknown,Truck,Unidentified,2,Over 51,Unknown,Reckless Driving,Wet,Dark,0,0,2,Minor,Rainy
2627,KAG_002628,Kaggle_road_csv,0,June,Saturday,Unknown,Truck,Unidentified,2,Over 51,18-30,No Distancing/Rear End,Wet,Dark,0,0,2,Minor,Rainy
2628,KAG_002629,Kaggle_road_csv,0,October,Tuesday,Unknown,Truck,Unidentified,2,18-30,Over 51,Drunk/Drug Driving,Dry,Dark,0,0,1,Minor,Clear
2629,KAG_002630,Kaggle_road_csv,0,April,Sunday,Unknown,Truck,Unidentified,2,Under 18,Unknown,Speeding,Wet,Dark,0,0,2,Serious,Clear
2630,KAG_002631,Kaggle_road_csv,0,October,Monday,Unknown,Truck,Unidentified,3,31-50,31-50,Lane Violation,Dry,Daylight,0,0,1,Minor,Clear
2631,KAG_002632,Kaggle_road_csv,0,October,Thursday,Unknown,Truck,Unidentified,2,18-30,Unknown,Lane Violation,Wet,Daylight,0,0,1,Minor,Clear
2632,KAG_002633,Kaggle_road_csv,0,October,Saturday,Unknown,Truck,Unidentified,1,18-30,18-30,No Distancing/Rear End,Dry,Daylight,0,0,1,Minor,Clear
2633,KAG_002634,Kaggle_road_csv,0,March,Thursday,Unknown,Truck,Unidentified,4,18-30,18-30,No Distancing/Rear End,Wet,Dark,0,0,2,Minor,Clear
2634,KAG_002635,Kaggle_road_csv,0,April,Monday,Unknown,Truck,Unidentified,4,18-30,Under 18,No Distancing/Rear End,Dry,Daylight,0,0,1,Minor,Clear
2635,KAG_002636,Kaggle_road_csv,0,November,Saturday,Unknown,Truck,Unidentified,3,31-50,18-30,No Distancing/Rear End,Wet,Daylight,0,0,2,Minor,Cold
2636,KAG_002637,Kaggle_road_csv,0,November,Saturday,Unknown,Truck,Unidentified,3,Over 51,Unknown,Drunk/Drug Driving,Wet,Daylight,0,0,2,Minor,Cold
2637,KAG_002638,Kaggle_road_csv,0,November,Saturday,Unknown,Truck,Unidentified,3,Over 51,Unknown,No Distancing/Rear End,Wet,Daylight,0,0,2,Minor,Cold
2638,KAG_002639,Kaggle_road_csv,0,November,Saturday,Unknown,Truck,Unidentified,3,18-30,Over 51,Lane Violation,Wet,Daylight,0,0,2,Minor,Cold
2639,KAG_002640,Kaggle_road_csv,0,April,Wednesday,Unknown,Truck,Unidentified,4,Unknown,31-50,No Distancing/Rear End,Wet,Daylight,0,0,2,Minor,Clear
2640,KAG_002641,Kaggle_road_csv,0,November,Sunday,Unknown,Truck,Unidentified,2,18-30,31-50,Reckless Driving,Wet,Daylight,0,0,1,Minor,Cold
2641,KAG_002642,Kaggle_road_csv,0,May,Friday,Unknown,Truck,Unidentified,2,18-30,Over 51,Lane Violation,Dry,Dark,0,0,1,Minor,Clear
2642,KAG_002643,Kaggle_road_csv,0,April,Sunday,Unknown,Truck,Unidentified,2,Unknown,Unknown,Lane Violation,Dry,Dark,0,0,1,Serious,Clear
2643,KAG_002644,Kaggle_road_csv,0,May,Sunday,Unknown,Truck,Unidentified,2,18-30,Over 51,Reckless Driving,Dry,Dark,0,0,1,Serious,Clear
2644,KAG_002645,Kaggle_road_csv,0,October,Thursday,Unknown,Truck,Unidentified,2,18-30,18-30,Reckless Driving,Wet,Dark,0,0,2,Minor,Clear
2645,KAG_002646,Kaggle_road_csv,0,October,Monday,Unknown,Truck,Unidentified,2,18-30,18-30,No Distancing/Rear End,Dry,Dark,0,0,2,Minor,Clear
2646,KAG_002647,Kaggle_road_csv,0,May,Monday,Unknown,Truck,Unidentified,2,18-30,Under 18,Lane Violation,Dry,Dark,0,0,2,Minor,Clear
2647,KAG_002648,Kaggle_road_csv,0,September,Sunday,Unknown,Truck,Unidentified,2,31-50,31-50,No Distancing/Rear End,Wet,Daylight,0,0,2,Minor,Rainy
2648,KAG_002649,Kaggle_road_csv,0,April,Tuesday,Unknown,Truck,Unidentified,2,31-50,Unknown,Reckless Driving,Dry,Daylight,0,0,1,Minor,Clear
2649,KAG_002650,Kaggle_road_csv,0,April,Saturday,Unknown,Truck,Unidentified,2,31-50,18-30,Reckless Driving,Dry,Dark,0,0,1,Minor,Clear
2650,KAG_002651,Kaggle_road_csv,0,May,Friday,Unknown,Truck,Unidentified,2,18-30,Unknown,No Distancing/Rear End,Dry,Daylight,0,0,1,Minor,Clear
2651,KAG_002652,Kaggle_road_csv,0,May,Saturday,Unknown,Truck,Unidentified,2,18-30,31-50,Reckless Driving,Dry,Daylight,0,0,1,Minor,Clear
2652,KAG_002653,Kaggle_road_csv,0,April,Saturday,Unknown,Truck,Unidentified,2,31-50,Over 51,No Distancing/Rear End,Dry,Daylight,0,0,1,Minor,Clear
2653,KAG_002654,Kaggle_road_csv,0,October,Tuesday,Unknown,Truck,Unidentified,1,18-30,Unknown,Reckless Driving,Wet,Dark,0,0,1,Serious,Clear
2654,KAG_002655,Kaggle_road_csv,0,May,Tuesday,Unknown,Truck,Unidentified,2,Over 51,Unknown,Reckless Driving,Dry,Daylight,0,0,1,Serious,Clear
2655,KAG_002656,Kaggle_road_csv,0,May,Saturday,Unknown,Truck,Unidentified,2,31-50,31-50,Lane Violation,Dry,Daylight,0,0,2,Minor,Clear
2656,KAG_002657,Kaggle_road_csv,0,May,Monday,Unknown,Truck,Unidentified,2,31-50,18-30,No Distancing/Rear End,Dry,Daylight,0,0,1,Minor,Clear
2657,KAG_002658,Kaggle_road_csv,0,May,Friday,Unknown,Truck,Unidentified,2,31-50,31-50,Drunk/Drug Driving,Dry,Daylight,0,0,1,Minor,Clear
2658,KAG_002659,Kaggle_road_csv,0,October,Friday,Unknown,Truck,Unidentified,2,18-30,18-30,Lane Violation,Dry,Daylight,0,0,1,Minor,Clear
2659,KAG_002660,Kaggle_road_csv,0,April,Friday,Unknown,Truck,Unidentified,3,18-30,18-30,No Distancing/Rear End,Wet,Daylight,0,0,1,Minor,Clear
2660,KAG_002661,Kaggle_road_csv,0,October,Friday,Unknown,Truck,Unidentified,3,31-50,Unknown,No Distancing/Rear End,Wet,Daylight,0,0,1,Minor,Clear
2661,KAG_002662,Kaggle_road_csv,0,October,Friday,Unknown,Truck,Unidentified,3,18-30,Unknown,No Distancing/Rear End,Wet,Daylight,0,0,1,Minor,Clear
2662,KAG_002663,Kaggle_road_csv,0,April,Sunday,Unknown,Truck,Unidentified,1,Unknown,Unknown,Lane Violation,Dry,Dark,0,0,1,Minor,Clear
2663,KAG_002664,Kaggle_road_csv,0,May,Saturday,Unknown,Truck,Unidentified,1,31-50,Over 51,Loss of Control,Dry,Daylight,0,0,1,Minor,Clear
2664,KAG_002665,Kaggle_road_csv,0,April,Sunday,Unknown,Truck,Unidentified,3,18-30,31-50,Speeding,Dry,Daylight,0,0,2,Minor,Clear
2665,KAG_002666,Kaggle_road_csv,0,March,Friday,Unknown,Truck,Unidentified,2,18-30,18-30,No Distancing/Rear End,Dry,Dark,0,0,1,Minor,Clear
2666,KAG_002667,Kaggle_road_csv,0,April,Tuesday,Unknown,Truck,Unidentified,1,18-30,Unknown,Lane Violation,Dry,Daylight,0,0,1,Serious,Clear
2667,KAG_002668,Kaggle_road_csv,0,October,Wednesday,Unknown,Truck,Unidentified,1,31-50,Unknown,Reckless Driving,Dry,Dark,0,0,1,Minor,Clear
2668,KAG_002669,Kaggle_road_csv,0,April,Monday,Unknown,Truck,Unidentified,3,31-50,18-30,Lane Violation,Dry,Daylight,0,0,1,Minor,Clear
2669,KAG_002670,Kaggle_road_csv,0,March,Monday,Unknown,Truck,Unidentified,3,31-50,Unknown,No Distancing/Rear End,Dry,Daylight,0,0,1,Minor,Clear
2670,KAG_002671,Kaggle_road_csv,0,June,Wednesday,Unknown,Truck,Unidentified,1,Over 51,18-30,Lane Violation,Wet,Dark,0,0,1,Fatal,Rainy
2671,KAG_002672,Kaggle_road_csv,0,March,Tuesday,Unknown,Truck,Unidentified,4,18-30,Unknown,Lane Violation,Wet,Daylight,0,0,6,Serious,Clear
2672,KAG_002673,Kaggle_road_csv,0,May,Tuesday,Unknown,Truck,Unidentified,4,Under 18,Unknown,Speeding,Wet,Daylight,0,0,6,Serious,Clear
2673,KAG_002674,Kaggle_road_csv,0,March,Tuesday,Unknown,Truck,Unidentified,4,31-50,Unknown,Lane Violation,Wet,Daylight,0,0,6,Serious,Clear
2674,KAG_002675,Kaggle_road_csv,0,April,Friday,Unknown,Truck,Unidentified,3,18-30,Unknown,Reckless Driving,Dry,Dark,0,0,5,Serious,Clear
2675,KAG_002676,Kaggle_road_csv,0,March,Monday,Unknown,Truck,Unidentified,2,18-30,18-30,Drunk/Drug Driving,Dry,Daylight,0,0,1,Minor,Clear
2676,KAG_002677,Kaggle_road_csv,0,August,Wednesday,Unknown,Truck,Unidentified,1,Over 51,18-30,No Distancing/Rear End,Wet,Daylight,0,0,1,Minor,Rainy
2677,KAG_002678,Kaggle_road_csv,0,May,Monday,Unknown,Truck,Unidentified,3,Over 51,Under 18,Lane Violation,Dry,Daylight,0,0,2,Minor,Clear
2678,KAG_002679,Kaggle_road_csv,0,October,Sunday,Unknown,Truck,Unidentified,4,18-30,31-50,No Distancing/Rear End,Dry,Daylight,0,0,1,Minor,Clear
2679,KAG_002680,Kaggle_road_csv,0,April,Sunday,Unknown,Truck,Unidentified,4,18-30,31-50,Lane Violation,Dry,Daylight,0,0,1,Minor,Clear
2680,KAG_002681,Kaggle_road_csv,0,March,Sunday,Unknown,Truck,Unidentified,4,Unknown,31-50,Lane Violation,Dry,Daylight,0,0,1,Minor,Clear
2681,KAG_002682,Kaggle_road_csv,0,March,Sunday,Unknown,Truck,Unidentified,2,18-30,Over 51,No Distancing/Rear End,Dry,Daylight,0,0,1,Serious,Clear
2682,KAG_002683,Kaggle_road_csv,0,August,Wednesday,Unknown,Truck,Unidentified,3,31-50,18-30,Lane Violation,Wet,Daylight,0,0,1,Minor,Rainy
2683,KAG_002684,Kaggle_road_csv,0,October,Wednesday,Unknown,Truck,Unidentified,2,18-30,18-30,No Distancing/Rear End,Dry,Daylight,0,0,2,Minor,Clear
2684,KAG_002685,Kaggle_road_csv,0,March,Wednesday,Unknown,Truck,Unidentified,2,18-30,31-50,No Distancing/Rear End,Dry,Daylight,0,0,2,Minor,Clear
2685,KAG_002686,Kaggle_road_csv,0,March,Friday,Unknown,Truck,Unidentified,2,31-50,31-50,Lane Violation,Dry,Daylight,0,0,1,Serious,Clear
2686,KAG_002687,Kaggle_road_csv,0,April,Friday,Unknown,Truck,Unidentified,2,31-50,Under 18,No Distancing/Rear End,Dry,Daylight,0,0,1,Serious,Clear
2687,KAG_002688,Kaggle_road_csv,0,October,Saturday,Unknown,Truck,Unidentified,2,Under 18,Under 18,Lane Violation,Dry,Dark,0,0,3,Minor,Clear
2688,KAG_002689,Kaggle_road_csv,0,April,Saturday,Unknown,Truck,Unidentified,1,Under 18,Unknown,Reckless Driving,Dry,Daylight,0,0,2,Serious,Clear
2689,KAG_002690,Kaggle_road_csv,0,March,Wednesday,Unknown,Truck,Unidentified,2,Unknown,Over 51,Lane Violation,Dry,Daylight,0,0,1,Minor,Clear
2690,KAG_002691,Kaggle_road_csv,0,March,Wednesday,Unknown,Truck,Unidentified,2,Over 51,Unknown,Lane Violation,Dry,Daylight,0,0,2,Minor,Clear
2691,KAG_002692,Kaggle_road_csv,0,April,Friday,Unknown,Truck,Unidentified,2,Unknown,Unknown,Reckless Driving,Dry,Daylight,0,0,1,Minor,Clear
2692,KAG_002693,Kaggle_road_csv,0,October,Wednesday,Unknown,Truck,Unidentified,2,31-50,Unknown,No Distancing/Rear End,Dry,Daylight,0,0,3,Minor,Clear
2693,KAG_002694,Kaggle_road_csv,0,April,Wednesday,Unknown,Truck,Unidentified,2,18-30,18-30,No Distancing/Rear End,Dry,Daylight,0,0,3,Minor,Clear
2694,KAG_002695,Kaggle_road_csv,0,October,Friday,Unknown,Truck,Unidentified,3,31-50,18-30,Drunk/Drug Driving,Dry,Daylight,0,0,4,Minor,Clear
2695,KAG_002696,Kaggle_road_csv,0,April,Friday,Unknown,Truck,Unidentified,3,Under 18,Unknown,Lane Violation,Dry,Daylight,0,0,4,Minor,Clear
2696,KAG_002697,Kaggle_road_csv,0,March,Friday,Unknown,Truck,Unidentified,2,Under 18,18-30,Drunk/Drug Driving,Dry,Daylight,0,0,1,Minor,Clear
2697,KAG_002698,Kaggle_road_csv,0,March,Tuesday,Unknown,Truck,Unidentified,2,31-50,31-50,Lane Violation,Dry,Daylight,0,0,1,Minor,Clear
2698,KAG_002699,Kaggle_road_csv,0,March,Sunday,Unknown,Truck,Unidentified,1,31-50,31-50,No Distancing/Rear End,Dry,Daylight,0,0,1,Minor,Clear
2699,KAG_002700,Kaggle_road_csv,0,July,Sunday,Unknown,Truck,Unidentified,2,18-30,31-50,No Distancing/Rear End,Wet,Daylight,0,0,4,Minor,Rainy
2700,KAG_002701,Kaggle_road_csv,0,May,Tuesday,Unknown,Truck,Unidentified,2,18-30,Unknown,No Distancing/Rear End,Dry,Daylight,0,0,2,Minor,Clear
2701,KAG_002702,Kaggle_road_csv,0,September,Tuesday,Unknown,Truck,Unidentified,2,18-30,Over 51,Lane Violation,Wet,Daylight,0,0,1,Minor,Rainy
2702,KAG_002703,Kaggle_road_csv,0,July,Monday,Unknown,Truck,Unidentified,2,Under 18,18-30,No Distancing/Rear End,Wet,Daylight,0,0,1,Minor,Rainy
2703,KAG_002704,Kaggle_road_csv,0,August,Monday,Unknown,Truck,Unidentified,2,Unknown,Unknown,Reckless Driving,Wet,Daylight,0,0,1,Minor,Rainy
2704,KAG_002705,Kaggle_road_csv,0,April,Friday,Unknown,Truck,Unidentified,2,31-50,Unknown,Reckless Driving,Wet,Daylight,0,0,3,Minor,Clear
2705,KAG_002706,Kaggle_road_csv,0,March,Monday,Unknown,Truck,Unidentified,2,18-30,Under 18,Reckless Driving,Dry,Dark,0,0,1,Minor,Clear
2706,KAG_002707,Kaggle_road_csv,0,July,Friday,Unknown,Truck,Unidentified,2,18-30,Unknown,No Distancing/Rear End,Wet,Daylight,0,0,2,Minor,Rainy
2707,KAG_002708,Kaggle_road_csv,0,July,Friday,Unknown,Truck,Unidentified,2,Over 51,18-30,Reckless Driving,Wet,Daylight,0,0,2,Minor,Rainy
2708,KAG_002709,Kaggle_road_csv,0,May,Monday,Unknown,Truck,Unidentified,2,18-30,18-30,Unknown/Other,Dry,Daylight,0,0,1,Minor,Clear
2709,KAG_002710,Kaggle_road_csv,0,October,Friday,Unknown,Truck,Unidentified,3,Under 18,Under 18,Reckless Driving,Dry,Daylight,0,0,1,Serious,Clear
2710,KAG_002711,Kaggle_road_csv,0,March,Friday,Unknown,Truck,Unidentified,1,18-30,Unknown,Reckless Driving,Wet,Daylight,0,0,2,Minor,Clear
2711,KAG_002712,Kaggle_road_csv,0,May,Monday,Unknown,Truck,Unidentified,2,Over 51,Unknown,Lane Violation,Dry,Daylight,0,0,1,Minor,Clear
2712,KAG_002713,Kaggle_road_csv,0,April,Monday,Unknown,Truck,Unidentified,2,31-50,Unknown,Loss of Control,Dry,Daylight,0,0,1,Minor,Clear
2713,KAG_002714,Kaggle_road_csv,0,October,Sunday,Unknown,Truck,Unidentified,2,31-50,Under 18,Unknown/Other,Dry,Daylight,0,0,1,Minor,Clear
2714,KAG_002715,Kaggle_road_csv,0,September,Wednesday,Unknown,Truck,Unidentified,2,31-50,Over 51,No Distancing/Rear End,Wet,Dark,0,0,1,Minor,Rainy
2715,KAG_002716,Kaggle_road_csv,0,May,Friday,Unknown,Truck,Unidentified,3,18-30,Unknown,Lane Violation,Dry,Daylight,0,0,2,Minor,Clear
2716,KAG_002717,Kaggle_road_csv,0,October,Friday,Unknown,Truck,Unidentified,3,18-30,Under 18,Reckless Driving,Dry,Daylight,0,0,2,Minor,Clear
2717,KAG_002718,Kaggle_road_csv,0,March,Saturday,Unknown,Truck,Unidentified,2,18-30,31-50,Parking Issue,Dry,Daylight,0,0,1,Minor,Clear
2718,KAG_002719,Kaggle_road_csv,0,March,Friday,Unknown,Truck,Unidentified,1,31-50,31-50,Lane Violation,Dry,Daylight,0,0,1,Serious,Clear
2719,KAG_002720,Kaggle_road_csv,0,March,Friday,Unknown,Truck,Unidentified,2,31-50,18-30,Speeding,Dry,Dark,0,0,1,Minor,Clear
2720,KAG_002721,Kaggle_road_csv,0,October,Sunday,Unknown,Truck,Unidentified,2,18-30,18-30,Lane Violation,Dry,Dark,0,0,5,Minor,Clear
2721,KAG_002722,Kaggle_road_csv,0,October,Sunday,Unknown,Truck,Unidentified,2,Under 18,Over 51,Lane Violation,Dry,Daylight,0,0,1,Minor,Clear
2722,KAG_002723,Kaggle_road_csv,0,June,Wednesday,Unknown,Truck,Unidentified,2,31-50,Unknown,No Distancing/Rear End,Wet,Dark,0,0,1,Minor,Rainy
2723,KAG_002724,Kaggle_road_csv,0,May,Tuesday,Unknown,Truck,Unidentified,2,31-50,31-50,Lane Violation,Dry,Dark,0,0,1,Minor,Clear
2724,KAG_002725,Kaggle_road_csv,0,April,Sunday,Unknown,Truck,Unidentified,2,31-50,Unknown,No Distancing/Rear End,Dry,Daylight,0,0,1,Minor,Clear
2725,KAG_002726,Kaggle_road_csv,0,October,Sunday,Unknown,Truck,Unidentified,2,31-50,Under 18,Lane Violation,Dry,Daylight,0,0,1,Minor,Clear
2726,KAG_002727,Kaggle_road_csv,0,October,Friday,Unknown,Truck,Unidentified,2,18-30,Over 51,Unknown/Other,Dry,Dark,0,0,1,Minor,Clear
2727,KAG_002728,Kaggle_road_csv,0,May,Friday,Unknown,Truck,Unidentified,2,Under 18,Under 18,No Distancing/Rear End,Dry,Dark,0,0,1,Minor,Clear
2728,KAG_002729,Kaggle_road_csv,0,August,Friday,Unknown,Truck,Unidentified,3,18-30,18-30,Lane Violation,Wet,Dark,0,0,1,Minor,Rainy
2729,KAG_002730,Kaggle_road_csv,0,April,Monday,Unknown,Truck,Unidentified,2,Over 51,31-50,Speeding,Wet,Dark,0,0,2,Minor,Clear
2730,KAG_002731,Kaggle_road_csv,0,May,Sunday,Unknown,Truck,Unidentified,2,31-50,18-30,Lane Violation,Wet,Dark,0,0,5,Minor,Clear
2731,KAG_002732,Kaggle_road_csv,0,July,Thursday,Unknown,Truck,Unidentified,2,Unknown,Unknown,Reckless Driving,Wet,Dark,0,0,1,Minor,Rainy
2732,KAG_002733,Kaggle_road_csv,0,May,Friday,Unknown,Truck,Unidentified,2,Under 18,31-50,Reckless Driving,Wet,Dark,0,0,1,Minor,Clear
2733,KAG_002734,Kaggle_road_csv,0,October,Monday,Unknown,Truck,Unidentified,2,Over 51,Unknown,Lane Violation,Dry,Daylight,0,0,2,Minor,Clear
2734,KAG_002735,Kaggle_road_csv,0,October,Wednesday,Unknown,Truck,Unidentified,2,31-50,Unknown,Lane Violation,Wet,Dark,0,0,1,Minor,Clear
2735,KAG_002736,Kaggle_road_csv,0,April,Wednesday,Unknown,Truck,Unidentified,2,Under 18,Unknown,No Distancing/Rear End,Wet,Dark,0,0,1,Minor,Clear
2736,KAG_002737,Kaggle_road_csv,0,April,Sunday,Unknown,Truck,Unidentified,2,Unknown,18-30,Lane Violation,Dry,Dark,0,0,1,Minor,Clear
2737,KAG_002738,Kaggle_road_csv,0,October,Saturday,Unknown,Truck,Unidentified,1,Over 51,Unknown,Reckless Driving,Wet,Dark,0,0,1,Minor,Clear
2738,KAG_002739,Kaggle_road_csv,0,September,Wednesday,Unknown,Truck,Unidentified,2,Under 18,18-30,No Distancing/Rear End,Wet,Dark,0,0,2,Minor,Rainy
2739,KAG_002740,Kaggle_road_csv,0,March,Tuesday,Unknown,Truck,Unidentified,1,31-50,Unknown,Loss of Control,Wet,Dark,0,0,2,Minor,Clear
2740,KAG_002741,Kaggle_road_csv,0,April,Monday,Unknown,Truck,Unidentified,2,18-30,18-30,Reckless Driving,Dry,Dark,0,0,1,Minor,Clear
2741,KAG_002742,Kaggle_road_csv,0,March,Friday,Unknown,Truck,Unidentified,2,31-50,18-30,Unknown/Other,Dry,Dark,0,0,2,Minor,Clear
2742,KAG_002743,Kaggle_road_csv,0,September,Saturday,Unknown,Truck,Unidentified,3,Over 51,18-30,Unknown/Other,Wet,Dark,0,0,1,Minor,Rainy
2743,KAG_002744,Kaggle_road_csv,0,April,Wednesday,Unknown,Truck,Unidentified,2,18-30,31-50,No Distancing/Rear End,Dry,Dark,0,0,2,Minor,Clear
2744,KAG_002745,Kaggle_road_csv,0,April,Friday,Unknown,Truck,Unidentified,1,31-50,Unknown,Lane Violation,Dry,Dark,0,0,1,Minor,Clear
2745,KAG_002746,Kaggle_road_csv,0,June,Monday,Unknown,Truck,Unidentified,2,Over 51,Unknown,Reckless Driving,Wet,Daylight,0,0,2,Minor,Rainy
2746,KAG_002747,Kaggle_road_csv,0,June,Monday,Unknown,Truck,Unidentified,2,31-50,31-50,Lane Violation,Wet,Daylight,0,0,1,Minor,Rainy
2747,KAG_002748,Kaggle_road_csv,0,June,Saturday,Unknown,Truck,Unidentified,2,18-30,Over 51,Lane Violation,Wet,Dark,0,0,2,Minor,Rainy
2748,KAG_002749,Kaggle_road_csv,0,June,Saturday,Unknown,Truck,Unidentified,1,Over 51,31-50,Reckless Driving,Wet,Dark,0,0,1,Serious,Rainy
2749,KAG_002750,Kaggle_road_csv,0,July,Thursday,Unknown,Truck,Unidentified,1,31-50,31-50,Reckless Driving,Wet,Dark,0,0,2,Serious,Rainy
2750,KAG_002751,Kaggle_road_csv,0,October,Thursday,Unknown,Truck,Unidentified,1,31-50,31-50,Lane Violation,Dry,Dark,0,0,1,Serious,Clear
2751,KAG_002752,Kaggle_road_csv,0,October,Tuesday,Unknown,Truck,Unidentified,3,18-30,Unknown,Lane Violation,Dry,Daylight,0,0,3,Minor,Clear
2752,KAG_002753,Kaggle_road_csv,0,April,Tuesday,Unknown,Truck,Unidentified,3,31-50,Under 18,Lane Violation,Dry,Daylight,0,0,3,Minor,Clear
2753,KAG_002754,Kaggle_road_csv,0,May,Wednesday,Unknown,Truck,Unidentified,3,18-30,Over 51,Unknown/Other,Dry,Daylight,0,0,1,Serious,Clear
2754,KAG_002755,Kaggle_road_csv,0,April,Friday,Unknown,Truck,Unidentified,3,Over 51,31-50,Reckless Driving,Wet,Daylight,0,0,1,Minor,Clear
2755,KAG_002756,Kaggle_road_csv,0,October,Friday,Unknown,Truck,Unidentified,3,31-50,Unknown,Unknown/Other,Wet,Daylight,0,0,1,Minor,Clear
2756,KAG_002757,Kaggle_road_csv,0,April,Thursday,Unknown,Truck,Unidentified,2,31-50,Unknown,Speeding,Dry,Dark,0,0,1,Minor,Clear
2757,KAG_002758,Kaggle_road_csv,0,May,Friday,Unknown,Truck,Unidentified,2,Over 51,Unknown,No Distancing/Rear End,Wet,Dark,0,0,2,Minor,Clear
2758,KAG_002759,Kaggle_road_csv,0,October,Friday,Unknown,Truck,Unidentified,2,31-50,Under 18,No Distancing/Rear End,Wet,Dark,0,0,2,Minor,Clear
2759,KAG_002760,Kaggle_road_csv,0,October,Thursday,Unknown,Truck,Unidentified,2,Over 51,31-50,No Distancing/Rear End,Dry,Daylight,0,0,1,Minor,Clear
2760,KAG_002761,Kaggle_road_csv,0,April,Friday,Unknown,Truck,Unidentified,2,31-50,Unknown,No Distancing/Rear End,Dry,Dark,0,0,1,Serious,Clear
2761,KAG_002762,Kaggle_road_csv,0,March,Friday,Unknown,Truck,Unidentified,2,Unknown,18-30,Reckless Driving,Dry,Dark,0,0,1,Serious,Clear
2762,KAG_002763,Kaggle_road_csv,0,May,Monday,Unknown,Truck,Unidentified,2,31-50,Unknown,Reckless Driving,Wet,Dark,0,0,2,Minor,Clear
2763,KAG_002764,Kaggle_road_csv,0,April,Wednesday,Unknown,Truck,Unidentified,2,31-50,18-30,Lane Violation,Wet,Dark,0,0,1,Minor,Clear
2764,KAG_002765,Kaggle_road_csv,0,June,Thursday,Unknown,Truck,Unidentified,2,Over 51,Unknown,No Distancing/Rear End,Wet,Dark,0,0,1,Serious,Rainy
2765,KAG_002766,Kaggle_road_csv,0,April,Saturday,Unknown,Truck,Unidentified,1,Unknown,18-30,Lane Violation,Dry,Dark,0,0,1,Minor,Clear
2766,KAG_002767,Kaggle_road_csv,0,October,Sunday,Unknown,Truck,Unidentified,2,Over 51,18-30,No Distancing/Rear End,Dry,Daylight,0,0,2,Minor,Clear
2767,KAG_002768,Kaggle_road_csv,0,May,Sunday,Unknown,Truck,Unidentified,2,31-50,Unknown,Lane Violation,Dry,Daylight,0,0,2,Minor,Clear
2768,KAG_002769,Kaggle_road_csv,0,October,Friday,Unknown,Truck,Unidentified,2,31-50,Unknown,Reckless Driving,Dry,Dark,0,0,1,Minor,Clear
2769,KAG_002770,Kaggle_road_csv,0,October,Friday,Unknown,Truck,Unidentified,2,18-30,31-50,Lane Violation,Dry,Dark,0,0,1,Minor,Clear
2770,KAG_002771,Kaggle_road_csv,0,March,Thursday,Unknown,Truck,Unidentified,2,18-30,18-30,Reckless Driving,Wet,Daylight,0,0,1,Minor,Clear
2771,KAG_002772,Kaggle_road_csv,0,April,Monday,Unknown,Truck,Unidentified,1,18-30,31-50,Lane Violation,Wet,Daylight,0,0,1,Serious,Clear
2772,KAG_002773,Kaggle_road_csv,0,October,Friday,Unknown,Truck,Unidentified,2,31-50,Unknown,No Distancing/Rear End,Dry,Daylight,0,0,1,Serious,Clear
2773,KAG_002774,Kaggle_road_csv,0,April,Friday,Unknown,Truck,Unidentified,4,Over 51,18-30,No Distancing/Rear End,Dry,Daylight,0,0,5,Minor,Clear
2774,KAG_002775,Kaggle_road_csv,0,April,Friday,Unknown,Truck,Unidentified,1,18-30,31-50,Loss of Control,Dry,Daylight,0,0,1,Minor,Clear
2775,KAG_002776,Kaggle_road_csv,0,June,Friday,Unknown,Truck,Unidentified,2,18-30,Unknown,No Distancing/Rear End,Wet,Daylight,0,0,1,Minor,Rainy
2776,KAG_002777,Kaggle_road_csv,0,April,Saturday,Unknown,Truck,Unidentified,2,18-30,Unknown,No Distancing/Rear End,Dry,Dark,0,0,1,Minor,Clear
2777,KAG_002778,Kaggle_road_csv,0,March,Friday,Unknown,Truck,Unidentified,2,Under 18,18-30,Lane Violation,Dry,Dark,0,0,1,Minor,Clear
2778,KAG_002779,Kaggle_road_csv,0,May,Friday,Unknown,Truck,Unidentified,2,Under 18,Over 51,Lane Violation,Dry,Daylight,0,0,1,Minor,Clear
2779,KAG_002780,Kaggle_road_csv,0,April,Monday,Unknown,Truck,Unidentified,3,31-50,Under 18,No Distancing/Rear End,Dry,Dark,0,0,3,Minor,Clear
2780,KAG_002781,Kaggle_road_csv,0,May,Monday,Unknown,Truck,Unidentified,3,31-50,18-30,Lane Violation,Dry,Dark,0,0,3,Minor,Clear
2781,KAG_002782,Kaggle_road_csv,0,April,Tuesday,Unknown,Truck,Unidentified,3,18-30,Unknown,Unknown/Other,Dry,Dark,0,0,3,Minor,Clear
2782,KAG_002783,Kaggle_road_csv,0,October,Sunday,Unknown,Truck,Unidentified,2,31-50,Unknown,Reckless Driving,Dry,Daylight,0,0,1,Minor,Clear
2783,KAG_002784,Kaggle_road_csv,0,May,Wednesday,Unknown,Truck,Unidentified,2,31-50,Under 18,Reckless Driving,Dry,Dark,0,0,1,Minor,Clear
2784,KAG_002785,Kaggle_road_csv,0,October,Thursday,Unknown,Truck,Unidentified,3,18-30,31-50,Lane Violation,Dry,Daylight,0,0,1,Minor,Clear
2785,KAG_002786,Kaggle_road_csv,0,March,Wednesday,Unknown,Truck,Unidentified,2,18-30,31-50,No Distancing/Rear End,Dry,Daylight,0,0,1,Minor,Clear
2786,KAG_002787,Kaggle_road_csv,0,October,Friday,Unknown,Truck,Unidentified,2,31-50,Under 18,Reckless Driving,Dry,Daylight,0,0,1,Minor,Clear
2787,KAG_002788,Kaggle_road_csv,0,April,Friday,Unknown,Truck,Unidentified,2,31-50,18-30,Drunk/Drug Driving,Dry,Daylight,0,0,1,Minor,Clear
2788,KAG_002789,Kaggle_road_csv,0,June,Tuesday,Unknown,Truck,Unidentified,1,Unknown,Unknown,Reckless Driving,Wet,Daylight,0,0,1,Serious,Rainy
2789,KAG_002790,Kaggle_road_csv,0,September,Wednesday,Unknown,Truck,Unidentified,2,31-50,18-30,Lane Violation,Wet,Daylight,0,0,1,Minor,Rainy
2790,KAG_002791,Kaggle_road_csv,0,October,Friday,Unknown,Truck,Unidentified,2,18-30,18-30,No Distancing/Rear End,Wet,Daylight,0,0,1,Minor,Clear
2791,KAG_002792,Kaggle_road_csv,0,October,Tuesday,Unknown,Truck,Unidentified,1,18-30,18-30,Lane Violation,Dry,Daylight,0,0,1,Serious,Clear
2792,KAG_002793,Kaggle_road_csv,0,April,Thursday,Unknown,Truck,Unidentified,2,18-30,18-30,Lane Violation,Dry,Daylight,0,0,1,Serious,Clear
2793,KAG_002794,Kaggle_road_csv,0,May,Monday,Unknown,Truck,Unidentified,3,18-30,Unknown,Loss of Control,Dry,Daylight,0,0,1,Minor,Clear
2794,KAG_002795,Kaggle_road_csv,0,April,Sunday,Unknown,Truck,Unidentified,3,18-30,Unknown,No Distancing/Rear End,Dry,Daylight,0,0,1,Minor,Clear
2795,KAG_002796,Kaggle_road_csv,0,March,Friday,Unknown,Truck,Unidentified,3,Under 18,31-50,Lane Violation,Dry,Daylight,0,0,3,Minor,Clear
2796,KAG_002797,Kaggle_road_csv,0,March,Thursday,Unknown,Truck,Unidentified,2,18-30,31-50,Reckless Driving,Dry,Daylight,0,0,1,Minor,Clear
2797,KAG_002798,Kaggle_road_csv,0,April,Wednesday,Unknown,Truck,Unidentified,2,18-30,Unknown,No Distancing/Rear End,Dry,Daylight,0,0,1,Minor,Clear
2798,KAG_002799,Kaggle_road_csv,0,March,Friday,Unknown,Truck,Unidentified,2,31-50,31-50,Lane Violation,Dry,Daylight,0,0,1,Minor,Clear
2799,KAG_002800,Kaggle_road_csv,0,March,Saturday,Unknown,Truck,Unidentified,1,Over 51,31-50,Lane Violation,Dry,Daylight,0,0,1,Serious,Clear
2800,KAG_002801,Kaggle_road_csv,0,March,Thursday,Unknown,Truck,Unidentified,3,31-50,31-50,Lane Violation,Dry,Daylight,0,0,1,Minor,Clear
2801,KAG_002802,Kaggle_road_csv,0,April,Friday,Unknown,Truck,Unidentified,3,31-50,18-30,No Distancing/Rear End,Dry,Daylight,0,0,1,Minor,Clear
2802,KAG_002803,Kaggle_road_csv,0,April,Sunday,Unknown,Truck,Unidentified,2,Over 51,18-30,Reckless Driving,Dry,Daylight,0,0,1,Minor,Clear
2803,KAG_002804,Kaggle_road_csv,0,October,Monday,Unknown,Truck,Unidentified,2,18-30,Unknown,Lane Violation,Dry,Daylight,0,0,1,Minor,Clear
2804,KAG_002805,Kaggle_road_csv,0,May,Thursday,Unknown,Truck,Unidentified,3,18-30,Unknown,Reckless Driving,Dry,Daylight,0,0,1,Minor,Clear
2805,KAG_002806,Kaggle_road_csv,0,October,Saturday,Unknown,Truck,Unidentified,2,31-50,18-30,Reckless Driving,Dry,Daylight,0,0,1,Minor,Clear
2806,KAG_002807,Kaggle_road_csv,0,October,Saturday,Unknown,Truck,Unidentified,2,18-30,18-30,Reckless Driving,Dry,Daylight,0,0,2,Minor,Clear
2807,KAG_002808,Kaggle_road_csv,0,September,Friday,Unknown,Truck,Unidentified,2,31-50,Under 18,Reckless Driving,Wet,Daylight,0,0,4,Fatal,Rainy
2808,KAG_002809,Kaggle_road_csv,0,July,Sunday,Unknown,Truck,Unidentified,2,Over 51,Over 51,No Distancing/Rear End,Wet,Daylight,0,0,4,Fatal,Rainy
2809,KAG_002810,Kaggle_road_csv,0,October,Wednesday,Unknown,Truck,Unidentified,2,Over 51,Unknown,Reckless Driving,Wet,Dark,0,0,1,Minor,Clear
2810,KAG_002811,Kaggle_road_csv,0,March,Wednesday,Unknown,Truck,Unidentified,2,18-30,Unknown,No Distancing/Rear End,Dry,Daylight,0,0,1,Minor,Clear
2811,KAG_002812,Kaggle_road_csv,0,October,Friday,Unknown,Truck,Unidentified,3,18-30,18-30,Lane Violation,Dry,Daylight,0,0,1,Minor,Clear
2812,KAG_002813,Kaggle_road_csv,0,May,Friday,Unknown,Truck,Unidentified,2,Over 51,Under 18,Reckless Driving,Dry,Daylight,0,0,1,Minor,Clear
2813,KAG_002814,Kaggle_road_csv,0,March,Friday,Unknown,Truck,Unidentified,1,31-50,Unknown,Drunk/Drug Driving,Dry,Daylight,0,0,1,Minor,Clear
2814,KAG_002815,Kaggle_road_csv,0,April,Friday,Unknown,Truck,Unidentified,1,18-30,Unknown,Lane Violation,Dry,Daylight,0,0,1,Minor,Clear
2815,KAG_002816,Kaggle_road_csv,0,May,Tuesday,Unknown,Truck,Unidentified,1,18-30,18-30,Reckless Driving,Dry,Daylight,0,0,1,Minor,Clear
2816,KAG_002817,Kaggle_road_csv,0,August,Wednesday,Unknown,Truck,Unidentified,2,31-50,Under 18,Reckless Driving,Wet,Daylight,0,0,4,Minor,Rainy
2817,KAG_002818,Kaggle_road_csv,0,July,Wednesday,Unknown,Truck,Unidentified,2,31-50,Unknown,Reckless Driving,Wet,Daylight,0,0,4,Minor,Rainy
2818,KAG_002819,Kaggle_road_csv,0,March,Thursday,Unknown,Truck,Unidentified,2,18-30,Unknown,No Distancing/Rear End,Dry,Daylight,0,0,1,Minor,Clear
2819,KAG_002820,Kaggle_road_csv,0,May,Friday,Unknown,Truck,Unidentified,2,31-50,Unknown,Lane Violation,Dry,Dark,0,0,1,Minor,Clear
2820,KAG_002821,Kaggle_road_csv,0,March,Thursday,Unknown,Truck,Unidentified,2,31-50,31-50,No Distancing/Rear End,Wet,Daylight,0,0,1,Minor,Clear
2821,KAG_002822,Kaggle_road_csv,0,October,Monday,Unknown,Truck,Unidentified,2,31-50,18-30,Lane Violation,Dry,Daylight,0,0,2,Minor,Clear
2822,KAG_002823,Kaggle_road_csv,0,May,Monday,Unknown,Truck,Unidentified,2,Over 51,18-30,No Distancing/Rear End,Dry,Daylight,0,0,1,Serious,Clear
2823,KAG_002824,Kaggle_road_csv,0,May,Monday,Unknown,Truck,Unidentified,2,Over 51,Unknown,Lane Violation,Dry,Daylight,0,0,1,Serious,Clear
2824,KAG_002825,Kaggle_road_csv,0,August,Wednesday,Unknown,Truck,Unidentified,3,31-50,Unknown,No Distancing/Rear End,Wet,Daylight,0,0,2,Serious,Rainy
2825,KAG_002826,Kaggle_road_csv,0,September,Saturday,Unknown,Truck,Unidentified,3,18-30,18-30,No Distancing/Rear End,Wet,Daylight,0,0,2,Serious,Rainy
2826,KAG_002827,Kaggle_road_csv,0,May,Saturday,Unknown,Truck,Unidentified,1,18-30,18-30,Lane Violation,Dry,Daylight,0,0,1,Serious,Clear
2827,KAG_002828,Kaggle_road_csv,0,May,Monday,Unknown,Truck,Unidentified,2,18-30,Unknown,Reckless Driving,Dry,Daylight,0,0,1,Minor,Clear
2828,KAG_002829,Kaggle_road_csv,0,April,Tuesday,Unknown,Truck,Unidentified,1,Over 51,Unknown,Lane Violation,Dry,Dark,0,0,2,Minor,Clear
2829,KAG_002830,Kaggle_road_csv,0,March,Saturday,Unknown,Truck,Unidentified,2,31-50,18-30,No Distancing/Rear End,Dry,Daylight,0,0,1,Serious,Clear
2830,KAG_002831,Kaggle_road_csv,0,April,Monday,Unknown,Truck,Unidentified,2,Over 51,Under 18,Lane Violation,Dry,Daylight,0,0,2,Minor,Clear
2831,KAG_002832,Kaggle_road_csv,0,March,Wednesday,Unknown,Truck,Unidentified,2,31-50,Unknown,Reckless Driving,Dry,Dark,0,0,3,Serious,Clear
2832,KAG_002833,Kaggle_road_csv,0,October,Tuesday,Unknown,Truck,Unidentified,2,31-50,18-30,Lane Violation,Dry,Dark,0,0,3,Serious,Clear
2833,KAG_002834,Kaggle_road_csv,0,October,Friday,Unknown,Truck,Unidentified,2,31-50,31-50,Reckless Driving,Dry,Dark,0,0,1,Minor,Clear
2834,KAG_002835,Kaggle_road_csv,0,April,Sunday,Unknown,Truck,Unidentified,2,18-30,31-50,Reckless Driving,Dry,Daylight,0,0,1,Minor,Clear
2835,KAG_002836,Kaggle_road_csv,0,May,Friday,Unknown,Truck,Unidentified,3,18-30,31-50,No Distancing/Rear End,Dry,Daylight,0,0,1,Minor,Clear
2836,KAG_002837,Kaggle_road_csv,0,May,Tuesday,Unknown,Truck,Unidentified,2,18-30,Over 51,Drunk/Drug Driving,Dry,Daylight,0,0,3,Minor,Clear
2837,KAG_002838,Kaggle_road_csv,0,March,Thursday,Unknown,Truck,Unidentified,2,31-50,Under 18,Lane Violation,Dry,Daylight,0,0,3,Minor,Clear
2838,KAG_002839,Kaggle_road_csv,0,March,Tuesday,Unknown,Truck,Unidentified,2,31-50,Unknown,No Distancing/Rear End,Dry,Daylight,0,0,1,Minor,Clear
2839,KAG_002840,Kaggle_road_csv,0,August,Sunday,Unknown,Truck,Unidentified,2,18-30,Unknown,No Distancing/Rear End,Wet,Daylight,0,0,1,Minor,Rainy
2840,KAG_002841,Kaggle_road_csv,0,September,Tuesday,Unknown,Truck,Unidentified,2,Under 18,Unknown,Lane Violation,Wet,Dark,0,0,1,Minor,Rainy
2841,KAG_002842,Kaggle_road_csv,0,September,Tuesday,Unknown,Truck,Unidentified,2,31-50,31-50,Reckless Driving,Wet,Dark,0,0,1,Minor,Rainy
2842,KAG_002843,Kaggle_road_csv,0,June,Tuesday,Unknown,Truck,Unidentified,2,18-30,Unknown,No Distancing/Rear End,Wet,Daylight,0,0,2,Minor,Rainy
2843,KAG_002844,Kaggle_road_csv,0,July,Saturday,Unknown,Truck,Unidentified,2,18-30,Unknown,Loss of Control,Wet,Daylight,0,0,2,Minor,Rainy
2844,KAG_002845,Kaggle_road_csv,0,October,Friday,Unknown,Truck,Unidentified,1,18-30,Unknown,Lane Violation,Dry,Daylight,0,0,1,Minor,Clear
2845,KAG_002846,Kaggle_road_csv,0,October,Thursday,Unknown,Truck,Unidentified,2,31-50,Unknown,Lane Violation,Wet,Dark,0,0,5,Minor,Clear
2846,KAG_002847,Kaggle_road_csv,0,September,Sunday,Unknown,Truck,Unidentified,2,Unknown,Unknown,Lane Violation,Wet,Dark,0,0,1,Minor,Rainy
2847,KAG_002848,Kaggle_road_csv,0,March,Saturday,Unknown,Truck,Unidentified,2,31-50,18-30,No Distancing/Rear End,Wet,Dark,0,0,1,Minor,Clear
2848,KAG_002849,Kaggle_road_csv,0,September,Saturday,Unknown,Truck,Unidentified,2,Under 18,Under 18,Reckless Driving,Wet,Dark,0,0,1,Minor,Rainy
2849,KAG_002850,Kaggle_road_csv,0,October,Monday,Unknown,Truck,Unidentified,3,31-50,18-30,No Distancing/Rear End,Wet,Dark,0,0,1,Minor,Clear
2850,KAG_002851,Kaggle_road_csv,0,March,Saturday,Unknown,Truck,Unidentified,1,18-30,Over 51,Lane Violation,Wet,Dark,0,0,1,Minor,Clear
2851,KAG_002852,Kaggle_road_csv,0,June,Thursday,Unknown,Truck,Unidentified,2,31-50,Over 51,Drunk/Drug Driving,Wet,Daylight,0,0,2,Minor,Rainy
2852,KAG_002853,Kaggle_road_csv,0,March,Wednesday,Unknown,Truck,Unidentified,1,18-30,18-30,No Distancing/Rear End,Dry,Dark,0,0,1,Fatal,Clear
2853,KAG_002854,Kaggle_road_csv,0,July,Friday,Unknown,Truck,Unidentified,2,31-50,Unknown,Lane Violation,Wet,Daylight,0,0,1,Minor,Rainy
2854,KAG_002855,Kaggle_road_csv,0,March,Friday,Unknown,Truck,Unidentified,2,31-50,18-30,No Distancing/Rear End,Wet,Dark,0,0,1,Minor,Clear
2855,KAG_002856,Kaggle_road_csv,0,May,Thursday,Unknown,Truck,Unidentified,2,31-50,Unknown,Reckless Driving,Wet,Dark,0,0,1,Minor,Clear
2856,KAG_002857,Kaggle_road_csv,0,March,Saturday,Unknown,Truck,Unidentified,1,Under 18,Unknown,Reckless Driving,Dry,Daylight,0,0,1,Serious,Clear
2857,KAG_002858,Kaggle_road_csv,0,March,Thursday,Unknown,Truck,Unidentified,2,31-50,Unknown,No Distancing/Rear End,Wet,Daylight,0,0,1,Minor,Clear
2858,KAG_002859,Kaggle_road_csv,0,April,Saturday,Unknown,Truck,Unidentified,1,Under 18,31-50,Reckless Driving,Wet,Dark,0,0,1,Minor,Clear
2859,KAG_002860,Kaggle_road_csv,0,May,Wednesday,Unknown,Truck,Unidentified,1,18-30,Unknown,No Distancing/Rear End,Dry,Daylight,0,0,2,Minor,Clear
2860,KAG_002861,Kaggle_road_csv,0,October,Tuesday,Unknown,Truck,Unidentified,1,Under 18,18-30,No Distancing/Rear End,Dry,Dark,0,0,2,Serious,Clear
2861,KAG_002862,Kaggle_road_csv,0,April,Monday,Unknown,Truck,Unidentified,1,31-50,31-50,Reckless Driving,Wet,Daylight,0,0,1,Minor,Clear
2862,KAG_002863,Kaggle_road_csv,0,April,Wednesday,Unknown,Truck,Unidentified,3,31-50,Unknown,Reckless Driving,Dry,Daylight,0,0,1,Minor,Clear
2863,KAG_002864,Kaggle_road_csv,0,April,Wednesday,Unknown,Truck,Unidentified,2,31-50,18-30,No Distancing/Rear End,Dry,Daylight,0,0,1,Minor,Clear
2864,KAG_002865,Kaggle_road_csv,0,May,Wednesday,Unknown,Truck,Unidentified,2,18-30,18-30,Lane Violation,Dry,Daylight,0,0,1,Minor,Clear
2865,KAG_002866,Kaggle_road_csv,0,April,Wednesday,Unknown,Truck,Unidentified,4,18-30,Unknown,Lane Violation,Dry,Daylight,0,0,1,Minor,Clear
2866,KAG_002867,Kaggle_road_csv,0,March,Monday,Unknown,Truck,Unidentified,2,31-50,Unknown,No Distancing/Rear End,Dry,Daylight,0,0,1,Minor,Clear
2867,KAG_002868,Kaggle_road_csv,0,October,Friday,Unknown,Truck,Unidentified,1,Under 18,31-50,No Distancing/Rear End,Dry,Dark,0,0,4,Fatal,Clear
2868,KAG_002869,Kaggle_road_csv,0,April,Friday,Unknown,Truck,Unidentified,1,31-50,Over 51,Reckless Driving,Dry,Dark,0,0,4,Fatal,Clear
2869,KAG_002870,Kaggle_road_csv,0,October,Saturday,Unknown,Truck,Unidentified,3,18-30,Unknown,Reckless Driving,Dry,Daylight,0,0,1,Minor,Clear
2870,KAG_002871,Kaggle_road_csv,0,October,Sunday,Unknown,Truck,Unidentified,2,31-50,Unknown,No Distancing/Rear End,Dry,Daylight,0,0,1,Minor,Clear
2871,KAG_002872,Kaggle_road_csv,0,October,Friday,Unknown,Truck,Unidentified,2,18-30,Unknown,Lane Violation,Dry,Daylight,0,0,1,Minor,Clear
2872,KAG_002873,Kaggle_road_csv,0,April,Tuesday,Unknown,Truck,Unidentified,2,18-30,18-30,Reckless Driving,Dry,Daylight,0,0,1,Minor,Clear
2873,KAG_002874,Kaggle_road_csv,0,May,Tuesday,Unknown,Truck,Unidentified,2,31-50,31-50,Reckless Driving,Dry,Daylight,0,0,1,Minor,Clear
2874,KAG_002875,Kaggle_road_csv,0,March,Sunday,Unknown,Truck,Unidentified,4,18-30,31-50,Unknown/Other,Dry,Daylight,0,0,5,Minor,Clear
2875,KAG_002876,Kaggle_road_csv,0,May,Sunday,Unknown,Truck,Unidentified,4,31-50,31-50,Lane Violation,Dry,Daylight,0,0,5,Minor,Clear
2876,KAG_002877,Kaggle_road_csv,0,May,Monday,Unknown,Truck,Unidentified,2,Unknown,18-30,Reckless Driving,Dry,Daylight,0,0,2,Serious,Clear
2877,KAG_002878,Kaggle_road_csv,0,May,Friday,Unknown,Truck,Unidentified,2,18-30,Over 51,Reckless Driving,Dry,Daylight,0,0,2,Serious,Clear
2878,KAG_002879,Kaggle_road_csv,0,March,Saturday,Unknown,Truck,Unidentified,2,Over 51,Unknown,Lane Violation,Dry,Daylight,0,0,2,Minor,Clear
2879,KAG_002880,Kaggle_road_csv,0,April,Wednesday,Unknown,Truck,Unidentified,2,31-50,31-50,Reckless Driving,Dry,Daylight,0,0,2,Minor,Clear
2880,KAG_002881,Kaggle_road_csv,0,April,Wednesday,Unknown,Truck,Unidentified,2,Over 51,Under 18,Lane Violation,Dry,Daylight,0,0,2,Minor,Clear
2881,KAG_002882,Kaggle_road_csv,0,April,Tuesday,Unknown,Truck,Unidentified,2,Over 51,31-50,No Distancing/Rear End,Dry,Daylight,0,0,1,Serious,Clear
2882,KAG_002883,Kaggle_road_csv,0,October,Thursday,Unknown,Truck,Unidentified,2,Over 51,Unknown,No Distancing/Rear End,Dry,Daylight,0,0,1,Minor,Clear
2883,KAG_002884,Kaggle_road_csv,0,August,Thursday,Unknown,Truck,Unidentified,1,18-30,Unknown,Lane Violation,Wet,Daylight,0,0,1,Minor,Rainy
2884,KAG_002885,Kaggle_road_csv,0,October,Saturday,Unknown,Truck,Unidentified,2,18-30,18-30,Lane Violation,Dry,Daylight,0,0,1,Minor,Clear
2885,KAG_002886,Kaggle_road_csv,0,May,Wednesday,Unknown,Truck,Unidentified,2,Over 51,Unknown,No Distancing/Rear End,Dry,Daylight,0,0,1,Minor,Clear
2886,KAG_002887,Kaggle_road_csv,0,October,Friday,Unknown,Truck,Unidentified,2,31-50,18-30,Speeding,Dry,Daylight,0,0,1,Minor,Clear
2887,KAG_002888,Kaggle_road_csv,0,March,Friday,Unknown,Truck,Unidentified,1,18-30,Unknown,Reckless Driving,Dry,Daylight,0,0,1,Minor,Clear
2888,KAG_002889,Kaggle_road_csv,0,October,Friday,Unknown,Truck,Unidentified,2,18-30,18-30,Reckless Driving,Dry,Daylight,0,0,1,Minor,Clear
2889,KAG_002890,Kaggle_road_csv,0,March,Friday,Unknown,Truck,Unidentified,2,31-50,Unknown,No Distancing/Rear End,Dry,Daylight,0,0,3,Minor,Clear
2890,KAG_002891,Kaggle_road_csv,0,October,Saturday,Unknown,Truck,Unidentified,3,18-30,Unknown,No Distancing/Rear End,Dry,Daylight,0,0,3,Minor,Clear
2891,KAG_002892,Kaggle_road_csv,0,April,Wednesday,Unknown,Truck,Unidentified,3,Under 18,Unknown,No Distancing/Rear End,Dry,Daylight,0,0,3,Minor,Clear
2892,KAG_002893,Kaggle_road_csv,0,April,Wednesday,Unknown,Truck,Unidentified,1,31-50,18-30,Lane Violation,Dry,Dark,0,0,1,Serious,Clear
2893,KAG_002894,Kaggle_road_csv,0,March,Tuesday,Unknown,Truck,Unidentified,2,Over 51,18-30,Reckless Driving,Dry,Daylight,0,0,1,Minor,Clear
2894,KAG_002895,Kaggle_road_csv,0,May,Friday,Unknown,Truck,Unidentified,6,18-30,Unknown,Reckless Driving,Dry,Daylight,0,0,2,Serious,Clear
2895,KAG_002896,Kaggle_road_csv,0,October,Friday,Unknown,Truck,Unidentified,2,31-50,31-50,Lane Violation,Dry,Daylight,0,0,2,Minor,Clear
2896,KAG_002897,Kaggle_road_csv,0,October,Sunday,Unknown,Truck,Unidentified,2,18-30,Unknown,Reckless Driving,Dry,Daylight,0,0,2,Minor,Clear
2897,KAG_002898,Kaggle_road_csv,0,March,Sunday,Unknown,Truck,Unidentified,1,18-30,31-50,Reckless Driving,Dry,Daylight,0,0,1,Minor,Clear
2898,KAG_002899,Kaggle_road_csv,0,March,Sunday,Unknown,Truck,Unidentified,2,Over 51,Unknown,Lane Violation,Dry,Daylight,0,0,1,Serious,Clear
2899,KAG_002900,Kaggle_road_csv,0,October,Tuesday,Unknown,Truck,Unidentified,2,31-50,Under 18,Reckless Driving,Dry,Daylight,0,0,1,Serious,Clear
2900,KAG_002901,Kaggle_road_csv,0,March,Sunday,Unknown,Truck,Unidentified,2,31-50,Unknown,No Distancing/Rear End,Dry,Daylight,0,0,1,Minor,Clear
2901,KAG_002902,Kaggle_road_csv,0,October,Sunday,Unknown,Truck,Unidentified,1,31-50,31-50,No Distancing/Rear End,Dry,Daylight,0,0,1,Minor,Clear
2902,KAG_002903,Kaggle_road_csv,0,May,Friday,Unknown,Truck,Unidentified,2,Unknown,31-50,Speeding,Dry,Daylight,0,0,1,Serious,Clear
2903,KAG_002904,Kaggle_road_csv,0,October,Friday,Unknown,Truck,Unidentified,2,31-50,18-30,Lane Violation,Dry,Daylight,0,0,1,Minor,Clear
2904,KAG_002905,Kaggle_road_csv,0,April,Thursday,Unknown,Truck,Unidentified,2,18-30,Unknown,Reckless Driving,Dry,Daylight,0,0,1,Minor,Clear
2905,KAG_002906,Kaggle_road_csv,0,September,Friday,Unknown,Truck,Unidentified,2,18-30,Unknown,Reckless Driving,Wet,Daylight,0,0,2,Minor,Rainy
2906,KAG_002907,Kaggle_road_csv,0,March,Thursday,Unknown,Truck,Unidentified,3,Over 51,31-50,Lane Violation,Dry,Daylight,0,0,2,Minor,Clear
2907,KAG_002908,Kaggle_road_csv,0,October,Thursday,Unknown,Truck,Unidentified,3,18-30,Unknown,Reckless Driving,Dry,Daylight,0,0,2,Minor,Clear
2908,KAG_002909,Kaggle_road_csv,0,May,Wednesday,Unknown,Truck,Unidentified,3,18-30,18-30,Lane Violation,Dry,Daylight,0,0,2,Minor,Clear
2909,KAG_002910,Kaggle_road_csv,0,September,Monday,Unknown,Truck,Unidentified,2,18-30,31-50,Loss of Control,Wet,Daylight,0,0,2,Minor,Rainy
2910,KAG_002911,Kaggle_road_csv,0,June,Sunday,Unknown,Truck,Unidentified,2,31-50,Unknown,No Distancing/Rear End,Wet,Daylight,0,0,2,Minor,Rainy
2911,KAG_002912,Kaggle_road_csv,0,June,Sunday,Unknown,Truck,Unidentified,1,Unknown,Unknown,No Distancing/Rear End,Wet,Daylight,0,0,2,Minor,Rainy
2912,KAG_002913,Kaggle_road_csv,0,May,Tuesday,Unknown,Truck,Unidentified,2,31-50,18-30,Lane Violation,Dry,Daylight,0,0,2,Minor,Clear
2913,KAG_002914,Kaggle_road_csv,0,October,Tuesday,Unknown,Truck,Unidentified,2,31-50,18-30,No Distancing/Rear End,Dry,Dark,0,0,1,Minor,Clear
2914,KAG_002915,Kaggle_road_csv,0,May,Monday,Unknown,Truck,Unidentified,2,31-50,Unknown,No Distancing/Rear End,Dry,Dark,0,0,1,Minor,Clear
2915,KAG_002916,Kaggle_road_csv,0,August,Saturday,Unknown,Truck,Unidentified,2,Over 51,Unknown,Reckless Driving,Wet,Daylight,0,0,4,Minor,Rainy
2916,KAG_002917,Kaggle_road_csv,0,March,Wednesday,Unknown,Truck,Unidentified,2,18-30,Under 18,Reckless Driving,Dry,Daylight,0,0,1,Minor,Clear
2917,KAG_002918,Kaggle_road_csv,0,March,Monday,Unknown,Truck,Unidentified,2,18-30,Unknown,Reckless Driving,Wet,Daylight,0,0,1,Serious,Clear
2918,KAG_002919,Kaggle_road_csv,0,May,Friday,Unknown,Truck,Unidentified,2,18-30,31-50,Lane Violation,Dry,Daylight,0,0,1,Minor,Clear
2919,KAG_002920,Kaggle_road_csv,0,April,Monday,Unknown,Truck,Unidentified,2,31-50,Unknown,Reckless Driving,Dry,Daylight,0,0,1,Minor,Clear
2920,KAG_002921,Kaggle_road_csv,0,March,Thursday,Unknown,Truck,Unidentified,1,31-50,Over 51,Lane Violation,Dry,Daylight,0,0,1,Serious,Clear
2921,KAG_002922,Kaggle_road_csv,0,May,Wednesday,Unknown,Truck,Unidentified,6,18-30,Unknown,Reckless Driving,Dry,Dark,0,0,2,Minor,Clear
2922,KAG_002923,Kaggle_road_csv,0,October,Wednesday,Unknown,Truck,Unidentified,6,Over 51,Unknown,No Distancing/Rear End,Dry,Dark,0,0,2,Minor,Clear
2923,KAG_002924,Kaggle_road_csv,0,March,Thursday,Unknown,Truck,Unidentified,4,31-50,31-50,Lane Violation,Dry,Daylight,0,0,2,Minor,Clear
2924,KAG_002925,Kaggle_road_csv,0,March,Friday,Unknown,Truck,Unidentified,4,31-50,Unknown,Lane Violation,Dry,Daylight,0,0,2,Minor,Clear
2925,KAG_002926,Kaggle_road_csv,0,October,Tuesday,Unknown,Truck,Unidentified,2,Over 51,31-50,No Distancing/Rear End,Dry,Daylight,0,0,1,Minor,Clear
2926,KAG_002927,Kaggle_road_csv,0,October,Tuesday,Unknown,Truck,Unidentified,3,31-50,Unknown,Lane Violation,Dry,Daylight,0,0,2,Minor,Clear
2927,KAG_002928,Kaggle_road_csv,0,April,Monday,Unknown,Truck,Unidentified,3,31-50,Unknown,No Distancing/Rear End,Dry,Daylight,0,0,1,Minor,Clear
2928,KAG_002929,Kaggle_road_csv,0,October,Thursday,Unknown,Truck,Unidentified,3,18-30,Under 18,No Distancing/Rear End,Dry,Daylight,0,0,1,Minor,Clear
2929,KAG_002930,Kaggle_road_csv,0,October,Thursday,Unknown,Truck,Unidentified,2,Over 51,Unknown,Lane Violation,Dry,Daylight,0,0,1,Minor,Clear
2930,KAG_002931,Kaggle_road_csv,0,May,Thursday,Unknown,Truck,Unidentified,2,31-50,18-30,No Distancing/Rear End,Dry,Daylight,0,0,1,Minor,Clear
2931,KAG_002932,Kaggle_road_csv,0,March,Saturday,Unknown,Truck,Unidentified,2,Over 51,Unknown,Reckless Driving,Dry,Daylight,0,0,1,Serious,Clear
2932,KAG_002933,Kaggle_road_csv,0,March,Sunday,Unknown,Truck,Unidentified,2,Over 51,Over 51,Lane Violation,Dry,Daylight,0,0,3,Minor,Clear
2933,KAG_002934,Kaggle_road_csv,0,April,Sunday,Unknown,Truck,Unidentified,2,31-50,Over 51,Reckless Driving,Dry,Daylight,0,0,3,Minor,Clear
2934,KAG_002935,Kaggle_road_csv,0,March,Sunday,Unknown,Truck,Unidentified,1,31-50,18-30,Reckless Driving,Dry,Daylight,0,0,1,Minor,Clear
2935,KAG_002936,Kaggle_road_csv,0,October,Friday,Unknown,Truck,Unidentified,2,31-50,18-30,Reckless Driving,Dry,Daylight,0,0,1,Minor,Clear
2936,KAG_002937,Kaggle_road_csv,0,May,Monday,Unknown,Truck,Unidentified,2,31-50,18-30,Reckless Driving,Dry,Daylight,0,0,1,Minor,Clear
2937,KAG_002938,Kaggle_road_csv,0,October,Saturday,Unknown,Truck,Unidentified,2,18-30,Unknown,No Distancing/Rear End,Dry,Daylight,0,0,1,Minor,Clear
2938,KAG_002939,Kaggle_road_csv,0,March,Tuesday,Unknown,Truck,Unidentified,2,18-30,18-30,No Distancing/Rear End,Dry,Daylight,0,0,1,Minor,Clear
2939,KAG_002940,Kaggle_road_csv,0,April,Saturday,Unknown,Truck,Unidentified,2,31-50,Unknown,Reckless Driving,Dry,Daylight,0,0,1,Minor,Clear
2940,KAG_002941,Kaggle_road_csv,0,March,Saturday,Unknown,Truck,Unidentified,2,18-30,18-30,Reckless Driving,Dry,Daylight,0,0,1,Minor,Clear
2941,KAG_002942,Kaggle_road_csv,0,April,Wednesday,Unknown,Truck,Unidentified,2,18-30,Unknown,No Distancing/Rear End,Dry,Dark,0,0,1,Minor,Clear
2942,KAG_002943,Kaggle_road_csv,0,May,Friday,Unknown,Truck,Unidentified,2,18-30,Under 18,Reckless Driving,Wet,Dark,0,0,1,Serious,Clear
2943,KAG_002944,Kaggle_road_csv,0,May,Friday,Unknown,Truck,Unidentified,2,18-30,Under 18,Speeding,Wet,Dark,0,0,1,Serious,Clear
2944,KAG_002945,Kaggle_road_csv,0,October,Sunday,Unknown,Truck,Unidentified,2,31-50,18-30,No Distancing/Rear End,Dry,Daylight,0,0,1,Serious,Clear
2945,KAG_002946,Kaggle_road_csv,0,May,Sunday,Unknown,Truck,Unidentified,2,18-30,Under 18,Reckless Driving,Dry,Daylight,0,0,1,Fatal,Clear
2946,KAG_002947,Kaggle_road_csv,0,March,Saturday,Unknown,Truck,Unidentified,2,31-50,31-50,Drunk/Drug Driving,Dry,Daylight,0,0,1,Minor,Clear
2947,KAG_002948,Kaggle_road_csv,0,April,Saturday,Unknown,Truck,Unidentified,3,Under 18,Unknown,Drunk/Drug Driving,Dry,Daylight,0,0,1,Minor,Clear
2948,KAG_002949,Kaggle_road_csv,0,October,Tuesday,Unknown,Truck,Unidentified,2,18-30,31-50,No Distancing/Rear End,Dry,Dark,0,0,1,Minor,Clear
2949,KAG_002950,Kaggle_road_csv,0,March,Sunday,Unknown,Truck,Unidentified,1,31-50,Unknown,Reckless Driving,Dry,Daylight,0,0,1,Minor,Clear
2950,KAG_002951,Kaggle_road_csv,0,March,Monday,Unknown,Truck,Unidentified,1,Over 51,Unknown,Lane Violation,Dry,Dark,0,0,4,Serious,Clear
2951,KAG_002952,Kaggle_road_csv,0,April,Sunday,Unknown,Truck,Unidentified,1,31-50,31-50,Lane Violation,Dry,Dark,0,0,4,Serious,Clear
2952,KAG_002953,Kaggle_road_csv,0,May,Sunday,Unknown,Truck,Unidentified,3,Over 51,Unknown,Lane Violation,Dry,Dark,0,0,1,Minor,Clear
2953,KAG_002954,Kaggle_road_csv,0,March,Tuesday,Unknown,Truck,Unidentified,2,31-50,Unknown,Reckless Driving,Dry,Daylight,0,0,1,Minor,Clear
2954,KAG_002955,Kaggle_road_csv,0,April,Wednesday,Unknown,Truck,Unidentified,1,31-50,31-50,Reckless Driving,Dry,Daylight,0,0,1,Minor,Clear
2955,KAG_002956,Kaggle_road_csv,0,May,Thursday,Unknown,Truck,Unidentified,2,18-30,Unknown,Drunk/Drug Driving,Dry,Dark,0,0,3,Minor,Clear
2956,KAG_002957,Kaggle_road_csv,0,April,Wednesday,Unknown,Truck,Unidentified,1,Over 51,31-50,Reckless Driving,Dry,Daylight,0,0,1,Serious,Clear
2957,KAG_002958,Kaggle_road_csv,0,May,Thursday,Unknown,Truck,Unidentified,1,31-50,18-30,No Distancing/Rear End,Dry,Dark,0,0,3,Minor,Clear
2958,KAG_002959,Kaggle_road_csv,0,March,Thursday,Unknown,Truck,Unidentified,1,18-30,31-50,Lane Violation,Dry,Daylight,0,0,1,Minor,Clear
2959,KAG_002960,Kaggle_road_csv,0,July,Wednesday,Unknown,Truck,Unidentified,2,31-50,31-50,Reckless Driving,Wet,Dark,0,0,1,Minor,Rainy
2960,KAG_002961,Kaggle_road_csv,0,March,Friday,Unknown,Truck,Unidentified,1,18-30,Unknown,Drunk/Drug Driving,Wet,Dark,0,0,2,Serious,Clear
2961,KAG_002962,Kaggle_road_csv,0,March,Thursday,Unknown,Truck,Unidentified,2,Under 18,18-30,No Distancing/Rear End,Dry,Dark,0,0,2,Minor,Clear
2962,KAG_002963,Kaggle_road_csv,0,March,Tuesday,Unknown,Truck,Unidentified,2,18-30,Unknown,Lane Violation,Dry,Dark,0,0,2,Minor,Clear
2963,KAG_002964,Kaggle_road_csv,0,October,Saturday,Unknown,Truck,Unidentified,2,Over 51,18-30,Lane Violation,Dry,Dark,0,0,2,Minor,Clear
2964,KAG_002965,Kaggle_road_csv,0,March,Saturday,Unknown,Truck,Unidentified,2,31-50,18-30,Reckless Driving,Dry,Dark,0,0,2,Minor,Clear
2965,KAG_002966,Kaggle_road_csv,0,September,Thursday,Unknown,Truck,Unidentified,2,18-30,31-50,Lane Violation,Wet,Dark,0,0,1,Minor,Rainy
2966,KAG_002967,Kaggle_road_csv,0,April,Thursday,Unknown,Truck,Unidentified,2,31-50,31-50,No Distancing/Rear End,Dry,Dark,0,0,1,Minor,Clear
2967,KAG_002968,Kaggle_road_csv,0,April,Thursday,Unknown,Truck,Unidentified,2,18-30,Unknown,Loss of Control,Dry,Daylight,0,0,2,Minor,Clear
2968,KAG_002969,Kaggle_road_csv,0,October,Monday,Unknown,Truck,Unidentified,2,18-30,Unknown,Unknown/Other,Wet,Dark,0,0,1,Minor,Clear
2969,KAG_002970,Kaggle_road_csv,0,August,Thursday,Unknown,Truck,Unidentified,2,31-50,18-30,Lane Violation,Wet,Daylight,0,0,3,Minor,Rainy
2970,KAG_002971,Kaggle_road_csv,0,July,Monday,Unknown,Truck,Unidentified,2,18-30,18-30,Reckless Driving,Wet,Dark,0,0,1,Minor,Rainy
2971,KAG_002972,Kaggle_road_csv,0,April,Thursday,Unknown,Truck,Unidentified,2,18-30,18-30,Reckless Driving,Wet,Daylight,0,0,1,Serious,Clear
2972,KAG_002973,Kaggle_road_csv,0,May,Wednesday,Unknown,Truck,Unidentified,2,31-50,Unknown,Reckless Driving,Dry,Daylight,0,0,1,Minor,Clear
2973,KAG_002974,Kaggle_road_csv,0,October,Friday,Unknown,Truck,Unidentified,2,31-50,Over 51,Lane Violation,Dry,Daylight,0,0,1,Minor,Clear
2974,KAG_002975,Kaggle_road_csv,0,May,Saturday,Unknown,Truck,Unidentified,2,Over 51,31-50,Lane Violation,Wet,Dark,0,0,1,Minor,Clear
2975,KAG_002976,Kaggle_road_csv,0,May,Tuesday,Unknown,Truck,Unidentified,2,18-30,Unknown,Speeding,Wet,Dark,0,0,1,Minor,Clear
2976,KAG_002977,Kaggle_road_csv,0,July,Friday,Unknown,Truck,Unidentified,2,31-50,18-30,Unknown/Other,Wet,Daylight,0,0,2,Minor,Rainy
2977,KAG_002978,Kaggle_road_csv,0,March,Monday,Unknown,Truck,Unidentified,1,18-30,18-30,No Distancing/Rear End,Wet,Dark,0,0,1,Minor,Clear
2978,KAG_002979,Kaggle_road_csv,0,October,Thursday,Unknown,Truck,Unidentified,6,18-30,31-50,Lane Violation,Dry,Daylight,0,0,1,Minor,Clear
2979,KAG_002980,Kaggle_road_csv,0,August,Thursday,Unknown,Truck,Unidentified,2,31-50,31-50,Speeding,Wet,Daylight,0,0,2,Minor,Rainy
2980,KAG_002981,Kaggle_road_csv,0,September,Thursday,Unknown,Truck,Unidentified,2,31-50,31-50,Lane Violation,Wet,Dark,0,0,1,Minor,Rainy
2981,KAG_002982,Kaggle_road_csv,0,May,Monday,Unknown,Truck,Unidentified,2,18-30,18-30,Reckless Driving,Wet,Dark,0,0,2,Minor,Clear
2982,KAG_002983,Kaggle_road_csv,0,October,Thursday,Unknown,Truck,Unidentified,2,18-30,31-50,Reckless Driving,Wet,Daylight,0,0,2,Minor,Clear
2983,KAG_002984,Kaggle_road_csv,0,August,Saturday,Unknown,Truck,Unidentified,2,Over 51,31-50,Lane Violation,Wet,Daylight,0,0,3,Minor,Rainy
2984,KAG_002985,Kaggle_road_csv,0,August,Saturday,Unknown,Truck,Unidentified,2,Over 51,18-30,Loss of Control,Wet,Daylight,0,0,3,Minor,Rainy
2985,KAG_002986,Kaggle_road_csv,0,June,Saturday,Unknown,Truck,Unidentified,2,18-30,Unknown,Reckless Driving,Wet,Daylight,0,0,3,Minor,Rainy
2986,KAG_002987,Kaggle_road_csv,0,March,Sunday,Unknown,Truck,Unidentified,2,Over 51,31-50,No Distancing/Rear End,Dry,Dark,0,0,3,Minor,Clear
2987,KAG_002988,Kaggle_road_csv,0,May,Sunday,Unknown,Truck,Unidentified,2,Over 51,18-30,No Distancing/Rear End,Dry,Dark,0,0,3,Minor,Clear
2988,KAG_002989,Kaggle_road_csv,0,April,Sunday,Unknown,Truck,Unidentified,2,31-50,Unknown,No Distancing/Rear End,Dry,Dark,0,0,3,Minor,Clear
2989,KAG_002990,Kaggle_road_csv,0,April,Friday,Unknown,Truck,Unidentified,1,Over 51,31-50,Lane Violation,Dry,Dark,0,0,1,Minor,Clear
2990,KAG_002991,Kaggle_road_csv,0,August,Friday,Unknown,Truck,Unidentified,2,18-30,18-30,Reckless Driving,Wet,Dark,0,0,2,Minor,Rainy
2991,KAG_002992,Kaggle_road_csv,0,April,Sunday,Unknown,Truck,Unidentified,2,18-30,31-50,Unknown/Other,Dry,Dark,0,0,1,Minor,Clear
2992,KAG_002993,Kaggle_road_csv,0,April,Wednesday,Unknown,Truck,Unidentified,2,18-30,31-50,No Distancing/Rear End,Wet,Dark,0,0,2,Serious,Clear
2993,KAG_002994,Kaggle_road_csv,0,March,Wednesday,Unknown,Truck,Unidentified,3,31-50,Unknown,No Distancing/Rear End,Dry,Daylight,0,0,1,Minor,Clear
2994,KAG_002995,Kaggle_road_csv,0,May,Sunday,Unknown,Truck,Unidentified,2,Unknown,Unknown,Reckless Driving,Wet,Daylight,0,0,1,Minor,Clear
2995,KAG_002996,Kaggle_road_csv,0,September,Thursday,Unknown,Truck,Unidentified,2,31-50,18-30,Lane Violation,Wet,Dark,0,0,2,Minor,Rainy
2996,KAG_002997,Kaggle_road_csv,0,November,Sunday,Unknown,Truck,Unidentified,3,31-50,18-30,Reckless Driving,Wet,Daylight,0,0,2,Minor,Cold
2997,KAG_002998,Kaggle_road_csv,0,May,Saturday,Unknown,Truck,Unidentified,2,31-50,Unknown,Lane Violation,Wet,Dark,0,0,6,Minor,Clear
2998,KAG_002999,Kaggle_road_csv,0,March,Friday,Unknown,Truck,Unidentified,2,18-30,18-30,Lane Violation,Wet,Dark,0,0,6,Minor,Clear
2999,KAG_003000,Kaggle_road_csv,0,April,Monday,Unknown,Truck,Unidentified,2,18-30,31-50,Lane Violation,Wet,Dark,0,0,6,Minor,Clear
3000,KAG_003001,Kaggle_road_csv,0,April,Saturday,Unknown,Truck,Unidentified,2,31-50,Under 18,No Distancing/Rear End,Wet,Dark,0,0,2,Minor,Clear
3001,KAG_003002,Kaggle_road_csv,0,March,Saturday,Unknown,Truck,Unidentified,2,18-30,18-30,Reckless Driving,Dry,Daylight,0,0,1,Minor,Clear
3002,KAG_003003,Kaggle_road_csv,0,May,Monday,Unknown,Truck,Unidentified,1,31-50,Unknown,No Distancing/Rear End,Wet,Dark,0,0,1,Minor,Clear
3003,KAG_003004,Kaggle_road_csv,0,May,Thursday,Unknown,Truck,Unidentified,2,18-30,31-50,No Distancing/Rear End,Wet,Daylight,0,0,1,Minor,Clear
3004,KAG_003005,Kaggle_road_csv,0,April,Wednesday,Unknown,Truck,Unidentified,2,18-30,Over 51,No Distancing/Rear End,Wet,Daylight,0,0,1,Minor,Clear
3005,KAG_003006,Kaggle_road_csv,0,March,Friday,Unknown,Truck,Unidentified,2,31-50,Unknown,Reckless Driving,Wet,Dark,0,0,2,Minor,Clear
3006,KAG_003007,Kaggle_road_csv,0,April,Sunday,Unknown,Truck,Unidentified,3,Unknown,31-50,Lane Violation,Dry,Daylight,0,0,3,Minor,Clear
3007,KAG_003008,Kaggle_road_csv,0,May,Sunday,Unknown,Truck,Unidentified,3,Over 51,18-30,Reckless Driving,Dry,Daylight,0,0,3,Minor,Clear
3008,KAG_003009,Kaggle_road_csv,0,October,Sunday,Unknown,Truck,Unidentified,3,18-30,18-30,Lane Violation,Dry,Daylight,0,0,3,Minor,Clear
3009,KAG_003010,Kaggle_road_csv,0,May,Tuesday,Unknown,Truck,Unidentified,2,18-30,18-30,No Distancing/Rear End,Dry,Daylight,0,0,1,Minor,Clear
3010,KAG_003011,Kaggle_road_csv,0,April,Sunday,Unknown,Truck,Unidentified,3,18-30,Unknown,Lane Violation,Dry,Dark,0,0,3,Minor,Clear
3011,KAG_003012,Kaggle_road_csv,0,October,Monday,Unknown,Truck,Unidentified,3,31-50,Unknown,Lane Violation,Dry,Daylight,0,0,4,Serious,Clear
3012,KAG_003013,Kaggle_road_csv,0,April,Monday,Unknown,Truck,Unidentified,3,Unknown,Under 18,No Distancing/Rear End,Dry,Daylight,0,0,4,Serious,Clear
3013,KAG_003014,Kaggle_road_csv,0,March,Tuesday,Unknown,Truck,Unidentified,2,Under 18,Over 51,Reckless Driving,Wet,Dark,0,0,1,Minor,Clear
3014,KAG_003015,Kaggle_road_csv,0,December,Tuesday,Unknown,Truck,Unidentified,2,Under 18,Over 51,Lane Violation,Wet,Daylight,0,0,1,Minor,Fog/Mist
3015,KAG_003016,Kaggle_road_csv,0,January,Tuesday,Unknown,Truck,Unidentified,2,31-50,Under 18,Reckless Driving,Wet,Daylight,0,0,1,Minor,Fog/Mist
3016,KAG_003017,Kaggle_road_csv,0,April,Friday,Unknown,Truck,Unidentified,2,Over 51,31-50,No Distancing/Rear End,Dry,Daylight,0,0,1,Serious,Clear
3017,KAG_003018,Kaggle_road_csv,0,May,Friday,Unknown,Truck,Unidentified,2,18-30,Unknown,Reckless Driving,Dry,Daylight,0,0,2,Minor,Clear
3018,KAG_003019,Kaggle_road_csv,0,April,Saturday,Unknown,Truck,Unidentified,3,Under 18,18-30,Reckless Driving,Wet,Daylight,0,0,1,Minor,Clear
3019,KAG_003020,Kaggle_road_csv,0,April,Monday,Unknown,Truck,Unidentified,1,Over 51,Over 51,No Distancing/Rear End,Dry,Daylight,0,0,1,Minor,Clear
3020,KAG_003021,Kaggle_road_csv,0,March,Sunday,Unknown,Truck,Unidentified,2,Unknown,18-30,No Distancing/Rear End,Dry,Daylight,0,0,1,Minor,Clear
3021,KAG_003022,Kaggle_road_csv,0,October,Sunday,Unknown,Truck,Unidentified,2,18-30,31-50,Lane Violation,Dry,Daylight,0,0,1,Minor,Clear
3022,KAG_003023,Kaggle_road_csv,0,March,Thursday,Unknown,Truck,Unidentified,1,31-50,Unknown,Unknown/Other,Dry,Dark,0,0,1,Minor,Clear
3023,KAG_003024,Kaggle_road_csv,0,June,Wednesday,Unknown,Truck,Unidentified,1,18-30,18-30,Reckless Driving,Wet,Dark,0,0,1,Fatal,Rainy
3024,KAG_003025,Kaggle_road_csv,0,October,Wednesday,Unknown,Truck,Unidentified,4,18-30,Unknown,Lane Violation,Wet,Daylight,0,0,6,Serious,Clear
3025,KAG_003026,Kaggle_road_csv,0,May,Friday,Unknown,Truck,Unidentified,4,Over 51,Unknown,Lane Violation,Wet,Daylight,0,0,6,Serious,Clear
3026,KAG_003027,Kaggle_road_csv,0,October,Thursday,Unknown,Truck,Unidentified,4,18-30,31-50,Lane Violation,Wet,Daylight,0,0,6,Serious,Clear
3027,KAG_003028,Kaggle_road_csv,0,March,Friday,Unknown,Truck,Unidentified,3,31-50,18-30,Reckless Driving,Dry,Dark,0,0,5,Serious,Clear
3028,KAG_003029,Kaggle_road_csv,0,April,Saturday,Unknown,Truck,Unidentified,3,Under 18,18-30,No Distancing/Rear End,Dry,Dark,0,0,5,Serious,Clear
3029,KAG_003030,Kaggle_road_csv,0,April,Wednesday,Unknown,Truck,Unidentified,3,18-30,Unknown,No Distancing/Rear End,Dry,Dark,0,0,5,Serious,Clear
3030,KAG_003031,Kaggle_road_csv,0,April,Wednesday,Unknown,Truck,Unidentified,2,Under 18,Unknown,Reckless Driving,Dry,Daylight,0,0,1,Minor,Clear
3031,KAG_003032,Kaggle_road_csv,0,October,Tuesday,Unknown,Truck,Unidentified,3,Over 51,Unknown,Reckless Driving,Dry,Daylight,0,0,1,Minor,Clear
3032,KAG_003033,Kaggle_road_csv,0,April,Wednesday,Unknown,Truck,Unidentified,2,31-50,Under 18,Lane Violation,Dry,Daylight,0,0,1,Minor,Clear
3033,KAG_003034,Kaggle_road_csv,0,October,Thursday,Unknown,Truck,Unidentified,3,Under 18,Unknown,Lane Violation,Dry,Daylight,0,0,2,Minor,Clear
3034,KAG_003035,Kaggle_road_csv,0,October,Sunday,Unknown,Truck,Unidentified,2,18-30,Unknown,No Distancing/Rear End,Wet,Daylight,0,0,3,Minor,Clear
3035,KAG_003036,Kaggle_road_csv,0,April,Monday,Unknown,Truck,Unidentified,4,18-30,31-50,Reckless Driving,Dry,Daylight,0,0,1,Minor,Clear
3036,KAG_003037,Kaggle_road_csv,0,March,Monday,Unknown,Truck,Unidentified,1,31-50,Unknown,Reckless Driving,Dry,Daylight,0,0,1,Minor,Clear
3037,KAG_003038,Kaggle_road_csv,0,April,Monday,Unknown,Truck,Unidentified,4,31-50,31-50,Reckless Driving,Dry,Daylight,0,0,2,Minor,Clear
3038,KAG_003039,Kaggle_road_csv,0,September,Sunday,Unknown,Truck,Unidentified,3,18-30,18-30,Reckless Driving,Wet,Daylight,0,0,1,Minor,Rainy
3039,KAG_003040,Kaggle_road_csv,0,March,Sunday,Unknown,Truck,Unidentified,2,31-50,31-50,Lane Violation,Dry,Daylight,0,0,2,Minor,Clear
3040,KAG_003041,Kaggle_road_csv,0,April,Saturday,Unknown,Truck,Unidentified,2,18-30,Unknown,Drunk/Drug Driving,Dry,Daylight,0,0,2,Minor,Clear
3041,KAG_003042,Kaggle_road_csv,0,March,Friday,Unknown,Truck,Unidentified,2,Under 18,Unknown,Loss of Control,Dry,Daylight,0,0,1,Fatal,Clear
3042,KAG_003043,Kaggle_road_csv,0,May,Sunday,Unknown,Truck,Unidentified,2,31-50,31-50,No Distancing/Rear End,Dry,Daylight,0,0,1,Serious,Clear
3043,KAG_003044,Kaggle_road_csv,0,March,Wednesday,Unknown,Truck,Unidentified,2,31-50,Under 18,Reckless Driving,Dry,Daylight,0,0,1,Serious,Clear
3044,KAG_003045,Kaggle_road_csv,0,April,Wednesday,Unknown,Truck,Unidentified,2,31-50,Under 18,Reckless Driving,Dry,Dark,0,0,3,Minor,Clear
3045,KAG_003046,Kaggle_road_csv,0,May,Wednesday,Unknown,Truck,Unidentified,2,18-30,31-50,Lane Violation,Dry,Daylight,0,0,2,Fatal,Clear
3046,KAG_003047,Kaggle_road_csv,0,April,Tuesday,Unknown,Truck,Unidentified,2,18-30,18-30,Lane Violation,Dry,Daylight,0,0,1,Minor,Clear
3047,KAG_003048,Kaggle_road_csv,0,October,Tuesday,Unknown,Truck,Unidentified,1,31-50,Over 51,No Distancing/Rear End,Dry,Daylight,0,0,1,Minor,Clear
3048,KAG_003049,Kaggle_road_csv,0,October,Friday,Unknown,Truck,Unidentified,2,18-30,Unknown,Reckless Driving,Dry,Daylight,0,0,1,Minor,Clear
3049,KAG_003050,Kaggle_road_csv,0,May,Sunday,Unknown,Truck,Unidentified,4,18-30,Unknown,Drunk/Drug Driving,Dry,Daylight,0,0,1,Minor,Clear
3050,KAG_003051,Kaggle_road_csv,0,October,Monday,Unknown,Truck,Unidentified,4,18-30,18-30,Reckless Driving,Dry,Daylight,0,0,1,Minor,Clear
3051,KAG_003052,Kaggle_road_csv,0,April,Monday,Unknown,Truck,Unidentified,3,Over 51,18-30,Reckless Driving,Dry,Daylight,0,0,4,Minor,Clear
3052,KAG_003053,Kaggle_road_csv,0,March,Friday,Unknown,Truck,Unidentified,3,31-50,Unknown,Reckless Driving,Dry,Daylight,0,0,4,Minor,Clear
3053,KAG_003054,Kaggle_road_csv,0,March,Friday,Unknown,Truck,Unidentified,3,31-50,Under 18,Reckless Driving,Dry,Daylight,0,0,4,Minor,Clear
3054,KAG_003055,Kaggle_road_csv,0,March,Saturday,Unknown,Truck,Unidentified,3,Over 51,Over 51,Lane Violation,Dry,Daylight,0,0,4,Minor,Clear
3055,KAG_003056,Kaggle_road_csv,0,May,Thursday,Unknown,Truck,Unidentified,2,Over 51,Unknown,Reckless Driving,Dry,Daylight,0,0,1,Minor,Clear
3056,KAG_003057,Kaggle_road_csv,0,April,Thursday,Unknown,Truck,Unidentified,2,18-30,Unknown,Reckless Driving,Dry,Daylight,0,0,1,Minor,Clear
3057,KAG_003058,Kaggle_road_csv,0,March,Friday,Unknown,Truck,Unidentified,2,31-50,Unknown,Reckless Driving,Dry,Dark,0,0,1,Serious,Clear
3058,KAG_003059,Kaggle_road_csv,0,May,Saturday,Unknown,Truck,Unidentified,2,18-30,18-30,Reckless Driving,Dry,Daylight,0,0,2,Minor,Clear
3059,KAG_003060,Kaggle_road_csv,0,April,Sunday,Unknown,Truck,Unidentified,2,31-50,18-30,Reckless Driving,Dry,Daylight,0,0,2,Minor,Clear
3060,KAG_003061,Kaggle_road_csv,0,April,Friday,Unknown,Truck,Unidentified,2,31-50,31-50,Reckless Driving,Dry,Daylight,0,0,1,Minor,Clear
3061,KAG_003062,Kaggle_road_csv,0,September,Tuesday,Unknown,Truck,Unidentified,2,Under 18,Over 51,Reckless Driving,Wet,Daylight,0,0,1,Minor,Rainy
3062,KAG_003063,Kaggle_road_csv,0,October,Friday,Unknown,Truck,Unidentified,3,18-30,Unknown,No Distancing/Rear End,Dry,Daylight,0,0,2,Minor,Clear
3063,KAG_003064,Kaggle_road_csv,0,April,Tuesday,Unknown,Truck,Unidentified,1,31-50,Unknown,Reckless Driving,Dry,Daylight,0,0,1,Minor,Clear
3064,KAG_003065,Kaggle_road_csv,0,October,Tuesday,Unknown,Truck,Unidentified,2,Over 51,31-50,Lane Violation,Wet,Daylight,0,0,3,Minor,Clear
3065,KAG_003066,Kaggle_road_csv,0,October,Saturday,Unknown,Truck,Unidentified,2,18-30,Under 18,Reckless Driving,Dry,Dark,0,0,1,Minor,Clear
3066,KAG_003067,Kaggle_road_csv,0,May,Friday,Unknown,Truck,Unidentified,2,31-50,Under 18,Lane Violation,Dry,Dark,0,0,1,Minor,Clear
3067,KAG_003068,Kaggle_road_csv,0,May,Sunday,Unknown,Truck,Unidentified,1,Under 18,31-50,Reckless Driving,Dry,Daylight,0,0,1,Fatal,Clear
3068,KAG_003069,Kaggle_road_csv,0,March,Friday,Unknown,Truck,Unidentified,2,18-30,Unknown,Lane Violation,Dry,Daylight,0,0,2,Minor,Clear
3069,KAG_003070,Kaggle_road_csv,0,October,Friday,Unknown,Truck,Unidentified,2,18-30,31-50,Lane Violation,Dry,Daylight,0,0,2,Minor,Clear
3070,KAG_003071,Kaggle_road_csv,0,May,Wednesday,Unknown,Truck,Unidentified,2,31-50,18-30,No Distancing/Rear End,Dry,Daylight,0,0,1,Minor,Clear
3071,KAG_003072,Kaggle_road_csv,0,October,Thursday,Unknown,Truck,Unidentified,2,31-50,Over 51,Lane Violation,Dry,Dark,0,0,1,Fatal,Clear
3072,KAG_003073,Kaggle_road_csv,0,April,Friday,Unknown,Truck,Unidentified,3,Under 18,Unknown,Lane Violation,Dry,Daylight,0,0,1,Serious,Clear
3073,KAG_003074,Kaggle_road_csv,0,May,Friday,Unknown,Truck,Unidentified,2,Unknown,Unknown,No Distancing/Rear End,Dry,Daylight,0,0,1,Minor,Clear
3074,KAG_003075,Kaggle_road_csv,0,April,Tuesday,Unknown,Truck,Unidentified,1,18-30,Unknown,No Distancing/Rear End,Dry,Daylight,0,0,1,Minor,Clear
3075,KAG_003076,Kaggle_road_csv,0,October,Monday,Unknown,Truck,Unidentified,1,18-30,Unknown,Reckless Driving,Wet,Daylight,0,0,2,Minor,Clear
3076,KAG_003077,Kaggle_road_csv,0,October,Thursday,Unknown,Truck,Unidentified,2,31-50,Unknown,Reckless Driving,Dry,Daylight,0,0,1,Minor,Clear
3077,KAG_003078,Kaggle_road_csv,0,September,Monday,Unknown,Truck,Unidentified,2,Over 51,31-50,No Distancing/Rear End,Wet,Dark,0,0,1,Minor,Rainy
3078,KAG_003079,Kaggle_road_csv,0,March,Monday,Unknown,Truck,Unidentified,2,18-30,31-50,Lane Violation,Dry,Dark,0,0,5,Minor,Clear
3079,KAG_003080,Kaggle_road_csv,0,May,Wednesday,Unknown,Truck,Unidentified,3,31-50,18-30,Lane Violation,Dry,Daylight,0,0,1,Minor,Clear
3080,KAG_003081,Kaggle_road_csv,0,May,Tuesday,Unknown,Truck,Unidentified,2,18-30,Unknown,No Distancing/Rear End,Dry,Daylight,0,0,1,Minor,Clear
3081,KAG_003082,Kaggle_road_csv,0,March,Monday,Unknown,Truck,Unidentified,2,18-30,Over 51,Lane Violation,Dry,Daylight,0,0,1,Minor,Clear
3082,KAG_003083,Kaggle_road_csv,0,May,Wednesday,Unknown,Truck,Unidentified,2,Under 18,31-50,Reckless Driving,Wet,Dark,0,0,1,Serious,Clear
3083,KAG_003084,Kaggle_road_csv,0,May,Friday,Unknown,Truck,Unidentified,2,31-50,Under 18,No Distancing/Rear End,Dry,Daylight,0,0,1,Minor,Clear
3084,KAG_003085,Kaggle_road_csv,0,April,Friday,Unknown,Truck,Unidentified,2,Over 51,18-30,Reckless Driving,Wet,Dark,0,0,3,Minor,Clear
3085,KAG_003086,Kaggle_road_csv,0,October,Wednesday,Unknown,Truck,Unidentified,2,18-30,Over 51,Reckless Driving,Dry,Dark,0,0,1,Minor,Clear
3086,KAG_003087,Kaggle_road_csv,0,September,Saturday,Unknown,Truck,Unidentified,1,Over 51,31-50,Reckless Driving,Wet,Daylight,0,0,1,Minor,Rainy
3087,KAG_003088,Kaggle_road_csv,0,July,Thursday,Unknown,Truck,Unidentified,3,18-30,Unknown,Lane Violation,Wet,Dark,0,0,1,Minor,Rainy
3088,KAG_003089,Kaggle_road_csv,0,March,Friday,Unknown,Truck,Unidentified,2,31-50,Unknown,Lane Violation,Dry,Dark,0,0,1,Minor,Clear
3089,KAG_003090,Kaggle_road_csv,0,April,Thursday,Unknown,Truck,Unidentified,2,31-50,31-50,No Distancing/Rear End,Wet,Dark,0,0,1,Minor,Clear
3090,KAG_003091,Kaggle_road_csv,0,October,Thursday,Unknown,Truck,Unidentified,2,31-50,Unknown,No Distancing/Rear End,Wet,Dark,0,0,1,Minor,Clear
3091,KAG_003092,Kaggle_road_csv,0,March,Monday,Unknown,Truck,Unidentified,2,Over 51,18-30,Reckless Driving,Wet,Daylight,0,0,1,Serious,Clear
3092,KAG_003093,Kaggle_road_csv,0,April,Thursday,Unknown,Truck,Unidentified,1,31-50,31-50,Lane Violation,Dry,Daylight,0,0,1,Serious,Clear
3093,KAG_003094,Kaggle_road_csv,0,May,Wednesday,Unknown,Truck,Unidentified,2,18-30,31-50,Reckless Driving,Wet,Dark,0,0,1,Minor,Clear
3094,KAG_003095,Kaggle_road_csv,0,April,Friday,Unknown,Truck,Unidentified,1,Over 51,18-30,Unknown/Other,Wet,Dark,0,0,1,Minor,Clear
3095,KAG_003096,Kaggle_road_csv,0,June,Friday,Unknown,Truck,Unidentified,2,31-50,31-50,No Distancing/Rear End,Wet,Daylight,0,0,1,Minor,Rainy
3096,KAG_003097,Kaggle_road_csv,0,May,Friday,Unknown,Truck,Unidentified,2,Unknown,Under 18,Reckless Driving,Dry,Dark,0,0,1,Minor,Clear
3097,KAG_003098,Kaggle_road_csv,0,June,Tuesday,Unknown,Truck,Unidentified,3,18-30,Unknown,Lane Violation,Wet,Dark,0,0,1,Minor,Rainy
3098,KAG_003099,Kaggle_road_csv,0,April,Friday,Unknown,Truck,Unidentified,2,18-30,18-30,Reckless Driving,Dry,Dark,0,0,2,Minor,Clear
3099,KAG_003100,Kaggle_road_csv,0,June,Thursday,Unknown,Truck,Unidentified,2,Over 51,31-50,Lane Violation,Wet,Daylight,0,0,1,Minor,Rainy
3100,KAG_003101,Kaggle_road_csv,0,June,Thursday,Unknown,Truck,Unidentified,1,31-50,Unknown,Unknown/Other,Wet,Dark,0,0,1,Serious,Rainy
3101,KAG_003102,Kaggle_road_csv,0,March,Saturday,Unknown,Truck,Unidentified,2,31-50,18-30,Lane Violation,Dry,Dark,0,0,2,Minor,Clear
3102,KAG_003103,Kaggle_road_csv,0,September,Saturday,Unknown,Truck,Unidentified,1,18-30,Unknown,Reckless Driving,Wet,Dark,0,0,2,Serious,Rainy
3103,KAG_003104,Kaggle_road_csv,0,April,Sunday,Unknown,Truck,Unidentified,2,31-50,Unknown,Lane Violation,Dry,Daylight,0,0,1,Minor,Clear
3104,KAG_003105,Kaggle_road_csv,0,April,Tuesday,Unknown,Truck,Unidentified,2,31-50,31-50,No Distancing/Rear End,Dry,Daylight,0,0,1,Minor,Clear
3105,KAG_003106,Kaggle_road_csv,0,October,Wednesday,Unknown,Truck,Unidentified,2,31-50,Under 18,No Distancing/Rear End,Dry,Daylight,0,0,1,Minor,Clear
3106,KAG_003107,Kaggle_road_csv,0,April,Thursday,Unknown,Truck,Unidentified,2,18-30,Unknown,No Distancing/Rear End,Dry,Daylight,0,0,1,Minor,Clear
3107,KAG_003108,Kaggle_road_csv,0,April,Thursday,Unknown,Truck,Unidentified,3,31-50,Under 18,Reckless Driving,Wet,Daylight,0,0,4,Minor,Clear
3108,KAG_003109,Kaggle_road_csv,0,October,Wednesday,Unknown,Truck,Unidentified,2,Over 51,18-30,Reckless Driving,Dry,Dark,0,0,1,Minor,Clear
3109,KAG_003110,Kaggle_road_csv,0,May,Wednesday,Unknown,Truck,Unidentified,2,31-50,Unknown,No Distancing/Rear End,Dry,Dark,0,0,1,Minor,Clear
3110,KAG_003111,Kaggle_road_csv,0,May,Saturday,Unknown,Truck,Unidentified,2,18-30,Under 18,Reckless Driving,Wet,Daylight,0,0,1,Minor,Clear
3111,KAG_003112,Kaggle_road_csv,0,May,Friday,Unknown,Truck,Unidentified,1,18-30,Unknown,Lane Violation,Dry,Dark,0,0,1,Minor,Clear
3112,KAG_003113,Kaggle_road_csv,0,October,Friday,Unknown,Truck,Unidentified,2,31-50,Unknown,No Distancing/Rear End,Dry,Dark,0,0,1,Serious,Clear
3113,KAG_003114,Kaggle_road_csv,0,March,Saturday,Unknown,Truck,Unidentified,2,18-30,Unknown,Lane Violation,Wet,Dark,0,0,3,Minor,Clear
3114,KAG_003115,Kaggle_road_csv,0,March,Wednesday,Unknown,Truck,Unidentified,2,Over 51,Under 18,Reckless Driving,Wet,Dark,0,0,3,Minor,Clear
3115,KAG_003116,Kaggle_road_csv,0,May,Wednesday,Unknown,Truck,Unidentified,2,31-50,31-50,Lane Violation,Wet,Dark,0,0,3,Minor,Clear
3116,KAG_003117,Kaggle_road_csv,0,June,Saturday,Unknown,Truck,Unidentified,1,31-50,Under 18,No Distancing/Rear End,Wet,Daylight,0,0,1,Minor,Rainy
3117,KAG_003118,Kaggle_road_csv,0,October,Friday,Unknown,Truck,Unidentified,2,31-50,Unknown,Lane Violation,Wet,Dark,0,0,1,Minor,Clear
3118,KAG_003119,Kaggle_road_csv,0,October,Friday,Unknown,Truck,Unidentified,1,18-30,Unknown,Lane Violation,Dry,Daylight,0,0,1,Fatal,Clear
3119,KAG_003120,Kaggle_road_csv,0,August,Friday,Unknown,Truck,Unidentified,2,18-30,31-50,No Distancing/Rear End,Wet,Dark,0,0,1,Serious,Rainy
3120,KAG_003121,Kaggle_road_csv,0,March,Sunday,Unknown,Truck,Unidentified,2,31-50,Under 18,Lane Violation,Dry,Daylight,0,0,3,Minor,Clear
3121,KAG_003122,Kaggle_road_csv,0,August,Saturday,Unknown,Truck,Unidentified,2,Under 18,Under 18,Reckless Driving,Wet,Dark,0,0,1,Minor,Rainy
3122,KAG_003123,Kaggle_road_csv,0,April,Friday,Unknown,Truck,Unidentified,2,Under 18,18-30,No Distancing/Rear End,Dry,Daylight,0,0,2,Minor,Clear
3123,KAG_003124,Kaggle_road_csv,0,May,Friday,Unknown,Truck,Unidentified,2,31-50,Unknown,Lane Violation,Dry,Daylight,0,0,2,Minor,Clear
3124,KAG_003125,Kaggle_road_csv,0,April,Monday,Unknown,Truck,Unidentified,1,31-50,31-50,No Distancing/Rear End,Dry,Daylight,0,0,1,Minor,Clear
3125,KAG_003126,Kaggle_road_csv,0,October,Monday,Unknown,Truck,Unidentified,1,31-50,Unknown,Reckless Driving,Dry,Daylight,0,0,1,Minor,Clear
3126,KAG_003127,Kaggle_road_csv,0,May,Tuesday,Unknown,Truck,Unidentified,3,18-30,18-30,Reckless Driving,Dry,Daylight,0,0,1,Minor,Clear
3127,KAG_003128,Kaggle_road_csv,0,April,Sunday,Unknown,Truck,Unidentified,2,31-50,18-30,Lane Violation,Wet,Daylight,0,0,2,Serious,Clear
3128,KAG_003129,Kaggle_road_csv,0,April,Tuesday,Unknown,Truck,Unidentified,2,18-30,Unknown,No Distancing/Rear End,Wet,Dark,0,0,1,Minor,Clear
3129,KAG_003130,Kaggle_road_csv,0,April,Friday,Unknown,Truck,Unidentified,1,31-50,31-50,No Distancing/Rear End,Wet,Daylight,0,0,1,Serious,Clear
3130,KAG_003131,Kaggle_road_csv,0,April,Friday,Unknown,Truck,Unidentified,2,31-50,Over 51,No Distancing/Rear End,Dry,Daylight,0,0,1,Serious,Clear
3131,KAG_003132,Kaggle_road_csv,0,April,Friday,Unknown,Truck,Unidentified,4,18-30,Unknown,No Distancing/Rear End,Dry,Daylight,0,0,5,Minor,Clear
3132,KAG_003133,Kaggle_road_csv,0,October,Tuesday,Unknown,Truck,Unidentified,2,Unknown,18-30,Reckless Driving,Dry,Dark,0,0,1,Minor,Clear
3133,KAG_003134,Kaggle_road_csv,0,May,Thursday,Unknown,Truck,Unidentified,2,Under 18,Unknown,Reckless Driving,Dry,Daylight,0,0,1,Minor,Clear
3134,KAG_003135,Kaggle_road_csv,0,March,Thursday,Unknown,Truck,Unidentified,2,18-30,Unknown,Lane Violation,Dry,Daylight,0,0,1,Minor,Clear
3135,KAG_003136,Kaggle_road_csv,0,May,Tuesday,Unknown,Truck,Unidentified,3,18-30,18-30,Lane Violation,Dry,Daylight,0,0,3,Serious,Clear
3136,KAG_003137,Kaggle_road_csv,0,May,Monday,Unknown,Truck,Unidentified,3,18-30,Unknown,No Distancing/Rear End,Dry,Dark,0,0,3,Minor,Clear
3137,KAG_003138,Kaggle_road_csv,0,March,Monday,Unknown,Truck,Unidentified,3,Over 51,Under 18,No Distancing/Rear End,Dry,Dark,0,0,3,Minor,Clear
3138,KAG_003139,Kaggle_road_csv,0,May,Friday,Unknown,Truck,Unidentified,3,Unknown,18-30,No Distancing/Rear End,Dry,Dark,0,0,3,Minor,Clear
3139,KAG_003140,Kaggle_road_csv,0,April,Thursday,Unknown,Truck,Unidentified,2,18-30,31-50,Reckless Driving,Dry,Daylight,0,0,1,Minor,Clear
3140,KAG_003141,Kaggle_road_csv,0,March,Monday,Unknown,Truck,Unidentified,2,18-30,Unknown,Drunk/Drug Driving,Dry,Daylight,0,0,1,Minor,Clear
3141,KAG_003142,Kaggle_road_csv,0,May,Monday,Unknown,Truck,Unidentified,2,18-30,18-30,Reckless Driving,Dry,Daylight,0,0,2,Minor,Clear
3142,KAG_003143,Kaggle_road_csv,0,May,Friday,Unknown,Truck,Unidentified,3,18-30,31-50,No Distancing/Rear End,Dry,Daylight,0,0,1,Minor,Clear
3143,KAG_003144,Kaggle_road_csv,0,May,Friday,Unknown,Truck,Unidentified,2,31-50,Unknown,Reckless Driving,Dry,Daylight,0,0,1,Minor,Clear
3144,KAG_003145,Kaggle_road_csv,0,October,Saturday,Unknown,Truck,Unidentified,2,18-30,18-30,No Distancing/Rear End,Dry,Daylight,0,0,1,Minor,Clear
3145,KAG_003146,Kaggle_road_csv,0,March,Tuesday,Unknown,Truck,Unidentified,3,18-30,18-30,No Distancing/Rear End,Dry,Daylight,0,0,2,Minor,Clear
3146,KAG_003147,Kaggle_road_csv,0,May,Sunday,Unknown,Truck,Unidentified,2,Over 51,31-50,Lane Violation,Dry,Daylight,0,0,1,Serious,Clear
3147,KAG_003148,Kaggle_road_csv,0,March,Sunday,Unknown,Truck,Unidentified,2,Under 18,18-30,Lane Violation,Wet,Daylight,0,0,1,Minor,Clear
3148,KAG_003149,Kaggle_road_csv,0,April,Thursday,Unknown,Truck,Unidentified,3,18-30,Over 51,Loss of Control,Wet,Daylight,0,0,4,Minor,Clear
3149,KAG_003150,Kaggle_road_csv,0,April,Thursday,Unknown,Truck,Unidentified,2,Over 51,Unknown,Lane Violation,Wet,Daylight,0,0,1,Minor,Clear
3150,KAG_003151,Kaggle_road_csv,0,October,Saturday,Unknown,Truck,Unidentified,2,Over 51,18-30,Lane Violation,Dry,Daylight,0,0,1,Serious,Clear
3151,KAG_003152,Kaggle_road_csv,0,October,Friday,Unknown,Truck,Unidentified,3,31-50,Unknown,No Distancing/Rear End,Dry,Daylight,0,0,1,Minor,Clear
3152,KAG_003153,Kaggle_road_csv,0,September,Sunday,Unknown,Truck,Unidentified,2,18-30,18-30,Lane Violation,Wet,Daylight,0,0,2,Minor,Rainy
3153,KAG_003154,Kaggle_road_csv,0,June,Sunday,Unknown,Truck,Unidentified,2,31-50,Over 51,Reckless Driving,Wet,Daylight,0,0,2,Minor,Rainy
3154,KAG_003155,Kaggle_road_csv,0,April,Friday,Unknown,Truck,Unidentified,3,18-30,Unknown,No Distancing/Rear End,Dry,Daylight,0,0,3,Minor,Clear
3155,KAG_003156,Kaggle_road_csv,0,April,Thursday,Unknown,Truck,Unidentified,2,Over 51,18-30,Reckless Driving,Dry,Daylight,0,0,1,Minor,Clear
3156,KAG_003157,Kaggle_road_csv,0,March,Thursday,Unknown,Truck,Unidentified,2,31-50,Over 51,No Distancing/Rear End,Dry,Daylight,0,0,1,Minor,Clear
3157,KAG_003158,Kaggle_road_csv,0,May,Sunday,Unknown,Truck,Unidentified,2,31-50,Unknown,Reckless Driving,Dry,Daylight,0,0,1,Minor,Clear
3158,KAG_003159,Kaggle_road_csv,0,October,Sunday,Unknown,Truck,Unidentified,2,18-30,31-50,Lane Violation,Dry,Daylight,0,0,1,Minor,Clear
3159,KAG_003160,Kaggle_road_csv,0,May,Sunday,Unknown,Truck,Unidentified,3,Unknown,31-50,Reckless Driving,Dry,Daylight,0,0,1,Minor,Clear
3160,KAG_003161,Kaggle_road_csv,0,April,Wednesday,Unknown,Truck,Unidentified,2,31-50,18-30,Lane Violation,Dry,Daylight,0,0,1,Minor,Clear
3161,KAG_003162,Kaggle_road_csv,0,May,Thursday,Unknown,Truck,Unidentified,2,18-30,Unknown,No Distancing/Rear End,Dry,Daylight,0,0,1,Minor,Clear
3162,KAG_003163,Kaggle_road_csv,0,October,Thursday,Unknown,Truck,Unidentified,3,18-30,Under 18,Reckless Driving,Dry,Daylight,0,0,1,Minor,Clear
3163,KAG_003164,Kaggle_road_csv,0,March,Tuesday,Unknown,Truck,Unidentified,1,31-50,31-50,Reckless Driving,Dry,Dark,0,0,1,Fatal,Clear
3164,KAG_003165,Kaggle_road_csv,0,July,Tuesday,Unknown,Truck,Unidentified,2,Over 51,18-30,Reckless Driving,Wet,Daylight,0,0,4,Fatal,Rainy
3165,KAG_003166,Kaggle_road_csv,0,July,Saturday,Unknown,Truck,Unidentified,2,18-30,Unknown,No Distancing/Rear End,Wet,Daylight,0,0,2,Minor,Rainy
3166,KAG_003167,Kaggle_road_csv,0,May,Tuesday,Unknown,Truck,Unidentified,2,18-30,Under 18,No Distancing/Rear End,Dry,Daylight,0,0,1,Minor,Clear
3167,KAG_003168,Kaggle_road_csv,0,October,Saturday,Unknown,Truck,Unidentified,1,31-50,Unknown,Lane Violation,Dry,Daylight,0,0,1,Minor,Clear
3168,KAG_003169,Kaggle_road_csv,0,October,Saturday,Unknown,Truck,Unidentified,1,18-30,Unknown,No Distancing/Rear End,Dry,Daylight,0,0,1,Serious,Clear
3169,KAG_003170,Kaggle_road_csv,0,August,Thursday,Unknown,Truck,Unidentified,2,18-30,Unknown,Reckless Driving,Wet,Daylight,0,0,4,Minor,Rainy
3170,KAG_003171,Kaggle_road_csv,0,August,Wednesday,Unknown,Truck,Unidentified,2,31-50,Unknown,Lane Violation,Wet,Daylight,0,0,4,Minor,Rainy
3171,KAG_003172,Kaggle_road_csv,0,May,Tuesday,Unknown,Truck,Unidentified,1,31-50,31-50,Lane Violation,Dry,Daylight,0,0,1,Serious,Clear
3172,KAG_003173,Kaggle_road_csv,0,March,Friday,Unknown,Truck,Unidentified,2,18-30,Unknown,Reckless Driving,Dry,Daylight,0,0,1,Minor,Clear
3173,KAG_003174,Kaggle_road_csv,0,October,Friday,Unknown,Truck,Unidentified,2,18-30,Unknown,Reckless Driving,Wet,Dark,0,0,2,Minor,Clear
3174,KAG_003175,Kaggle_road_csv,0,October,Wednesday,Unknown,Truck,Unidentified,2,31-50,Unknown,No Distancing/Rear End,Dry,Daylight,0,0,1,Minor,Clear
3175,KAG_003176,Kaggle_road_csv,0,March,Sunday,Unknown,Truck,Unidentified,2,18-30,Unknown,Drunk/Drug Driving,Dry,Dark,0,0,1,Minor,Clear
3176,SCRAPED_000001,News_Paper,2021,December,Friday,Maharashtra,Car,Truck,2,Unknown,Unknown,Severe Collision,Wet,Daylight,4,0,4,Fatal,Clear
3177,SCRAPED_000002,News_Paper,2021,December,Friday,Jharkhand,Pick Up,Truck,2,Unknown,Unknown,Severe Collision,Wet,Daylight,6,18,24,Fatal,Clear
3178,SCRAPED_000003,News_Paper,2022,January,Saturday,Rajasthan,Two Wheeler,Truck,2,Unknown,Unknown,Unknown/Other,Dry,Daylight,1,0,1,Fatal,Clear
3179,SCRAPED_000004,News_Paper,2022,January,Saturday,Bihar,Two Wheeler,Truck,2,Unknown,Unknown,Unknown/Other,Dry,Daylight,3,0,3,Fatal,Clear
3180,SCRAPED_000005,News_Paper,2022,January,Saturday,Uttar Pradesh,Bus,Truck,2,Unknown,Unknown,Unknown/Other,Wet,Daylight,2,2,4,Fatal,Clear
3181,SCRAPED_000006,News_Paper,2022,January,Sunday,Karnataka,Two Wheeler,Truck,2,Unknown,Over 51,Parking Issue,Wet,Daylight,1,0,1,Fatal,Clear
3182,SCRAPED_000007,News_Paper,2022,January,Sunday,Maharashtra,Truck,Truck,2,Unknown,Unknown,Severe Collision,Dry,Daylight,2,6,8,Fatal,Clear
3183,SCRAPED_000008,News_Paper,2022,January,Monday,Gujarat,Car,Truck,2,Unknown,Unknown,Severe Collision,Wet,Daylight,2,0,2,Fatal,Clear
3184,SCRAPED_000009,News_Paper,2022,January,Monday,Maharashtra,Car,Truck,2,Unknown,31-50,No Distancing/Rear End,Wet,Daylight,1,0,1,Fatal,Clear
3185,SCRAPED_000010,News_Paper,2022,January,Tuesday,Uttarakhand,Two Wheeler,Truck,2,Unknown,Unknown,Unknown/Other,Dry,Daylight,2,1,3,Fatal,Clear
3186,SCRAPED_000011,News_Paper,2022,January,Thursday,Andhra Pradesh,Two Wheeler,Truck,2,Unknown,Under 18,Unknown/Other,Dry,Daylight,1,1,2,Fatal,Clear
3187,SCRAPED_000012,News_Paper,2022,January,Friday,Karnataka,Suv,Truck,2,Unknown,Unknown,No Distancing/Rear End,Dry,Daylight,4,0,4,Fatal,Clear
3188,SCRAPED_000013,News_Paper,2022,January,Friday,Gujarat,Suv,Truck,2,Unknown,18-30,No Distancing/Rear End,Dry,Daylight,1,0,1,Fatal,Clear
3189,SCRAPED_000014,News_Paper,2022,January,Saturday,Andhra Pradesh,Two Wheeler,Truck,2,Unknown,Unknown,Unknown/Other,Dry,Daylight,1,0,1,Fatal,Clear
3190,SCRAPED_000015,News_Paper,2022,January,Sunday,Maharashtra,Bus,Truck,2,Unknown,Over 51,Severe Collision,Dry,Daylight,4,14,18,Fatal,Clear
3191,SCRAPED_000016,News_Paper,2022,January,Monday,Karnataka,Two Wheeler,Truck,2,Unknown,Unknown,Unknown/Other,Dry,Dark,6,0,6,Fatal,Clear
3192,SCRAPED_000017,News_Paper,2022,January,Monday,Maharashtra,Two Wheeler,Truck,2,Unknown,18-30,No Distancing/Rear End,Dry,Dark,1,1,2,Fatal,Clear
3193,SCRAPED_000018,News_Paper,2022,January,Sunday,Karnataka,Two Wheeler,Truck,2,Unknown,Unknown,Reckless Driving,Wet,Daylight,2,1,3,Fatal,Clear
3194,SCRAPED_000019,News_Paper,2022,January,Sunday,Rajasthan,Two Wheeler,Truck,2,Unknown,18-30,Unknown/Other,Dry,Daylight,1,1,2,Fatal,Clear
3195,SCRAPED_000020,News_Paper,2022,January,Sunday,Maharashtra,Two Wheeler,Truck,2,Unknown,31-50,Unknown/Other,Wet,Dark,1,0,1,Fatal,Clear
3196,SCRAPED_000021,News_Paper,2022,January,Wednesday,Haryana,Car,Truck,2,Unknown,18-30,Parking Issue,Wet,Daylight,1,0,1,Fatal,Clear
3197,SCRAPED_000022,News_Paper,2022,January,Thursday,Karnataka,Two Wheeler,Truck,2,Unknown,Under 18,Unknown/Other,Dry,Dark,1,1,2,Fatal,Clear
3198,SCRAPED_000023,News_Paper,2022,January,Friday,Maharashtra,Bus,Truck,2,Unknown,Unknown,Severe Collision,Wet,Daylight,2,12,14,Fatal,Clear
3199,SCRAPED_000024,News_Paper,2022,January,Friday,West Bengal,Truck,Unidentified,2,Unknown,Unknown,Loss of Control,Wet,Daylight,1,0,1,Fatal,Clear
3200,SCRAPED_000025,News_Paper,2022,January,Sunday,Madhya Pradesh,Truck,Unidentified,2,Unknown,Unknown,Loss of Control,Dry,Daylight,3,0,3,Fatal,Clear
3201,SCRAPED_000026,News_Paper,2022,January,Monday,Uttar Pradesh,Truck,Canal,2,Unknown,31-50,Loss of Control,Dry,Daylight,1,1,2,Fatal,Clear
3202,SCRAPED_000027,News_Paper,2022,January,Sunday,Maharashtra,Two Wheeler,Truck,2,Unknown,31-50,Unknown/Other,Dry,Dark,1,2,3,Fatal,Clear
3203,SCRAPED_000028,News_Paper,2022,January,Tuesday,Uttar Pradesh,Two Wheeler,Truck,2,Unknown,31-50,Severe Collision,Dry,Daylight,1,1,2,Fatal,Clear
3204,SCRAPED_000029,News_Paper,2022,January,Saturday,Maharashtra,Two Wheeler,Truck,2,Unknown,Unknown,Severe Collision,Wet,Daylight,2,1,3,Fatal,Clear
3205,SCRAPED_000030,News_Paper,2022,January,Thursday,Rajasthan,Truck,Truck,2,Unknown,18-30,Severe Collision,Wet,Daylight,3,0,3,Fatal,Clear
3206,SCRAPED_000031,News_Paper,2022,January,Tuesday,Maharashtra,Car,Truck,2,Unknown,Unknown,No Distancing/Rear End,Wet,Dark,3,1,4,Fatal,Clear
3207,SCRAPED_000032,News_Paper,2022,January,Wednesday,Rajasthan,Bus,Truck,2,Unknown,Unknown,Severe Collision,Dry,Dark,2,5,7,Fatal,Clear
3208,SCRAPED_000033,News_Paper,2022,January,Wednesday,Madhya Pradesh,Pedestrian,Truck,2,Unknown,31-50,Reckless Driving,Dry,Dark,1,0,1,Fatal,Clear
3209,SCRAPED_000034,News_Paper,2022,January,Friday,Gujarat,Two Wheeler,Truck,2,Unknown,Over 51,No Distancing/Rear End,Dry,Daylight,1,1,2,Fatal,Clear
3210,SCRAPED_000035,News_Paper,2022,January,Friday,Karnataka,Pedestrian,Truck,2,Unknown,18-30,Reckless Driving,Dry,Daylight,1,0,1,Fatal,Clear
3211,SCRAPED_000036,News_Paper,2022,January,Saturday,Odisha,Bus,Truck,2,Unknown,Unknown,No Distancing/Rear End,Wet,Daylight,6,20,26,Fatal,Clear
3212,SCRAPED_000037,News_Paper,2022,January,Friday,Gujarat,Two Wheeler,Truck,2,Unknown,18-30,Unknown/Other,Wet,Daylight,1,1,2,Fatal,Clear
3213,SCRAPED_000038,News_Paper,2022,January,Saturday,Goa,Two Wheeler,Truck,2,Unknown,Unknown,Unknown/Other,Dry,Daylight,2,0,2,Fatal,Clear
3214,SCRAPED_000039,News_Paper,2022,January,Sunday,Maharashtra,Two Wheeler,Truck,2,Unknown,Unknown,Unknown/Other,Dry,Daylight,5,5,10,Fatal,Clear
3215,SCRAPED_000040,News_Paper,2022,January,Saturday,Madhya Pradesh,Two Wheeler,Truck,2,Unknown,18-30,Unknown/Other,Dry,Daylight,1,2,3,Fatal,Clear
3216,SCRAPED_000041,News_Paper,2022,January,Saturday,Maharashtra,Two Wheeler,Truck,2,Unknown,18-30,Parking Issue,Dry,Daylight,1,0,1,Fatal,Clear
3217,SCRAPED_000042,News_Paper,2022,January,Sunday,Tamil Nadu,Car,Truck,2,Unknown,31-50,Unknown/Other,Dry,Dark,1,1,2,Fatal,Clear
3218,SCRAPED_000043,News_Paper,2022,January,Sunday,West Bengal,Bicycle,Truck,2,Unknown,31-50,Unknown/Other,Dry,Daylight,1,0,1,Fatal,Clear
3219,SCRAPED_000044,News_Paper,2022,January,Sunday,Madhya Pradesh,Two Wheeler,Truck,2,Unknown,18-30,No Distancing/Rear End,Dry,Daylight,1,0,1,Fatal,Clear
3220,SCRAPED_000045,News_Paper,2022,January,Monday,Punjab,Auto Rickshaw,Truck,2,Unknown,31-50,Parking Issue,Wet,Daylight,1,2,3,Fatal,Clear
3221,SCRAPED_000046,News_Paper,2022,January,Tuesday,Madhya Pradesh,Pedestrian,Truck,2,Unknown,31-50,Reckless Driving,Dry,Dark,1,0,1,Fatal,Clear
3222,SCRAPED_000047,News_Paper,2022,January,Thursday,Andhra Pradesh,Car,Truck,2,Unknown,Unknown,Unknown/Other,Dry,Daylight,2,1,3,Fatal,Clear
3223,SCRAPED_000048,News_Paper,2022,January,Thursday,Maharashtra,Car,Truck,2,Unknown,Unknown,Severe Collision,Dry,Daylight,2,2,4,Fatal,Clear
3224,SCRAPED_000049,News_Paper,2022,January,Thursday,Andhra Pradesh,Car,Truck,2,Unknown,Unknown,No Distancing/Rear End,Wet,Daylight,2,1,3,Fatal,Clear
3225,SCRAPED_000050,News_Paper,2022,January,Wednesday,Andhra Pradesh,Two Wheeler,Truck,2,Unknown,Unknown,Unknown/Other,Dry,Daylight,2,0,2,Fatal,Clear
3226,SCRAPED_000051,News_Paper,2022,January,Friday,Telangana,Pick Up,Truck,2,Unknown,Unknown,Unknown/Other,Dry,Daylight,4,8,12,Fatal,Clear
3227,SCRAPED_000052,News_Paper,2022,January,Sunday,Tamil Nadu,Truck,Truck,2,Unknown,18-30,Severe Collision,Dry,Daylight,1,5,6,Fatal,Clear
3228,SCRAPED_000053,News_Paper,2022,January,Saturday,Tamil Nadu,Two Wheeler,Truck,2,Unknown,Unknown,No Distancing/Rear End,Dry,Dark,2,0,2,Fatal,Clear
3229,SCRAPED_000054,News_Paper,2022,January,Monday,Rajasthan,Two Wheeler,Truck,2,Unknown,Unknown,Severe Collision,Dry,Dark,1,0,1,Fatal,Clear
3230,SCRAPED_000055,News_Paper,2022,February,Tuesday,Madhya Pradesh,Car,Truck,2,Unknown,Unknown,Unknown/Other,Dry,Daylight,1,3,4,Fatal,Clear
3231,SCRAPED_000056,News_Paper,2022,January,Monday,Gujarat,Two Wheeler,Truck,2,Unknown,18-30,No Distancing/Rear End,Wet,Daylight,1,1,2,Fatal,Clear
3232,SCRAPED_000057,News_Paper,2022,February,Tuesday,Karnataka,Car,Truck,2,Unknown,Unknown,Unknown/Other,Dry,Daylight,2,2,4,Fatal,Clear
3233,SCRAPED_000058,News_Paper,2022,February,Thursday,Rajasthan,Suv,Truck,2,Unknown,Unknown,Unknown/Other,Wet,Daylight,3,1,4,Fatal,Clear
3234,SCRAPED_000059,News_Paper,2022,February,Thursday,Kerala,Two Wheeler,Truck,2,Unknown,31-50,No Distancing/Rear End,Dry,Dark,1,0,1,Fatal,Clear
3235,SCRAPED_000060,News_Paper,2022,February,Wednesday,Gujarat,Truck,Truck,2,Unknown,31-50,Unknown/Other,Dry,Daylight,1,1,2,Fatal,Clear
3236,SCRAPED_000061,News_Paper,2022,February,Thursday,Rajasthan,Two Wheeler,Truck,2,Unknown,Unknown,Unknown/Other,Dry,Dark,1,2,3,Fatal,Clear
3237,SCRAPED_000062,News_Paper,2022,February,Thursday,Rajasthan,Car,Truck,2,Unknown,Unknown,Severe Collision,Dry,Daylight,3,0,3,Fatal,Clear
3238,SCRAPED_000063,News_Paper,2022,February,Thursday,Tamil Nadu,Two Wheeler,Truck,2,Unknown,31-50,No Distancing/Rear End,Dry,Daylight,1,1,2,Fatal,Clear
3239,SCRAPED_000064,News_Paper,2022,February,Thursday,Tamil Nadu,Pedestrian,Truck,2,Unknown,Over 51,Reckless Driving,Wet,Daylight,1,0,1,Fatal,Clear
3240,SCRAPED_000065,News_Paper,2022,February,Friday,Uttar Pradesh,Car,Truck,2,Unknown,Unknown,Severe Collision,Wet,Daylight,3,1,4,Fatal,Clear
3241,SCRAPED_000066,News_Paper,2022,February,Sunday,Andhra Pradesh,Car,Truck,2,Unknown,Unknown,Unknown/Other,Dry,Daylight,9,0,9,Fatal,Clear
3242,SCRAPED_000067,News_Paper,2022,February,Saturday,Madhya Pradesh,Two Wheeler,Truck,2,Unknown,31-50,Unknown/Other,Dry,Daylight,1,1,2,Fatal,Clear
3243,SCRAPED_000068,News_Paper,2022,February,Saturday,Maharashtra,Car,Truck,2,Unknown,Unknown,Parking Issue,Dry,Dark,3,2,5,Fatal,Clear
3244,SCRAPED_000069,News_Paper,2022,February,Sunday,Maharashtra,Bicycle,Truck,2,Unknown,Under 18,No Distancing/Rear End,Wet,Dark,1,1,2,Fatal,Clear
3245,SCRAPED_000070,News_Paper,2022,February,Tuesday,Tamil Nadu,Van,Truck,2,Unknown,Unknown,Parking Issue,Wet,Daylight,3,10,13,Fatal,Clear
3246,SCRAPED_000071,News_Paper,2022,February,Tuesday,Madhya Pradesh,Two Wheeler,Truck,2,Unknown,Unknown,Severe Collision,Dry,Daylight,2,0,2,Fatal,Clear
3247,SCRAPED_000072,News_Paper,2022,February,Tuesday,Andhra Pradesh,Two Wheeler,Truck,2,Unknown,Unknown,Parking Issue,Wet,Daylight,2,0,2,Fatal,Clear
3248,SCRAPED_000073,News_Paper,2022,February,Friday,Jharkhand,Car,Truck,2,Unknown,Unknown,Parking Issue,Dry,Daylight,4,2,6,Fatal,Clear
3249,SCRAPED_000074,News_Paper,2022,February,Thursday,Gujarat,Car,Truck,2,Unknown,Unknown,Parking Issue,Dry,Daylight,2,3,5,Fatal,Clear
3250,SCRAPED_000075,News_Paper,2022,February,Friday,Gujarat,Car,Truck,2,Unknown,Unknown,Parking Issue,Dry,Dark,2,3,5,Fatal,Clear
3251,SCRAPED_000076,News_Paper,2022,February,Monday,Jharkhand,Two Wheeler,Truck,2,Unknown,Unknown,Unknown/Other,Wet,Daylight,3,0,3,Fatal,Clear
3252,SCRAPED_000077,News_Paper,2022,February,Tuesday,Maharashtra,Car,Truck,2,Unknown,Unknown,No Distancing/Rear End,Dry,Dark,4,0,4,Fatal,Clear
3253,SCRAPED_000078,News_Paper,2022,February,Monday,Uttar Pradesh,Suv,Truck,2,Unknown,Unknown,Parking Issue,Dry,Daylight,2,5,7,Fatal,Clear
3254,SCRAPED_000079,News_Paper,2022,February,Wednesday,Uttar Pradesh,Car,Truck,2,Unknown,Unknown,Parking Issue,Dry,Daylight,6,0,6,Fatal,Clear
3255,SCRAPED_000080,News_Paper,2022,February,Monday,West Bengal,Pedestrian,Truck,2,Unknown,31-50,Reckless Driving,Wet,Dark,1,0,1,Fatal,Clear
3256,SCRAPED_000081,News_Paper,2022,February,Tuesday,Madhya Pradesh,Two Wheeler,Truck,2,Unknown,Unknown,Unknown/Other,Dry,Dark,4,5,9,Fatal,Clear
3257,SCRAPED_000082,News_Paper,2022,February,Wednesday,Tamil Nadu,Car,Truck,2,Unknown,Unknown,Severe Collision,Dry,Daylight,2,1,3,Fatal,Clear
3258,SCRAPED_000083,News_Paper,2022,February,Friday,Tamil Nadu,Car,Truck,2,Unknown,Unknown,No Distancing/Rear End,Dry,Daylight,4,1,5,Fatal,Clear
3259,SCRAPED_000084,News_Paper,2022,February,Wednesday,Haryana,Two Wheeler,Truck,2,Unknown,31-50,Severe Collision,Dry,Daylight,1,0,1,Fatal,Clear
3260,SCRAPED_000085,News_Paper,2022,February,Saturday,Delhi,Car,Truck,2,Unknown,Unknown,Unknown/Other,Wet,Dark,2,3,5,Fatal,Clear
3261,SCRAPED_000086,News_Paper,2022,February,Sunday,Madhya Pradesh,Car,Truck,2,Unknown,Unknown,Severe Collision,Dry,Dark,2,1,3,Fatal,Clear
3262,SCRAPED_000087,News_Paper,2022,February,Monday,Bihar,Two Wheeler,Truck,2,Unknown,31-50,Unknown/Other,Dry,Daylight,1,0,1,Fatal,Clear
3263,SCRAPED_000088,News_Paper,2022,February,Wednesday,Madhya Pradesh,Two Wheeler,Truck,2,Unknown,31-50,Severe Collision,Dry,Daylight,1,0,1,Fatal,Clear
3264,SCRAPED_000089,News_Paper,2022,February,Thursday,Maharashtra,Two Wheeler,Truck,2,Unknown,Unknown,No Distancing/Rear End,Dry,Daylight,2,0,2,Fatal,Clear
3265,SCRAPED_000090,News_Paper,2022,February,Saturday,Uttar Pradesh,Car,Truck,2,Unknown,Unknown,Parking Issue,Wet,Dark,5,1,6,Fatal,Clear
3266,SCRAPED_000091,News_Paper,2022,February,Sunday,Delhi,Two Wheeler,Truck,2,Unknown,Over 51,Severe Collision,Wet,Daylight,1,1,2,Fatal,Clear
3267,SCRAPED_000092,News_Paper,2022,February,Saturday,Punjab,Pedestrian,Truck,2,Unknown,31-50,Reckless Driving,Dry,Daylight,1,0,1,Fatal,Clear
3268,SCRAPED_000093,News_Paper,2022,February,Monday,Tamil Nadu,Car,Truck,2,Unknown,31-50,No Distancing/Rear End,Dry,Daylight,1,0,1,Fatal,Clear
3269,SCRAPED_000094,News_Paper,2022,February,Sunday,Maharashtra,Two Wheeler,Truck,2,Unknown,18-30,Unknown/Other,Dry,Daylight,1,0,1,Fatal,Clear
3270,SCRAPED_000095,News_Paper,2022,March,Tuesday,Maharashtra,Truck,Wall,2,Unknown,Unknown,Severe Collision,Wet,Daylight,1,22,23,Fatal,Clear
3271,SCRAPED_000096,News_Paper,2022,February,Monday,Maharashtra,Car,Truck,2,Unknown,31-50,No Distancing/Rear End,Dry,Dark,1,3,4,Fatal,Clear
3272,SCRAPED_000097,News_Paper,2022,February,Monday,Madhya Pradesh,Two Wheeler,Truck,2,Unknown,Under 18,Severe Collision,Dry,Daylight,1,2,3,Fatal,Clear
3273,SCRAPED_000098,News_Paper,2022,March,Tuesday,Uttar Pradesh,Auto Rickshaw,Truck,2,Unknown,Unknown,Severe Collision,Dry,Daylight,1,6,7,Fatal,Clear
3274,SCRAPED_000099,News_Paper,2022,February,Monday,Maharashtra,Car,Truck,2,Unknown,18-30,No Distancing/Rear End,Dry,Daylight,1,2,3,Fatal,Clear
3275,SCRAPED_000100,News_Paper,2022,March,Wednesday,Kerala,Two Wheeler,Truck,2,Unknown,18-30,No Distancing/Rear End,Dry,Dark,1,1,2,Fatal,Clear
3276,SCRAPED_000101,News_Paper,2022,March,Wednesday,Kerala,Car,Truck,2,Unknown,Unknown,Unknown/Other,Wet,Daylight,2,3,5,Fatal,Clear
3277,SCRAPED_000102,News_Paper,2022,March,Wednesday,Haryana,Car,Truck,2,Unknown,Unknown,Parking Issue,Wet,Dark,5,0,5,Fatal,Clear
3278,SCRAPED_000103,News_Paper,2022,March,Thursday,Uttarakhand,Two Wheeler,Truck,2,Unknown,31-50,No Distancing/Rear End,Dry,Daylight,1,1,2,Fatal,Clear
3279,SCRAPED_000104,News_Paper,2022,March,Friday,Chhattisgarh,Truck,Unidentified,2,Unknown,Unknown,Loss of Control,Wet,Daylight,4,0,4,Fatal,Clear
3280,SCRAPED_000105,News_Paper,2022,March,Friday,Maharashtra,Two Wheeler,Truck,2,Unknown,Under 18,Severe Collision,Dry,Daylight,1,2,3,Fatal,Clear
3281,SCRAPED_000106,News_Paper,2022,March,Sunday,Tamil Nadu,Van,Truck,2,Unknown,Unknown,Parking Issue,Dry,Daylight,2,7,9,Fatal,Clear
3282,SCRAPED_000107,News_Paper,2022,March,Saturday,Rajasthan,Car,Truck,2,Unknown,18-30,Unknown/Other,Dry,Daylight,1,1,2,Fatal,Clear
3283,SCRAPED_000108,News_Paper,2022,March,Saturday,Rajasthan,Truck,Truck,2,Unknown,31-50,Unknown/Other,Wet,Daylight,1,2,3,Fatal,Clear
3284,SCRAPED_000109,News_Paper,2022,March,Sunday,Maharashtra,Truck,Unidentified,2,Unknown,Unknown,Loss of Control,Dry,Dark,4,15,19,Fatal,Clear
3285,SCRAPED_000110,News_Paper,2022,March,Sunday,Andhra Pradesh,Pedestrian,Truck,2,Unknown,18-30,Reckless Driving,Wet,Daylight,2,1,3,Fatal,Clear
3286,SCRAPED_000111,News_Paper,2022,March,Sunday,Uttar Pradesh,Truck,Unidentified,2,Unknown,Unknown,Loss of Control,Dry,Daylight,4,1,5,Fatal,Clear
3287,SCRAPED_000112,News_Paper,2022,March,Sunday,Uttar Pradesh,Truck,Unidentified,2,Unknown,Unknown,Severe Collision,Wet,Daylight,2,0,2,Fatal,Clear
3288,SCRAPED_000113,News_Paper,2022,March,Tuesday,Tamil Nadu,Two Wheeler,Truck,2,Unknown,Unknown,Unknown/Other,Dry,Daylight,4,0,4,Fatal,Clear
3289,SCRAPED_000114,News_Paper,2022,March,Tuesday,Maharashtra,Pedestrian,Truck,2,Unknown,Under 18,Reckless Driving,Wet,Dark,1,0,1,Fatal,Clear
3290,SCRAPED_000115,News_Paper,2022,March,Tuesday,Maharashtra,Pedestrian,Truck,2,Unknown,Over 51,Reckless Driving,Wet,Daylight,1,0,1,Fatal,Clear
3291,SCRAPED_000116,News_Paper,2022,March,Thursday,Tamil Nadu,Two Wheeler,Truck,2,Unknown,Unknown,No Distancing/Rear End,Dry,Daylight,2,0,2,Fatal,Clear
3292,SCRAPED_000117,News_Paper,2022,March,Tuesday,Uttar Pradesh,Two Wheeler,Truck,2,Unknown,31-50,No Distancing/Rear End,Dry,Dark,1,1,2,Fatal,Clear
3293,SCRAPED_000118,News_Paper,2022,March,Wednesday,Andhra Pradesh,Truck,Bus,2,Unknown,Unknown,Unknown/Other,Dry,Dark,1,0,1,Fatal,Clear
3294,SCRAPED_000119,News_Paper,2022,March,Wednesday,Rajasthan,Two Wheeler,Truck,2,Unknown,Unknown,Unknown/Other,Dry,Daylight,2,0,2,Fatal,Clear
3295,SCRAPED_000120,News_Paper,2022,March,Wednesday,Andhra Pradesh,Two Wheeler,Truck,2,Unknown,18-30,Unknown/Other,Dry,Daylight,1,0,1,Fatal,Clear
3296,SCRAPED_000121,News_Paper,2022,March,Friday,Maharashtra,Truck,Truck,2,Unknown,18-30,No Distancing/Rear End,Wet,Daylight,1,1,2,Fatal,Clear
3297,SCRAPED_000122,News_Paper,2022,March,Friday,Karnataka,Truck,Unidentified,2,Unknown,Unknown,Loss of Control,Dry,Dark,4,16,20,Fatal,Clear
3298,SCRAPED_000123,News_Paper,2022,March,Friday,Madhya Pradesh,Two Wheeler,Truck,2,Unknown,18-30,No Distancing/Rear End,Dry,Daylight,1,0,1,Fatal,Clear
3299,SCRAPED_000124,News_Paper,2022,March,Saturday,Chhattisgarh,Car,Truck,2,Unknown,Unknown,Severe Collision,Wet,Daylight,3,0,3,Fatal,Clear
3300,SCRAPED_000125,News_Paper,2022,March,Friday,Andhra Pradesh,Two Wheeler,Truck,2,Unknown,Unknown,Severe Collision,Dry,Dark,3,0,3,Fatal,Clear
3301,SCRAPED_000126,News_Paper,2022,March,Saturday,West Bengal,Pedestrian,Truck,2,Unknown,Over 51,Reckless Driving,Dry,Daylight,1,0,1,Fatal,Clear
3302,SCRAPED_000127,News_Paper,2022,March,Saturday,West Bengal,Two Wheeler,Truck,2,Unknown,31-50,No Distancing/Rear End,Dry,Daylight,1,0,1,Fatal,Clear
3303,SCRAPED_000128,News_Paper,2022,March,Sunday,Andhra Pradesh,Two Wheeler,Truck,2,Unknown,31-50,No Distancing/Rear End,Wet,Dark,1,1,2,Fatal,Clear
3304,SCRAPED_000129,News_Paper,2022,March,Monday,Kerala,Car,Truck,2,Unknown,Under 18,Parking Issue,Wet,Daylight,1,2,3,Fatal,Clear
3305,SCRAPED_000130,News_Paper,2022,March,Monday,West Bengal,Pedestrian,Truck,2,Unknown,Unknown,Reckless Driving,Dry,Daylight,3,5,8,Fatal,Clear
3306,SCRAPED_000131,News_Paper,2022,March,Tuesday,Chhattisgarh,Truck,Truck,2,Unknown,Unknown,Severe Collision,Dry,Dark,5,17,22,Fatal,Clear
3307,SCRAPED_000132,News_Paper,2022,March,Wednesday,Haryana,Car,Truck,2,Unknown,Unknown,Severe Collision,Dry,Dark,2,10,12,Fatal,Clear
3308,SCRAPED_000133,News_Paper,2022,March,Wednesday,Uttar Pradesh,Car,Truck,2,Unknown,Unknown,No Distancing/Rear End,Wet,Daylight,3,0,3,Fatal,Clear
3309,SCRAPED_000134,News_Paper,2022,March,Tuesday,Karnataka,Bus,Truck,2,Unknown,18-30,Parking Issue,Wet,Daylight,1,7,8,Fatal,Clear
3310,SCRAPED_000135,News_Paper,2022,March,Thursday,Kerala,Pedestrian,Truck,2,Unknown,Unknown,Reckless Driving,Dry,Daylight,3,1,4,Fatal,Clear
3311,SCRAPED_000136,News_Paper,2022,March,Thursday,Karnataka,Two Wheeler,Truck,2,Unknown,18-30,Unknown/Other,Dry,Dark,1,2,3,Fatal,Clear
3312,SCRAPED_000137,News_Paper,2022,March,Saturday,Haryana,Pedestrian,Truck,2,Unknown,Unknown,Reckless Driving,Dry,Daylight,2,0,2,Fatal,Clear
3313,SCRAPED_000138,News_Paper,2022,March,Saturday,Rajasthan,Car,Truck,2,Unknown,Unknown,Parking Issue,Dry,Daylight,3,3,6,Fatal,Clear
3314,SCRAPED_000139,News_Paper,2022,March,Sunday,Kerala,Two Wheeler,Truck,2,Unknown,Unknown,No Distancing/Rear End,Dry,Daylight,2,0,2,Fatal,Clear
3315,SCRAPED_000140,News_Paper,2022,March,Saturday,Maharashtra,Truck,Truck,2,Unknown,18-30,Severe Collision,Dry,Dark,1,0,1,Fatal,Clear
3316,SCRAPED_000141,News_Paper,2022,March,Sunday,Uttar Pradesh,Car,Truck,2,Unknown,Unknown,Severe Collision,Dry,Daylight,3,1,4,Fatal,Clear
3317,SCRAPED_000142,News_Paper,2022,March,Tuesday,Maharashtra,Two Wheeler,Truck,2,Unknown,31-50,Unknown/Other,Dry,Daylight,1,4,5,Fatal,Clear
3318,SCRAPED_000143,News_Paper,2022,March,Monday,Rajasthan,Car,Truck,2,Unknown,31-50,Severe Collision,Dry,Daylight,1,0,1,Fatal,Clear
3319,SCRAPED_000144,News_Paper,2022,March,Wednesday,Andhra Pradesh,Bus,Truck,2,Unknown,Unknown,Unknown/Other,Wet,Daylight,1,34,35,Fatal,Clear
3320,SCRAPED_000145,News_Paper,2022,March,Monday,Tamil Nadu,Pedestrian,Truck,2,Unknown,Over 51,Reckless Driving,Dry,Daylight,1,0,1,Fatal,Clear
3321,SCRAPED_000146,News_Paper,2022,March,Monday,Maharashtra,Two Wheeler,Truck,2,Unknown,18-30,No Distancing/Rear End,Wet,Daylight,1,1,2,Fatal,Clear
3322,SCRAPED_000147,News_Paper,2022,March,Tuesday,Andhra Pradesh,Car,Truck,2,Unknown,Unknown,Parking Issue,Dry,Daylight,2,3,5,Fatal,Clear
3323,SCRAPED_000148,News_Paper,2022,March,Wednesday,Uttar Pradesh,Pick Up,Truck,2,Unknown,Unknown,Parking Issue,Wet,Daylight,5,1,6,Fatal,Clear
3324,SCRAPED_000149,News_Paper,2022,April,Friday,Andhra Pradesh,Bus,Truck,2,Unknown,Unknown,Unknown/Other,Dry,Daylight,2,2,4,Fatal,Clear
3325,SCRAPED_000150,News_Paper,2022,March,Thursday,West Bengal,Truck,Unidentified,2,Unknown,18-30,Unknown/Other,Wet,Dark,1,1,2,Fatal,Clear
3326,SCRAPED_000151,News_Paper,2022,April,Saturday,Odisha,Bus,Truck,2,Unknown,Unknown,Unknown/Other,Dry,Daylight,1,15,16,Fatal,Clear
3327,SCRAPED_000152,News_Paper,2022,April,Saturday,Tamil Nadu,Truck,Gorge,2,Unknown,Unknown,Loss of Control,Dry,Daylight,7,14,21,Fatal,Clear
3328,SCRAPED_000153,News_Paper,2022,April,Friday,Karnataka,Car,Truck,2,Unknown,Unknown,No Distancing/Rear End,Wet,Dark,2,1,3,Fatal,Clear
3329,SCRAPED_000154,News_Paper,2022,April,Saturday,Andhra Pradesh,Two Wheeler,Truck,2,Unknown,Unknown,Severe Collision,Dry,Daylight,1,1,2,Fatal,Clear
3330,SCRAPED_000155,News_Paper,2022,April,Sunday,Tamil Nadu,Van,Truck,2,Unknown,18-30,No Distancing/Rear End,Wet,Dark,1,7,8,Fatal,Clear
3331,SCRAPED_000156,News_Paper,2022,April,Tuesday,Gujarat,Two Wheeler,Truck,2,Unknown,Unknown,No Distancing/Rear End,Dry,Dark,3,0,3,Fatal,Clear
3332,SCRAPED_000157,News_Paper,2022,April,Tuesday,Uttarakhand,Truck,Gorge,2,Unknown,Unknown,Loss of Control,Wet,Daylight,3,0,3,Fatal,Clear
3333,SCRAPED_000158,News_Paper,2022,April,Tuesday,Uttar Pradesh,Car,Truck,2,Unknown,Unknown,Severe Collision,Dry,Dark,1,2,3,Fatal,Clear
3334,SCRAPED_000159,News_Paper,2022,April,Tuesday,Maharashtra,Two Wheeler,Truck,2,Unknown,Unknown,No Distancing/Rear End,Dry,Daylight,2,0,2,Fatal,Clear
3335,SCRAPED_000160,News_Paper,2022,April,Tuesday,Tamil Nadu,Two Wheeler,Truck,2,Unknown,Unknown,No Distancing/Rear End,Dry,Daylight,2,0,2,Fatal,Clear
3336,SCRAPED_000161,News_Paper,2022,April,Wednesday,Tamil Nadu,Pedestrian,Truck,2,Unknown,Over 51,Reckless Driving,Wet,Dark,1,0,1,Fatal,Clear
3337,SCRAPED_000162,News_Paper,2022,April,Tuesday,Karnataka,Car,Truck,2,Unknown,Unknown,Severe Collision,Dry,Daylight,3,2,5,Fatal,Clear
3338,SCRAPED_000163,News_Paper,2022,April,Tuesday,Madhya Pradesh,Pedestrian,Truck,2,Unknown,Unknown,Reckless Driving,Wet,Daylight,2,3,5,Fatal,Clear
3339,SCRAPED_000164,News_Paper,2022,April,Thursday,Andhra Pradesh,Car,Truck,2,Unknown,31-50,No Distancing/Rear End,Wet,Dark,1,4,5,Fatal,Clear
3340,SCRAPED_000165,News_Paper,2022,April,Wednesday,Gujarat,Two Wheeler,Truck,2,Unknown,31-50,Unknown/Other,Dry,Daylight,1,0,1,Fatal,Clear
3341,SCRAPED_000166,News_Paper,2022,April,Thursday,Madhya Pradesh,Two Wheeler,Truck,2,Unknown,Unknown,No Distancing/Rear End,Wet,Dark,3,0,3,Fatal,Clear
3342,SCRAPED_000167,News_Paper,2022,April,Saturday,Maharashtra,Car,Truck,2,Unknown,Unknown,No Distancing/Rear End,Wet,Daylight,4,0,4,Fatal,Clear
3343,SCRAPED_000168,News_Paper,2022,April,Thursday,Madhya Pradesh,Two Wheeler,Truck,2,Unknown,Unknown,Unknown/Other,Dry,Daylight,3,0,3,Fatal,Clear
3344,SCRAPED_000169,News_Paper,2022,April,Saturday,Gujarat,Two Wheeler,Truck,2,Unknown,Under 18,No Distancing/Rear End,Wet,Daylight,1,1,2,Fatal,Clear
3345,SCRAPED_000170,News_Paper,2022,April,Saturday,Karnataka,Two Wheeler,Truck,2,Unknown,Over 51,No Distancing/Rear End,Dry,Daylight,1,0,1,Fatal,Clear
3346,SCRAPED_000171,News_Paper,2022,April,Saturday,Uttar Pradesh,Two Wheeler,Truck,2,Unknown,Unknown,Severe Collision,Wet,Daylight,3,4,7,Fatal,Clear
3347,SCRAPED_000172,News_Paper,2022,April,Friday,Maharashtra,Pedestrian,Truck,2,Unknown,Over 51,Reckless Driving,Dry,Dark,1,0,1,Fatal,Clear
3348,SCRAPED_000173,News_Paper,2022,April,Saturday,Maharashtra,Two Wheeler,Truck,2,Unknown,31-50,Unknown/Other,Dry,Daylight,1,0,1,Fatal,Clear
3349,SCRAPED_000174,News_Paper,2022,April,Tuesday,Uttar Pradesh,Van,Truck,2,Unknown,Unknown,Parking Issue,Wet,Daylight,3,0,3,Fatal,Clear
3350,SCRAPED_000175,News_Paper,2022,April,Monday,Madhya Pradesh,Two Wheeler,Truck,2,Unknown,31-50,Unknown/Other,Dry,Daylight,1,2,3,Fatal,Clear
3351,SCRAPED_000176,News_Paper,2022,April,Tuesday,Rajasthan,Bus,Truck,2,Unknown,Unknown,Severe Collision,Wet,Daylight,3,20,23,Fatal,Clear
3352,SCRAPED_000177,News_Paper,2022,April,Monday,Tamil Nadu,Truck,Truck,2,Unknown,Unknown,Severe Collision,Dry,Dark,3,0,3,Fatal,Clear
3353,SCRAPED_000178,News_Paper,2022,April,Wednesday,Telangana,Two Wheeler,Truck,2,Unknown,Unknown,No Distancing/Rear End,Wet,Dark,2,0,2,Fatal,Clear
3354,SCRAPED_000179,News_Paper,2022,April,Tuesday,Madhya Pradesh,Car,Truck,2,Unknown,Unknown,No Distancing/Rear End,Dry,Dark,2,1,3,Fatal,Clear
3355,SCRAPED_000180,News_Paper,2022,April,Tuesday,Uttar Pradesh,Pick Up,Truck,2,Unknown,Unknown,No Distancing/Rear End,Wet,Dark,4,4,8,Fatal,Clear
3356,SCRAPED_000181,News_Paper,2022,April,Friday,Rajasthan,Car,Truck,2,Unknown,Unknown,No Distancing/Rear End,Dry,Dark,6,3,9,Fatal,Clear
3357,SCRAPED_000182,News_Paper,2022,April,Saturday,Maharashtra,Truck,Unidentified,2,Unknown,Under 18,Loss of Control,Dry,Daylight,1,4,5,Fatal,Clear
3358,SCRAPED_000183,News_Paper,2022,April,Sunday,Maharashtra,Pedestrian,Truck,2,Unknown,18-30,Reckless Driving,Dry,Daylight,1,0,1,Fatal,Clear
3359,SCRAPED_000184,News_Paper,2022,April,Tuesday,Rajasthan,Car,Truck,2,Unknown,Unknown,Parking Issue,Dry,Daylight,11,7,18,Fatal,Clear
3360,SCRAPED_000185,News_Paper,2022,April,Sunday,Uttar Pradesh,Van,Truck,2,Unknown,Unknown,Severe Collision,Dry,Daylight,6,11,17,Fatal,Clear
3361,SCRAPED_000186,News_Paper,2022,April,Monday,Gujarat,Two Wheeler,Truck,2,Unknown,Unknown,Unknown/Other,Dry,Daylight,2,0,2,Fatal,Clear
3362,SCRAPED_000187,News_Paper,2022,April,Thursday,Gujarat,Two Wheeler,Truck,2,Unknown,Under 18,Unknown/Other,Dry,Dark,1,1,2,Fatal,Clear
3363,SCRAPED_000188,News_Paper,2022,April,Thursday,Bihar,Two Wheeler,Truck,2,Unknown,31-50,Unknown/Other,Dry,Daylight,2,0,2,Fatal,Clear
3364,SCRAPED_000189,News_Paper,2022,April,Friday,Madhya Pradesh,Two Wheeler,Truck,2,Unknown,31-50,No Distancing/Rear End,Dry,Dark,1,0,1,Fatal,Clear
3365,SCRAPED_000190,News_Paper,2022,April,Saturday,Maharashtra,Suv,Truck,2,Unknown,Unknown,Severe Collision,Dry,Dark,7,0,7,Fatal,Clear
3366,SCRAPED_000191,News_Paper,2022,April,Sunday,Telangana,Suv,Truck,2,Unknown,Unknown,Parking Issue,Dry,Dark,3,4,7,Fatal,Clear
3367,SCRAPED_000192,News_Paper,2022,April,Monday,Andhra Pradesh,Van,Truck,2,Unknown,Unknown,Severe Collision,Dry,Daylight,4,8,12,Fatal,Clear
3368,SCRAPED_000193,News_Paper,2022,April,Sunday,Maharashtra,Two Wheeler,Truck,2,Unknown,Under 18,Unknown/Other,Wet,Daylight,1,2,3,Fatal,Clear
3369,SCRAPED_000194,News_Paper,2022,April,Wednesday,Maharashtra,Pedestrian,Truck,2,Unknown,Over 51,Reckless Driving,Dry,Daylight,1,0,1,Fatal,Clear
3370,SCRAPED_000195,News_Paper,2022,April,Thursday,Uttar Pradesh,Two Wheeler,Truck,2,Unknown,Unknown,Severe Collision,Dry,Daylight,2,0,2,Fatal,Clear
3371,SCRAPED_000196,News_Paper,2022,May,Sunday,Uttar Pradesh,Pedestrian,Truck,2,Unknown,Unknown,Reckless Driving,Dry,Daylight,3,4,7,Fatal,Clear
3372,SCRAPED_000197,News_Paper,2022,April,Saturday,Andhra Pradesh,Two Wheeler,Truck,2,Unknown,Over 51,Unknown/Other,Dry,Dark,1,0,1,Fatal,Clear
3373,SCRAPED_000198,News_Paper,2022,May,Sunday,Haryana,Two Wheeler,Truck,2,Unknown,Unknown,Unknown/Other,Dry,Daylight,4,0,4,Fatal,Clear
3374,SCRAPED_000199,News_Paper,2022,May,Monday,Gujarat,Car,Truck,2,Unknown,Unknown,Severe Collision,Wet,Daylight,5,0,5,Fatal,Clear
3375,SCRAPED_000200,News_Paper,2022,May,Sunday,Andhra Pradesh,Two Wheeler,Truck,2,Unknown,31-50,Unknown/Other,Dry,Daylight,2,0,2,Fatal,Clear
3376,SCRAPED_000201,News_Paper,2022,April,Saturday,Uttar Pradesh,Pedestrian,Truck,2,Unknown,Unknown,Reckless Driving,Dry,Daylight,2,0,2,Fatal,Clear
3377,SCRAPED_000202,News_Paper,2022,May,Sunday,Goa,Two Wheeler,Truck,2,Unknown,Unknown,No Distancing/Rear End,Dry,Daylight,2,0,2,Fatal,Clear
3378,SCRAPED_000203,News_Paper,2022,May,Sunday,Mizoram,Truck,Gorge,2,Unknown,Unknown,Loss of Control,Wet,Daylight,3,0,3,Fatal,Clear
3379,SCRAPED_000204,News_Paper,2022,May,Sunday,Maharashtra,Two Wheeler,Truck,2,Unknown,31-50,No Distancing/Rear End,Dry,Dark,1,0,1,Fatal,Clear
3380,SCRAPED_000205,News_Paper,2022,May,Tuesday,Uttar Pradesh,Car,Truck,2,Unknown,Unknown,Severe Collision,Dry,Daylight,2,0,2,Fatal,Clear
3381,SCRAPED_000206,News_Paper,2022,May,Monday,Maharashtra,Pedestrian,Truck,2,Unknown,18-30,Reckless Driving,Dry,Daylight,1,0,1,Fatal,Clear
3382,SCRAPED_000207,News_Paper,2022,May,Tuesday,Uttar Pradesh,Auto Rickshaw,Truck,2,Unknown,18-30,Severe Collision,Dry,Daylight,1,0,1,Fatal,Clear
3383,SCRAPED_000208,News_Paper,2022,May,Wednesday,Madhya Pradesh,Car,Truck,2,Unknown,Unknown,Unknown/Other,Dry,Daylight,2,1,3,Fatal,Clear
3384,SCRAPED_000209,News_Paper,2022,May,Friday,Maharashtra,Auto Rickshaw,Truck,2,Unknown,Unknown,Unknown/Other,Wet,Dark,6,7,13,Fatal,Clear
3385,SCRAPED_000210,News_Paper,2022,May,Friday,Maharashtra,Suv,Truck,2,Unknown,Unknown,No Distancing/Rear End,Dry,Daylight,7,1,8,Fatal,Clear
3386,SCRAPED_000211,News_Paper,2022,May,Friday,Madhya Pradesh,Pedestrian,Truck,2,Unknown,Over 51,Reckless Driving,Wet,Dark,1,0,1,Fatal,Clear
3387,SCRAPED_000212,News_Paper,2022,May,Saturday,Uttar Pradesh,Car,Truck,2,Unknown,31-50,No Distancing/Rear End,Dry,Daylight,1,3,4,Fatal,Clear
3388,SCRAPED_000213,News_Paper,2022,May,Sunday,Gujarat,Car,Truck,2,Unknown,Unknown,Severe Collision,Dry,Daylight,3,0,3,Fatal,Clear
3389,SCRAPED_000214,News_Paper,2022,May,Sunday,Telangana,Van,Truck,2,Unknown,Unknown,Severe Collision,Dry,Daylight,8,17,25,Fatal,Clear
3390,SCRAPED_000215,News_Paper,2022,May,Tuesday,Rajasthan,Truck,Truck,2,Unknown,Unknown,No Distancing/Rear End,Dry,Daylight,4,13,17,Fatal,Clear
3391,SCRAPED_000216,News_Paper,2022,May,Tuesday,Madhya Pradesh,Car,Truck,2,Unknown,Over 51,Severe Collision,Dry,Dark,1,2,3,Fatal,Clear
3392,SCRAPED_000217,News_Paper,2022,May,Wednesday,Rajasthan,Car,Truck,2,Unknown,Unknown,Parking Issue,Dry,Dark,4,0,4,Fatal,Clear
3393,SCRAPED_000218,News_Paper,2022,May,Wednesday,Rajasthan,Pedestrian,Truck,2,Unknown,Unknown,Severe Collision,Dry,Daylight,4,2,6,Fatal,Clear
3394,SCRAPED_000219,News_Paper,2022,May,Friday,Andhra Pradesh,Two Wheeler,Truck,2,Unknown,31-50,No Distancing/Rear End,Dry,Dark,1,0,1,Fatal,Clear
3395,SCRAPED_000220,News_Paper,2022,May,Saturday,Kerala,Pedestrian,Truck,2,Unknown,18-30,Reckless Driving,Wet,Daylight,1,1,2,Fatal,Clear
3396,SCRAPED_000221,News_Paper,2022,May,Sunday,Rajasthan,Car,Truck,2,Unknown,Unknown,Unknown/Other,Dry,Daylight,6,9,15,Fatal,Clear
3397,SCRAPED_000222,News_Paper,2022,May,Sunday,Rajasthan,Bus,Truck,2,Unknown,Unknown,Severe Collision,Dry,Daylight,2,4,6,Fatal,Clear
3398,SCRAPED_000223,News_Paper,2022,May,Sunday,Rajasthan,Auto Rickshaw,Truck,2,Unknown,Unknown,Unknown/Other,Wet,Daylight,4,0,4,Fatal,Clear
3399,SCRAPED_000224,News_Paper,2022,May,Thursday,Maharashtra,Two Wheeler,Truck,2,Unknown,Unknown,No Distancing/Rear End,Dry,Daylight,2,0,2,Fatal,Clear
3400,SCRAPED_000225,News_Paper,2022,May,Sunday,Manipur,Truck,Gorge,2,Unknown,Unknown,Loss of Control,Dry,Daylight,2,0,2,Fatal,Clear
3401,SCRAPED_000226,News_Paper,2022,May,Tuesday,Haryana,Suv,Truck,2,Unknown,Unknown,Parking Issue,Dry,Dark,5,11,16,Fatal,Clear
3402,SCRAPED_000227,News_Paper,2022,May,Tuesday,Madhya Pradesh,Pedestrian,Truck,2,Unknown,Unknown,Unknown/Other,Dry,Daylight,3,10,13,Fatal,Clear
3403,SCRAPED_000228,News_Paper,2022,May,Tuesday,Maharashtra,Auto Rickshaw,Truck,2,Unknown,Unknown,Unknown/Other,Dry,Dark,3,10,13,Fatal,Clear
3404,SCRAPED_000229,News_Paper,2022,May,Thursday,Haryana,Pedestrian,Truck,2,Unknown,Unknown,Reckless Driving,Dry,Daylight,3,15,18,Fatal,Clear
3405,SCRAPED_000230,News_Paper,2022,May,Tuesday,Uttar Pradesh,Bus,Truck,2,Unknown,Unknown,Parking Issue,Dry,Daylight,3,31,34,Fatal,Clear
3406,SCRAPED_000231,News_Paper,2022,May,Friday,Uttar Pradesh,Suv,Truck,2,Unknown,Unknown,Unknown/Other,Dry,Daylight,6,3,9,Fatal,Clear
3407,SCRAPED_000232,News_Paper,2022,May,Friday,Uttar Pradesh,Truck,Truck,2,Unknown,Unknown,Severe Collision,Dry,Dark,3,9,12,Fatal,Clear
3408,SCRAPED_000233,News_Paper,2022,May,Thursday,Rajasthan,Truck,Truck,2,Unknown,Unknown,Severe Collision,Dry,Daylight,1,1,2,Fatal,Clear
3409,SCRAPED_000234,News_Paper,2022,May,Friday,Tamil Nadu,Two Wheeler,Truck,2,Unknown,Under 18,No Distancing/Rear End,Dry,Daylight,1,2,3,Fatal,Clear
3410,SCRAPED_000235,News_Paper,2022,May,Saturday,Gujarat,Truck,Truck,2,Unknown,Unknown,Unknown/Other,Dry,Daylight,2,2,4,Fatal,Clear
3411,SCRAPED_000236,News_Paper,2022,May,Friday,Chhattisgarh,Pick Up,Truck,2,Unknown,Unknown,No Distancing/Rear End,Dry,Daylight,4,0,4,Fatal,Clear
3412,SCRAPED_000237,News_Paper,2022,May,Sunday,Uttar Pradesh,Suv,Truck,2,Unknown,Unknown,Parking Issue,Dry,Daylight,8,3,11,Fatal,Clear
3413,SCRAPED_000238,News_Paper,2022,May,Sunday,Andhra Pradesh,Car,Truck,2,Unknown,Unknown,Unknown/Other,Dry,Daylight,3,2,5,Fatal,Clear
3414,SCRAPED_000239,News_Paper,2022,May,Monday,Bihar,Truck,Unidentified,2,Unknown,Unknown,Loss of Control,Dry,Daylight,8,10,18,Fatal,Clear
3415,SCRAPED_000240,News_Paper,2022,May,Tuesday,Uttar Pradesh,Car,Truck,2,Unknown,Unknown,Parking Issue,Dry,Daylight,5,5,10,Fatal,Clear
3416,SCRAPED_000241,News_Paper,2022,May,Tuesday,Karnataka,Truck,Bus,2,Unknown,Unknown,Unknown/Other,Dry,Daylight,8,24,32,Fatal,Clear
3417,SCRAPED_000242,News_Paper,2022,May,Tuesday,Delhi,Car,Truck,2,Unknown,31-50,Parking Issue,Dry,Daylight,1,1,2,Fatal,Clear
3418,SCRAPED_000243,News_Paper,2022,May,Wednesday,Uttar Pradesh,Car,Truck,2,Unknown,Unknown,Severe Collision,Dry,Daylight,4,0,4,Fatal,Clear
3419,SCRAPED_000244,News_Paper,2022,May,Tuesday,Haryana,Suv,Truck,2,Unknown,Unknown,Severe Collision,Dry,Dark,6,17,23,Fatal,Clear
3420,SCRAPED_000245,News_Paper,2022,May,Tuesday,Tamil Nadu,Two Wheeler,Truck,2,Unknown,Unknown,No Distancing/Rear End,Wet,Daylight,2,0,2,Fatal,Clear
3421,SCRAPED_000246,News_Paper,2022,May,Wednesday,Andhra Pradesh,Auto Rickshaw,Truck,2,Unknown,Unknown,Unknown/Other,Dry,Daylight,2,0,2,Fatal,Clear
3422,SCRAPED_000247,News_Paper,2022,May,Thursday,Andhra Pradesh,Two Wheeler,Truck,2,Unknown,Unknown,Severe Collision,Dry,Daylight,3,0,3,Fatal,Clear
3423,SCRAPED_000248,News_Paper,2022,May,Sunday,Uttar Pradesh,Bus,Truck,2,Unknown,Unknown,Severe Collision,Dry,Daylight,7,9,16,Fatal,Clear
3424,SCRAPED_000249,News_Paper,2022,May,Saturday,Uttar Pradesh,Two Wheeler,Truck,2,Unknown,18-30,Severe Collision,Dry,Daylight,1,1,2,Fatal,Clear
3425,SCRAPED_000250,News_Paper,2022,May,Friday,Rajasthan,Bus,Truck,2,Unknown,Unknown,Parking Issue,Dry,Daylight,2,15,17,Fatal,Clear
3426,SCRAPED_000251,News_Paper,2022,May,Saturday,Gujarat,Two Wheeler,Truck,2,Unknown,Unknown,No Distancing/Rear End,Dry,Daylight,4,0,4,Fatal,Clear
3427,SCRAPED_000252,News_Paper,2022,May,Saturday,Madhya Pradesh,Car,Truck,2,Unknown,Unknown,Severe Collision,Wet,Daylight,2,1,3,Fatal,Clear
3428,SCRAPED_000253,News_Paper,2022,May,Monday,Maharashtra,Pedestrian,Truck,2,Unknown,31-50,Reckless Driving,Dry,Dark,1,4,5,Fatal,Clear
3429,SCRAPED_000254,News_Paper,2022,May,Sunday,Andhra Pradesh,Truck,Truck,2,Unknown,Unknown,Parking Issue,Dry,Daylight,7,18,25,Fatal,Clear
3430,SCRAPED_000255,News_Paper,2022,June,Wednesday,Gujarat,Car,Truck,2,Unknown,Unknown,Unknown/Other,Dry,Daylight,4,0,4,Fatal,Clear
3431,SCRAPED_000256,News_Paper,2022,May,Monday,Madhya Pradesh,Suv,Truck,2,Unknown,Unknown,Parking Issue,Dry,Daylight,2,0,2,Fatal,Clear
3432,SCRAPED_000257,News_Paper,2022,June,Thursday,Maharashtra,Car,Truck,2,Unknown,Unknown,Parking Issue,Wet,Daylight,7,9,16,Fatal,Clear
3433,SCRAPED_000258,News_Paper,2022,June,Saturday,Maharashtra,Car,Truck,2,Unknown,Unknown,Parking Issue,Dry,Daylight,5,0,5,Fatal,Clear
3434,SCRAPED_000259,News_Paper,2022,June,Friday,Maharashtra,Two Wheeler,Truck,2,Unknown,Unknown,Severe Collision,Dry,Daylight,2,0,2,Fatal,Clear
3435,SCRAPED_000260,News_Paper,2022,June,Monday,Madhya Pradesh,Truck,Unidentified,2,Unknown,Unknown,Loss of Control,Dry,Dark,2,1,3,Fatal,Clear
3436,SCRAPED_000261,News_Paper,2022,June,Monday,Madhya Pradesh,Two Wheeler,Truck,2,Unknown,Unknown,Unknown/Other,Wet,Daylight,2,0,2,Fatal,Clear
3437,SCRAPED_000262,News_Paper,2022,June,Sunday,Delhi,Car,Truck,2,Unknown,31-50,Parking Issue,Dry,Daylight,1,4,5,Fatal,Clear
3438,SCRAPED_000263,News_Paper,2022,June,Monday,Rajasthan,Suv,Truck,2,Unknown,Unknown,Severe Collision,Dry,Daylight,8,2,10,Fatal,Clear
3439,SCRAPED_000264,News_Paper,2022,June,Wednesday,Madhya Pradesh,Car,Truck,2,Unknown,Unknown,Unknown/Other,Wet,Daylight,4,0,4,Fatal,Clear
3440,SCRAPED_000265,News_Paper,2022,June,Wednesday,Uttar Pradesh,Two Wheeler,Truck,2,Unknown,Unknown,Unknown/Other,Dry,Daylight,5,0,5,Fatal,Clear
3441,SCRAPED_000266,News_Paper,2022,June,Wednesday,Uttarakhand,Two Wheeler,Truck,2,Unknown,Unknown,No Distancing/Rear End,Dry,Daylight,2,0,2,Fatal,Clear
3442,SCRAPED_000267,News_Paper,2022,June,Wednesday,Maharashtra,Car,Truck,2,Unknown,Unknown,Severe Collision,Dry,Daylight,3,0,3,Fatal,Clear
3443,SCRAPED_000268,News_Paper,2022,June,Thursday,Madhya Pradesh,Two Wheeler,Truck,2,Unknown,31-50,No Distancing/Rear End,Dry,Daylight,1,1,2,Fatal,Clear
3444,SCRAPED_000269,News_Paper,2022,June,Thursday,Madhya Pradesh,Two Wheeler,Truck,2,Unknown,Unknown,No Distancing/Rear End,Wet,Daylight,1,0,1,Fatal,Clear
3445,SCRAPED_000270,News_Paper,2022,June,Friday,Maharashtra,Truck,Truck,2,Unknown,31-50,Parking Issue,Dry,Dark,1,0,1,Fatal,Clear
3446,SCRAPED_000271,News_Paper,2022,June,Saturday,Madhya Pradesh,Van,Truck,2,Unknown,18-30,No Distancing/Rear End,Wet,Dark,1,0,1,Fatal,Clear
3447,SCRAPED_000272,News_Paper,2022,June,Sunday,Delhi,Car,Truck,2,Unknown,Unknown,Parking Issue,Dry,Daylight,2,3,5,Fatal,Clear
3448,SCRAPED_000273,News_Paper,2022,June,Saturday,Chhattisgarh,Auto Rickshaw,Truck,2,Unknown,Unknown,Unknown/Other,Dry,Daylight,2,12,14,Fatal,Clear
3449,SCRAPED_000274,News_Paper,2022,June,Monday,Andhra Pradesh,Two Wheeler,Truck,2,Unknown,Unknown,No Distancing/Rear End,Dry,Daylight,2,0,2,Fatal,Clear
3450,SCRAPED_000275,News_Paper,2022,June,Monday,Bihar,Auto Rickshaw,Truck,2,Unknown,Unknown,Severe Collision,Dry,Dark,5,7,12,Fatal,Clear
3451,SCRAPED_000276,News_Paper,2022,June,Tuesday,Uttar Pradesh,Truck,Truck,2,Unknown,Unknown,No Distancing/Rear End,Wet,Daylight,6,14,20,Fatal,Clear
3452,SCRAPED_000277,News_Paper,2022,June,Sunday,Telangana,Car,Truck,2,Unknown,Unknown,Severe Collision,Dry,Daylight,3,0,3,Fatal,Clear
3453,SCRAPED_000278,News_Paper,2022,June,Tuesday,Uttar Pradesh,Pedestrian,Truck,2,Unknown,Unknown,Reckless Driving,Dry,Dark,2,0,2,Fatal,Clear
3454,SCRAPED_000279,News_Paper,2022,June,Wednesday,Madhya Pradesh,Bus,Truck,2,Unknown,Unknown,Parking Issue,Dry,Daylight,3,7,10,Fatal,Clear
3455,SCRAPED_000280,News_Paper,2022,June,Saturday,Uttar Pradesh,Van,Truck,2,Unknown,Unknown,Severe Collision,Wet,Daylight,7,5,12,Fatal,Clear
3456,SCRAPED_000281,News_Paper,2022,June,Monday,Punjab,Car,Truck,2,Unknown,Unknown,Parking Issue,Dry,Dark,5,2,7,Fatal,Clear
3457,SCRAPED_000282,News_Paper,2022,June,Saturday,Madhya Pradesh,Two Wheeler,Truck,2,Unknown,18-30,Unknown/Other,Dry,Daylight,1,0,1,Fatal,Clear
3458,SCRAPED_000283,News_Paper,2022,June,Friday,Himachal Pradesh,Two Wheeler,Truck,2,Unknown,Over 51,Severe Collision,Wet,Daylight,1,0,1,Fatal,Clear
3459,SCRAPED_000284,News_Paper,2022,June,Saturday,Himachal Pradesh,Truck,Gorge,2,Unknown,Unknown,Loss of Control,Dry,Dark,1,0,1,Fatal,Clear
3460,SCRAPED_000285,News_Paper,2022,June,Monday,Madhya Pradesh,Two Wheeler,Truck,2,Unknown,Unknown,Severe Collision,Wet,Daylight,2,0,2,Fatal,Clear
3461,SCRAPED_000286,News_Paper,2022,June,Sunday,Telangana,Two Wheeler,Truck,2,Unknown,Unknown,Parking Issue,Dry,Daylight,1,0,1,Fatal,Clear
3462,SCRAPED_000287,News_Paper,2022,June,Monday,Karnataka,Two Wheeler,Truck,2,Unknown,31-50,No Distancing/Rear End,Dry,Dark,1,0,1,Fatal,Clear
3463,SCRAPED_000288,News_Paper,2022,June,Tuesday,Chandigarh,Bicycle,Truck,2,Unknown,31-50,Unknown/Other,Dry,Daylight,1,0,1,Fatal,Clear
3464,SCRAPED_000289,News_Paper,2022,June,Wednesday,Chhattisgarh,Two Wheeler,Truck,2,Unknown,18-30,Unknown/Other,Wet,Dark,1,1,2,Fatal,Clear
3465,SCRAPED_000290,News_Paper,2022,June,Thursday,Rajasthan,Two Wheeler,Truck,2,Unknown,31-50,No Distancing/Rear End,Dry,Daylight,1,0,1,Fatal,Clear
3466,SCRAPED_000291,News_Paper,2022,June,Sunday,Chhattisgarh,Two Wheeler,Truck,2,Unknown,31-50,Severe Collision,Wet,Dark,1,0,1,Fatal,Clear
3467,SCRAPED_000292,News_Paper,2022,June,Sunday,Madhya Pradesh,Two Wheeler,Truck,2,Unknown,18-30,Severe Collision,Dry,Daylight,1,0,1,Fatal,Clear
3468,SCRAPED_000293,News_Paper,2022,June,Monday,Rajasthan,Car,Truck,2,Unknown,Unknown,Parking Issue,Dry,Daylight,5,0,5,Fatal,Clear
3469,SCRAPED_000294,News_Paper,2022,June,Wednesday,Maharashtra,Pick Up,Truck,2,Unknown,Unknown,Severe Collision,Dry,Dark,4,0,4,Fatal,Clear
3470,SCRAPED_000295,News_Paper,2022,June,Wednesday,Chhattisgarh,Car,Truck,2,Unknown,Unknown,Severe Collision,Dry,Daylight,2,3,5,Fatal,Clear
3471,SCRAPED_000296,News_Paper,2022,July,Friday,Uttar Pradesh,Auto Rickshaw,Truck,2,Unknown,Unknown,Severe Collision,Dry,Daylight,6,3,9,Fatal,Clear
3472,SCRAPED_000297,News_Paper,2022,July,Saturday,Maharashtra,Suv,Truck,2,Unknown,Unknown,No Distancing/Rear End,Dry,Daylight,3,1,4,Fatal,Clear
3473,SCRAPED_000298,News_Paper,2022,June,Tuesday,Maharashtra,Two Wheeler,Truck,2,Unknown,Unknown,Severe Collision,Dry,Daylight,3,0,3,Fatal,Clear
3474,SCRAPED_000299,News_Paper,2022,July,Friday,Andhra Pradesh,Two Wheeler,Truck,2,Unknown,31-50,Unknown/Other,Dry,Daylight,1,0,1,Fatal,Clear
3475,SCRAPED_000300,News_Paper,2022,July,Saturday,Nagaland,Auto Rickshaw,Truck,2,Unknown,Unknown,Unknown/Other,Wet,Daylight,5,3,8,Fatal,Clear
3476,SCRAPED_000301,News_Paper,2022,July,Sunday,Maharashtra,Two Wheeler,Truck,2,Unknown,Unknown,Unknown/Other,Wet,Dark,3,4,7,Fatal,Clear
3477,SCRAPED_000302,News_Paper,2022,July,Tuesday,Himachal Pradesh,Truck,Unidentified,2,Unknown,Unknown,Loss of Control,Wet,Daylight,3,1,4,Fatal,Clear
3478,SCRAPED_000303,News_Paper,2022,July,Monday,Madhya Pradesh,Truck,Truck,2,Unknown,31-50,Parking Issue,Wet,Daylight,1,1,2,Fatal,Clear
3479,SCRAPED_000304,News_Paper,2022,July,Monday,Telangana,Car,Truck,2,Unknown,Unknown,No Distancing/Rear End,Dry,Daylight,3,0,3,Fatal,Clear
3480,SCRAPED_000305,News_Paper,2022,July,Monday,Kerala,Two Wheeler,Truck,2,Unknown,Unknown,Severe Collision,Dry,Daylight,2,1,3,Fatal,Clear
3481,SCRAPED_000306,News_Paper,2022,July,Wednesday,Andhra Pradesh,Two Wheeler,Truck,2,Unknown,Unknown,Unknown/Other,Dry,Daylight,2,0,2,Fatal,Clear
3482,SCRAPED_000307,News_Paper,2022,July,Thursday,Uttar Pradesh,Truck,Truck,2,Unknown,Unknown,Unknown/Other,Dry,Dark,2,9,11,Fatal,Clear
3483,SCRAPED_000308,News_Paper,2022,July,Friday,Tamil Nadu,Bus,Truck,2,Unknown,Unknown,Parking Issue,Wet,Daylight,6,10,16,Fatal,Clear
3484,SCRAPED_000309,News_Paper,2022,July,Thursday,Tamil Nadu,Car,Truck,2,Unknown,Unknown,Unknown/Other,Dry,Daylight,4,0,4,Fatal,Clear
3485,SCRAPED_000310,News_Paper,2022,July,Friday,Gujarat,Two Wheeler,Truck,2,Unknown,Unknown,Parking Issue,Wet,Daylight,3,0,3,Fatal,Clear
3486,SCRAPED_000311,News_Paper,2022,July,Friday,Karnataka,Van,Truck,2,Unknown,31-50,Severe Collision,Dry,Dark,1,0,1,Fatal,Clear
3487,SCRAPED_000312,News_Paper,2022,July,Saturday,Rajasthan,Car,Truck,2,Unknown,Unknown,Unknown/Other,Dry,Daylight,2,2,4,Fatal,Clear
3488,SCRAPED_000313,News_Paper,2022,July,Sunday,Rajasthan,Car,Truck,2,Unknown,Unknown,Unknown/Other,Dry,Dark,1,5,6,Fatal,Clear
3489,SCRAPED_000314,News_Paper,2022,July,Sunday,Rajasthan,Car,Truck,2,Unknown,Unknown,Severe Collision,Dry,Dark,2,3,5,Fatal,Clear
3490,SCRAPED_000315,News_Paper,2022,July,Thursday,Uttar Pradesh,Car,Truck,2,Unknown,Unknown,Parking Issue,Dry,Daylight,2,2,4,Fatal,Clear
3491,SCRAPED_000316,News_Paper,2022,July,Sunday,Uttar Pradesh,Two Wheeler,Truck,2,Unknown,18-30,Severe Collision,Dry,Dark,1,1,2,Fatal,Clear
3492,SCRAPED_000317,News_Paper,2022,July,Tuesday,Odisha,Bus,Truck,2,Unknown,Unknown,Unknown/Other,Dry,Dark,1,8,9,Fatal,Clear
3493,SCRAPED_000318,News_Paper,2022,July,Monday,Uttar Pradesh,Two Wheeler,Truck,2,Unknown,31-50,No Distancing/Rear End,Dry,Daylight,1,1,2,Fatal,Clear
3494,SCRAPED_000319,News_Paper,2022,July,Wednesday,Himachal Pradesh,Truck,Gorge,2,Unknown,Unknown,Loss of Control,Wet,Daylight,3,3,6,Fatal,Clear
3495,SCRAPED_000320,News_Paper,2022,July,Monday,Tamil Nadu,Car,Truck,2,Unknown,31-50,Parking Issue,Dry,Dark,1,4,5,Fatal,Clear
3496,SCRAPED_000321,News_Paper,2022,July,Monday,Karnataka,Two Wheeler,Truck,2,Unknown,18-30,Parking Issue,Dry,Daylight,1,1,2,Fatal,Clear
3497,SCRAPED_000322,News_Paper,2022,July,Wednesday,Telangana,Car,Truck,2,Unknown,Unknown,Parking Issue,Wet,Dark,3,0,3,Fatal,Clear
3498,SCRAPED_000323,News_Paper,2022,July,Friday,Tamil Nadu,Pedestrian,Truck,2,Unknown,Unknown,Reckless Driving,Dry,Dark,2,0,2,Fatal,Clear
3499,SCRAPED_000324,News_Paper,2022,July,Saturday,Uttar Pradesh,Bus,Truck,2,Unknown,Unknown,Severe Collision,Dry,Daylight,5,22,27,Fatal,Clear
3500,SCRAPED_000325,News_Paper,2022,July,Saturday,Chhattisgarh,Two Wheeler,Truck,2,Unknown,Unknown,No Distancing/Rear End,Dry,Daylight,2,0,2,Fatal,Clear
3501,SCRAPED_000326,News_Paper,2022,July,Sunday,Goa,Two Wheeler,Truck,2,Unknown,Over 51,Severe Collision,Dry,Dark,1,0,1,Fatal,Clear
3502,SCRAPED_000327,News_Paper,2022,July,Saturday,Madhya Pradesh,Two Wheeler,Truck,2,Unknown,Unknown,Severe Collision,Wet,Daylight,3,0,3,Fatal,Clear
3503,SCRAPED_000328,News_Paper,2022,July,Saturday,Uttar Pradesh,Pedestrian,Truck,2,Unknown,Unknown,Reckless Driving,Wet,Daylight,5,1,6,Fatal,Clear
3504,SCRAPED_000329,News_Paper,2022,July,Friday,Karnataka,Pedestrian,Truck,2,Unknown,Under 18,Reckless Driving,Dry,Dark,1,0,1,Fatal,Clear
3505,SCRAPED_000330,News_Paper,2022,July,Friday,Jammu and Kashmir,Car,Truck,2,Unknown,Unknown,Unknown/Other,Dry,Daylight,4,15,19,Fatal,Clear
3506,SCRAPED_000331,News_Paper,2022,July,Saturday,Bihar,Two Wheeler,Truck,2,Unknown,Unknown,Unknown/Other,Dry,Daylight,2,1,3,Fatal,Clear
3507,SCRAPED_000332,News_Paper,2022,July,Wednesday,Andhra Pradesh,Car,Truck,2,Unknown,Unknown,No Distancing/Rear End,Dry,Dark,3,3,6,Fatal,Clear
3508,SCRAPED_000333,News_Paper,2022,July,Wednesday,Tamil Nadu,Two Wheeler,Truck,2,Unknown,Unknown,Severe Collision,Wet,Daylight,2,0,2,Fatal,Clear
3509,SCRAPED_000334,News_Paper,2022,July,Friday,Rajasthan,Two Wheeler,Truck,2,Unknown,Unknown,No Distancing/Rear End,Dry,Daylight,3,0,3,Fatal,Clear
3510,SCRAPED_000335,News_Paper,2022,July,Saturday,Tamil Nadu,Bus,Truck,2,Unknown,Unknown,Parking Issue,Dry,Daylight,2,3,5,Fatal,Clear
3511,SCRAPED_000336,News_Paper,2022,July,Saturday,Haryana,Two Wheeler,Truck,2,Unknown,Unknown,No Distancing/Rear End,Dry,Daylight,2,1,3,Fatal,Clear
3512,SCRAPED_000337,News_Paper,2022,July,Saturday,West Bengal,Bicycle,Truck,2,Unknown,Under 18,No Distancing/Rear End,Dry,Daylight,1,0,1,Fatal,Clear
3513,SCRAPED_000338,News_Paper,2022,August,Monday,Madhya Pradesh,Two Wheeler,Truck,2,Unknown,18-30,Severe Collision,Dry,Dark,1,0,1,Fatal,Clear
3514,SCRAPED_000339,News_Paper,2022,August,Wednesday,Bihar,Pedestrian,Truck,2,Unknown,Unknown,Reckless Driving,Dry,Daylight,5,7,12,Fatal,Clear
3515,SCRAPED_000340,News_Paper,2022,August,Wednesday,Punjab,Two Wheeler,Truck,2,Unknown,Unknown,Parking Issue,Dry,Daylight,1,0,1,Fatal,Clear
3516,SCRAPED_000341,News_Paper,2022,August,Wednesday,Punjab,Two Wheeler,Truck,2,Unknown,31-50,Unknown/Other,Dry,Daylight,1,1,2,Fatal,Clear
3517,SCRAPED_000342,News_Paper,2022,August,Tuesday,Madhya Pradesh,Car,Truck,2,Unknown,Unknown,Unknown/Other,Dry,Daylight,1,4,5,Fatal,Clear
3518,SCRAPED_000343,News_Paper,2022,August,Thursday,Jammu and Kashmir,Truck,Gorge,2,Unknown,Unknown,Loss of Control,Wet,Daylight,5,12,17,Fatal,Clear
3519,SCRAPED_000344,News_Paper,2022,August,Friday,West Bengal,Two Wheeler,Truck,2,Unknown,18-30,Parking Issue,Dry,Daylight,1,1,2,Fatal,Clear
3520,SCRAPED_000345,News_Paper,2022,August,Friday,Madhya Pradesh,Pedestrian,Truck,2,Unknown,Under 18,Reckless Driving,Dry,Dark,1,0,1,Fatal,Clear
3521,SCRAPED_000346,News_Paper,2022,August,Friday,Maharashtra,Two Wheeler,Truck,2,Unknown,Unknown,Severe Collision,Dry,Dark,2,0,2,Fatal,Clear
3522,SCRAPED_000347,News_Paper,2022,August,Monday,Andhra Pradesh,Car,Truck,2,Unknown,Unknown,Unknown/Other,Dry,Daylight,5,0,5,Fatal,Clear
3523,SCRAPED_000348,News_Paper,2022,August,Tuesday,Jharkhand,Pedestrian,Truck,2,Unknown,Unknown,Reckless Driving,Dry,Daylight,3,1,4,Fatal,Clear
3524,SCRAPED_000349,News_Paper,2022,August,Tuesday,West Bengal,Bicycle,Truck,2,Unknown,Unknown,Unknown/Other,Dry,Daylight,1,0,1,Fatal,Clear
3525,SCRAPED_000350,News_Paper,2022,August,Monday,West Bengal,Pedestrian,Truck,2,Unknown,31-50,Reckless Driving,Dry,Daylight,1,0,1,Fatal,Clear
3526,SCRAPED_000351,News_Paper,2022,August,Wednesday,Uttar Pradesh,Two Wheeler,Truck,2,Unknown,31-50,Unknown/Other,Dry,Dark,1,1,2,Fatal,Clear
3527,SCRAPED_000352,News_Paper,2022,August,Wednesday,Karnataka,Two Wheeler,Truck,2,Unknown,18-30,No Distancing/Rear End,Dry,Dark,1,1,2,Fatal,Clear
3528,SCRAPED_000353,News_Paper,2022,August,Wednesday,Andhra Pradesh,Two Wheeler,Truck,2,Unknown,Unknown,Unknown/Other,Dry,Dark,2,0,2,Fatal,Clear
3529,SCRAPED_000354,News_Paper,2022,August,Thursday,Maharashtra,Two Wheeler,Truck,2,Unknown,18-30,No Distancing/Rear End,Dry,Dark,1,1,2,Fatal,Clear
3530,SCRAPED_000355,News_Paper,2022,August,Friday,Madhya Pradesh,Pedestrian,Truck,2,Unknown,Unknown,Reckless Driving,Dry,Dark,2,0,2,Fatal,Clear
3531,SCRAPED_000356,News_Paper,2022,August,Sunday,Maharashtra,Car,Truck,2,Unknown,Unknown,Severe Collision,Dry,Daylight,6,0,6,Fatal,Clear
3532,SCRAPED_000357,News_Paper,2022,August,Saturday,Gujarat,Car,Truck,2,Unknown,Unknown,No Distancing/Rear End,Dry,Daylight,4,0,4,Fatal,Clear
3533,SCRAPED_000358,News_Paper,2022,August,Monday,Maharashtra,Car,Truck,2,Unknown,Over 51,No Distancing/Rear End,Dry,Daylight,1,0,1,Fatal,Clear
3534,SCRAPED_000359,News_Paper,2022,August,Tuesday,Haryana,Suv,Truck,2,Unknown,Unknown,Severe Collision,Dry,Dark,4,2,6,Fatal,Clear
3535,SCRAPED_000360,News_Paper,2022,August,Wednesday,Maharashtra,Bus,Truck,2,Unknown,Unknown,Severe Collision,Wet,Dark,5,1,6,Fatal,Clear
3536,SCRAPED_000361,News_Paper,2022,August,Tuesday,Maharashtra,Two Wheeler,Truck,2,Unknown,31-50,Parking Issue,Dry,Dark,1,0,1,Fatal,Clear
3537,SCRAPED_000362,News_Paper,2022,August,Tuesday,Maharashtra,Two Wheeler,Truck,2,Unknown,31-50,Parking Issue,Dry,Dark,1,0,1,Fatal,Clear
3538,SCRAPED_000363,News_Paper,2022,August,Tuesday,Andhra Pradesh,Car,Truck,2,Unknown,Unknown,Parking Issue,Dry,Daylight,4,0,4,Fatal,Clear
3539,SCRAPED_000364,News_Paper,2022,August,Tuesday,Assam,Two Wheeler,Truck,2,Unknown,18-30,Unknown/Other,Dry,Dark,1,3,4,Fatal,Clear
3540,SCRAPED_000365,News_Paper,2022,August,Thursday,Rajasthan,Car,Truck,2,Unknown,Unknown,No Distancing/Rear End,Wet,Daylight,4,0,4,Fatal,Clear
3541,SCRAPED_000366,News_Paper,2022,August,Thursday,Himachal Pradesh,Car,Truck,2,Unknown,Unknown,Severe Collision,Dry,Daylight,2,0,2,Fatal,Clear
3542,SCRAPED_000367,News_Paper,2022,August,Saturday,Karnataka,Bus,Truck,2,Unknown,Unknown,Severe Collision,Dry,Daylight,2,10,12,Fatal,Clear
3543,SCRAPED_000368,News_Paper,2022,August,Friday,West Bengal,Two Wheeler,Truck,2,Unknown,18-30,Unknown/Other,Dry,Daylight,1,1,2,Fatal,Clear
3544,SCRAPED_000369,News_Paper,2022,August,Saturday,West Bengal,Two Wheeler,Truck,2,Unknown,31-50,Unknown/Other,Dry,Daylight,1,0,1,Fatal,Clear
3545,SCRAPED_000370,News_Paper,2022,August,Sunday,Maharashtra,Two Wheeler,Truck,2,Unknown,Under 18,No Distancing/Rear End,Dry,Dark,1,4,5,Fatal,Clear
3546,SCRAPED_000371,News_Paper,2022,August,Monday,Madhya Pradesh,Truck,Truck,2,Unknown,Unknown,Unknown/Other,Dry,Daylight,4,11,15,Fatal,Clear
3547,SCRAPED_000372,News_Paper,2022,August,Sunday,Uttar Pradesh,Suv,Truck,2,Unknown,Unknown,Parking Issue,Dry,Daylight,6,6,12,Fatal,Clear
3548,SCRAPED_000373,News_Paper,2022,August,Monday,Rajasthan,Car,Truck,2,Unknown,Unknown,Severe Collision,Wet,Daylight,4,0,4,Fatal,Clear
3549,SCRAPED_000374,News_Paper,2022,August,Sunday,Uttar Pradesh,Two Wheeler,Truck,2,Unknown,Unknown,Severe Collision,Wet,Dark,5,0,5,Fatal,Clear
3550,SCRAPED_000375,News_Paper,2022,August,Monday,Haryana,Car,Truck,2,Unknown,18-30,Parking Issue,Dry,Dark,1,1,2,Fatal,Clear
3551,SCRAPED_000376,News_Paper,2022,August,Tuesday,Madhya Pradesh,Auto Rickshaw,Truck,2,Unknown,Unknown,Severe Collision,Dry,Dark,3,15,18,Fatal,Clear
3552,SCRAPED_000377,News_Paper,2022,August,Tuesday,Chhattisgarh,Car,Truck,2,Unknown,Unknown,Severe Collision,Dry,Daylight,2,1,3,Fatal,Clear
3553,SCRAPED_000378,News_Paper,2022,August,Thursday,Karnataka,Suv,Truck,2,Unknown,Unknown,No Distancing/Rear End,Dry,Daylight,9,14,23,Fatal,Clear
3554,SCRAPED_000379,News_Paper,2022,August,Thursday,Tamil Nadu,Two Wheeler,Truck,2,Unknown,Unknown,Severe Collision,Dry,Daylight,2,0,2,Fatal,Clear
3555,SCRAPED_000380,News_Paper,2022,August,Friday,Maharashtra,Car,Truck,2,Unknown,Unknown,No Distancing/Rear End,Wet,Dark,2,0,2,Fatal,Clear
3556,SCRAPED_000381,News_Paper,2022,August,Thursday,Karnataka,Two Wheeler,Truck,2,Unknown,Unknown,Unknown/Other,Dry,Dark,3,1,4,Fatal,Clear
3557,SCRAPED_000382,News_Paper,2022,August,Saturday,West Bengal,Car,Truck,2,Unknown,31-50,Severe Collision,Dry,Dark,1,0,1,Fatal,Clear
3558,SCRAPED_000383,News_Paper,2022,August,Saturday,Uttar Pradesh,Truck,River,2,Unknown,Unknown,Loss of Control,Dry,Daylight,6,14,20,Fatal,Clear
3559,SCRAPED_000384,News_Paper,2022,August,Sunday,Maharashtra,Two Wheeler,Truck,2,Unknown,18-30,Severe Collision,Dry,Dark,1,0,1,Fatal,Clear
3560,SCRAPED_000385,News_Paper,2022,August,Sunday,Odisha,Auto Rickshaw,Truck,2,Unknown,Unknown,Severe Collision,Dry,Daylight,5,0,5,Fatal,Clear
3561,SCRAPED_000386,News_Paper,2022,August,Tuesday,Uttar Pradesh,Pedestrian,Truck,2,Unknown,Unknown,Reckless Driving,Dry,Dark,2,0,2,Fatal,Clear
3562,SCRAPED_000387,News_Paper,2022,August,Wednesday,West Bengal,Two Wheeler,Truck,2,Unknown,18-30,No Distancing/Rear End,Dry,Daylight,1,0,1,Fatal,Clear
3563,SCRAPED_000388,News_Paper,2022,August,Wednesday,West Bengal,Pedestrian,Truck,2,Unknown,31-50,Reckless Driving,Dry,Daylight,1,0,1,Fatal,Clear
3564,SCRAPED_000389,News_Paper,2022,August,Wednesday,Himachal Pradesh,Truck,Gorge,2,Unknown,Unknown,Loss of Control,Dry,Daylight,1,4,5,Fatal,Clear
3565,SCRAPED_000390,News_Paper,2022,September,Friday,Madhya Pradesh,Two Wheeler,Truck,2,Unknown,Unknown,Unknown/Other,Dry,Daylight,1,1,2,Fatal,Clear
3566,SCRAPED_000391,News_Paper,2022,September,Saturday,Tamil Nadu,Two Wheeler,Truck,2,Unknown,18-30,Unknown/Other,Dry,Daylight,1,1,2,Fatal,Clear
3567,SCRAPED_000392,News_Paper,2022,September,Sunday,Karnataka,Pedestrian,Truck,2,Unknown,Under 18,Reckless Driving,Wet,Dark,1,1,2,Fatal,Clear
3568,SCRAPED_000393,News_Paper,2022,September,Monday,Madhya Pradesh,Two Wheeler,Truck,2,Unknown,Unknown,No Distancing/Rear End,Dry,Daylight,1,0,1,Fatal,Clear
3569,SCRAPED_000394,News_Paper,2022,September,Wednesday,Rajasthan,Car,Truck,2,Unknown,Under 18,Severe Collision,Dry,Dark,6,0,6,Fatal,Clear
3570,SCRAPED_000395,News_Paper,2022,September,Monday,Gujarat,Bus,Truck,2,Unknown,Unknown,Parking Issue,Dry,Daylight,4,11,15,Fatal,Clear
3571,SCRAPED_000396,News_Paper,2022,September,Tuesday,Punjab,Pedestrian,Truck,2,Unknown,Over 51,Reckless Driving,Dry,Daylight,1,0,1,Fatal,Clear
3572,SCRAPED_000397,News_Paper,2022,September,Tuesday,Punjab,Pedestrian,Truck,2,Unknown,Over 51,Reckless Driving,Dry,Daylight,1,0,1,Fatal,Clear
3573,SCRAPED_000398,News_Paper,2022,September,Tuesday,Uttar Pradesh,Truck,Bus,2,Unknown,Unknown,Unknown/Other,Dry,Daylight,1,4,5,Fatal,Clear
3574,SCRAPED_000399,News_Paper,2022,September,Thursday,Haryana,Car,Truck,2,Unknown,Unknown,Severe Collision,Wet,Dark,2,1,3,Fatal,Clear
3575,SCRAPED_000400,News_Paper,2022,September,Saturday,Rajasthan,Car,Truck,2,Unknown,Unknown,Unknown/Other,Wet,Dark,4,2,6,Fatal,Clear
3576,SCRAPED_000401,News_Paper,2022,September,Saturday,Haryana,Two Wheeler,Truck,2,Unknown,Unknown,No Distancing/Rear End,Dry,Daylight,2,0,2,Fatal,Clear
3577,SCRAPED_000402,News_Paper,2022,September,Saturday,Haryana,Truck,Unidentified,2,Unknown,Unknown,Loss of Control,Wet,Dark,1,1,2,Fatal,Clear
3578,SCRAPED_000403,News_Paper,2022,September,Wednesday,Rajasthan,Suv,Truck,2,Unknown,Unknown,Severe Collision,Wet,Daylight,5,12,17,Fatal,Clear
3579,SCRAPED_000404,News_Paper,2022,September,Friday,Rajasthan,Two Wheeler,Truck,2,Unknown,Unknown,Unknown/Other,Dry,Dark,3,1,4,Fatal,Clear
3580,SCRAPED_000405,News_Paper,2022,September,Thursday,Maharashtra,Two Wheeler,Truck,2,Unknown,31-50,No Distancing/Rear End,Dry,Dark,1,0,1,Fatal,Clear
3581,SCRAPED_000406,News_Paper,2022,September,Friday,Gujarat,Car,Truck,2,Unknown,Unknown,Severe Collision,Wet,Daylight,2,0,2,Fatal,Clear
3582,SCRAPED_000407,News_Paper,2022,September,Monday,Punjab,Car,Truck,2,Unknown,Unknown,Severe Collision,Dry,Daylight,3,0,3,Fatal,Clear
3583,SCRAPED_000408,News_Paper,2022,September,Monday,Punjab,Auto Rickshaw,Truck,2,Unknown,18-30,Severe Collision,Wet,Dark,1,3,4,Fatal,Clear
3584,SCRAPED_000409,News_Paper,2022,September,Tuesday,Rajasthan,Car,Truck,2,Unknown,Unknown,Severe Collision,Wet,Daylight,3,0,3,Fatal,Clear
3585,SCRAPED_000410,News_Paper,2022,September,Wednesday,Haryana,Two Wheeler,Truck,2,Unknown,Unknown,Unknown/Other,Dry,Daylight,2,1,3,Fatal,Clear
3586,SCRAPED_000411,News_Paper,2022,September,Thursday,Uttar Pradesh,Truck,Truck,2,Unknown,Unknown,Severe Collision,Dry,Daylight,4,20,24,Fatal,Clear
3587,SCRAPED_000412,News_Paper,2022,September,Friday,Odisha,Bus,Truck,2,Unknown,Unknown,Severe Collision,Dry,Dark,4,8,12,Fatal,Clear
3588,SCRAPED_000413,News_Paper,2022,September,Thursday,Maharashtra,Two Wheeler,Truck,2,Unknown,18-30,No Distancing/Rear End,Dry,Dark,1,0,1,Fatal,Clear
3589,SCRAPED_000414,News_Paper,2022,September,Friday,Uttar Pradesh,Car,Truck,2,Unknown,Under 18,Unknown/Other,Dry,Daylight,1,2,3,Fatal,Clear
3590,SCRAPED_000415,News_Paper,2022,September,Friday,Karnataka,Two Wheeler,Truck,2,Unknown,18-30,Severe Collision,Wet,Daylight,1,0,1,Fatal,Clear
3591,SCRAPED_000416,News_Paper,2022,September,Friday,Karnataka,Two Wheeler,Truck,2,Unknown,18-30,Severe Collision,Wet,Dark,1,0,1,Fatal,Clear
3592,SCRAPED_000417,News_Paper,2022,September,Sunday,Tamil Nadu,Bus,Truck,2,Unknown,Unknown,Unknown/Other,Dry,Dark,6,0,6,Fatal,Clear
3593,SCRAPED_000418,News_Paper,2022,September,Saturday,Maharashtra,Truck,Truck,2,Unknown,31-50,Severe Collision,Wet,Dark,1,1,2,Fatal,Clear
3594,SCRAPED_000419,News_Paper,2022,September,Saturday,Karnataka,Car,Truck,2,Unknown,Unknown,Unknown/Other,Dry,Dark,2,2,4,Fatal,Clear
3595,SCRAPED_000420,News_Paper,2022,September,Saturday,Haryana,Truck,Truck,2,Unknown,Unknown,Severe Collision,Dry,Daylight,4,7,11,Fatal,Clear
3596,SCRAPED_000421,News_Paper,2022,September,Monday,Maharashtra,Bus,Truck,2,Unknown,Over 51,Severe Collision,Wet,Daylight,1,5,6,Fatal,Clear
3597,SCRAPED_000422,News_Paper,2022,September,Saturday,West Bengal,Truck,Truck,2,Unknown,Over 51,Parking Issue,Dry,Dark,1,0,1,Fatal,Clear
3598,SCRAPED_000423,News_Paper,2022,September,Monday,Punjab,Pedestrian,Truck,2,Unknown,Over 51,Reckless Driving,Wet,Dark,1,0,1,Fatal,Clear
3599,SCRAPED_000424,News_Paper,2022,September,Monday,Maharashtra,Two Wheeler,Truck,2,Unknown,31-50,Severe Collision,Dry,Daylight,1,1,2,Fatal,Clear
3600,SCRAPED_000425,News_Paper,2022,September,Wednesday,Delhi,Pedestrian,Truck,2,Unknown,Unknown,Reckless Driving,Dry,Daylight,4,2,6,Fatal,Clear
3601,SCRAPED_000426,News_Paper,2022,September,Monday,Haryana,Truck,Ambulance,2,Unknown,31-50,Severe Collision,Dry,Daylight,2,0,2,Fatal,Clear
3602,SCRAPED_000427,News_Paper,2022,September,Tuesday,Maharashtra,Two Wheeler,Truck,2,Unknown,31-50,Unknown/Other,Wet,Daylight,1,0,1,Fatal,Clear
3603,SCRAPED_000428,News_Paper,2022,September,Wednesday,Maharashtra,Two Wheeler,Truck,2,Unknown,Under 18,Unknown/Other,Dry,Daylight,1,0,1,Fatal,Clear
3604,SCRAPED_000429,News_Paper,2022,September,Friday,Uttar Pradesh,Pedestrian,Truck,2,Unknown,Unknown,Reckless Driving,Dry,Daylight,2,0,2,Fatal,Clear
3605,SCRAPED_000430,News_Paper,2022,September,Friday,Madhya Pradesh,Two Wheeler,Truck,2,Unknown,31-50,No Distancing/Rear End,Wet,Daylight,1,2,3,Fatal,Clear
3606,SCRAPED_000431,News_Paper,2022,September,Monday,Uttar Pradesh,Truck,Unidentified,2,Unknown,Unknown,Loss of Control,Dry,Daylight,10,20,30,Fatal,Clear
3607,SCRAPED_000432,News_Paper,2022,September,Sunday,West Bengal,Two Wheeler,Truck,2,Unknown,Unknown,Unknown/Other,Wet,Daylight,2,1,3,Fatal,Clear
3608,SCRAPED_000433,News_Paper,2022,September,Monday,Uttar Pradesh,Pedestrian,Truck,2,Unknown,Unknown,Reckless Driving,Dry,Daylight,2,1,3,Fatal,Clear
3609,SCRAPED_000434,News_Paper,2022,September,Tuesday,Goa,Suv,Truck,2,Unknown,Unknown,Severe Collision,Wet,Dark,2,3,5,Fatal,Clear
3610,SCRAPED_000435,News_Paper,2022,September,Wednesday,Bihar,Truck,Truck,2,Unknown,Unknown,No Distancing/Rear End,Dry,Daylight,2,34,36,Fatal,Clear
3611,SCRAPED_000436,News_Paper,2022,September,Monday,Tamil Nadu,Pedestrian,Truck,2,Unknown,Under 18,Reckless Driving,Dry,Daylight,1,0,1,Fatal,Clear
3612,SCRAPED_000437,News_Paper,2022,September,Monday,Tamil Nadu,Two Wheeler,Truck,2,Unknown,Under 18,Unknown/Other,Dry,Daylight,1,2,3,Fatal,Clear
3613,SCRAPED_000438,News_Paper,2022,September,Wednesday,Uttar Pradesh,Bus,Truck,2,Unknown,Unknown,Severe Collision,Dry,Dark,8,18,26,Fatal,Clear
3614,SCRAPED_000439,News_Paper,2022,September,Tuesday,West Bengal,Pedestrian,Truck,2,Unknown,Over 51,Reckless Driving,Wet,Daylight,1,0,1,Fatal,Clear
3615,SCRAPED_000440,News_Paper,2022,September,Wednesday,Tamil Nadu,Two Wheeler,Truck,2,Unknown,Unknown,Unknown/Other,Wet,Daylight,2,2,4,Fatal,Clear
3616,SCRAPED_000441,News_Paper,2022,September,Thursday,Maharashtra,Two Wheeler,Truck,2,Unknown,18-30,Unknown/Other,Dry,Daylight,1,3,4,Fatal,Clear
3617,SCRAPED_000442,News_Paper,2022,October,Saturday,Uttar Pradesh,Pick Up,Truck,2,Unknown,Unknown,Parking Issue,Dry,Dark,5,10,15,Fatal,Clear
3618,SCRAPED_000443,News_Paper,2022,October,Sunday,Madhya Pradesh,Car,Truck,2,Unknown,Unknown,Parking Issue,Wet,Dark,4,1,5,Fatal,Clear
3619,SCRAPED_000444,News_Paper,2022,October,Saturday,Himachal Pradesh,Car,Truck,2,Unknown,Unknown,Severe Collision,Wet,Dark,3,1,4,Fatal,Clear
3620,SCRAPED_000445,News_Paper,2022,October,Sunday,Maharashtra,Two Wheeler,Truck,2,Unknown,Unknown,Severe Collision,Wet,Dark,2,1,3,Fatal,Clear
3621,SCRAPED_000446,News_Paper,2022,October,Tuesday,Gujarat,Auto Rickshaw,Truck,2,Unknown,Unknown,Severe Collision,Dry,Dark,10,7,17,Fatal,Clear
3622,SCRAPED_000447,News_Paper,2022,October,Tuesday,Haryana,Two Wheeler,Truck,2,Unknown,Unknown,Severe Collision,Dry,Daylight,2,0,2,Fatal,Clear
3623,SCRAPED_000448,News_Paper,2022,October,Monday,Karnataka,Bus,Truck,2,Unknown,Unknown,Parking Issue,Dry,Daylight,2,26,28,Fatal,Clear
3624,SCRAPED_000449,News_Paper,2022,October,Saturday,Madhya Pradesh,Car,Truck,2,Unknown,Unknown,Severe Collision,Wet,Dark,1,1,2,Fatal,Clear
3625,SCRAPED_000450,News_Paper,2022,October,Tuesday,Uttar Pradesh,Pedestrian,Truck,2,Unknown,Unknown,Reckless Driving,Dry,Daylight,2,4,6,Fatal,Clear
3626,SCRAPED_000451,News_Paper,2022,October,Monday,Gujarat,Two Wheeler,Truck,2,Unknown,18-30,No Distancing/Rear End,Dry,Daylight,1,1,2,Fatal,Clear
3627,SCRAPED_000452,News_Paper,2022,October,Sunday,Haryana,Two Wheeler,Truck,2,Unknown,31-50,Severe Collision,Dry,Daylight,1,0,1,Fatal,Clear
3628,SCRAPED_000453,News_Paper,2022,October,Wednesday,Bihar,Pedestrian,Truck,2,Unknown,Unknown,Reckless Driving,Wet,Daylight,1,0,1,Fatal,Clear
3629,SCRAPED_000454,News_Paper,2022,October,Wednesday,Bihar,Pedestrian,Truck,2,Unknown,Unknown,Reckless Driving,Dry,Daylight,1,0,1,Fatal,Clear
3630,SCRAPED_000455,News_Paper,2022,October,Wednesday,Bihar,Two Wheeler,Truck,2,Unknown,Unknown,No Distancing/Rear End,Wet,Daylight,2,0,2,Fatal,Clear
3631,SCRAPED_000456,News_Paper,2022,October,Wednesday,Chhattisgarh,Two Wheeler,Truck,2,Unknown,Unknown,Severe Collision,Dry,Dark,2,0,2,Fatal,Clear
3632,SCRAPED_000457,News_Paper,2022,October,Wednesday,Jharkhand,Pedestrian,Truck,2,Unknown,Unknown,Reckless Driving,Dry,Daylight,6,2,8,Fatal,Clear
3633,SCRAPED_000458,News_Paper,2022,October,Saturday,Maharashtra,Bus,Truck,2,Unknown,Unknown,Severe Collision,Wet,Dark,12,18,30,Fatal,Clear
3634,SCRAPED_000459,News_Paper,2022,October,Sunday,Jharkhand,Suv,Truck,2,Unknown,Unknown,Unknown/Other,Wet,Dark,2,6,8,Fatal,Clear
3635,SCRAPED_000460,News_Paper,2022,October,Sunday,Karnataka,Two Wheeler,Truck,2,Unknown,31-50,No Distancing/Rear End,Dry,Dark,1,0,1,Fatal,Clear
3636,SCRAPED_000461,News_Paper,2022,October,Tuesday,Kerala,Two Wheeler,Truck,2,Unknown,Over 51,No Distancing/Rear End,Dry,Daylight,1,0,1,Fatal,Clear
3637,SCRAPED_000462,News_Paper,2022,October,Tuesday,Uttar Pradesh,Bus,Truck,2,Unknown,18-30,No Distancing/Rear End,Wet,Daylight,1,69,70,Fatal,Clear
3638,SCRAPED_000463,News_Paper,2022,October,Tuesday,Maharashtra,Two Wheeler,Truck,2,Unknown,Unknown,Severe Collision,Dry,Dark,2,0,2,Fatal,Clear
3639,SCRAPED_000464,News_Paper,2022,October,Friday,Uttar Pradesh,Car,Truck,2,Unknown,Unknown,Severe Collision,Dry,Daylight,4,0,4,Fatal,Clear
3640,SCRAPED_000465,News_Paper,2022,October,Thursday,Maharashtra,Truck,Canal,2,Unknown,Unknown,Loss of Control,Wet,Daylight,3,6,9,Fatal,Clear
3641,SCRAPED_000466,News_Paper,2022,October,Thursday,Haryana,Van,Truck,2,Unknown,Unknown,Parking Issue,Dry,Daylight,2,0,2,Fatal,Clear
3642,SCRAPED_000467,News_Paper,2022,October,Friday,Rajasthan,Car,Truck,2,Unknown,31-50,Unknown/Other,Dry,Daylight,1,2,3,Fatal,Clear
3643,SCRAPED_000468,News_Paper,2022,October,Saturday,Kerala,Truck,Unidentified,2,Unknown,31-50,Loss of Control,Wet,Dark,1,0,1,Fatal,Clear
3644,SCRAPED_000469,News_Paper,2022,October,Sunday,Karnataka,Bus,Truck,2,Unknown,Unknown,Unknown/Other,Wet,Daylight,9,12,21,Fatal,Clear
3645,SCRAPED_000470,News_Paper,2022,October,Saturday,Andhra Pradesh,Pedestrian,Truck,2,Unknown,Over 51,Reckless Driving,Dry,Daylight,1,0,1,Fatal,Clear
3646,SCRAPED_000471,News_Paper,2022,October,Monday,Punjab,Two Wheeler,Truck,2,Unknown,Unknown,Unknown/Other,Dry,Daylight,1,0,1,Fatal,Clear
3647,SCRAPED_000472,News_Paper,2022,October,Tuesday,West Bengal,Truck,Unidentified,2,Unknown,Unknown,Loss of Control,Dry,Daylight,3,6,9,Fatal,Clear
3648,SCRAPED_000473,News_Paper,2022,October,Tuesday,Gujarat,Bus,Truck,2,Unknown,Unknown,No Distancing/Rear End,Dry,Daylight,6,13,19,Fatal,Clear
3649,SCRAPED_000474,News_Paper,2022,October,Tuesday,Uttar Pradesh,Suv,Truck,2,Unknown,Unknown,Severe Collision,Dry,Dark,2,3,5,Fatal,Clear
3650,SCRAPED_000475,News_Paper,2022,October,Wednesday,Jammu and Kashmir,Truck,Unidentified,2,Unknown,Unknown,Loss of Control,Dry,Daylight,2,10,12,Fatal,Clear
3651,SCRAPED_000476,News_Paper,2022,October,Sunday,Maharashtra,Two Wheeler,Truck,2,Unknown,Over 51,Parking Issue,Dry,Dark,1,0,1,Fatal,Clear
3652,SCRAPED_000477,News_Paper,2022,October,Wednesday,Goa,Two Wheeler,Truck,2,Unknown,18-30,Severe Collision,Dry,Dark,1,0,1,Fatal,Clear
3653,SCRAPED_000478,News_Paper,2022,October,Wednesday,West Bengal,Two Wheeler,Truck,2,Unknown,Unknown,Reckless Driving,Dry,Daylight,2,0,2,Fatal,Clear
3654,SCRAPED_000479,News_Paper,2022,October,Friday,Madhya Pradesh,Bus,Truck,2,Unknown,Unknown,Severe Collision,Dry,Daylight,15,40,55,Fatal,Clear
3655,SCRAPED_000480,News_Paper,2022,October,Sunday,Uttar Pradesh,Bus,Truck,2,Unknown,Unknown,Severe Collision,Dry,Dark,5,41,46,Fatal,Clear
3656,SCRAPED_000481,News_Paper,2022,October,Saturday,Tamil Nadu,Truck,Truck,2,Unknown,31-50,Parking Issue,Dry,Dark,1,0,1,Fatal,Clear
3657,SCRAPED_000482,News_Paper,2022,October,Friday,Gujarat,Two Wheeler,Truck,2,Unknown,31-50,No Distancing/Rear End,Wet,Daylight,1,0,1,Fatal,Clear
3658,SCRAPED_000483,News_Paper,2022,October,Wednesday,Bihar,Bus,Truck,2,Unknown,Unknown,Parking Issue,Dry,Daylight,2,20,22,Fatal,Clear
3659,SCRAPED_000484,News_Paper,2022,October,Thursday,Jharkhand,Truck,Bus,2,Unknown,Unknown,Parking Issue,Wet,Dark,1,1,2,Fatal,Clear
3660,SCRAPED_000485,News_Paper,2022,October,Wednesday,Maharashtra,Truck,Unidentified,2,Unknown,18-30,Loss of Control,Dry,Daylight,1,23,24,Fatal,Clear
3661,SCRAPED_000486,News_Paper,2022,October,Tuesday,Maharashtra,Two Wheeler,Truck,2,Unknown,Unknown,Severe Collision,Dry,Daylight,1,2,3,Fatal,Clear
3662,SCRAPED_000487,News_Paper,2022,October,Wednesday,Maharashtra,Pedestrian,Truck,2,Unknown,Over 51,Reckless Driving,Dry,Dark,1,0,1,Fatal,Clear
3663,SCRAPED_000488,News_Paper,2022,October,Thursday,Chhattisgarh,Two Wheeler,Truck,2,Unknown,Over 51,Severe Collision,Dry,Daylight,1,0,1,Fatal,Clear
3664,SCRAPED_000489,News_Paper,2022,October,Thursday,Madhya Pradesh,Two Wheeler,Truck,2,Unknown,Unknown,Unknown/Other,Wet,Daylight,1,0,1,Fatal,Clear
3665,SCRAPED_000490,News_Paper,2022,October,Saturday,Bihar,Car,Truck,2,Unknown,Unknown,Unknown/Other,Dry,Dark,3,0,3,Fatal,Clear
3666,SCRAPED_000491,News_Paper,2022,October,Saturday,Bihar,Two Wheeler,Truck,2,Unknown,18-30,Severe Collision,Dry,Daylight,1,1,2,Fatal,Clear
3667,SCRAPED_000492,News_Paper,2022,October,Saturday,Bihar,Bus,Truck,2,Unknown,Unknown,Parking Issue,Wet,Daylight,2,0,2,Fatal,Clear
3668,SCRAPED_000493,News_Paper,2022,October,Monday,Chhattisgarh,Car,Truck,2,Unknown,31-50,Parking Issue,Dry,Daylight,1,2,3,Fatal,Clear
3669,SCRAPED_000494,News_Paper,2022,October,Sunday,Telangana,Car,Truck,2,Unknown,Unknown,Unknown/Other,Wet,Daylight,4,0,4,Fatal,Clear
3670,SCRAPED_000495,News_Paper,2022,October,Sunday,Telangana,Car,Truck,2,Unknown,Unknown,No Distancing/Rear End,Dry,Daylight,3,9,12,Fatal,Clear
3671,SCRAPED_000496,News_Paper,2022,November,Wednesday,Madhya Pradesh,Suv,Truck,2,Unknown,Unknown,Unknown/Other,Dry,Daylight,5,3,8,Fatal,Clear
3672,SCRAPED_000497,News_Paper,2022,November,Wednesday,Uttar Pradesh,Two Wheeler,Truck,2,Unknown,Unknown,Unknown/Other,Wet,Dark,5,8,13,Fatal,Clear
3673,SCRAPED_000498,News_Paper,2022,November,Tuesday,Punjab,Suv,Truck,2,Unknown,Unknown,No Distancing/Rear End,Wet,Dark,2,1,3,Fatal,Clear
3674,SCRAPED_000499,News_Paper,2022,November,Tuesday,Uttar Pradesh,Two Wheeler,Truck,2,Unknown,Unknown,Reckless Driving,Wet,Dark,5,6,11,Fatal,Clear
3675,SCRAPED_000500,News_Paper,2022,November,Wednesday,West Bengal,Pedestrian,Truck,2,Unknown,31-50,Severe Collision,Dry,Daylight,1,0,1,Fatal,Clear
3676,SCRAPED_000501,News_Paper,2022,November,Friday,Uttar Pradesh,Ambulance,Truck,2,Unknown,Unknown,Severe Collision,Wet,Daylight,2,0,2,Fatal,Clear
3677,SCRAPED_000502,News_Paper,2022,November,Thursday,Maharashtra,Two Wheeler,Truck,2,Unknown,31-50,No Distancing/Rear End,Dry,Dark,1,1,2,Fatal,Clear
3678,SCRAPED_000503,News_Paper,2022,November,Sunday,Rajasthan,Two Wheeler,Truck,2,Unknown,18-30,Parking Issue,Dry,Daylight,1,1,2,Fatal,Clear
3679,SCRAPED_000504,News_Paper,2022,November,Sunday,Chhattisgarh,Two Wheeler,Truck,2,Unknown,Unknown,Parking Issue,Wet,Daylight,3,0,3,Fatal,Clear
3680,SCRAPED_000505,News_Paper,2022,November,Monday,Punjab,Two Wheeler,Truck,2,Unknown,Over 51,No Distancing/Rear End,Dry,Daylight,1,1,2,Fatal,Clear
3681,SCRAPED_000506,News_Paper,2022,November,Sunday,Chhattisgarh,Two Wheeler,Truck,2,Unknown,Unknown,Parking Issue,Dry,Daylight,3,0,3,Fatal,Clear
3682,SCRAPED_000507,News_Paper,2022,November,Tuesday,Rajasthan,Pedestrian,Truck,2,Unknown,18-30,Reckless Driving,Dry,Daylight,1,0,1,Fatal,Clear
3683,SCRAPED_000508,News_Paper,2022,November,Wednesday,Tamil Nadu,Truck,Truck,2,Unknown,31-50,Severe Collision,Dry,Daylight,1,2,3,Fatal,Clear
3684,SCRAPED_000509,News_Paper,2022,November,Friday,Andhra Pradesh,Car,Truck,2,Unknown,Unknown,Parking Issue,Dry,Daylight,3,0,3,Fatal,Clear
3685,SCRAPED_000510,News_Paper,2022,November,Friday,Madhya Pradesh,Pedestrian,Truck,2,Unknown,18-30,Reckless Driving,Dry,Dark,3,1,4,Fatal,Clear
3686,SCRAPED_000511,News_Paper,2022,November,Saturday,Karnataka,Two Wheeler,Truck,2,Unknown,Over 51,Severe Collision,Dry,Daylight,1,0,1,Fatal,Clear
3687,SCRAPED_000512,News_Paper,2022,November,Friday,Karnataka,Pedestrian,Truck,2,Unknown,18-30,Reckless Driving,Wet,Daylight,1,0,1,Fatal,Clear
3688,SCRAPED_000513,News_Paper,2022,November,Saturday,Uttar Pradesh,Pedestrian,Truck,2,Unknown,Unknown,Reckless Driving,Wet,Daylight,2,0,2,Fatal,Clear
3689,SCRAPED_000514,News_Paper,2022,November,Sunday,Karnataka,Two Wheeler,Truck,2,Unknown,31-50,Severe Collision,Dry,Dark,1,0,1,Fatal,Clear
3690,SCRAPED_000515,News_Paper,2022,November,Monday,West Bengal,Van,Truck,2,Unknown,Unknown,Severe Collision,Dry,Daylight,3,5,8,Fatal,Clear
3691,SCRAPED_000516,News_Paper,2022,November,Wednesday,Andhra Pradesh,Van,Truck,2,Unknown,Unknown,Severe Collision,Dry,Daylight,4,8,12,Fatal,Clear
3692,SCRAPED_000517,News_Paper,2022,November,Tuesday,Punjab,Two Wheeler,Truck,2,Unknown,18-30,Unknown/Other,Wet,Daylight,2,2,4,Fatal,Clear
3693,SCRAPED_000518,News_Paper,2022,November,Wednesday,Andhra Pradesh,Truck,Truck,2,Unknown,Unknown,Severe Collision,Dry,Daylight,2,11,13,Fatal,Clear
3694,SCRAPED_000519,News_Paper,2022,November,Thursday,Rajasthan,Two Wheeler,Truck,2,Unknown,Unknown,Severe Collision,Dry,Daylight,2,0,2,Fatal,Clear
3695,SCRAPED_000520,News_Paper,2022,November,Wednesday,Punjab,Two Wheeler,Truck,2,Unknown,Over 51,Severe Collision,Dry,Daylight,1,0,1,Fatal,Clear
3696,SCRAPED_000521,News_Paper,2022,November,Wednesday,Madhya Pradesh,Bus,Truck,2,Unknown,Unknown,Severe Collision,Dry,Dark,3,20,23,Fatal,Clear
3697,SCRAPED_000522,News_Paper,2022,November,Wednesday,Andhra Pradesh,Van,Truck,2,Unknown,Unknown,Severe Collision,Dry,Daylight,4,0,4,Fatal,Clear
3698,SCRAPED_000523,News_Paper,2022,November,Friday,Jharkhand,Truck,Divider,2,Unknown,Unknown,Severe Collision,Wet,Daylight,2,0,2,Fatal,Clear
3699,SCRAPED_000524,News_Paper,2022,November,Sunday,Bihar,Pedestrian,Truck,2,Unknown,Unknown,Reckless Driving,Wet,Dark,8,7,15,Fatal,Clear
3700,SCRAPED_000525,News_Paper,2022,November,Sunday,Maharashtra,Pedestrian,Truck,2,Unknown,31-50,Reckless Driving,Dry,Daylight,1,0,1,Fatal,Clear
3701,SCRAPED_000526,News_Paper,2022,November,Tuesday,Telangana,Truck,Car,2,Unknown,Unknown,Severe Collision,Dry,Daylight,8,2,10,Fatal,Clear
3702,SCRAPED_000527,News_Paper,2022,November,Sunday,Maharashtra,Two Wheeler,Truck,2,Unknown,31-50,Unknown/Other,Dry,Daylight,1,0,1,Fatal,Clear
3703,SCRAPED_000528,News_Paper,2022,November,Sunday,Telangana,Bus,Truck,2,Unknown,Unknown,No Distancing/Rear End,Dry,Daylight,3,16,19,Fatal,Clear
3704,SCRAPED_000529,News_Paper,2022,November,Monday,Assam,Car,Truck,2,Unknown,Unknown,Severe Collision,Wet,Daylight,5,0,5,Fatal,Clear
3705,SCRAPED_000530,News_Paper,2022,November,Monday,Assam,Two Wheeler,Truck,2,Unknown,Unknown,Severe Collision,Dry,Dark,2,0,2,Fatal,Clear
3706,SCRAPED_000531,News_Paper,2022,November,Wednesday,Maharashtra,Car,Truck,2,Unknown,Unknown,Parking Issue,Dry,Daylight,3,3,6,Fatal,Clear
3707,SCRAPED_000532,News_Paper,2022,November,Tuesday,Maharashtra,Suv,Truck,2,Unknown,Unknown,Parking Issue,Wet,Daylight,2,0,2,Fatal,Clear
3708,SCRAPED_000533,News_Paper,2022,November,Wednesday,Tamil Nadu,Two Wheeler,Truck,2,Unknown,31-50,No Distancing/Rear End,Wet,Daylight,1,0,1,Fatal,Clear
3709,SCRAPED_000534,News_Paper,2022,November,Monday,Maharashtra,Two Wheeler,Truck,2,Unknown,31-50,Severe Collision,Dry,Daylight,1,0,1,Fatal,Clear
3710,SCRAPED_000535,News_Paper,2022,November,Wednesday,Maharashtra,Truck,Truck,2,Unknown,31-50,Unknown/Other,Dry,Dark,1,5,6,Fatal,Clear
3711,SCRAPED_000536,News_Paper,2022,November,Wednesday,Maharashtra,Pedestrian,Truck,2,Unknown,31-50,Reckless Driving,Wet,Daylight,1,0,1,Fatal,Clear
3712,SCRAPED_000537,News_Paper,2022,November,Thursday,Uttar Pradesh,Two Wheeler,Truck,2,Unknown,31-50,No Distancing/Rear End,Dry,Daylight,1,0,1,Fatal,Clear
3713,SCRAPED_000538,News_Paper,2022,November,Saturday,Madhya Pradesh,Two Wheeler,Truck,2,Unknown,Unknown,Severe Collision,Dry,Daylight,1,1,2,Fatal,Clear
3714,SCRAPED_000539,News_Paper,2022,November,Saturday,Uttar Pradesh,Car,Truck,2,Unknown,Unknown,Severe Collision,Dry,Daylight,4,0,4,Fatal,Clear
3715,SCRAPED_000540,News_Paper,2022,November,Saturday,Maharashtra,Two Wheeler,Truck,2,Unknown,Over 51,No Distancing/Rear End,Dry,Daylight,1,1,2,Fatal,Clear
3716,SCRAPED_000541,News_Paper,2022,November,Monday,Karnataka,Two Wheeler,Truck,2,Unknown,Unknown,Severe Collision,Dry,Daylight,2,0,2,Fatal,Clear
3717,SCRAPED_000542,News_Paper,2022,November,Wednesday,Uttar Pradesh,Bus,Truck,2,Unknown,Unknown,Severe Collision,Dry,Daylight,6,13,19,Fatal,Clear
3718,SCRAPED_000543,News_Paper,2022,November,Wednesday,Uttar Pradesh,Bus,Truck,2,Unknown,Unknown,Severe Collision,Wet,Dark,6,13,19,Fatal,Clear
3719,SCRAPED_000544,News_Paper,2022,December,Thursday,Odisha,Car,Truck,2,Unknown,Unknown,Parking Issue,Dry,Dark,4,0,4,Fatal,Clear
3720,SCRAPED_000545,News_Paper,2022,December,Friday,Madhya Pradesh,Two Wheeler,Truck,2,Unknown,18-30,Parking Issue,Wet,Daylight,1,1,2,Fatal,Clear
3721,SCRAPED_000546,News_Paper,2022,December,Sunday,Tamil Nadu,Bus,Truck,2,Unknown,Unknown,Severe Collision,Wet,Daylight,3,4,7,Fatal,Clear
3722,SCRAPED_000547,News_Paper,2022,December,Saturday,Chhattisgarh,Two Wheeler,Truck,2,Unknown,18-30,No Distancing/Rear End,Dry,Daylight,1,1,2,Fatal,Clear
3723,SCRAPED_000548,News_Paper,2022,December,Sunday,West Bengal,Two Wheeler,Truck,2,Unknown,31-50,Severe Collision,Wet,Daylight,1,1,2,Fatal,Clear
3724,SCRAPED_000549,News_Paper,2022,December,Sunday,Madhya Pradesh,Pedestrian,Truck,2,Unknown,Unknown,Reckless Driving,Dry,Daylight,6,13,19,Fatal,Clear
3725,SCRAPED_000550,News_Paper,2022,December,Monday,Tamil Nadu,Bus,Truck,2,Unknown,Unknown,Severe Collision,Dry,Daylight,4,3,7,Fatal,Clear
3726,SCRAPED_000551,News_Paper,2022,December,Monday,Tamil Nadu,Car,Truck,2,Unknown,Unknown,Severe Collision,Wet,Dark,3,0,3,Fatal,Clear
3727,SCRAPED_000552,News_Paper,2022,December,Monday,Maharashtra,Pedestrian,Truck,2,Unknown,Under 18,Reckless Driving,Dry,Daylight,1,0,1,Fatal,Clear
3728,SCRAPED_000553,News_Paper,2022,December,Wednesday,Tamil Nadu,Truck,Truck,2,Unknown,Unknown,Unknown/Other,Dry,Daylight,6,5,11,Fatal,Clear
3729,SCRAPED_000554,News_Paper,2022,December,Wednesday,Andhra Pradesh,Truck,Unidentified,2,Unknown,Unknown,Loss of Control,Wet,Daylight,6,20,26,Fatal,Clear
3730,SCRAPED_000555,News_Paper,2022,December,Tuesday,Karnataka,Two Wheeler,Truck,2,Unknown,Unknown,Reckless Driving,Wet,Daylight,2,0,2,Fatal,Clear
3731,SCRAPED_000556,News_Paper,2022,December,Wednesday,Uttar Pradesh,Two Wheeler,Truck,2,Unknown,Unknown,Severe Collision,Dry,Daylight,3,0,3,Fatal,Clear
3732,SCRAPED_000557,News_Paper,2022,December,Tuesday,Maharashtra,Two Wheeler,Truck,2,Unknown,18-30,Severe Collision,Dry,Dark,1,0,1,Fatal,Clear
3733,SCRAPED_000558,News_Paper,2022,December,Thursday,Maharashtra,Car,Truck,2,Unknown,Over 51,Parking Issue,Dry,Daylight,1,0,1,Fatal,Clear
3734,SCRAPED_000559,News_Paper,2022,December,Friday,Kerala,Two Wheeler,Truck,2,Unknown,18-30,No Distancing/Rear End,Wet,Daylight,1,0,1,Fatal,Clear
3735,SCRAPED_000560,News_Paper,2022,December,Friday,Rajasthan,Truck,Truck,2,Unknown,Unknown,Severe Collision,Dry,Daylight,1,3,4,Fatal,Clear
3736,SCRAPED_000561,News_Paper,2022,December,Saturday,Uttar Pradesh,Two Wheeler,Truck,2,Unknown,Unknown,No Distancing/Rear End,Dry,Daylight,3,1,4,Fatal,Clear
3737,SCRAPED_000562,News_Paper,2022,December,Saturday,Telangana,Car,Truck,2,Unknown,Unknown,Severe Collision,Dry,Dark,3,0,3,Fatal,Clear
3738,SCRAPED_000563,News_Paper,2022,December,Saturday,Uttar Pradesh,Two Wheeler,Truck,2,Unknown,18-30,No Distancing/Rear End,Wet,Dark,1,0,1,Fatal,Clear
3739,SCRAPED_000564,News_Paper,2022,December,Saturday,Madhya Pradesh,Pedestrian,Truck,2,Unknown,18-30,Reckless Driving,Dry,Daylight,1,1,2,Fatal,Clear
3740,SCRAPED_000565,News_Paper,2022,December,Monday,Uttarakhand,Truck,Gorge,2,Unknown,31-50,Loss of Control,Wet,Daylight,1,1,2,Fatal,Clear
3741,SCRAPED_000566,News_Paper,2022,December,Monday,Karnataka,Pedestrian,Truck,2,Unknown,Unknown,Reckless Driving,Dry,Dark,3,0,3,Fatal,Clear
3742,SCRAPED_000567,News_Paper,2022,December,Wednesday,Punjab,Truck,Car,2,Unknown,Unknown,Severe Collision,Dry,Daylight,2,0,2,Fatal,Clear
3743,SCRAPED_000568,News_Paper,2022,December,Thursday,Punjab,Truck,Unidentified,2,Unknown,Unknown,Reckless Driving,Wet,Daylight,1,0,1,Fatal,Clear
3744,SCRAPED_000569,News_Paper,2022,December,Saturday,Uttar Pradesh,Pedestrian,Truck,2,Unknown,Unknown,Severe Collision,Dry,Daylight,1,3,4,Fatal,Clear
3745,SCRAPED_000570,News_Paper,2022,December,Sunday,Chhattisgarh,Two Wheeler,Truck,2,Unknown,31-50,No Distancing/Rear End,Wet,Daylight,1,1,2,Fatal,Clear
3746,SCRAPED_000571,News_Paper,2022,December,Sunday,Chhattisgarh,Pedestrian,Truck,2,Unknown,Unknown,Reckless Driving,Dry,Daylight,1,0,1,Fatal,Clear
3747,SCRAPED_000572,News_Paper,2022,December,Monday,Uttar Pradesh,Bus,Truck,2,Unknown,Unknown,No Distancing/Rear End,Dry,Dark,3,9,12,Fatal,Clear
3748,SCRAPED_000573,News_Paper,2022,December,Monday,Maharashtra,Bus,Truck,2,Unknown,Unknown,No Distancing/Rear End,Dry,Dark,1,10,11,Fatal,Clear
3749,SCRAPED_000574,News_Paper,2022,December,Sunday,Uttar Pradesh,Two Wheeler,Truck,2,Unknown,Unknown,Unknown/Other,Dry,Daylight,4,0,4,Fatal,Clear
3750,SCRAPED_000575,News_Paper,2022,December,Sunday,Tamil Nadu,Two Wheeler,Truck,2,Unknown,18-30,Severe Collision,Dry,Daylight,1,0,1,Fatal,Clear
3751,SCRAPED_000576,News_Paper,2022,December,Tuesday,Punjab,Two Wheeler,Truck,2,Unknown,18-30,No Distancing/Rear End,Wet,Daylight,1,1,2,Fatal,Clear
3752,SCRAPED_000577,News_Paper,2022,December,Tuesday,Uttar Pradesh,Bus,Truck,2,Unknown,Unknown,No Distancing/Rear End,Dry,Daylight,1,28,29,Fatal,Clear
3753,SCRAPED_000578,News_Paper,2022,December,Tuesday,Uttar Pradesh,Two Wheeler,Truck,2,Unknown,Unknown,Unknown/Other,Dry,Daylight,1,6,7,Fatal,Clear
3754,SCRAPED_000579,News_Paper,2022,December,Monday,Madhya Pradesh,Two Wheeler,Truck,2,Unknown,Unknown,No Distancing/Rear End,Dry,Dark,2,0,2,Fatal,Clear
3755,SCRAPED_000580,News_Paper,2022,December,Wednesday,Jharkhand,Suv,Truck,2,Unknown,Unknown,Severe Collision,Wet,Daylight,2,6,8,Fatal,Clear
3756,SCRAPED_000581,News_Paper,2022,December,Wednesday,Bihar,Pedestrian,Truck,2,Unknown,Under 18,Reckless Driving,Dry,Dark,1,2,3,Fatal,Clear
3757,SCRAPED_000582,News_Paper,2022,December,Wednesday,Madhya Pradesh,Bus,Truck,2,Unknown,Unknown,Severe Collision,Dry,Daylight,1,2,3,Fatal,Clear
3758,SCRAPED_000583,News_Paper,2022,December,Friday,Sikkim,Truck,Gorge,2,Unknown,Unknown,Loss of Control,Wet,Dark,16,4,20,Fatal,Clear
3759,SCRAPED_000584,News_Paper,2022,December,Thursday,Tamil Nadu,Car,Truck,2,Unknown,Unknown,No Distancing/Rear End,Dry,Daylight,4,0,4,Fatal,Clear
3760,SCRAPED_000585,News_Paper,2022,December,Saturday,Madhya Pradesh,Car,Truck,2,Unknown,Unknown,Severe Collision,Wet,Daylight,4,0,4,Fatal,Clear
3761,SCRAPED_000586,News_Paper,2022,December,Thursday,Gujarat,Car,Truck,2,Unknown,Unknown,Parking Issue,Dry,Daylight,4,0,4,Fatal,Clear
3762,SCRAPED_000587,News_Paper,2022,December,Friday,West Bengal,Two Wheeler,Truck,2,Unknown,18-30,No Distancing/Rear End,Dry,Daylight,1,1,2,Fatal,Clear
3763,SCRAPED_000588,News_Paper,2022,December,Saturday,Uttar Pradesh,Two Wheeler,Truck,2,Unknown,31-50,Unknown/Other,Wet,Daylight,1,1,2,Fatal,Clear
3764,SCRAPED_000589,News_Paper,2022,December,Tuesday,Uttar Pradesh,Car,Truck,2,Unknown,Unknown,No Distancing/Rear End,Dry,Daylight,3,0,3,Fatal,Clear
3765,SCRAPED_000590,News_Paper,2022,December,Monday,Tamil Nadu,Van,Truck,2,Unknown,Unknown,Severe Collision,Wet,Daylight,4,0,4,Fatal,Clear
3766,SCRAPED_000591,News_Paper,2022,December,Monday,West Bengal,Two Wheeler,Truck,2,Unknown,Under 18,No Distancing/Rear End,Wet,Dark,1,2,3,Fatal,Clear
3767,SCRAPED_000592,News_Paper,2022,December,Sunday,Telangana,Two Wheeler,Truck,2,Unknown,18-30,Unknown/Other,Wet,Dark,1,6,7,Fatal,Clear
3768,SCRAPED_000593,News_Paper,2022,December,Monday,Chhattisgarh,Pedestrian,Truck,2,Unknown,Unknown,Reckless Driving,Wet,Daylight,1,0,1,Fatal,Clear
3769,SCRAPED_000594,News_Paper,2022,December,Monday,Chhattisgarh,Two Wheeler,Truck,2,Unknown,Unknown,Severe Collision,Dry,Daylight,1,0,1,Fatal,Clear
3770,SCRAPED_000595,News_Paper,2022,December,Tuesday,Maharashtra,Pedestrian,Truck,2,Unknown,31-50,Reckless Driving,Dry,Daylight,1,0,1,Fatal,Clear
3771,SCRAPED_000596,News_Paper,2022,December,Wednesday,Jharkhand,Car,Truck,2,Unknown,Unknown,Parking Issue,Dry,Daylight,2,3,5,Fatal,Clear
3772,SCRAPED_000597,News_Paper,2022,December,Friday,Maharashtra,Pedestrian,Truck,2,Unknown,31-50,Reckless Driving,Dry,Daylight,1,0,1,Fatal,Clear
3773,SCRAPED_000598,News_Paper,2022,December,Friday,Maharashtra,Two Wheeler,Truck,2,Unknown,Unknown,No Distancing/Rear End,Dry,Daylight,2,1,3,Fatal,Clear
3774,SCRAPED_000599,News_Paper,2022,December,Saturday,West Bengal,Pedestrian,Truck,2,Unknown,18-30,Reckless Driving,Dry,Daylight,1,0,1,Fatal,Clear
3775,SCRAPED_000600,News_Paper,2022,December,Saturday,Uttar Pradesh,Truck,Unidentified,2,Unknown,Over 51,Loss of Control,Wet,Dark,3,1,4,Fatal,Clear
3776,SCRAPED_000601,News_Paper,2023,January,Sunday,Madhya Pradesh,Truck,Unidentified,2,Unknown,Unknown,Loss of Control,Wet,Dark,1,8,9,Fatal,Clear
3777,SCRAPED_000602,News_Paper,2022,December,Saturday,Telangana,Auto Rickshaw,Truck,2,Unknown,Unknown,Unknown/Other,Wet,Daylight,2,0,2,Fatal,Clear
3778,SCRAPED_000603,News_Paper,2023,January,Monday,Uttar Pradesh,Pedestrian,Truck,2,Unknown,Unknown,Reckless Driving,Dry,Dark,1,0,1,Fatal,Clear
3779,SCRAPED_000604,News_Paper,2023,January,Sunday,Punjab,Car,Truck,2,Unknown,Unknown,Severe Collision,Dry,Daylight,4,0,4,Fatal,Clear
3780,SCRAPED_000605,News_Paper,2023,January,Sunday,Tamil Nadu,Two Wheeler,Truck,2,Unknown,18-30,No Distancing/Rear End,Dry,Daylight,2,0,2,Fatal,Clear
3781,SCRAPED_000606,News_Paper,2022,December,Saturday,Maharashtra,Two Wheeler,Truck,2,Unknown,Unknown,Severe Collision,Wet,Daylight,1,0,1,Fatal,Clear
3782,SCRAPED_000607,News_Paper,2022,December,Saturday,Chhattisgarh,Two Wheeler,Truck,2,Unknown,Unknown,Severe Collision,Wet,Dark,2,0,2,Fatal,Clear
3783,SCRAPED_000608,News_Paper,2022,December,Saturday,Karnataka,Two Wheeler,Truck,2,Unknown,18-30,Severe Collision,Dry,Daylight,1,1,2,Fatal,Clear
3784,SCRAPED_000609,News_Paper,2023,January,Sunday,Rajasthan,Car,Truck,2,Unknown,Unknown,Severe Collision,Wet,Dark,5,0,5,Fatal,Clear
3785,SCRAPED_000610,News_Paper,2023,January,Sunday,Karnataka,Two Wheeler,Truck,2,Unknown,18-30,Severe Collision,Dry,Daylight,1,1,2,Fatal,Clear
3786,SCRAPED_000611,News_Paper,2023,January,Sunday,Uttar Pradesh,Car,Truck,2,Unknown,Unknown,Severe Collision,Wet,Daylight,4,2,6,Fatal,Clear
3787,SCRAPED_000612,News_Paper,2023,January,Sunday,Tamil Nadu,Two Wheeler,Truck,2,Unknown,Unknown,Severe Collision,Dry,Dark,3,0,3,Fatal,Clear
3788,SCRAPED_000613,News_Paper,2023,January,Sunday,West Bengal,Truck,Unidentified,2,Unknown,Unknown,Loss of Control,Wet,Daylight,4,0,4,Fatal,Clear
3789,SCRAPED_000614,News_Paper,2023,January,Sunday,Maharashtra,Pedestrian,Truck,2,Unknown,31-50,No Distancing/Rear End,Wet,Daylight,1,0,1,Fatal,Clear
3790,SCRAPED_000615,News_Paper,2023,January,Sunday,Maharashtra,Two Wheeler,Truck,2,Unknown,18-30,No Distancing/Rear End,Dry,Daylight,1,2,3,Fatal,Clear
3791,SCRAPED_000616,News_Paper,2023,January,Monday,Rajasthan,Two Wheeler,Truck,2,Unknown,Unknown,Unknown/Other,Dry,Daylight,3,4,7,Fatal,Clear
3792,SCRAPED_000617,News_Paper,2023,January,Tuesday,Tamil Nadu,Car,Truck,2,Unknown,Unknown,Unknown/Other,Dry,Daylight,5,0,5,Fatal,Clear
3793,SCRAPED_000618,News_Paper,2022,December,Saturday,Maharashtra,Two Wheeler,Truck,2,Unknown,18-30,Severe Collision,Dry,Daylight,1,1,2,Fatal,Clear
3794,SCRAPED_000619,News_Paper,2023,January,Sunday,Jharkhand,Pedestrian,Truck,2,Unknown,31-50,Reckless Driving,Dry,Daylight,1,0,1,Fatal,Clear
3795,SCRAPED_000620,News_Paper,2023,January,Monday,Rajasthan,Truck,Unidentified,2,Unknown,18-30,Loss of Control,Dry,Daylight,1,0,1,Fatal,Clear
3796,SCRAPED_000621,News_Paper,2023,January,Monday,Maharashtra,Car,Truck,2,Unknown,18-30,No Distancing/Rear End,Dry,Daylight,1,3,4,Fatal,Clear
3797,SCRAPED_000622,News_Paper,2023,January,Monday,Rajasthan,Two Wheeler,Truck,2,Unknown,31-50,Severe Collision,Dry,Daylight,1,1,2,Fatal,Clear
3798,SCRAPED_000623,News_Paper,2023,January,Tuesday,Karnataka,Two Wheeler,Truck,2,Unknown,18-30,Unknown/Other,Dry,Daylight,1,0,1,Fatal,Clear
3799,SCRAPED_000624,News_Paper,2023,January,Monday,Delhi,Two Wheeler,Truck,2,Unknown,Unknown,Severe Collision,Dry,Daylight,3,0,3,Fatal,Clear
3800,SCRAPED_000625,News_Paper,2023,January,Tuesday,Tamil Nadu,Two Wheeler,Truck,2,Unknown,18-30,Severe Collision,Dry,Dark,1,0,1,Fatal,Clear
3801,SCRAPED_000626,News_Paper,2023,January,Tuesday,Maharashtra,Truck,Car,2,Unknown,Over 51,No Distancing/Rear End,Dry,Dark,1,1,2,Fatal,Clear
3802,SCRAPED_000627,News_Paper,2023,January,Wednesday,Rajasthan,Two Wheeler,Truck,2,Unknown,Under 18,Severe Collision,Wet,Daylight,1,0,1,Fatal,Clear
3803,SCRAPED_000628,News_Paper,2023,January,Friday,Tamil Nadu,Car,Truck,2,Unknown,Unknown,Severe Collision,Dry,Dark,2,1,3,Fatal,Clear
3804,SCRAPED_000629,News_Paper,2023,January,Friday,Rajasthan,Bus,Truck,2,Unknown,Unknown,Severe Collision,Dry,Daylight,5,36,41,Fatal,Clear
3805,SCRAPED_000630,News_Paper,2023,January,Saturday,Tamil Nadu,Two Wheeler,Truck,2,Unknown,Under 18,Unknown/Other,Dry,Daylight,1,1,2,Fatal,Clear
3806,SCRAPED_000631,News_Paper,2023,January,Saturday,Uttar Pradesh,Car,Truck,2,Unknown,31-50,Severe Collision,Wet,Daylight,1,0,1,Fatal,Clear
3807,SCRAPED_000632,News_Paper,2023,January,Saturday,Maharashtra,Pedestrian,Truck,2,Unknown,Over 51,Reckless Driving,Dry,Daylight,1,0,1,Fatal,Clear
3808,SCRAPED_000633,News_Paper,2023,January,Monday,Kerala,Truck,Two_Wheeler,2,Unknown,Unknown,Unknown/Other,Dry,Daylight,3,0,3,Fatal,Clear
3809,SCRAPED_000634,News_Paper,2023,January,Tuesday,Uttar Pradesh,Car,Truck,2,Unknown,18-30,Severe Collision,Wet,Daylight,1,11,12,Fatal,Clear
3810,SCRAPED_000635,News_Paper,2023,January,Thursday,Maharashtra,Bus,Truck,2,Unknown,Unknown,Severe Collision,Wet,Daylight,10,23,33,Fatal,Clear
3811,SCRAPED_000636,News_Paper,2023,January,Thursday,Karnataka,Two Wheeler,Truck,2,Unknown,Unknown,No Distancing/Rear End,Wet,Daylight,1,0,1,Fatal,Clear
3812,SCRAPED_000637,News_Paper,2023,January,Friday,Madhya Pradesh,Truck,Ditch,2,Unknown,Unknown,Loss of Control,Wet,Daylight,2,4,6,Fatal,Clear
3813,SCRAPED_000638,News_Paper,2023,January,Saturday,Uttar Pradesh,Two Wheeler,Truck,2,Unknown,18-30,Unknown/Other,Dry,Daylight,1,0,1,Fatal,Clear
3814,SCRAPED_000639,News_Paper,2023,January,Tuesday,Karnataka,Two Wheeler,Truck,2,Unknown,Unknown,Severe Collision,Dry,Daylight,2,0,2,Fatal,Clear
3815,SCRAPED_000640,News_Paper,2023,January,Monday,Chhattisgarh,Car,Truck,2,Unknown,Under 18,Severe Collision,Dry,Dark,3,0,3,Fatal,Clear
3816,SCRAPED_000641,News_Paper,2023,January,Wednesday,Karnataka,Two Wheeler,Truck,2,Unknown,18-30,No Distancing/Rear End,Wet,Daylight,1,0,1,Fatal,Clear
3817,SCRAPED_000642,News_Paper,2023,January,Thursday,Maharashtra,Pedestrian,Truck,2,Unknown,Unknown,Reckless Driving,Dry,Daylight,2,0,2,Fatal,Clear
3818,SCRAPED_000643,News_Paper,2023,January,Thursday,Kerala,Two Wheeler,Truck,2,Unknown,31-50,No Distancing/Rear End,Wet,Daylight,1,0,1,Fatal,Clear
3819,SCRAPED_000644,News_Paper,2023,January,Saturday,Chhattisgarh,Two Wheeler,Truck,2,Unknown,Unknown,No Distancing/Rear End,Dry,Daylight,1,1,2,Fatal,Clear
3820,SCRAPED_000645,News_Paper,2023,January,Friday,Telangana,Car,Truck,2,Unknown,Unknown,Severe Collision,Dry,Daylight,4,0,4,Fatal,Clear
3821,SCRAPED_000646,News_Paper,2023,January,Saturday,Rajasthan,Car,Truck,2,Unknown,Unknown,Severe Collision,Dry,Dark,5,0,5,Fatal,Clear
3822,SCRAPED_000647,News_Paper,2023,January,Saturday,Andhra Pradesh,Two Wheeler,Truck,2,Unknown,18-30,No Distancing/Rear End,Dry,Daylight,1,0,1,Fatal,Clear
3823,SCRAPED_000648,News_Paper,2023,January,Monday,Rajasthan,Car,Truck,2,Unknown,Under 18,Severe Collision,Wet,Daylight,5,0,5,Fatal,Clear
3824,SCRAPED_000649,News_Paper,2023,January,Tuesday,Tamil Nadu,Two Wheeler,Truck,2,Unknown,Unknown,No Distancing/Rear End,Wet,Daylight,3,0,3,Fatal,Clear
3825,SCRAPED_000650,News_Paper,2023,January,Wednesday,Assam,Car,Truck,2,Unknown,Unknown,Unknown/Other,Dry,Daylight,2,5,7,Fatal,Clear
3826,SCRAPED_000651,News_Paper,2023,January,Wednesday,Madhya Pradesh,Truck,Truck,2,Unknown,Unknown,Severe Collision,Dry,Daylight,3,6,9,Fatal,Clear
3827,SCRAPED_000652,News_Paper,2023,January,Friday,Andhra Pradesh,Car,Truck,2,Unknown,Unknown,No Distancing/Rear End,Dry,Daylight,2,7,9,Fatal,Clear
3828,SCRAPED_000653,News_Paper,2023,January,Saturday,Rajasthan,Car,Truck,2,Unknown,Unknown,Severe Collision,Dry,Dark,4,4,8,Fatal,Clear
3829,SCRAPED_000654,News_Paper,2023,January,Saturday,Assam,Two Wheeler,Truck,2,Unknown,31-50,Severe Collision,Dry,Daylight,1,0,1,Fatal,Clear
3830,SCRAPED_000655,News_Paper,2023,January,Sunday,Madhya Pradesh,Car,Truck,2,Unknown,Unknown,No Distancing/Rear End,Wet,Daylight,1,3,4,Fatal,Clear
3831,SCRAPED_000656,News_Paper,2023,January,Monday,Maharashtra,Car,Truck,2,Unknown,Unknown,Severe Collision,Dry,Daylight,4,0,4,Fatal,Clear
3832,SCRAPED_000657,News_Paper,2023,January,Tuesday,Telangana,Car,Truck,2,Unknown,Unknown,No Distancing/Rear End,Dry,Daylight,2,4,6,Fatal,Clear
3833,SCRAPED_000658,News_Paper,2023,January,Monday,Madhya Pradesh,Two Wheeler,Truck,2,Unknown,18-30,Severe Collision,Wet,Daylight,1,0,1,Fatal,Clear
3834,SCRAPED_000659,News_Paper,2023,February,Wednesday,Madhya Pradesh,Two Wheeler,Truck,2,Unknown,Unknown,Unknown/Other,Dry,Dark,2,0,2,Fatal,Clear
3835,SCRAPED_000660,News_Paper,2023,February,Friday,Gujarat,Pedestrian,Truck,2,Unknown,18-30,Reckless Driving,Dry,Daylight,1,0,1,Fatal,Clear
3836,SCRAPED_000661,News_Paper,2023,February,Thursday,Uttar Pradesh,Two Wheeler,Truck,2,Unknown,Under 18,Severe Collision,Dry,Dark,1,0,1,Fatal,Clear
3837,SCRAPED_000662,News_Paper,2023,February,Friday,West Bengal,Two Wheeler,Truck,2,Unknown,Under 18,No Distancing/Rear End,Dry,Daylight,1,1,2,Fatal,Clear
3838,SCRAPED_000663,News_Paper,2023,February,Friday,Maharashtra,Two Wheeler,Truck,2,Unknown,Unknown,Severe Collision,Dry,Daylight,3,1,4,Fatal,Clear
3839,SCRAPED_000664,News_Paper,2023,February,Sunday,Chhattisgarh,Pedestrian,Truck,2,Unknown,Unknown,Reckless Driving,Dry,Daylight,2,0,2,Fatal,Clear
3840,SCRAPED_000665,News_Paper,2023,February,Sunday,Andhra Pradesh,Truck,Unidentified,2,Unknown,31-50,Loss of Control,Dry,Dark,1,1,2,Fatal,Clear
3841,SCRAPED_000666,News_Paper,2023,February,Tuesday,Madhya Pradesh,Auto Rickshaw,Truck,2,Unknown,Unknown,Severe Collision,Dry,Dark,2,3,5,Fatal,Clear
3842,SCRAPED_000667,News_Paper,2023,February,Monday,Maharashtra,Pedestrian,Truck,2,Unknown,Unknown,Reckless Driving,Dry,Dark,2,0,2,Fatal,Clear
3843,SCRAPED_000668,News_Paper,2023,February,Tuesday,Uttar Pradesh,Car,Truck,2,Unknown,31-50,Unknown/Other,Wet,Daylight,1,1,2,Fatal,Clear
3844,SCRAPED_000669,News_Paper,2023,February,Wednesday,Chhattisgarh,Auto Rickshaw,Truck,2,Unknown,Unknown,Severe Collision,Dry,Dark,7,2,9,Fatal,Clear
3845,SCRAPED_000670,News_Paper,2023,February,Thursday,Bihar,Auto Rickshaw,Truck,2,Unknown,31-50,Severe Collision,Dry,Dark,3,3,6,Fatal,Clear
3846,SCRAPED_000671,News_Paper,2023,February,Saturday,Karnataka,Car,Truck,2,Unknown,Unknown,Parking Issue,Dry,Dark,2,1,3,Fatal,Clear
3847,SCRAPED_000672,News_Paper,2023,February,Sunday,Uttar Pradesh,Two Wheeler,Truck,2,Unknown,Unknown,No Distancing/Rear End,Wet,Dark,2,0,2,Fatal,Clear
3848,SCRAPED_000673,News_Paper,2023,February,Monday,Bihar,Car,Truck,2,Unknown,Unknown,Severe Collision,Wet,Daylight,3,0,3,Fatal,Clear
3849,SCRAPED_000674,News_Paper,2023,February,Monday,Maharashtra,Two Wheeler,Truck,2,Unknown,Unknown,Severe Collision,Dry,Daylight,3,0,3,Fatal,Clear
3850,SCRAPED_000675,News_Paper,2023,February,Tuesday,Telangana,Two Wheeler,Truck,2,Unknown,Over 51,No Distancing/Rear End,Wet,Dark,1,1,2,Fatal,Clear
3851,SCRAPED_000676,News_Paper,2023,February,Wednesday,Maharashtra,Car,Truck,2,Unknown,Unknown,Unknown/Other,Dry,Dark,1,5,6,Fatal,Clear
3852,SCRAPED_000677,News_Paper,2023,February,Thursday,Uttar Pradesh,Two Wheeler,Truck,2,Unknown,Unknown,Severe Collision,Dry,Dark,2,1,3,Fatal,Clear
3853,SCRAPED_000678,News_Paper,2023,February,Saturday,Haryana,Car,Truck,2,Unknown,Unknown,Parking Issue,Dry,Dark,1,1,2,Fatal,Clear
3854,SCRAPED_000679,News_Paper,2023,February,Sunday,Maharashtra,Pedestrian,Truck,2,Unknown,Under 18,Reckless Driving,Dry,Dark,1,0,1,Fatal,Clear
3855,SCRAPED_000680,News_Paper,2023,February,Monday,Karnataka,Car,Truck,2,Unknown,Unknown,No Distancing/Rear End,Wet,Daylight,2,3,5,Fatal,Clear
3856,SCRAPED_000681,News_Paper,2023,February,Wednesday,Uttar Pradesh,Truck,Truck,2,Unknown,Unknown,Severe Collision,Dry,Daylight,4,12,16,Fatal,Clear
3857,SCRAPED_000682,News_Paper,2023,February,Wednesday,Uttar Pradesh,Truck,Bus,2,Unknown,18-30,Severe Collision,Dry,Dark,2,12,14,Fatal,Clear
3858,SCRAPED_000683,News_Paper,2023,February,Wednesday,Tamil Nadu,Truck,Car,2,Unknown,Unknown,Severe Collision,Dry,Daylight,5,0,5,Fatal,Clear
3859,SCRAPED_000684,News_Paper,2023,February,Wednesday,Gujarat,Car,Truck,2,Unknown,Unknown,Severe Collision,Dry,Dark,6,36,42,Fatal,Clear
3860,SCRAPED_000685,News_Paper,2023,February,Thursday,Tamil Nadu,Two Wheeler,Truck,2,Unknown,18-30,Parking Issue,Wet,Dark,1,1,2,Fatal,Clear
3861,SCRAPED_000686,News_Paper,2023,February,Friday,Odisha,Car,Truck,2,Unknown,Unknown,Parking Issue,Wet,Daylight,7,0,7,Fatal,Clear
3862,SCRAPED_000687,News_Paper,2023,February,Friday,Uttar Pradesh,Truck,Unidentified,2,Unknown,Under 18,Loss of Control,Dry,Daylight,1,12,13,Fatal,Clear
3863,SCRAPED_000688,News_Paper,2023,February,Thursday,Tamil Nadu,Two Wheeler,Truck,2,Unknown,Unknown,Unknown/Other,Wet,Daylight,2,0,2,Fatal,Clear
3864,SCRAPED_000689,News_Paper,2023,February,Saturday,Jharkhand,Two Wheeler,Truck,2,Unknown,Unknown,No Distancing/Rear End,Dry,Dark,4,0,4,Fatal,Clear
3865,SCRAPED_000690,News_Paper,2023,February,Monday,Gujarat,Pedestrian,Truck,2,Unknown,Unknown,Reckless Driving,Wet,Dark,4,1,5,Fatal,Clear
3866,SCRAPED_000691,News_Paper,2023,February,Tuesday,Rajasthan,Truck,Truck,2,Unknown,Unknown,Severe Collision,Dry,Daylight,1,1,2,Fatal,Clear
3867,SCRAPED_000692,News_Paper,2023,February,Tuesday,Maharashtra,Two Wheeler,Truck,2,Unknown,Unknown,Reckless Driving,Dry,Dark,2,0,2,Fatal,Clear
3868,SCRAPED_000693,News_Paper,2023,March,Thursday,Haryana,Car,Truck,2,Unknown,Unknown,Reckless Driving,Dry,Daylight,6,0,6,Fatal,Clear
3869,SCRAPED_000694,News_Paper,2023,March,Friday,Tamil Nadu,Car,Truck,2,Unknown,Unknown,Severe Collision,Dry,Daylight,2,1,3,Fatal,Clear
3870,SCRAPED_000695,News_Paper,2023,March,Friday,Tamil Nadu,Two Wheeler,Truck,2,Unknown,Unknown,Severe Collision,Dry,Daylight,2,0,2,Fatal,Clear
3871,SCRAPED_000696,News_Paper,2023,March,Friday,Delhi,Car,Truck,2,Unknown,Unknown,Severe Collision,Dry,Dark,2,0,2,Fatal,Clear
3872,SCRAPED_000697,News_Paper,2023,March,Sunday,Uttarakhand,Two Wheeler,Truck,2,Unknown,31-50,Severe Collision,Dry,Dark,1,3,4,Fatal,Clear
3873,SCRAPED_000698,News_Paper,2023,March,Sunday,Telangana,Two Wheeler,Truck,2,Unknown,Unknown,No Distancing/Rear End,Wet,Daylight,2,1,3,Fatal,Clear
3874,SCRAPED_000699,News_Paper,2023,March,Wednesday,Maharashtra,Car,Truck,2,Unknown,Unknown,Unknown/Other,Dry,Dark,4,0,4,Fatal,Clear
3875,SCRAPED_000700,News_Paper,2023,March,Thursday,Uttar Pradesh,Auto Rickshaw,Truck,2,Unknown,Unknown,Severe Collision,Dry,Dark,3,0,3,Fatal,Clear
3876,SCRAPED_000701,News_Paper,2023,March,Friday,Punjab,Car,Truck,2,Unknown,31-50,Severe Collision,Dry,Daylight,1,0,1,Fatal,Clear
3877,SCRAPED_000702,News_Paper,2023,March,Friday,Chhattisgarh,Car,Truck,2,Unknown,18-30,Severe Collision,Wet,Daylight,5,1,6,Fatal,Clear
3878,SCRAPED_000703,News_Paper,2023,March,Friday,Chhattisgarh,Two Wheeler,Truck,2,Unknown,Unknown,Severe Collision,Dry,Daylight,3,0,3,Fatal,Clear
3879,SCRAPED_000704,News_Paper,2023,March,Thursday,Madhya Pradesh,Pedestrian,Truck,2,Unknown,31-50,Reckless Driving,Dry,Daylight,1,0,1,Fatal,Clear
3880,SCRAPED_000705,News_Paper,2023,March,Sunday,Tamil Nadu,Two Wheeler,Truck,2,Unknown,Unknown,No Distancing/Rear End,Wet,Daylight,2,0,2,Fatal,Clear
3881,SCRAPED_000706,News_Paper,2023,March,Saturday,Bihar,Auto Rickshaw,Truck,2,Unknown,Under 18,Severe Collision,Dry,Dark,2,11,13,Fatal,Clear
3882,SCRAPED_000707,News_Paper,2023,March,Sunday,Tamil Nadu,Two Wheeler,Truck,2,Unknown,18-30,Severe Collision,Dry,Daylight,1,0,1,Fatal,Clear
3883,SCRAPED_000708,News_Paper,2023,March,Saturday,Uttar Pradesh,Car,Truck,2,Unknown,Unknown,Severe Collision,Dry,Daylight,5,0,5,Fatal,Clear
3884,SCRAPED_000709,News_Paper,2023,March,Monday,Bihar,Two Wheeler,Truck,2,Unknown,Unknown,Severe Collision,Dry,Daylight,2,0,2,Fatal,Clear
3885,SCRAPED_000710,News_Paper,2023,March,Monday,Telangana,Car,Truck,2,Unknown,Unknown,Severe Collision,Dry,Daylight,4,0,4,Fatal,Clear
3886,SCRAPED_000711,News_Paper,2023,March,Wednesday,Karnataka,Two Wheeler,Truck,2,Unknown,18-30,No Distancing/Rear End,Dry,Dark,1,0,1,Fatal,Clear
3887,SCRAPED_000712,News_Paper,2023,March,Tuesday,Madhya Pradesh,Two Wheeler,Truck,2,Unknown,Unknown,No Distancing/Rear End,Dry,Dark,2,0,2,Fatal,Clear
3888,SCRAPED_000713,News_Paper,2023,March,Friday,Karnataka,Two Wheeler,Truck,2,Unknown,Unknown,No Distancing/Rear End,Wet,Dark,2,0,2,Fatal,Clear
3889,SCRAPED_000714,News_Paper,2023,March,Saturday,Tamil Nadu,Car,Truck,2,Unknown,Unknown,Unknown/Other,Dry,Dark,6,3,9,Fatal,Clear
3890,SCRAPED_000715,News_Paper,2023,March,Friday,Telangana,Pedestrian,Truck,2,Unknown,31-50,Reckless Driving,Dry,Daylight,1,0,1,Fatal,Clear
3891,SCRAPED_000716,News_Paper,2023,March,Saturday,Andhra Pradesh,Two Wheeler,Truck,2,Unknown,18-30,No Distancing/Rear End,Dry,Dark,1,0,1,Fatal,Clear
3892,SCRAPED_000717,News_Paper,2023,March,Tuesday,Uttar Pradesh,Car,Truck,2,Unknown,Unknown,Parking Issue,Wet,Dark,3,0,3,Fatal,Clear
3893,SCRAPED_000718,News_Paper,2023,March,Wednesday,Gujarat,Car,Truck,2,Unknown,Unknown,Parking Issue,Dry,Daylight,2,0,2,Fatal,Clear
3894,SCRAPED_000719,News_Paper,2023,March,Thursday,Andhra Pradesh,Truck,Truck,2,Unknown,Unknown,Parking Issue,Dry,Daylight,2,0,2,Fatal,Clear
3895,SCRAPED_000720,News_Paper,2023,March,Thursday,Madhya Pradesh,Two Wheeler,Truck,2,Unknown,Unknown,Severe Collision,Wet,Daylight,2,2,4,Fatal,Clear
3896,SCRAPED_000721,News_Paper,2023,March,Thursday,Tamil Nadu,Car,Truck,2,Unknown,Unknown,No Distancing/Rear End,Dry,Dark,1,4,5,Fatal,Clear
3897,SCRAPED_000722,News_Paper,2023,March,Friday,Uttarakhand,Pedestrian,Truck,2,Unknown,Under 18,Severe Collision,Dry,Daylight,1,0,1,Fatal,Clear
3898,SCRAPED_000723,News_Paper,2023,March,Saturday,Rajasthan,Car,Truck,2,Unknown,Unknown,No Distancing/Rear End,Dry,Daylight,3,0,3,Fatal,Clear
3899,SCRAPED_000724,News_Paper,2023,March,Saturday,Maharashtra,Two Wheeler,Truck,2,Unknown,18-30,Unknown/Other,Dry,Daylight,1,0,1,Fatal,Clear
3900,SCRAPED_000725,News_Paper,2023,March,Saturday,Maharashtra,Two Wheeler,Truck,2,Unknown,18-30,Parking Issue,Dry,Daylight,1,0,1,Fatal,Clear
3901,SCRAPED_000726,News_Paper,2023,March,Saturday,Maharashtra,Pedestrian,Truck,2,Unknown,Over 51,Reckless Driving,Wet,Daylight,1,0,1,Fatal,Clear
3902,SCRAPED_000727,News_Paper,2023,March,Sunday,Chhattisgarh,Truck,Truck,2,Unknown,Unknown,Severe Collision,Dry,Daylight,1,1,2,Fatal,Clear
3903,SCRAPED_000728,News_Paper,2023,March,Sunday,Tamil Nadu,Two Wheeler,Truck,2,Unknown,18-30,Severe Collision,Dry,Dark,1,0,1,Fatal,Clear
3904,SCRAPED_000729,News_Paper,2023,March,Sunday,Maharashtra,Two Wheeler,Truck,2,Unknown,31-50,Severe Collision,Dry,Dark,1,0,1,Fatal,Clear
3905,SCRAPED_000730,News_Paper,2023,March,Tuesday,Madhya Pradesh,Car,Truck,2,Unknown,18-30,Parking Issue,Wet,Daylight,1,0,1,Fatal,Clear
3906,SCRAPED_000731,News_Paper,2023,March,Tuesday,Tamil Nadu,Two Wheeler,Truck,2,Unknown,Unknown,Severe Collision,Dry,Daylight,3,0,3,Fatal,Clear
3907,SCRAPED_000732,News_Paper,2023,March,Wednesday,Telangana,Truck,Bus,2,Unknown,Unknown,Severe Collision,Wet,Dark,1,2,3,Fatal,Clear
3908,SCRAPED_000733,News_Paper,2023,March,Wednesday,Maharashtra,Auto Rickshaw,Truck,2,Unknown,Unknown,Severe Collision,Dry,Dark,5,8,13,Fatal,Clear
3909,SCRAPED_000734,News_Paper,2023,March,Wednesday,Punjab,Car,Truck,2,Unknown,Unknown,Parking Issue,Wet,Dark,1,0,1,Fatal,Clear
3910,SCRAPED_000735,News_Paper,2023,March,Wednesday,Telangana,Truck,Car,2,Unknown,Unknown,Severe Collision,Wet,Daylight,2,15,17,Fatal,Clear
3911,SCRAPED_000736,News_Paper,2023,March,Thursday,Andhra Pradesh,Car,Truck,2,Unknown,Unknown,Parking Issue,Wet,Daylight,2,4,6,Fatal,Clear
3912,SCRAPED_000737,News_Paper,2023,March,Friday,Rajasthan,Car,Truck,2,Unknown,Unknown,Severe Collision,Wet,Daylight,5,2,7,Fatal,Clear
3913,SCRAPED_000738,News_Paper,2023,March,Friday,Uttar Pradesh,Truck,Truck,2,Unknown,Unknown,Severe Collision,Dry,Daylight,3,0,3,Fatal,Clear
3914,SCRAPED_000739,News_Paper,2023,March,Friday,Haryana,Pedestrian,Truck,2,Unknown,18-30,Reckless Driving,Wet,Daylight,1,0,1,Fatal,Clear
3915,SCRAPED_000740,News_Paper,2023,March,Thursday,Maharashtra,Two Wheeler,Truck,2,Unknown,31-50,No Distancing/Rear End,Wet,Daylight,1,0,1,Fatal,Clear
3916,SCRAPED_000741,News_Paper,2023,April,Monday,Andhra Pradesh,Two Wheeler,Truck,2,Unknown,18-30,Severe Collision,Dry,Dark,1,1,2,Fatal,Clear
3917,SCRAPED_000742,News_Paper,2023,April,Tuesday,Maharashtra,Car,Truck,2,Unknown,Unknown,No Distancing/Rear End,Dry,Daylight,2,2,4,Fatal,Clear
3918,SCRAPED_000743,News_Paper,2023,April,Sunday,Maharashtra,Two Wheeler,Truck,2,Unknown,18-30,Unknown/Other,Dry,Daylight,1,0,1,Fatal,Clear
3919,SCRAPED_000744,News_Paper,2023,April,Monday,Maharashtra,Pedestrian,Truck,2,Unknown,Under 18,Reckless Driving,Dry,Dark,1,0,1,Fatal,Clear
3920,SCRAPED_000745,News_Paper,2023,April,Thursday,Karnataka,Two Wheeler,Truck,2,Unknown,18-30,No Distancing/Rear End,Dry,Daylight,1,0,1,Fatal,Clear
3921,SCRAPED_000746,News_Paper,2023,April,Thursday,Rajasthan,Truck,Auto Rickshaw,2,Unknown,Unknown,Unknown/Other,Dry,Daylight,4,0,4,Fatal,Clear
3922,SCRAPED_000747,News_Paper,2023,April,Saturday,Uttar Pradesh,Car,Truck,2,Unknown,Unknown,Severe Collision,Wet,Dark,6,0,6,Fatal,Clear
3923,SCRAPED_000748,News_Paper,2023,April,Thursday,Jharkhand,Car,Truck,2,Unknown,Unknown,Severe Collision,Dry,Dark,4,0,4,Fatal,Clear
3924,SCRAPED_000749,News_Paper,2023,April,Friday,Maharashtra,Bus,Truck,2,Unknown,Over 51,Parking Issue,Wet,Daylight,1,12,13,Fatal,Clear
3925,SCRAPED_000750,News_Paper,2023,April,Friday,Telangana,Car,Truck,2,Unknown,Under 18,No Distancing/Rear End,Dry,Dark,2,0,2,Fatal,Clear
3926,SCRAPED_000751,News_Paper,2023,April,Saturday,Rajasthan,Car,Truck,2,Unknown,Unknown,No Distancing/Rear End,Dry,Dark,3,1,4,Fatal,Clear
3927,SCRAPED_000752,News_Paper,2023,April,Monday,West Bengal,Car,Truck,2,Unknown,Unknown,No Distancing/Rear End,Dry,Daylight,4,0,4,Fatal,Clear
3928,SCRAPED_000753,News_Paper,2023,April,Sunday,Chhattisgarh,Two Wheeler,Truck,2,Unknown,Unknown,Unknown/Other,Dry,Daylight,1,1,2,Fatal,Clear
3929,SCRAPED_000754,News_Paper,2023,April,Monday,Rajasthan,Bicycle,Truck,2,Unknown,Over 51,No Distancing/Rear End,Dry,Dark,1,0,1,Fatal,Clear
3930,SCRAPED_000755,News_Paper,2023,April,Monday,Madhya Pradesh,Pedestrian,Truck,2,Unknown,Unknown,Reckless Driving,Dry,Daylight,4,0,4,Fatal,Clear
3931,SCRAPED_000756,News_Paper,2023,April,Monday,Uttar Pradesh,Truck,Truck,2,Unknown,Unknown,Unknown/Other,Wet,Dark,2,0,2,Fatal,Clear
3932,SCRAPED_000757,News_Paper,2023,April,Wednesday,Punjab,Pedestrian,Truck,2,Unknown,Unknown,Reckless Driving,Dry,Daylight,7,20,27,Fatal,Clear
3933,SCRAPED_000758,News_Paper,2023,April,Wednesday,Punjab,Truck,Unidentified,2,Unknown,Unknown,Loss of Control,Dry,Dark,3,11,14,Fatal,Clear
3934,SCRAPED_000759,News_Paper,2023,April,Wednesday,Haryana,Two Wheeler,Truck,2,Unknown,18-30,Parking Issue,Dry,Daylight,1,1,2,Fatal,Clear
3935,SCRAPED_000760,News_Paper,2023,April,Friday,Uttar Pradesh,Two Wheeler,Truck,2,Unknown,Unknown,Severe Collision,Dry,Daylight,3,0,3,Fatal,Clear
3936,SCRAPED_000761,News_Paper,2023,April,Friday,Maharashtra,Two Wheeler,Truck,2,Unknown,Unknown,Severe Collision,Dry,Daylight,3,0,3,Fatal,Clear
3937,SCRAPED_000762,News_Paper,2023,April,Friday,Maharashtra,Two Wheeler,Truck,2,Unknown,31-50,Unknown/Other,Dry,Daylight,1,2,3,Fatal,Clear
3938,SCRAPED_000763,News_Paper,2023,April,Monday,Maharashtra,Two Wheeler,Truck,2,Unknown,18-30,No Distancing/Rear End,Dry,Daylight,1,0,1,Fatal,Clear
3939,SCRAPED_000764,News_Paper,2023,April,Sunday,Uttar Pradesh,Two Wheeler,Truck,2,Unknown,Unknown,Parking Issue,Dry,Daylight,2,4,6,Fatal,Clear
3940,SCRAPED_000765,News_Paper,2023,April,Monday,Jharkhand,Bus,Truck,2,Unknown,Unknown,Parking Issue,Dry,Daylight,3,10,13,Fatal,Clear
3941,SCRAPED_000766,News_Paper,2023,April,Tuesday,Uttar Pradesh,Two Wheeler,Truck,2,Unknown,Unknown,No Distancing/Rear End,Dry,Dark,2,1,3,Fatal,Clear
3942,SCRAPED_000767,News_Paper,2023,April,Monday,Rajasthan,Bus,Truck,2,Unknown,Unknown,Severe Collision,Dry,Dark,2,4,6,Fatal,Clear
3943,SCRAPED_000768,News_Paper,2023,April,Thursday,Chhattisgarh,Two Wheeler,Truck,2,Unknown,31-50,Severe Collision,Wet,Daylight,1,0,1,Fatal,Clear
3944,SCRAPED_000769,News_Paper,2023,April,Thursday,Chhattisgarh,Pedestrian,Truck,2,Unknown,31-50,Reckless Driving,Dry,Daylight,1,0,1,Fatal,Clear
3945,SCRAPED_000770,News_Paper,2023,April,Tuesday,West Bengal,Two Wheeler,Truck,2,Unknown,Unknown,Severe Collision,Dry,Daylight,2,0,2,Fatal,Clear
3946,SCRAPED_000771,News_Paper,2023,April,Tuesday,Punjab,Two Wheeler,Truck,2,Unknown,18-30,No Distancing/Rear End,Dry,Dark,1,0,1,Fatal,Clear
3947,SCRAPED_000772,News_Paper,2023,April,Thursday,Uttar Pradesh,Van,Truck,2,Unknown,Unknown,Unknown/Other,Dry,Dark,3,1,4,Fatal,Clear
3948,SCRAPED_000773,News_Paper,2023,April,Thursday,Uttar Pradesh,Two Wheeler,Truck,2,Unknown,18-30,No Distancing/Rear End,Wet,Dark,1,2,3,Fatal,Clear
3949,SCRAPED_000774,News_Paper,2023,April,Thursday,Telangana,Pedestrian,Truck,2,Unknown,Unknown,Reckless Driving,Dry,Daylight,2,1,3,Fatal,Clear
3950,SCRAPED_000775,News_Paper,2023,April,Friday,Uttar Pradesh,Bus,Truck,2,Unknown,Unknown,Severe Collision,Dry,Daylight,7,40,47,Fatal,Clear
3951,SCRAPED_000776,News_Paper,2023,April,Friday,Mizoram,Truck,Unidentified,2,Unknown,Unknown,Loss of Control,Wet,Daylight,5,0,5,Fatal,Clear
3952,SCRAPED_000777,News_Paper,2023,April,Saturday,Maharashtra,Pedestrian,Truck,2,Unknown,18-30,Reckless Driving,Dry,Dark,1,0,1,Fatal,Clear
3953,SCRAPED_000778,News_Paper,2023,April,Friday,Maharashtra,Two Wheeler,Truck,2,Unknown,18-30,No Distancing/Rear End,Dry,Daylight,1,1,2,Fatal,Clear
3954,SCRAPED_000779,News_Paper,2023,April,Saturday,Gujarat,Pedestrian,Truck,2,Unknown,Unknown,Reckless Driving,Dry,Daylight,1,0,1,Fatal,Clear
3955,SCRAPED_000780,News_Paper,2023,April,Sunday,Maharashtra,Bus,Truck,2,Unknown,Unknown,No Distancing/Rear End,Dry,Daylight,5,22,27,Fatal,Clear
3956,SCRAPED_000781,News_Paper,2023,April,Saturday,Madhya Pradesh,Car,Truck,2,Unknown,Unknown,Parking Issue,Dry,Dark,3,2,5,Fatal,Clear
3957,SCRAPED_000782,News_Paper,2023,April,Monday,Rajasthan,Truck,Truck,2,Unknown,Unknown,Severe Collision,Dry,Dark,3,1,4,Fatal,Clear
3958,SCRAPED_000783,News_Paper,2023,April,Sunday,Rajasthan,Pedestrian,Truck,2,Unknown,Unknown,Reckless Driving,Dry,Daylight,1,0,1,Fatal,Clear
3959,SCRAPED_000784,News_Paper,2023,April,Monday,Uttar Pradesh,Two Wheeler,Truck,2,Unknown,Unknown,No Distancing/Rear End,Dry,Daylight,3,3,6,Fatal,Clear
3960,SCRAPED_000785,News_Paper,2023,April,Monday,Uttar Pradesh,Two Wheeler,Truck,2,Unknown,18-30,Unknown/Other,Dry,Daylight,1,1,2,Fatal,Clear
3961,SCRAPED_000786,News_Paper,2023,April,Monday,Madhya Pradesh,Auto Rickshaw,Truck,2,Unknown,Unknown,Severe Collision,Dry,Daylight,3,2,5,Fatal,Clear
3962,SCRAPED_000787,News_Paper,2023,April,Tuesday,Madhya Pradesh,Two Wheeler,Truck,2,Unknown,18-30,Unknown/Other,Dry,Daylight,1,5,6,Fatal,Clear
3963,SCRAPED_000788,News_Paper,2023,April,Wednesday,Uttar Pradesh,Two Wheeler,Truck,2,Unknown,Unknown,Severe Collision,Dry,Daylight,2,0,2,Fatal,Clear
3964,SCRAPED_000789,News_Paper,2023,April,Tuesday,Maharashtra,Two Wheeler,Truck,2,Unknown,31-50,No Distancing/Rear End,Dry,Daylight,1,0,1,Fatal,Clear
3965,SCRAPED_000790,News_Paper,2023,April,Thursday,Kerala,Car,Truck,2,Unknown,Unknown,Unknown/Other,Dry,Dark,2,4,6,Fatal,Clear
3966,SCRAPED_000791,News_Paper,2023,April,Thursday,Jharkhand,Two Wheeler,Truck,2,Unknown,Under 18,No Distancing/Rear End,Wet,Daylight,1,0,1,Fatal,Clear
3967,SCRAPED_000792,News_Paper,2023,April,Friday,Uttar Pradesh,Two Wheeler,Truck,2,Unknown,Unknown,Severe Collision,Dry,Daylight,2,0,2,Fatal,Clear
3968,SCRAPED_000793,News_Paper,2023,April,Friday,Chhattisgarh,Car,Truck,2,Unknown,Unknown,Unknown/Other,Dry,Dark,3,3,6,Fatal,Clear
3969,SCRAPED_000794,News_Paper,2023,April,Saturday,Punjab,Bicycle,Truck,2,Unknown,Under 18,No Distancing/Rear End,Wet,Dark,1,0,1,Fatal,Clear
3970,SCRAPED_000795,News_Paper,2023,April,Saturday,Maharashtra,Two Wheeler,Truck,2,Unknown,Unknown,Severe Collision,Dry,Dark,3,1,4,Fatal,Clear
3971,SCRAPED_000796,News_Paper,2023,April,Saturday,Tamil Nadu,Bus,Truck,2,Unknown,31-50,Parking Issue,Dry,Daylight,1,22,23,Fatal,Clear
3972,SCRAPED_000797,News_Paper,2023,April,Friday,Madhya Pradesh,Two Wheeler,Truck,2,Unknown,Unknown,No Distancing/Rear End,Dry,Daylight,2,1,3,Fatal,Clear
3973,SCRAPED_000798,News_Paper,2023,April,Saturday,Uttar Pradesh,Car,Truck,2,Unknown,Unknown,No Distancing/Rear End,Dry,Dark,5,0,5,Fatal,Clear
3974,SCRAPED_000799,News_Paper,2023,April,Sunday,Goa,Car,Truck,2,Unknown,18-30,Severe Collision,Dry,Daylight,1,0,1,Fatal,Clear
3975,SCRAPED_000800,News_Paper,2023,April,Saturday,Rajasthan,Car,Truck,2,Unknown,Unknown,Severe Collision,Dry,Daylight,4,0,4,Fatal,Clear
3976,SCRAPED_000801,News_Paper,2023,May,Wednesday,Punjab,Bus,Truck,2,Unknown,Unknown,No Distancing/Rear End,Dry,Daylight,2,4,6,Fatal,Clear
3977,SCRAPED_000802,News_Paper,2023,May,Monday,Maharashtra,Pedestrian,Truck,2,Unknown,Under 18,Reckless Driving,Dry,Dark,1,0,1,Fatal,Clear
3978,SCRAPED_000803,News_Paper,2023,May,Wednesday,Chhattisgarh,Car,Truck,2,Unknown,Unknown,Severe Collision,Dry,Daylight,11,0,11,Fatal,Clear
3979,SCRAPED_000804,News_Paper,2023,May,Wednesday,Bihar,Auto Rickshaw,Truck,2,Unknown,Unknown,Unknown/Other,Dry,Daylight,7,4,11,Fatal,Clear
3980,SCRAPED_000805,News_Paper,2023,May,Wednesday,Tamil Nadu,Truck,Unidentified,2,Unknown,31-50,Loss of Control,Dry,Daylight,1,6,7,Fatal,Clear
3981,SCRAPED_000806,News_Paper,2023,May,Thursday,Rajasthan,Car,Truck,2,Unknown,Unknown,Severe Collision,Dry,Dark,8,1,9,Fatal,Clear
3982,SCRAPED_000807,News_Paper,2023,May,Friday,Uttar Pradesh,Auto Rickshaw,Truck,2,Unknown,Unknown,Severe Collision,Dry,Daylight,5,10,15,Fatal,Clear
3983,SCRAPED_000808,News_Paper,2023,May,Friday,Odisha,Truck,Unidentified,2,Unknown,Unknown,Loss of Control,Wet,Daylight,3,7,10,Fatal,Clear
3984,SCRAPED_000809,News_Paper,2023,May,Wednesday,Karnataka,Two Wheeler,Truck,2,Unknown,18-30,No Distancing/Rear End,Dry,Daylight,1,1,2,Fatal,Clear
3985,SCRAPED_000810,News_Paper,2023,May,Friday,Uttar Pradesh,Auto Rickshaw,Truck,2,Unknown,Unknown,Severe Collision,Wet,Daylight,5,10,15,Fatal,Clear
3986,SCRAPED_000811,News_Paper,2023,May,Sunday,Uttar Pradesh,Van,Truck,2,Unknown,Unknown,Severe Collision,Dry,Dark,10,13,23,Fatal,Clear
3987,SCRAPED_000812,News_Paper,2023,May,Sunday,Tamil Nadu,Two Wheeler,Truck,2,Unknown,31-50,No Distancing/Rear End,Dry,Daylight,1,1,2,Fatal,Clear
3988,SCRAPED_000813,News_Paper,2023,May,Sunday,Maharashtra,Van,Truck,2,Unknown,Unknown,Severe Collision,Dry,Dark,3,2,5,Fatal,Clear
3989,SCRAPED_000814,News_Paper,2023,May,Wednesday,Bihar,Pedestrian,Truck,2,Unknown,18-30,Reckless Driving,Dry,Daylight,3,1,4,Fatal,Clear
3990,SCRAPED_000815,News_Paper,2023,May,Tuesday,Madhya Pradesh,Two Wheeler,Truck,2,Unknown,Unknown,Severe Collision,Wet,Dark,4,0,4,Fatal,Clear
3991,SCRAPED_000816,News_Paper,2023,May,Thursday,Tamil Nadu,Two Wheeler,Truck,2,Unknown,31-50,No Distancing/Rear End,Dry,Daylight,1,1,2,Fatal,Clear
3992,SCRAPED_000817,News_Paper,2023,May,Friday,Punjab,Two Wheeler,Truck,2,Unknown,Under 18,Unknown/Other,Dry,Daylight,1,1,2,Fatal,Clear
3993,SCRAPED_000818,News_Paper,2023,May,Sunday,Himachal Pradesh,Truck,Gorge,2,Unknown,Unknown,Loss of Control,Dry,Daylight,5,3,8,Fatal,Clear
3994,SCRAPED_000819,News_Paper,2023,May,Saturday,Kerala,Van,Truck,2,Unknown,Under 18,Unknown/Other,Dry,Dark,1,3,4,Fatal,Clear
3995,SCRAPED_000820,News_Paper,2023,May,Friday,Telangana,Car,Truck,2,Unknown,Unknown,Unknown/Other,Dry,Daylight,2,5,7,Fatal,Clear
3996,SCRAPED_000821,News_Paper,2023,May,Saturday,Jharkhand,Van,Truck,2,Unknown,Unknown,Unknown/Other,Dry,Daylight,6,0,6,Fatal,Clear
3997,SCRAPED_000822,News_Paper,2023,May,Monday,Andhra Pradesh,Car,Truck,2,Unknown,Unknown,Severe Collision,Dry,Dark,7,7,14,Fatal,Clear
3998,SCRAPED_000823,News_Paper,2023,May,Sunday,Maharashtra,Pedestrian,Truck,2,Unknown,Under 18,Reckless Driving,Dry,Dark,1,0,1,Fatal,Clear
3999,SCRAPED_000824,News_Paper,2023,May,Tuesday,Uttar Pradesh,Truck,Truck,2,Unknown,Unknown,Severe Collision,Dry,Daylight,9,2,11,Fatal,Clear
4000,SCRAPED_000825,News_Paper,2023,May,Monday,Assam,Van,Truck,2,Unknown,Unknown,Unknown/Other,Dry,Dark,3,0,3,Fatal,Clear
4001,SCRAPED_000826,News_Paper,2023,May,Tuesday,Assam,Car,Truck,2,Unknown,Unknown,Severe Collision,Dry,Daylight,1,0,1,Fatal,Clear
4002,SCRAPED_000827,News_Paper,2023,May,Wednesday,Telangana,Auto Rickshaw,Truck,2,Unknown,Unknown,Unknown/Other,Wet,Daylight,6,6,12,Fatal,Clear
4003,SCRAPED_000828,News_Paper,2023,May,Tuesday,Andhra Pradesh,Car,Truck,2,Unknown,Unknown,Unknown/Other,Dry,Daylight,3,1,4,Fatal,Clear
4004,SCRAPED_000829,News_Paper,2023,May,Monday,Tamil Nadu,Two Wheeler,Truck,2,Unknown,Unknown,Severe Collision,Dry,Daylight,2,1,3,Fatal,Clear
4005,SCRAPED_000830,News_Paper,2023,May,Thursday,Madhya Pradesh,Bus,Truck,2,Unknown,Unknown,Severe Collision,Dry,Daylight,5,12,17,Fatal,Clear
4006,SCRAPED_000831,News_Paper,2023,May,Wednesday,Andhra Pradesh,Auto Rickshaw,Truck,2,Unknown,Unknown,Severe Collision,Wet,Daylight,6,12,18,Fatal,Clear
4007,SCRAPED_000832,News_Paper,2023,May,Wednesday,Punjab,Bicycle,Truck,2,Unknown,Under 18,No Distancing/Rear End,Dry,Daylight,1,0,1,Fatal,Clear
4008,SCRAPED_000833,News_Paper,2023,May,Thursday,Bihar,Pedestrian,Truck,2,Unknown,Unknown,Reckless Driving,Dry,Daylight,2,3,5,Fatal,Clear
4009,SCRAPED_000834,News_Paper,2023,May,Friday,Telangana,Car,Truck,2,Unknown,18-30,Severe Collision,Dry,Daylight,4,8,12,Fatal,Clear
4010,SCRAPED_000835,News_Paper,2023,May,Friday,Tamil Nadu,Two Wheeler,Truck,2,Unknown,18-30,Severe Collision,Dry,Daylight,1,0,1,Fatal,Clear
4011,SCRAPED_000836,News_Paper,2023,May,Saturday,Telangana,Pedestrian,Truck,2,Unknown,Unknown,Reckless Driving,Dry,Dark,1,0,1,Fatal,Clear
4012,SCRAPED_000837,News_Paper,2023,May,Saturday,Chhattisgarh,Truck,Truck,2,Unknown,Unknown,Severe Collision,Dry,Daylight,3,1,4,Fatal,Clear
4013,SCRAPED_000838,News_Paper,2023,May,Monday,Uttar Pradesh,Car,Truck,2,Unknown,Unknown,Severe Collision,Wet,Daylight,5,2,7,Fatal,Clear
4014,SCRAPED_000839,News_Paper,2023,May,Monday,Uttar Pradesh,Car,Truck,2,Unknown,31-50,Severe Collision,Wet,Daylight,1,5,6,Fatal,Clear
4015,SCRAPED_000840,News_Paper,2023,May,Tuesday,Maharashtra,Bus,Truck,2,Unknown,Unknown,Unknown/Other,Dry,Daylight,6,10,16,Fatal,Clear
4016,SCRAPED_000841,News_Paper,2023,May,Monday,Bihar,Truck,Truck,2,Unknown,Unknown,Severe Collision,Dry,Daylight,2,19,21,Fatal,Clear
4017,SCRAPED_000842,News_Paper,2023,May,Tuesday,Maharashtra,Car,Truck,2,Unknown,Unknown,Unknown/Other,Wet,Daylight,5,7,12,Fatal,Clear
4018,SCRAPED_000843,News_Paper,2023,May,Tuesday,Maharashtra,Pedestrian,Truck,2,Unknown,Unknown,No Distancing/Rear End,Wet,Daylight,2,2,4,Fatal,Clear
4019,SCRAPED_000844,News_Paper,2023,May,Tuesday,Uttar Pradesh,Auto Rickshaw,Truck,2,Unknown,Unknown,Severe Collision,Dry,Daylight,2,5,7,Fatal,Clear
4020,SCRAPED_000845,News_Paper,2023,May,Wednesday,Maharashtra,Truck,Truck,2,Unknown,Over 51,No Distancing/Rear End,Wet,Dark,1,0,1,Fatal,Clear
4021,SCRAPED_000846,News_Paper,2023,May,Wednesday,Tamil Nadu,Two Wheeler,Truck,2,Unknown,Unknown,Severe Collision,Wet,Daylight,2,0,2,Fatal,Clear
4022,SCRAPED_000847,News_Paper,2023,May,Thursday,Maharashtra,Truck,Truck,2,Unknown,Unknown,No Distancing/Rear End,Wet,Daylight,4,1,5,Fatal,Clear
4023,SCRAPED_000848,News_Paper,2023,May,Thursday,Delhi,Truck,Truck,2,Unknown,Unknown,No Distancing/Rear End,Wet,Daylight,2,4,6,Fatal,Clear
4024,SCRAPED_000849,News_Paper,2023,May,Wednesday,Madhya Pradesh,Auto Rickshaw,Truck,2,Unknown,Unknown,Unknown/Other,Dry,Daylight,4,2,6,Fatal,Clear
4025,SCRAPED_000850,News_Paper,2023,May,Friday,Uttar Pradesh,Bus,Truck,2,Unknown,Under 18,Severe Collision,Dry,Daylight,1,27,28,Fatal,Clear
4026,SCRAPED_000851,News_Paper,2023,May,Saturday,Madhya Pradesh,Van,Truck,2,Unknown,Unknown,No Distancing/Rear End,Dry,Daylight,3,5,8,Fatal,Clear
4027,SCRAPED_000852,News_Paper,2023,May,Saturday,Maharashtra,Two Wheeler,Truck,2,Unknown,Unknown,Parking Issue,Dry,Daylight,2,2,4,Fatal,Clear
4028,SCRAPED_000853,News_Paper,2023,May,Saturday,Uttar Pradesh,Truck,Unidentified,2,Unknown,Unknown,Loss of Control,Wet,Dark,4,3,7,Fatal,Clear
4029,SCRAPED_000854,News_Paper,2023,May,Sunday,Chhattisgarh,Two Wheeler,Truck,2,Unknown,Unknown,Severe Collision,Dry,Daylight,2,2,4,Fatal,Clear
4030,SCRAPED_000855,News_Paper,2023,May,Sunday,Uttar Pradesh,Two Wheeler,Truck,2,Unknown,Unknown,Severe Collision,Wet,Daylight,3,0,3,Fatal,Clear
4031,SCRAPED_000856,News_Paper,2023,May,Sunday,Rajasthan,Pedestrian,Truck,2,Unknown,Under 18,Reckless Driving,Wet,Daylight,1,0,1,Fatal,Clear
4032,SCRAPED_000857,News_Paper,2023,May,Sunday,Maharashtra,Two Wheeler,Truck,2,Unknown,Unknown,Unknown/Other,Dry,Daylight,2,0,2,Fatal,Clear
4033,SCRAPED_000858,News_Paper,2023,May,Monday,Jharkhand,Two Wheeler,Truck,2,Unknown,Unknown,Severe Collision,Dry,Daylight,2,0,2,Fatal,Clear
4034,SCRAPED_000859,News_Paper,2023,May,Sunday,Maharashtra,Two Wheeler,Truck,2,Unknown,18-30,No Distancing/Rear End,Dry,Daylight,1,0,1,Fatal,Clear
4035,SCRAPED_000860,News_Paper,2023,May,Monday,Maharashtra,Two Wheeler,Truck,2,Unknown,Unknown,No Distancing/Rear End,Wet,Daylight,2,1,3,Fatal,Clear
4036,SCRAPED_000861,News_Paper,2023,May,Tuesday,Odisha,Two Wheeler,Truck,2,Unknown,Unknown,Unknown/Other,Wet,Daylight,2,2,4,Fatal,Clear
4037,SCRAPED_000862,News_Paper,2023,May,Monday,Kerala,Two Wheeler,Truck,2,Unknown,31-50,No Distancing/Rear End,Dry,Dark,1,0,1,Fatal,Clear
4038,SCRAPED_000863,News_Paper,2023,May,Monday,Haryana,Car,Truck,2,Unknown,Unknown,Parking Issue,Dry,Dark,5,0,5,Fatal,Clear
4039,SCRAPED_000864,News_Paper,2023,May,Monday,Rajasthan,Truck,Unidentified,2,Unknown,31-50,Loss of Control,Dry,Daylight,1,0,1,Fatal,Clear
4040,SCRAPED_000865,News_Paper,2023,May,Tuesday,Uttarakhand,Two Wheeler,Truck,2,Unknown,18-30,Unknown/Other,Dry,Dark,1,3,4,Fatal,Clear
4041,SCRAPED_000866,News_Paper,2023,May,Monday,Telangana,Car,Truck,2,Unknown,Unknown,Unknown/Other,Dry,Daylight,3,1,4,Fatal,Clear
4042,SCRAPED_000867,News_Paper,2023,June,Thursday,Jharkhand,Two Wheeler,Truck,2,Unknown,Unknown,Severe Collision,Wet,Daylight,1,4,5,Fatal,Clear
4043,SCRAPED_000868,News_Paper,2023,May,Wednesday,Telangana,Truck,Unidentified,2,Unknown,Unknown,Loss of Control,Dry,Dark,2,0,2,Fatal,Clear
4044,SCRAPED_000869,News_Paper,2023,May,Wednesday,Haryana,Pick Up,Truck,2,Unknown,Unknown,Severe Collision,Dry,Daylight,4,14,18,Fatal,Clear
4045,SCRAPED_000870,News_Paper,2023,June,Saturday,Andhra Pradesh,Suv,Truck,2,Unknown,Unknown,Severe Collision,Dry,Daylight,4,8,12,Fatal,Clear
4046,SCRAPED_000871,News_Paper,2023,June,Sunday,Uttar Pradesh,Two Wheeler,Truck,2,Unknown,31-50,Unknown/Other,Dry,Dark,1,0,1,Fatal,Clear
4047,SCRAPED_000872,News_Paper,2023,June,Saturday,Tamil Nadu,Suv,Truck,2,Unknown,Unknown,Parking Issue,Dry,Daylight,5,1,6,Fatal,Clear
4048,SCRAPED_000873,News_Paper,2023,June,Saturday,Maharashtra,Two Wheeler,Truck,2,Unknown,Unknown,No Distancing/Rear End,Dry,Dark,2,0,2,Fatal,Clear
4049,SCRAPED_000874,News_Paper,2023,June,Tuesday,Karnataka,Suv,Truck,2,Unknown,Unknown,Parking Issue,Wet,Daylight,5,13,18,Fatal,Clear
4050,SCRAPED_000875,News_Paper,2023,June,Sunday,Madhya Pradesh,Two Wheeler,Truck,2,Unknown,Unknown,Unknown/Other,Wet,Daylight,2,0,2,Fatal,Clear
4051,SCRAPED_000876,News_Paper,2023,June,Thursday,Madhya Pradesh,Suv,Truck,2,Unknown,Unknown,Severe Collision,Dry,Daylight,7,2,9,Fatal,Clear
4052,SCRAPED_000877,News_Paper,2023,June,Wednesday,Rajasthan,Car,Truck,2,Unknown,Unknown,Severe Collision,Dry,Daylight,4,0,4,Fatal,Clear
4053,SCRAPED_000878,News_Paper,2023,June,Wednesday,Haryana,Two Wheeler,Truck,2,Unknown,18-30,Severe Collision,Dry,Daylight,1,1,2,Fatal,Clear
4054,SCRAPED_000879,News_Paper,2023,June,Friday,Uttar Pradesh,Pedestrian,Truck,2,Unknown,Unknown,Reckless Driving,Dry,Dark,3,2,5,Fatal,Clear
4055,SCRAPED_000880,News_Paper,2023,June,Friday,Chhattisgarh,Two Wheeler,Truck,2,Unknown,Unknown,No Distancing/Rear End,Wet,Dark,2,0,2,Fatal,Clear
4056,SCRAPED_000881,News_Paper,2023,June,Monday,Telangana,Car,Truck,2,Unknown,Unknown,Severe Collision,Dry,Daylight,7,2,9,Fatal,Clear
4057,SCRAPED_000882,News_Paper,2023,June,Saturday,Uttar Pradesh,Car,Truck,2,Unknown,Unknown,Severe Collision,Wet,Daylight,2,0,2,Fatal,Clear
4058,SCRAPED_000883,News_Paper,2023,June,Saturday,Bihar,Suv,Truck,2,Unknown,Unknown,Parking Issue,Wet,Daylight,3,3,6,Fatal,Clear
4059,SCRAPED_000884,News_Paper,2023,June,Friday,West Bengal,Two Wheeler,Truck,2,Unknown,31-50,No Distancing/Rear End,Dry,Daylight,1,0,1,Fatal,Clear
4060,SCRAPED_000885,News_Paper,2023,June,Tuesday,Maharashtra,Truck,Unidentified,2,Unknown,Unknown,Loss of Control,Dry,Dark,3,2,5,Fatal,Clear
4061,SCRAPED_000886,News_Paper,2023,June,Monday,Uttar Pradesh,Two Wheeler,Truck,2,Unknown,Unknown,Severe Collision,Dry,Dark,2,0,2,Fatal,Clear
4062,SCRAPED_000887,News_Paper,2023,June,Tuesday,Karnataka,Two Wheeler,Truck,2,Unknown,Unknown,Severe Collision,Dry,Daylight,3,0,3,Fatal,Clear
4063,SCRAPED_000888,News_Paper,2023,June,Wednesday,Punjab,Car,Truck,2,Unknown,Unknown,Severe Collision,Dry,Daylight,2,3,5,Fatal,Clear
4064,SCRAPED_000889,News_Paper,2023,June,Thursday,Tamil Nadu,Van,Truck,2,Unknown,Unknown,No Distancing/Rear End,Wet,Dark,3,0,3,Fatal,Clear
4065,SCRAPED_000890,News_Paper,2023,June,Thursday,Madhya Pradesh,Two Wheeler,Truck,2,Unknown,Unknown,Severe Collision,Dry,Daylight,2,1,3,Fatal,Clear
4066,SCRAPED_000891,News_Paper,2023,June,Friday,Uttar Pradesh,Two Wheeler,Truck,2,Unknown,Unknown,No Distancing/Rear End,Dry,Dark,2,0,2,Fatal,Clear
4067,SCRAPED_000892,News_Paper,2023,June,Friday,Uttar Pradesh,Two Wheeler,Truck,2,Unknown,Unknown,Parking Issue,Wet,Dark,2,0,2,Fatal,Clear
4068,SCRAPED_000893,News_Paper,2023,June,Sunday,Telangana,Two Wheeler,Truck,2,Unknown,Over 51,No Distancing/Rear End,Dry,Dark,1,0,1,Fatal,Clear
4069,SCRAPED_000894,News_Paper,2023,June,Tuesday,Haryana,Two Wheeler,Truck,2,Unknown,Unknown,Unknown/Other,Dry,Daylight,5,0,5,Fatal,Clear
4070,SCRAPED_000895,News_Paper,2023,June,Monday,Bihar,Auto Rickshaw,Truck,2,Unknown,Unknown,Parking Issue,Dry,Dark,3,3,6,Fatal,Clear
4071,SCRAPED_000896,News_Paper,2023,June,Wednesday,Assam,Car,Truck,2,Unknown,Unknown,Unknown/Other,Dry,Daylight,2,2,4,Fatal,Clear
4072,SCRAPED_000897,News_Paper,2023,June,Tuesday,Tamil Nadu,Truck,Bus,2,Unknown,18-30,Unknown/Other,Wet,Dark,1,1,2,Fatal,Clear
4073,SCRAPED_000898,News_Paper,2023,June,Thursday,Maharashtra,Bus,Truck,2,Unknown,Unknown,Severe Collision,Wet,Dark,1,18,19,Fatal,Clear
4074,SCRAPED_000899,News_Paper,2023,June,Thursday,Madhya Pradesh,Truck,Car,2,Unknown,18-30,Severe Collision,Dry,Daylight,1,0,1,Fatal,Clear
4075,SCRAPED_000900,News_Paper,2023,June,Friday,Kerala,Two Wheeler,Truck,2,Unknown,18-30,Severe Collision,Dry,Dark,1,0,1,Fatal,Clear
4076,SCRAPED_000901,News_Paper,2023,June,Saturday,Madhya Pradesh,Car,Truck,2,Unknown,Unknown,Unknown/Other,Dry,Daylight,2,2,4,Fatal,Clear
4077,SCRAPED_000902,News_Paper,2023,June,Sunday,Telangana,Car,Truck,2,Unknown,Unknown,Severe Collision,Dry,Dark,4,2,6,Fatal,Clear
4078,SCRAPED_000903,News_Paper,2023,June,Monday,Chhattisgarh,Two Wheeler,Truck,2,Unknown,18-30,Severe Collision,Dry,Dark,1,1,2,Fatal,Clear
4079,SCRAPED_000904,News_Paper,2023,June,Saturday,Madhya Pradesh,Pedestrian,Truck,2,Unknown,Under 18,Reckless Driving,Wet,Daylight,1,2,3,Fatal,Clear
4080,SCRAPED_000905,News_Paper,2023,June,Monday,Maharashtra,Auto Rickshaw,Truck,2,Unknown,Unknown,Severe Collision,Dry,Daylight,8,7,15,Fatal,Clear
4081,SCRAPED_000906,News_Paper,2023,June,Saturday,Uttar Pradesh,Car,Truck,2,Unknown,Unknown,Parking Issue,Dry,Dark,4,2,6,Fatal,Clear
4082,SCRAPED_000907,News_Paper,2023,June,Tuesday,Odisha,Car,Truck,2,Unknown,Unknown,Severe Collision,Dry,Daylight,3,0,3,Fatal,Clear
4083,SCRAPED_000908,News_Paper,2023,June,Tuesday,Madhya Pradesh,Truck,Gorge,2,Unknown,Unknown,Loss of Control,Dry,Daylight,5,45,50,Fatal,Clear
4084,SCRAPED_000909,News_Paper,2023,June,Tuesday,Odisha,Car,Truck,2,Unknown,Unknown,Severe Collision,Wet,Daylight,3,0,3,Fatal,Clear
4085,SCRAPED_000910,News_Paper,2023,June,Wednesday,Odisha,Pedestrian,Truck,2,Unknown,Unknown,Reckless Driving,Dry,Dark,5,9,14,Fatal,Clear
4086,SCRAPED_000911,News_Paper,2023,June,Friday,Maharashtra,Suv,Truck,2,Unknown,Unknown,Unknown/Other,Dry,Daylight,6,11,17,Fatal,Clear
4087,SCRAPED_000912,News_Paper,2023,June,Wednesday,Madhya Pradesh,Two Wheeler,Truck,2,Unknown,31-50,Severe Collision,Dry,Dark,1,2,3,Fatal,Clear
4088,SCRAPED_000913,News_Paper,2023,June,Thursday,Uttar Pradesh,Suv,Truck,2,Unknown,Unknown,Parking Issue,Wet,Daylight,7,2,9,Fatal,Clear
4089,SCRAPED_000914,News_Paper,2023,June,Friday,Rajasthan,Jugaad Vehicle,Truck,2,Unknown,Unknown,Severe Collision,Dry,Daylight,2,19,21,Fatal,Clear
4090,SCRAPED_000915,News_Paper,2023,June,Friday,Maharashtra,Suv,Truck,2,Unknown,Unknown,No Distancing/Rear End,Dry,Dark,3,6,9,Fatal,Clear
4091,SCRAPED_000916,News_Paper,2023,June,Friday,Tamil Nadu,Two Wheeler,Truck,2,Unknown,Unknown,No Distancing/Rear End,Dry,Daylight,2,1,3,Fatal,Clear
4092,SCRAPED_000917,News_Paper,2023,July,Monday,Delhi,Pedestrian,Truck,2,Unknown,Under 18,Reckless Driving,Wet,Dark,1,0,1,Fatal,Clear
4093,SCRAPED_000918,News_Paper,2023,July,Monday,Uttar Pradesh,Car,Truck,2,Unknown,Unknown,No Distancing/Rear End,Dry,Daylight,5,30,35,Fatal,Clear
4094,SCRAPED_000919,News_Paper,2023,July,Wednesday,Uttar Pradesh,Car,Truck,2,Unknown,Unknown,Parking Issue,Dry,Daylight,4,4,8,Fatal,Clear
4095,SCRAPED_000920,News_Paper,2023,July,Tuesday,Uttar Pradesh,Truck,Ditch,2,Unknown,Unknown,Loss of Control,Dry,Dark,3,2,5,Fatal,Clear
4096,SCRAPED_000921,News_Paper,2023,July,Monday,Madhya Pradesh,Two Wheeler,Truck,2,Unknown,Unknown,Parking Issue,Dry,Daylight,3,0,3,Fatal,Clear
4097,SCRAPED_000922,News_Paper,2023,July,Tuesday,Maharashtra,Car,Truck,2,Unknown,Unknown,Unknown/Other,Wet,Dark,10,27,37,Fatal,Clear
4098,SCRAPED_000923,News_Paper,2023,July,Tuesday,Punjab,Two Wheeler,Truck,2,Unknown,Unknown,Parking Issue,Dry,Dark,2,0,2,Fatal,Clear
4099,SCRAPED_000924,News_Paper,2023,July,Thursday,Andhra Pradesh,Two Wheeler,Truck,2,Unknown,Unknown,No Distancing/Rear End,Dry,Dark,2,0,2,Fatal,Clear
4100,SCRAPED_000925,News_Paper,2023,July,Saturday,Chhattisgarh,Bus,Truck,2,Unknown,Unknown,Severe Collision,Dry,Daylight,3,6,9,Fatal,Clear
4101,SCRAPED_000926,News_Paper,2023,July,Sunday,Andhra Pradesh,Car,Truck,2,Unknown,Unknown,Severe Collision,Wet,Daylight,6,1,7,Fatal,Clear
4102,SCRAPED_000927,News_Paper,2023,July,Sunday,Uttar Pradesh,Two Wheeler,Truck,2,Unknown,18-30,Unknown/Other,Wet,Daylight,1,1,2,Fatal,Clear
4103,SCRAPED_000928,News_Paper,2023,July,Monday,Uttar Pradesh,Auto Rickshaw,Truck,2,Unknown,Unknown,Severe Collision,Dry,Daylight,12,5,17,Fatal,Clear
4104,SCRAPED_000929,News_Paper,2023,July,Sunday,Maharashtra,Car,Truck,2,Unknown,Unknown,No Distancing/Rear End,Dry,Daylight,3,2,5,Fatal,Clear
4105,SCRAPED_000930,News_Paper,2023,July,Sunday,Maharashtra,Car,Truck,2,Unknown,Unknown,No Distancing/Rear End,Wet,Daylight,2,0,2,Fatal,Clear
4106,SCRAPED_000931,News_Paper,2023,July,Wednesday,Uttarakhand,Two Wheeler,Truck,2,Unknown,Unknown,No Distancing/Rear End,Dry,Daylight,4,0,4,Fatal,Clear
4107,SCRAPED_000932,News_Paper,2023,July,Thursday,Delhi,Truck,Truck,2,Unknown,Unknown,Severe Collision,Dry,Daylight,5,14,19,Fatal,Clear
4108,SCRAPED_000933,News_Paper,2023,July,Saturday,Maharashtra,Truck,Truck,2,Unknown,31-50,Unknown/Other,Dry,Dark,1,0,1,Fatal,Clear
4109,SCRAPED_000934,News_Paper,2023,July,Saturday,Telangana,Car,Truck,2,Unknown,Unknown,No Distancing/Rear End,Dry,Daylight,2,0,2,Fatal,Clear
4110,SCRAPED_000935,News_Paper,2023,July,Saturday,Gujarat,Truck,Truck,2,Unknown,31-50,Parking Issue,Dry,Dark,1,0,1,Fatal,Clear
4111,SCRAPED_000936,News_Paper,2023,July,Saturday,Gujarat,Two Wheeler,Truck,2,Unknown,Unknown,Unknown/Other,Dry,Dark,1,2,3,Fatal,Clear
4112,SCRAPED_000937,News_Paper,2023,July,Monday,Telangana,Car,Truck,2,Unknown,Unknown,Unknown/Other,Dry,Dark,3,2,5,Fatal,Clear
4113,SCRAPED_000938,News_Paper,2023,July,Tuesday,Maharashtra,Suv,Truck,2,Unknown,Unknown,Unknown/Other,Dry,Dark,6,5,11,Fatal,Clear
4114,SCRAPED_000939,News_Paper,2023,July,Tuesday,Maharashtra,Suv,Truck,2,Unknown,Unknown,Severe Collision,Dry,Daylight,6,5,11,Fatal,Clear
4115,SCRAPED_000940,News_Paper,2023,July,Monday,Madhya Pradesh,Car,Truck,2,Unknown,Unknown,Unknown/Other,Dry,Daylight,1,11,12,Fatal,Clear
4116,SCRAPED_000941,News_Paper,2023,July,Tuesday,Karnataka,Car,Truck,2,Unknown,18-30,No Distancing/Rear End,Wet,Daylight,1,0,1,Fatal,Clear
4117,SCRAPED_000942,News_Paper,2023,July,Thursday,Karnataka,Two Wheeler,Truck,2,Unknown,Unknown,Severe Collision,Dry,Daylight,2,0,2,Fatal,Clear
4118,SCRAPED_000943,News_Paper,2023,July,Friday,Punjab,Car,Truck,2,Unknown,31-50,Severe Collision,Wet,Daylight,1,0,1,Fatal,Clear
4119,SCRAPED_000944,News_Paper,2023,July,Sunday,Uttarakhand,Two Wheeler,Truck,2,Unknown,Unknown,Severe Collision,Dry,Dark,3,0,3,Fatal,Clear
4120,SCRAPED_000945,News_Paper,2023,July,Monday,Uttar Pradesh,Bus,Truck,2,Unknown,Unknown,Severe Collision,Dry,Daylight,3,14,17,Fatal,Clear
4121,SCRAPED_000946,News_Paper,2023,July,Tuesday,Haryana,Car,Truck,2,Unknown,Unknown,No Distancing/Rear End,Dry,Daylight,4,1,5,Fatal,Clear
4122,SCRAPED_000947,News_Paper,2023,July,Thursday,Maharashtra,Two Wheeler,Truck,2,Unknown,31-50,No Distancing/Rear End,Dry,Dark,1,0,1,Fatal,Clear
4123,SCRAPED_000948,News_Paper,2023,July,Thursday,Karnataka,Two Wheeler,Truck,2,Unknown,Unknown,Unknown/Other,Wet,Daylight,3,0,3,Fatal,Clear
4124,SCRAPED_000949,News_Paper,2023,July,Saturday,Maharashtra,Two Wheeler,Truck,2,Unknown,Over 51,Severe Collision,Dry,Daylight,1,0,1,Fatal,Clear
4125,SCRAPED_000950,News_Paper,2023,July,Sunday,Delhi,Car,Truck,2,Unknown,Over 51,No Distancing/Rear End,Wet,Dark,1,0,1,Fatal,Clear
4126,SCRAPED_000951,News_Paper,2023,July,Monday,Uttar Pradesh,Van,Truck,2,Unknown,Under 18,Severe Collision,Dry,Daylight,1,7,8,Fatal,Clear
4127,SCRAPED_000952,News_Paper,2023,July,Monday,Uttar Pradesh,Van,Truck,2,Unknown,Under 18,Unknown/Other,Wet,Daylight,1,8,9,Fatal,Clear
4128,SCRAPED_000953,News_Paper,2023,July,Monday,Tamil Nadu,Car,Truck,2,Unknown,Unknown,Severe Collision,Wet,Dark,4,0,4,Fatal,Clear
4129,SCRAPED_000954,News_Paper,2023,August,Tuesday,Maharashtra,Two Wheeler,Truck,2,Unknown,Over 51,No Distancing/Rear End,Dry,Daylight,1,0,1,Fatal,Clear
4130,SCRAPED_000955,News_Paper,2023,August,Thursday,Maharashtra,Truck,Truck,2,Unknown,31-50,Severe Collision,Dry,Daylight,1,2,3,Fatal,Clear
4131,SCRAPED_000956,News_Paper,2023,August,Wednesday,Rajasthan,Car,Truck,2,Unknown,Unknown,Severe Collision,Dry,Daylight,3,1,4,Fatal,Clear
4132,SCRAPED_000957,News_Paper,2023,August,Tuesday,Chhattisgarh,Two Wheeler,Truck,2,Unknown,31-50,Severe Collision,Dry,Daylight,1,0,1,Fatal,Clear
4133,SCRAPED_000958,News_Paper,2023,August,Thursday,Andhra Pradesh,Two Wheeler,Truck,2,Unknown,18-30,No Distancing/Rear End,Wet,Dark,1,1,2,Fatal,Clear
4134,SCRAPED_000959,News_Paper,2023,August,Friday,Uttar Pradesh,Truck,Truck,2,Unknown,Unknown,Unknown/Other,Dry,Daylight,6,8,14,Fatal,Clear
4135,SCRAPED_000960,News_Paper,2023,August,Thursday,Maharashtra,Two Wheeler,Truck,2,Unknown,31-50,Severe Collision,Dry,Daylight,1,0,1,Fatal,Clear
4136,SCRAPED_000961,News_Paper,2023,August,Sunday,Madhya Pradesh,Pedestrian,Truck,2,Unknown,31-50,Severe Collision,Wet,Daylight,1,1,2,Fatal,Clear
4137,SCRAPED_000962,News_Paper,2023,August,Sunday,Maharashtra,Suv,Truck,2,Unknown,Unknown,Severe Collision,Dry,Dark,3,2,5,Fatal,Clear
4138,SCRAPED_000963,News_Paper,2023,August,Sunday,Uttar Pradesh,Two Wheeler,Truck,2,Unknown,Unknown,No Distancing/Rear End,Dry,Dark,3,0,3,Fatal,Clear
4139,SCRAPED_000964,News_Paper,2023,August,Sunday,West Bengal,Two Wheeler,Truck,2,Unknown,31-50,Severe Collision,Wet,Dark,1,1,2,Fatal,Clear
4140,SCRAPED_000965,News_Paper,2023,August,Monday,Meghalaya,Truck,Gorge,2,Unknown,Unknown,Loss of Control,Dry,Daylight,3,2,5,Fatal,Clear
4141,SCRAPED_000966,News_Paper,2023,August,Monday,Assam,Auto Rickshaw,Truck,2,Unknown,31-50,Parking Issue,Dry,Dark,3,4,7,Fatal,Clear
4142,SCRAPED_000967,News_Paper,2023,August,Tuesday,Himachal Pradesh,Car,Truck,2,Unknown,Unknown,Unknown/Other,Dry,Daylight,2,0,2,Fatal,Clear
4143,SCRAPED_000968,News_Paper,2023,August,Tuesday,Himachal Pradesh,Pick Up,Truck,2,Unknown,Unknown,Severe Collision,Dry,Daylight,2,0,2,Fatal,Clear
4144,SCRAPED_000969,News_Paper,2023,August,Wednesday,Karnataka,Car,Truck,2,Unknown,31-50,Unknown/Other,Dry,Daylight,1,4,5,Fatal,Clear
4145,SCRAPED_000970,News_Paper,2023,August,Wednesday,Maharashtra,Two Wheeler,Truck,2,Unknown,31-50,Unknown/Other,Wet,Daylight,1,0,1,Fatal,Clear
4146,SCRAPED_000971,News_Paper,2023,August,Tuesday,Maharashtra,Two Wheeler,Truck,2,Unknown,18-30,No Distancing/Rear End,Wet,Dark,1,1,2,Fatal,Clear
4147,SCRAPED_000972,News_Paper,2023,August,Friday,Gujarat,Truck,Truck,2,Unknown,Unknown,Parking Issue,Dry,Daylight,10,13,23,Fatal,Clear
4148,SCRAPED_000973,News_Paper,2023,August,Thursday,Maharashtra,Two Wheeler,Truck,2,Unknown,31-50,Unknown/Other,Dry,Daylight,1,5,6,Fatal,Clear
4149,SCRAPED_000974,News_Paper,2023,August,Wednesday,Maharashtra,Two Wheeler,Truck,2,Unknown,Over 51,No Distancing/Rear End,Dry,Dark,1,0,1,Fatal,Clear
4150,SCRAPED_000975,News_Paper,2023,August,Friday,Uttar Pradesh,Bus,Truck,2,Unknown,Unknown,No Distancing/Rear End,Dry,Daylight,4,11,15,Fatal,Clear
4151,SCRAPED_000976,News_Paper,2023,August,Friday,Maharashtra,Two Wheeler,Truck,2,Unknown,Over 51,Severe Collision,Dry,Daylight,1,1,2,Fatal,Clear
4152,SCRAPED_000977,News_Paper,2023,August,Friday,Rajasthan,Truck,Unidentified,2,Unknown,31-50,Loss of Control,Dry,Daylight,1,12,13,Fatal,Clear
4153,SCRAPED_000978,News_Paper,2023,August,Saturday,Maharashtra,Pedestrian,Truck,2,Unknown,18-30,Reckless Driving,Dry,Daylight,1,0,1,Fatal,Clear
4154,SCRAPED_000979,News_Paper,2023,August,Sunday,Andhra Pradesh,Two Wheeler,Truck,2,Unknown,Over 51,Severe Collision,Dry,Dark,1,1,2,Fatal,Clear
4155,SCRAPED_000980,News_Paper,2023,August,Wednesday,Telangana,Auto Rickshaw,Truck,2,Unknown,Unknown,Severe Collision,Dry,Dark,4,3,7,Fatal,Clear
4156,SCRAPED_000981,News_Paper,2023,August,Thursday,Assam,Car,Truck,2,Unknown,Over 51,Parking Issue,Dry,Daylight,1,1,2,Fatal,Clear
4157,SCRAPED_000982,News_Paper,2023,August,Thursday,Kerala,Two Wheeler,Truck,2,Unknown,Over 51,Parking Issue,Wet,Daylight,1,0,1,Fatal,Clear
4158,SCRAPED_000983,News_Paper,2023,August,Friday,Uttar Pradesh,Two Wheeler,Truck,2,Unknown,Unknown,No Distancing/Rear End,Dry,Daylight,2,0,2,Fatal,Clear
4159,SCRAPED_000984,News_Paper,2023,August,Thursday,Madhya Pradesh,Car,Truck,2,Unknown,Unknown,Severe Collision,Dry,Dark,5,0,5,Fatal,Clear
4160,SCRAPED_000985,News_Paper,2023,August,Friday,Telangana,Suv,Truck,2,Unknown,Unknown,Parking Issue,Dry,Dark,2,0,2,Fatal,Clear
4161,SCRAPED_000986,News_Paper,2023,August,Saturday,Tamil Nadu,Truck,Truck,2,Unknown,Unknown,Unknown/Other,Dry,Daylight,2,0,2,Fatal,Clear
4162,SCRAPED_000987,News_Paper,2023,August,Saturday,Jammu and Kashmir,Truck,Gorge,2,Unknown,Unknown,Loss of Control,Dry,Dark,9,1,10,Fatal,Clear
4163,SCRAPED_000988,News_Paper,2023,August,Saturday,Andhra Pradesh,Two Wheeler,Truck,2,Unknown,Unknown,Severe Collision,Dry,Daylight,3,0,3,Fatal,Clear
4164,SCRAPED_000989,News_Paper,2023,August,Saturday,Rajasthan,Truck,Unidentified,2,Unknown,Unknown,Loss of Control,Wet,Dark,2,0,2,Fatal,Clear
4165,SCRAPED_000990,News_Paper,2023,August,Saturday,Tamil Nadu,Two Wheeler,Truck,2,Unknown,18-30,No Distancing/Rear End,Dry,Dark,1,0,1,Fatal,Clear
4166,SCRAPED_000991,News_Paper,2023,August,Saturday,Haryana,Two Wheeler,Truck,2,Unknown,31-50,No Distancing/Rear End,Wet,Daylight,1,0,1,Fatal,Clear
4167,SCRAPED_000992,News_Paper,2023,August,Friday,Haryana,Truck,Truck,2,Unknown,Unknown,Parking Issue,Dry,Dark,1,0,1,Fatal,Clear
4168,SCRAPED_000993,News_Paper,2023,August,Monday,Uttar Pradesh,Two Wheeler,Truck,2,Unknown,31-50,No Distancing/Rear End,Wet,Dark,1,0,1,Fatal,Clear
4169,SCRAPED_000994,News_Paper,2023,August,Tuesday,Haryana,Pedestrian,Truck,2,Unknown,Unknown,Reckless Driving,Dry,Dark,3,0,3,Fatal,Clear
4170,SCRAPED_000995,News_Paper,2023,August,Wednesday,Rajasthan,Two Wheeler,Truck,2,Unknown,Under 18,No Distancing/Rear End,Dry,Daylight,1,2,3,Fatal,Clear
4171,SCRAPED_000996,News_Paper,2023,August,Saturday,Assam,Pedestrian,Truck,2,Unknown,Unknown,Reckless Driving,Dry,Daylight,1,0,1,Fatal,Clear
4172,SCRAPED_000997,News_Paper,2023,August,Saturday,Assam,Two Wheeler,Truck,2,Unknown,Unknown,Severe Collision,Dry,Daylight,2,0,2,Fatal,Clear
4173,SCRAPED_000998,News_Paper,2023,August,Sunday,Maharashtra,Two Wheeler,Truck,2,Unknown,31-50,No Distancing/Rear End,Dry,Daylight,1,0,1,Fatal,Clear
4174,SCRAPED_000999,News_Paper,2023,August,Wednesday,Bihar,Suv,Truck,2,Unknown,Unknown,Parking Issue,Dry,Dark,7,2,9,Fatal,Clear
4175,SCRAPED_001000,News_Paper,2023,August,Tuesday,Andhra Pradesh,Car,Truck,2,Unknown,18-30,No Distancing/Rear End,Wet,Daylight,1,4,5,Fatal,Clear
4176,SCRAPED_001001,News_Paper,2023,August,Tuesday,West Bengal,Two Wheeler,Truck,2,Unknown,Over 51,Severe Collision,Wet,Daylight,1,0,1,Fatal,Clear
4177,SCRAPED_001002,News_Paper,2023,August,Monday,Maharashtra,Truck,Truck,2,Unknown,Unknown,Severe Collision,Wet,Daylight,1,1,2,Fatal,Clear
4178,SCRAPED_001003,News_Paper,2023,August,Thursday,Delhi,Two Wheeler,Truck,2,Unknown,Unknown,Severe Collision,Wet,Daylight,2,0,2,Fatal,Clear
4179,SCRAPED_001004,News_Paper,2023,August,Thursday,Telangana,Pedestrian,Truck,2,Unknown,31-50,Reckless Driving,Dry,Dark,1,0,1,Fatal,Clear
4180,SCRAPED_001005,News_Paper,2023,August,Wednesday,Maharashtra,Pedestrian,Truck,2,Unknown,Under 18,Reckless Driving,Wet,Daylight,1,0,1,Fatal,Clear
4181,SCRAPED_001006,News_Paper,2023,August,Wednesday,Maharashtra,Two Wheeler,Truck,2,Unknown,18-30,Severe Collision,Dry,Daylight,1,0,1,Fatal,Clear
4182,SCRAPED_001007,News_Paper,2023,August,Thursday,Punjab,Pick Up,Truck,2,Unknown,Unknown,Severe Collision,Dry,Daylight,2,0,2,Fatal,Clear
4183,SCRAPED_001008,News_Paper,2023,August,Thursday,Punjab,Car,Truck,2,Unknown,Unknown,Severe Collision,Dry,Dark,4,0,4,Fatal,Clear
4184,SCRAPED_001009,News_Paper,2023,September,Sunday,Uttar Pradesh,Car,Truck,2,Unknown,Unknown,Parking Issue,Wet,Daylight,4,3,7,Fatal,Clear
4185,SCRAPED_001010,News_Paper,2023,September,Monday,Karnataka,Car,Truck,2,Unknown,Unknown,Parking Issue,Dry,Dark,4,3,7,Fatal,Clear
4186,SCRAPED_001011,News_Paper,2023,September,Sunday,Madhya Pradesh,Two Wheeler,Truck,2,Unknown,Over 51,Severe Collision,Dry,Daylight,1,2,3,Fatal,Clear
4187,SCRAPED_001012,News_Paper,2023,September,Sunday,Uttar Pradesh,Truck,Unidentified,2,Unknown,Unknown,Loss of Control,Wet,Daylight,3,0,3,Fatal,Clear
4188,SCRAPED_001013,News_Paper,2023,September,Tuesday,Uttar Pradesh,Two Wheeler,Truck,2,Unknown,Unknown,Unknown/Other,Dry,Daylight,1,1,2,Fatal,Clear
4189,SCRAPED_001014,News_Paper,2023,September,Tuesday,Rajasthan,Two Wheeler,Truck,2,Unknown,Unknown,Severe Collision,Wet,Daylight,1,0,1,Fatal,Clear
4190,SCRAPED_001015,News_Paper,2023,September,Wednesday,Tamil Nadu,Van,Truck,2,Unknown,Unknown,No Distancing/Rear End,Dry,Daylight,6,2,8,Fatal,Clear
4191,SCRAPED_001016,News_Paper,2023,September,Wednesday,Maharashtra,Car,Truck,2,Unknown,Unknown,Severe Collision,Wet,Dark,3,2,5,Fatal,Clear
4192,SCRAPED_001017,News_Paper,2023,September,Tuesday,Assam,Suv,Truck,2,Unknown,Unknown,Severe Collision,Dry,Daylight,7,11,18,Fatal,Clear
4193,SCRAPED_001018,News_Paper,2023,September,Tuesday,Rajasthan,Suv,Truck,2,Unknown,Unknown,Severe Collision,Dry,Daylight,4,1,5,Fatal,Clear
4194,SCRAPED_001019,News_Paper,2023,September,Wednesday,Karnataka,Pedestrian,Truck,2,Unknown,Under 18,Reckless Driving,Dry,Daylight,1,0,1,Fatal,Clear
4195,SCRAPED_001020,News_Paper,2023,September,Thursday,Rajasthan,Suv,Truck,2,Unknown,Unknown,Severe Collision,Dry,Daylight,5,16,21,Fatal,Clear
4196,SCRAPED_001021,News_Paper,2023,September,Wednesday,Haryana,Two Wheeler,Truck,2,Unknown,18-30,Severe Collision,Dry,Daylight,1,1,2,Fatal,Clear
4197,SCRAPED_001022,News_Paper,2023,September,Wednesday,Haryana,Two Wheeler,Truck,2,Unknown,31-50,Severe Collision,Wet,Daylight,1,0,1,Fatal,Clear
4198,SCRAPED_001023,News_Paper,2023,September,Wednesday,Haryana,Truck,Unidentified,2,Unknown,Unknown,Loss of Control,Dry,Dark,3,0,3,Fatal,Clear
4199,SCRAPED_001024,News_Paper,2023,September,Saturday,Tamil Nadu,Two Wheeler,Truck,2,Unknown,Unknown,Severe Collision,Dry,Daylight,3,0,3,Fatal,Clear
4200,SCRAPED_001025,News_Paper,2023,September,Saturday,Meghalaya,Car,Truck,2,Unknown,31-50,Severe Collision,Wet,Daylight,1,0,1,Fatal,Clear
4201,SCRAPED_001026,News_Paper,2023,September,Sunday,Assam,Car,Truck,2,Unknown,Unknown,Severe Collision,Wet,Daylight,2,6,8,Fatal,Clear
4202,SCRAPED_001027,News_Paper,2023,September,Monday,Tamil Nadu,Van,Truck,2,Unknown,Unknown,No Distancing/Rear End,Dry,Daylight,7,14,21,Fatal,Clear
4203,SCRAPED_001028,News_Paper,2023,September,Tuesday,Jammu and Kashmir,Truck,Gorge,2,Unknown,Unknown,Loss of Control,Dry,Daylight,4,0,4,Fatal,Clear
4204,SCRAPED_001029,News_Paper,2023,September,Wednesday,Rajasthan,Bus,Truck,2,Unknown,Unknown,No Distancing/Rear End,Wet,Daylight,12,15,27,Fatal,Clear
4205,SCRAPED_001030,News_Paper,2023,September,Wednesday,Uttar Pradesh,Pick Up,Truck,2,Unknown,Unknown,Unknown/Other,Dry,Dark,4,9,13,Fatal,Clear
4206,SCRAPED_001031,News_Paper,2023,September,Monday,Uttar Pradesh,Two Wheeler,Truck,2,Unknown,31-50,No Distancing/Rear End,Dry,Daylight,1,0,1,Fatal,Clear
4207,SCRAPED_001032,News_Paper,2023,September,Monday,Uttar Pradesh,Pedestrian,Truck,2,Unknown,31-50,Reckless Driving,Dry,Daylight,1,0,1,Fatal,Clear
4208,SCRAPED_001033,News_Paper,2023,September,Tuesday,Chhattisgarh,Two Wheeler,Truck,2,Unknown,Unknown,No Distancing/Rear End,Dry,Dark,2,0,2,Fatal,Clear
4209,SCRAPED_001034,News_Paper,2023,September,Saturday,Maharashtra,Two Wheeler,Truck,2,Unknown,18-30,Parking Issue,Dry,Daylight,1,0,1,Fatal,Clear
4210,SCRAPED_001035,News_Paper,2023,September,Sunday,Karnataka,Car,Truck,2,Unknown,Unknown,No Distancing/Rear End,Dry,Daylight,3,0,3,Fatal,Clear
4211,SCRAPED_001036,News_Paper,2023,September,Sunday,Andhra Pradesh,Two Wheeler,Truck,2,Unknown,Over 51,Reckless Driving,Wet,Dark,1,1,2,Fatal,Clear
4212,SCRAPED_001037,News_Paper,2023,September,Friday,Andhra Pradesh,Ambulance,Truck,2,Unknown,Unknown,Parking Issue,Wet,Daylight,4,1,5,Fatal,Clear
4213,SCRAPED_001038,News_Paper,2023,September,Friday,Andhra Pradesh,Suv,Truck,2,Unknown,Unknown,Severe Collision,Wet,Daylight,5,9,14,Fatal,Clear
4214,SCRAPED_001039,News_Paper,2023,September,Wednesday,Telangana,Auto Rickshaw,Truck,2,Unknown,Unknown,Severe Collision,Dry,Daylight,4,0,4,Fatal,Clear
4215,SCRAPED_001040,News_Paper,2023,September,Saturday,Maharashtra,Two Wheeler,Truck,2,Unknown,Under 18,No Distancing/Rear End,Dry,Dark,1,2,3,Fatal,Clear
4216,SCRAPED_001041,News_Paper,2023,September,Monday,Maharashtra,Car,Truck,2,Unknown,Unknown,No Distancing/Rear End,Wet,Daylight,4,0,4,Fatal,Clear
4217,SCRAPED_001042,News_Paper,2023,September,Sunday,Maharashtra,Two Wheeler,Truck,2,Unknown,Over 51,Severe Collision,Dry,Daylight,1,0,1,Fatal,Clear
4218,SCRAPED_001043,News_Paper,2023,September,Tuesday,Gujarat,Truck,Truck,2,Unknown,Unknown,Parking Issue,Dry,Dark,2,0,2,Fatal,Clear
4219,SCRAPED_001044,News_Paper,2023,September,Wednesday,Delhi,Two Wheeler,Truck,2,Unknown,31-50,No Distancing/Rear End,Dry,Dark,1,1,2,Fatal,Clear
4220,SCRAPED_001045,News_Paper,2023,September,Wednesday,Delhi,Two Wheeler,Truck,2,Unknown,18-30,No Distancing/Rear End,Dry,Dark,1,2,3,Fatal,Clear
4221,SCRAPED_001046,News_Paper,2023,September,Saturday,Rajasthan,Bus,Truck,2,Unknown,Unknown,No Distancing/Rear End,Dry,Dark,2,20,22,Fatal,Clear
4222,SCRAPED_001047,News_Paper,2023,September,Sunday,Rajasthan,Truck,Bus,2,Unknown,Unknown,Unknown/Other,Dry,Daylight,5,6,11,Fatal,Clear
4223,SCRAPED_001048,News_Paper,2023,September,Tuesday,Uttar Pradesh,Truck,Truck,2,Unknown,Unknown,Severe Collision,Dry,Dark,3,0,3,Fatal,Clear
4224,SCRAPED_001049,News_Paper,2023,September,Monday,Delhi,Truck,Truck,2,Unknown,31-50,Unknown/Other,Dry,Daylight,1,4,5,Fatal,Clear
4225,SCRAPED_001050,News_Paper,2023,September,Monday,Delhi,Car,Truck,2,Unknown,31-50,No Distancing/Rear End,Dry,Daylight,1,1,2,Fatal,Clear
4226,SCRAPED_001051,News_Paper,2023,September,Sunday,Tamil Nadu,Two Wheeler,Truck,2,Unknown,18-30,Unknown/Other,Dry,Daylight,1,1,2,Fatal,Clear
4227,SCRAPED_001052,News_Paper,2023,September,Sunday,Tamil Nadu,Auto Rickshaw,Truck,2,Unknown,31-50,Unknown/Other,Dry,Daylight,1,1,2,Fatal,Clear
4228,SCRAPED_001053,News_Paper,2023,September,Monday,Tamil Nadu,Pedestrian,Truck,2,Unknown,Over 51,Reckless Driving,Dry,Dark,1,2,3,Fatal,Clear
4229,SCRAPED_001054,News_Paper,2023,September,Sunday,Haryana,Two Wheeler,Truck,2,Unknown,18-30,No Distancing/Rear End,Dry,Daylight,1,1,2,Fatal,Clear
4230,SCRAPED_001055,News_Paper,2023,September,Thursday,Bihar,Pedestrian,Truck,2,Unknown,Unknown,Reckless Driving,Wet,Daylight,3,1,4,Fatal,Clear
4231,SCRAPED_001056,News_Paper,2023,September,Friday,Maharashtra,Bus,Truck,2,Unknown,31-50,No Distancing/Rear End,Wet,Daylight,1,0,1,Fatal,Clear
4232,SCRAPED_001057,News_Paper,2023,October,Monday,Maharashtra,Pedestrian,Truck,2,Unknown,Unknown,Reckless Driving,Dry,Daylight,5,5,10,Fatal,Clear
4233,SCRAPED_001058,News_Paper,2023,October,Monday,Delhi,Two Wheeler,Truck,2,Unknown,31-50,No Distancing/Rear End,Wet,Dark,1,1,2,Fatal,Clear
4234,SCRAPED_001059,News_Paper,2023,October,Tuesday,Rajasthan,Bus,Truck,2,Unknown,Unknown,Parking Issue,Wet,Daylight,3,24,27,Fatal,Clear
4235,SCRAPED_001060,News_Paper,2023,October,Wednesday,Uttar Pradesh,Car,Truck,2,Unknown,Unknown,No Distancing/Rear End,Dry,Daylight,8,1,9,Fatal,Clear
4236,SCRAPED_001061,News_Paper,2023,October,Tuesday,Karnataka,Car,Truck,2,Unknown,Unknown,Severe Collision,Wet,Dark,3,1,4,Fatal,Clear
4237,SCRAPED_001062,News_Paper,2023,September,Friday,Madhya Pradesh,Pedestrian,Truck,2,Unknown,Unknown,Severe Collision,Dry,Daylight,3,1,4,Fatal,Clear
4238,SCRAPED_001063,News_Paper,2023,October,Wednesday,Haryana,Two Wheeler,Truck,2,Unknown,Unknown,No Distancing/Rear End,Dry,Daylight,2,1,3,Fatal,Clear
4239,SCRAPED_001064,News_Paper,2023,October,Friday,Delhi,Two Wheeler,Truck,2,Unknown,Unknown,No Distancing/Rear End,Dry,Dark,1,0,1,Fatal,Clear
4240,SCRAPED_001065,News_Paper,2023,October,Friday,Delhi,Truck,Unidentified,2,Unknown,Over 51,Loss of Control,Wet,Daylight,1,0,1,Fatal,Clear
4241,SCRAPED_001066,News_Paper,2023,October,Friday,Madhya Pradesh,Pedestrian,Truck,2,Unknown,Unknown,Reckless Driving,Wet,Daylight,4,0,4,Fatal,Clear
4242,SCRAPED_001067,News_Paper,2023,October,Monday,Karnataka,Truck,Truck,2,Unknown,Unknown,Unknown/Other,Wet,Dark,7,6,13,Fatal,Clear
4243,SCRAPED_001068,News_Paper,2023,October,Monday,Telangana,Bus,Truck,2,Unknown,Under 18,Unknown/Other,Dry,Daylight,1,25,26,Fatal,Clear
4244,SCRAPED_001069,News_Paper,2023,October,Wednesday,Tamil Nadu,Car,Truck,2,Unknown,Unknown,No Distancing/Rear End,Dry,Daylight,2,3,5,Fatal,Clear
4245,SCRAPED_001070,News_Paper,2023,October,Tuesday,Tamil Nadu,Car,Truck,2,Unknown,Unknown,Severe Collision,Wet,Daylight,7,1,8,Fatal,Clear
4246,SCRAPED_001071,News_Paper,2023,October,Thursday,Maharashtra,Two Wheeler,Truck,2,Unknown,18-30,No Distancing/Rear End,Dry,Daylight,1,1,2,Fatal,Clear
4247,SCRAPED_001072,News_Paper,2023,October,Friday,Rajasthan,Car,Truck,2,Unknown,Unknown,Severe Collision,Dry,Daylight,2,1,3,Fatal,Clear
4248,SCRAPED_001073,News_Paper,2023,October,Friday,Telangana,Car,Truck,2,Unknown,Unknown,Parking Issue,Dry,Daylight,2,2,4,Fatal,Clear
4249,SCRAPED_001074,News_Paper,2023,October,Friday,Jammu and Kashmir,Car,Truck,2,Unknown,Unknown,Unknown/Other,Dry,Daylight,4,0,4,Fatal,Clear
4250,SCRAPED_001075,News_Paper,2023,October,Sunday,Goa,Car,Truck,2,Unknown,18-30,Severe Collision,Dry,Daylight,1,1,2,Fatal,Clear
4251,SCRAPED_001076,News_Paper,2023,October,Sunday,Haryana,Two Wheeler,Truck,2,Unknown,18-30,No Distancing/Rear End,Wet,Daylight,1,0,1,Fatal,Clear
4252,SCRAPED_001077,News_Paper,2023,October,Tuesday,Jharkhand,Pedestrian,Truck,2,Unknown,Unknown,Reckless Driving,Dry,Daylight,2,3,5,Fatal,Clear
4253,SCRAPED_001078,News_Paper,2023,October,Wednesday,Maharashtra,Ambulance,Truck,2,Unknown,Unknown,No Distancing/Rear End,Dry,Daylight,4,1,5,Fatal,Clear
4254,SCRAPED_001079,News_Paper,2023,October,Thursday,Karnataka,Suv,Truck,2,Unknown,Unknown,Parking Issue,Dry,Daylight,13,0,13,Fatal,Clear
4255,SCRAPED_001080,News_Paper,2023,October,Friday,Madhya Pradesh,Pedestrian,Truck,2,Unknown,18-30,Reckless Driving,Wet,Daylight,1,0,1,Fatal,Clear
4256,SCRAPED_001081,News_Paper,2023,October,Friday,Andhra Pradesh,Two Wheeler,Truck,2,Unknown,Unknown,Unknown/Other,Dry,Daylight,2,0,2,Fatal,Clear
4257,SCRAPED_001082,News_Paper,2023,October,Thursday,Punjab,Car,Truck,2,Unknown,Unknown,Unknown/Other,Wet,Daylight,6,0,6,Fatal,Clear
4258,SCRAPED_001083,News_Paper,2023,October,Thursday,Gujarat,Car,Truck,2,Unknown,Unknown,Severe Collision,Dry,Daylight,1,4,5,Fatal,Clear
4259,SCRAPED_001084,News_Paper,2023,November,Wednesday,Uttar Pradesh,Pedestrian,Truck,2,Unknown,Unknown,No Distancing/Rear End,Dry,Daylight,2,5,7,Fatal,Clear
4260,SCRAPED_001085,News_Paper,2023,October,Monday,Punjab,Car,Truck,2,Unknown,Unknown,Severe Collision,Wet,Dark,5,0,5,Fatal,Clear
4261,SCRAPED_001086,News_Paper,2023,November,Sunday,Uttar Pradesh,Car,Truck,2,Unknown,Unknown,Parking Issue,Dry,Daylight,4,0,4,Fatal,Clear
4262,SCRAPED_001087,News_Paper,2023,November,Wednesday,Goa,Two Wheeler,Truck,2,Unknown,18-30,No Distancing/Rear End,Wet,Dark,1,0,1,Fatal,Clear
4263,SCRAPED_001088,News_Paper,2023,November,Thursday,Uttar Pradesh,Bus,Truck,2,Unknown,Unknown,Parking Issue,Dry,Daylight,6,27,33,Fatal,Clear
4264,SCRAPED_001089,News_Paper,2023,November,Saturday,Rajasthan,Suv,Truck,2,Unknown,Unknown,No Distancing/Rear End,Wet,Daylight,4,0,4,Fatal,Clear
4265,SCRAPED_001090,News_Paper,2023,November,Saturday,Maharashtra,Van,Truck,2,Unknown,Unknown,Severe Collision,Dry,Daylight,2,4,6,Fatal,Clear
4266,SCRAPED_001091,News_Paper,2023,November,Friday,Haryana,Van,Truck,2,Unknown,Unknown,Severe Collision,Dry,Daylight,4,0,4,Fatal,Clear
4267,SCRAPED_001092,News_Paper,2023,November,Tuesday,Uttar Pradesh,Car,Truck,2,Unknown,Unknown,Unknown/Other,Dry,Dark,6,0,6,Fatal,Clear
4268,SCRAPED_001093,News_Paper,2023,November,Tuesday,Odisha,Pedestrian,Truck,2,Unknown,31-50,Reckless Driving,Wet,Daylight,1,0,1,Fatal,Clear
4269,SCRAPED_001094,News_Paper,2023,November,Thursday,Tamil Nadu,Car,Truck,2,Unknown,Unknown,Severe Collision,Dry,Daylight,5,0,5,Fatal,Clear
4270,SCRAPED_001095,News_Paper,2023,November,Friday,Uttar Pradesh,Pedestrian,Truck,2,Unknown,Over 51,Reckless Driving,Dry,Daylight,1,0,1,Fatal,Clear
4271,SCRAPED_001096,News_Paper,2023,November,Saturday,Uttar Pradesh,Two Wheeler,Truck,2,Unknown,31-50,Unknown/Other,Dry,Dark,1,1,2,Fatal,Clear
4272,SCRAPED_001097,News_Paper,2023,November,Sunday,Rajasthan,Bus,Truck,2,Unknown,Unknown,Severe Collision,Dry,Dark,6,1,7,Fatal,Clear
4273,SCRAPED_001098,News_Paper,2023,November,Wednesday,Uttar Pradesh,Two Wheeler,Truck,2,Unknown,Over 51,No Distancing/Rear End,Wet,Dark,1,1,2,Fatal,Clear
4274,SCRAPED_001099,News_Paper,2023,November,Thursday,Maharashtra,Suv,Truck,2,Unknown,Unknown,Severe Collision,Dry,Daylight,3,2,5,Fatal,Clear
4275,SCRAPED_001100,News_Paper,2023,November,Thursday,Chandigarh,Two Wheeler,Truck,2,Unknown,18-30,Parking Issue,Dry,Daylight,1,0,1,Fatal,Clear
4276,SCRAPED_001101,News_Paper,2023,November,Monday,Delhi,Two Wheeler,Truck,2,Unknown,31-50,Reckless Driving,Dry,Dark,1,0,1,Fatal,Clear
4277,SCRAPED_001102,News_Paper,2023,November,Thursday,Tamil Nadu,Pick Up,Truck,2,Unknown,Unknown,Severe Collision,Dry,Daylight,3,1,4,Fatal,Clear
4278,SCRAPED_001103,News_Paper,2023,December,Friday,Odisha,Bus,Truck,2,Unknown,Unknown,Parking Issue,Dry,Daylight,8,12,20,Fatal,Clear
4279,SCRAPED_001104,News_Paper,2023,December,Friday,Uttar Pradesh,Pedestrian,Truck,2,Unknown,Under 18,Reckless Driving,Dry,Daylight,1,0,1,Fatal,Clear
4280,SCRAPED_001105,News_Paper,2023,December,Saturday,Goa,Two Wheeler,Truck,2,Unknown,18-30,Reckless Driving,Dry,Daylight,1,0,1,Fatal,Clear
4281,SCRAPED_001106,News_Paper,2023,December,Saturday,West Bengal,Two Wheeler,Truck,2,Unknown,18-30,No Distancing/Rear End,Wet,Daylight,1,0,1,Fatal,Clear
4282,SCRAPED_001107,News_Paper,2023,December,Saturday,Delhi,Pedestrian,Truck,2,Unknown,Unknown,Severe Collision,Dry,Daylight,1,1,2,Fatal,Clear
4283,SCRAPED_001108,News_Paper,2023,December,Saturday,Rajasthan,Bus,Truck,2,Unknown,Unknown,Unknown/Other,Wet,Daylight,2,12,14,Fatal,Clear
4284,SCRAPED_001109,News_Paper,2023,November,Wednesday,Karnataka,Bicycle,Truck,2,Unknown,31-50,Parking Issue,Dry,Dark,1,0,1,Fatal,Clear
4285,SCRAPED_001110,News_Paper,2023,December,Wednesday,Karnataka,Car,Truck,2,Unknown,Over 51,Severe Collision,Dry,Daylight,1,0,1,Fatal,Clear
4286,SCRAPED_001111,News_Paper,2023,December,Wednesday,Karnataka,Car,Truck,2,Unknown,Unknown,Severe Collision,Dry,Dark,2,2,4,Fatal,Clear
4287,SCRAPED_001112,News_Paper,2023,December,Sunday,Jharkhand,Car,Truck,2,Unknown,Unknown,Severe Collision,Wet,Daylight,5,0,5,Fatal,Clear
4288,SCRAPED_001113,News_Paper,2023,December,Monday,Madhya Pradesh,Two Wheeler,Truck,2,Unknown,Unknown,No Distancing/Rear End,Dry,Daylight,1,2,3,Fatal,Clear
4289,SCRAPED_001114,News_Paper,2023,December,Friday,Uttar Pradesh,Pedestrian,Truck,2,Unknown,Under 18,Reckless Driving,Wet,Daylight,1,0,1,Fatal,Clear
4290,SCRAPED_001115,News_Paper,2023,December,Friday,Uttar Pradesh,Two Wheeler,Truck,2,Unknown,Under 18,No Distancing/Rear End,Dry,Daylight,1,2,3,Fatal,Clear
4291,SCRAPED_001116,News_Paper,2023,December,Friday,Andhra Pradesh,Truck,Truck,2,Unknown,31-50,Unknown/Other,Wet,Daylight,1,0,1,Fatal,Clear
4292,SCRAPED_001117,News_Paper,2023,December,Saturday,Uttar Pradesh,Pedestrian,Truck,2,Unknown,Unknown,Severe Collision,Dry,Daylight,3,3,6,Fatal,Clear
4293,SCRAPED_001118,News_Paper,2023,December,Sunday,Maharashtra,Car,Truck,2,Unknown,Unknown,Severe Collision,Dry,Daylight,4,0,4,Fatal,Clear
4294,SCRAPED_001119,News_Paper,2023,December,Saturday,Gujarat,Two Wheeler,Truck,2,Unknown,Under 18,Unknown/Other,Dry,Daylight,1,0,1,Fatal,Clear
4295,SCRAPED_001120,News_Paper,2023,December,Saturday,Andhra Pradesh,Truck,Bus,2,Unknown,Unknown,Unknown/Other,Dry,Daylight,4,0,4,Fatal,Clear
4296,SCRAPED_001121,News_Paper,2023,December,Saturday,Chhattisgarh,Bus,Truck,2,Unknown,Unknown,Parking Issue,Wet,Daylight,3,17,20,Fatal,Clear
4297,SCRAPED_001122,News_Paper,2023,December,Saturday,Andhra Pradesh,Two Wheeler,Truck,2,Unknown,31-50,Parking Issue,Dry,Daylight,1,0,1,Fatal,Clear
4298,SCRAPED_001123,News_Paper,2023,December,Tuesday,Madhya Pradesh,Car,Truck,2,Unknown,Unknown,Severe Collision,Dry,Daylight,4,2,6,Fatal,Clear
4299,SCRAPED_001124,News_Paper,2023,December,Wednesday,Madhya Pradesh,Bus,Truck,2,Unknown,Unknown,Unknown/Other,Dry,Daylight,13,17,30,Fatal,Clear
4300,SCRAPED_001125,News_Paper,2023,December,Wednesday,Assam,Pedestrian,Truck,2,Unknown,Under 18,Reckless Driving,Wet,Dark,1,1,2,Fatal,Clear
4301,SCRAPED_001126,News_Paper,2023,December,Wednesday,Uttar Pradesh,Two Wheeler,Truck,2,Unknown,Unknown,Parking Issue,Dry,Dark,2,0,2,Fatal,Clear
4302,SCRAPED_001127,News_Paper,2023,December,Friday,Karnataka,Two Wheeler,Truck,2,Unknown,Unknown,No Distancing/Rear End,Wet,Daylight,1,1,2,Fatal,Clear
4303,SCRAPED_001128,News_Paper,2023,December,Saturday,Tamil Nadu,Car,Truck,2,Unknown,Unknown,Parking Issue,Wet,Daylight,5,19,24,Fatal,Clear
4304,SCRAPED_001129,News_API,2026,January,Friday,Unknown,Truck,Bicycle,2,Unknown,Unknown,Unknown/Other,Dry,Daylight,1,0,1,Fatal,Clear
4305,SCRAPED_001130,YouTube,2025,December,Monday,Uttar Pradesh,Car,Truck,2,Unknown,Unknown,Unknown/Other,Wet,Daylight,1,0,1,Fatal,Clear
4306,SCRAPED_001131,YouTube,2025,March,Tuesday,Rajasthan,Truck,Unidentified,2,Unknown,Unknown,Unknown/Other,Wet,Daylight,10,4,14,Fatal,Clear
4307,SCRAPED_001132,YouTube,2025,March,Tuesday,Telangana,Truck,Bus,2,Unknown,Unknown,Unknown/Other,Wet,Dark,19,20,39,Fatal,Clear
4308,SCRAPED_001133,YouTube,2025,September,Wednesday,Maharashtra,Truck,Unidentified,2,Unknown,Unknown,Unknown/Other,Wet,Daylight,1,0,1,Fatal,Clear
4309,SCRAPED_001134,YouTube,2025,November,Thursday,Maharashtra,Truck,Unidentified,2,Unknown,Unknown,Unknown/Other,Dry,Dark,6,10,16,Fatal,Clear
4310,SCRAPED_001135,YouTube,2026,January,Thursday,Jammu and Kashmir,Truck,Unidentified,2,Unknown,Unknown,Unknown/Other,Wet,Dark,10,10,20,Fatal,Clear
4311,SCRAPED_001136,YouTube,2026,January,Thursday,Jharkhand,Train,Truck,2,Unknown,Unknown,Unknown/Other,Wet,Daylight,0,2,2,Minor,Clear
4312,SCRAPED_001137,YouTube,2025,December,Thursday,Karnataka,Truck,Bus,2,Unknown,Unknown,Unknown/Other,Dry,Daylight,9,0,9,Fatal,Clear
4313,SCRAPED_001138,News_articles,2026,February,Friday,Andhra Pradesh,Truck,Car,2,Unknown,31-50,Loss of Control,Dry,Daylight,1,0,1,Fatal,Clear
4314,SCRAPED_001139,News_articles,2026,February,Tuesday,Unknown,Truck,Car,2,Unknown,Unknown,Speeding,Wet,Daylight,1,0,1,Fatal,Clear
4315,SCRAPED_001140,News_articles,2026,February,Saturday,Kerala,Bus,Unidentified,2,Unknown,Unknown,Unknown/Other,Wet,Dark,1,0,1,Fatal,Clear
4316,SCRAPED_001141,News_articles,2026,January,Saturday,Uttar Pradesh,Truck,Unidentified,2,Unknown,Unknown,Unknown/Other,Dry,Daylight,6,3,9,Fatal,Clear
4317,SCRAPED_001142,News_articles,2026,January,Saturday,Odisha,Truck,Unidentified,2,Unknown,Unknown,Unknown/Other,Dry,Daylight,5,6,11,Fatal,Clear
4318,SCRAPED_001143,News_articles,2026,January,Tuesday,Rajasthan,Truck,Car,2,Unknown,Unknown,Unknown/Other,Wet,Daylight,3,7,10,Fatal,Clear
4319,SCRAPED_001144,News_articles,2026,January,Thursday,Telangana,Bus,Two_Wheeler,2,Unknown,Unknown,Severe Collision,Dry,Daylight,1,0,1,Fatal,Clear
4320,SCRAPED_001145,News_articles,2025,December,Monday,Uttar Pradesh,Truck,Car,2,Unknown,Unknown,Loss of Control,Dry,Daylight,1,0,1,Fatal,Clear
4321,SCRAPED_001146,News_articles,2025,December,Friday,Andhra Pradesh,Bus,Unidentified,2,Unknown,Unknown,Speeding,Dry,Dark,9,0,9,Fatal,Clear
4322,SCRAPED_001147,News_articles,2025,December,Tuesday,Maharashtra,Truck,Unidentified,2,Unknown,Unknown,Speeding,Dry,Daylight,1,0,1,Fatal,Clear
4323,SCRAPED_001148,News_articles,2025,December,Thursday,Uttar Pradesh,Truck,Car,2,Unknown,Unknown,Speeding,Wet,Dark,1,0,1,Fatal,Clear
4324,SCRAPED_001149,News_articles,2025,November,Wednesday,Karnataka,Truck,Unidentified,2,Unknown,Unknown,Unknown/Other,Dry,Daylight,0,0,0,Minor,Clear
4325,SCRAPED_001150,News_articles,2025,November,Monday,Uttar Pradesh,Truck,Unidentified,2,Unknown,Unknown,Severe Collision,Dry,Dark,1,0,1,Fatal,Clear
4326,SCRAPED_001151,News_articles,2025,November,Thursday,Himachal Pradesh,Truck,Truck,2,Unknown,Unknown,Severe Collision,Dry,Dark,3,0,3,Fatal,Clear
4327,SCRAPED_001152,News_articles,2025,November,Sunday,Unknown,Truck,Car,2,Unknown,Unknown,Speeding,Dry,Dark,5,0,5,Fatal,Clear
4328,SCRAPED_001153,News_articles,2025,November,Thursday,Andhra Pradesh,Truck,Two_Wheeler,2,Unknown,Unknown,Speeding,Dry,Daylight,2,0,2,Fatal,Clear
4329,SCRAPED_001154,News_articles,2025,November,Tuesday,Uttar Pradesh,Truck,Car,2,Unknown,Unknown,Speeding,Dry,Dark,6,2,8,Fatal,Clear
4330,SCRAPED_001155,News_articles,2025,November,Monday,Rajasthan,Truck,Unidentified,2,Unknown,Unknown,Severe Collision,Wet,Daylight,0,0,0,Minor,Clear
4331,SCRAPED_001156,News_articles,2025,October,Tuesday,Haryana,Bus,Truck,2,Unknown,Under 18,Severe Collision,Wet,Daylight,0,0,0,Minor,Clear
4332,SCRAPED_001157,News_articles,2025,October,Saturday,Telangana,Bus,Unidentified,2,Unknown,Unknown,Loss of Control,Wet,Dark,0,20,20,Serious,Clear
4333,SCRAPED_001158,News_articles,2025,October,Saturday,Uttar Pradesh,Truck,Car,2,Unknown,Unknown,Severe Collision,Dry,Daylight,0,0,0,Minor,Clear
4334,SCRAPED_001159,News_articles,2025,October,Saturday,Karnataka,Bus,Unidentified,2,Unknown,Under 18,Unknown/Other,Dry,Daylight,0,0,0,Minor,Clear
4335,SCRAPED_001160,News_articles,2025,October,Monday,Unknown,Truck,Unidentified,2,Unknown,Unknown,Unknown/Other,Dry,Daylight,0,0,0,Minor,Clear
4336,SCRAPED_001161,News_articles,2025,September,Saturday,Unknown,Truck,Unidentified,2,Unknown,Unknown,Unknown/Other,Dry,Daylight,1,0,1,Fatal,Clear
4337,SCRAPED_001162,News_articles,2025,September,Wednesday,Madhya Pradesh,Truck,Unidentified,2,Unknown,Unknown,Drunk/Drug Driving,Dry,Daylight,0,0,0,Minor,Clear
4338,SCRAPED_001163,News_articles,2025,September,Monday,Madhya Pradesh,Truck,Unidentified,2,Unknown,Unknown,Drunk/Drug Driving,Dry,Daylight,3,0,3,Fatal,Clear
4339,SCRAPED_001164,News_articles,2025,September,Saturday,Haryana,Truck,Unidentified,2,Unknown,Unknown,Speeding,Dry,Daylight,1,0,1,Fatal,Clear
4340,SCRAPED_001165,News_articles,2025,September,Friday,Karnataka,Bus,Unidentified,2,Unknown,Unknown,Loss of Control,Dry,Daylight,0,0,0,Minor,Clear
4341,SCRAPED_001166,News_articles,2025,September,Thursday,Uttar Pradesh,Bus,Unidentified,2,Unknown,Unknown,Loss of Control,Dry,Daylight,5,10,15,Fatal,Clear
4342,SCRAPED_001167,News_articles,2025,September,Wednesday,Unknown,Truck,Unidentified,2,Unknown,Unknown,Unknown/Other,Wet,Dark,0,0,0,Minor,Clear
4343,SCRAPED_001168,News_articles,2025,September,Monday,Maharashtra,Bus,Two_Wheeler,2,Unknown,Unknown,Speeding,Wet,Daylight,1,0,1,Fatal,Clear
4344,SCRAPED_001169,News_articles,2025,August,Tuesday,Uttar Pradesh,Truck,Truck,2,Unknown,Unknown,Severe Collision,Dry,Daylight,1,40,41,Fatal,Clear
4345,SCRAPED_001170,News_articles,2025,August,Saturday,Maharashtra,Truck,Two_Wheeler,2,Unknown,Unknown,Speeding,Dry,Dark,0,0,0,Minor,Clear
4346,SCRAPED_001171,News_articles,2025,August,Thursday,Unknown,Bus,Truck,2,Unknown,Unknown,Speeding,Dry,Daylight,79,0,79,Fatal,Clear
4347,SCRAPED_001172,News_articles,2025,August,Wednesday,Maharashtra,Truck,Unidentified,2,Unknown,Unknown,Speeding,Wet,Daylight,0,0,0,Minor,Clear
4348,SCRAPED_001173,News_articles,2025,August,Wednesday,Unknown,Bus,Unidentified,2,Unknown,Unknown,Severe Collision,Wet,Daylight,50,0,50,Fatal,Clear
4349,SCRAPED_001174,News_articles,2025,August,Sunday,Karnataka,Bus,Truck,2,Unknown,Unknown,Severe Collision,Dry,Daylight,2,12,14,Fatal,Clear
4350,SCRAPED_001175,News_articles,2025,August,Thursday,Unknown,Truck,Auto,2,Unknown,Unknown,Severe Collision,Dry,Dark,1,0,1,Fatal,Clear
4351,SCRAPED_001176,News_articles,2025,August,Wednesday,Rajasthan,Truck,Van,2,Unknown,Unknown,Unknown/Other,Dry,Daylight,10,0,10,Fatal,Clear
4352,SCRAPED_001177,News_articles,2025,August,Wednesday,Unknown,Truck,Unidentified,2,Unknown,Unknown,Speeding,Dry,Daylight,1,0,1,Fatal,Clear
4353,SCRAPED_001178,News_articles,2025,August,Wednesday,Uttar Pradesh,Truck,Unidentified,2,Unknown,Under 18,Speeding,Wet,Dark,1,0,1,Fatal,Clear
4354,SCRAPED_001179,News_articles,2025,July,Thursday,Unknown,Truck,Unidentified,2,Unknown,Unknown,Unknown/Other,Wet,Daylight,1,3,4,Fatal,Clear
4355,SCRAPED_001180,News_articles,2025,July,Tuesday,Jharkhand,Bus,Truck,2,Unknown,Unknown,Severe Collision,Dry,Dark,1,0,1,Fatal,Clear
4356,SCRAPED_001181,News_articles,2025,July,Saturday,Maharashtra,Truck,Unidentified,2,Unknown,Unknown,Unknown/Other,Wet,Daylight,1,0,1,Fatal,Clear
4357,SCRAPED_001182,News_articles,2025,July,Saturday,Unknown,Truck,Unidentified,2,Unknown,Unknown,Speeding,Wet,Daylight,0,0,0,Minor,Clear
4358,SCRAPED_001183,News_articles,2025,July,Friday,Maharashtra,Truck,Unidentified,2,Unknown,Under 18,Speeding,Dry,Daylight,1,0,1,Fatal,Clear
4359,SCRAPED_001184,News_articles,2025,July,Thursday,Odisha,Truck,Unidentified,2,Unknown,Unknown,Unknown/Other,Wet,Dark,0,0,0,Minor,Clear
4360,SCRAPED_001185,News_articles,2025,July,Monday,Uttar Pradesh,Truck,Van,2,Unknown,Unknown,Speeding,Dry,Dark,0,1,1,Minor,Clear
4361,SCRAPED_001186,News_articles,2025,July,Monday,Unknown,Bus,Unidentified,2,Unknown,Unknown,Speeding,Wet,Daylight,13,20,33,Fatal,Clear
4362,SCRAPED_001187,News_articles,2025,July,Sunday,Uttar Pradesh,Truck,Two_Wheeler,2,Unknown,Unknown,Severe Collision,Dry,Dark,1,3,4,Fatal,Clear
4363,SCRAPED_001188,News_articles,2025,July,Sunday,Maharashtra,Truck,Truck,2,Unknown,Unknown,Speeding,Dry,Daylight,0,8,8,Serious,Clear
4364,SCRAPED_001189,News_articles,2025,July,Friday,Unknown,Bus,Van,2,Unknown,Unknown,Severe Collision,Dry,Daylight,0,0,0,Minor,Clear
4365,SCRAPED_001190,News_articles,2025,June,Monday,Karnataka,Truck,Car,2,Unknown,Unknown,Speeding,Dry,Daylight,1,0,1,Fatal,Clear
4366,SCRAPED_001191,News_articles,2025,June,Saturday,Delhi,Bus,Unidentified,2,Unknown,Unknown,Unknown/Other,Dry,Dark,1,0,1,Fatal,Clear
4367,SCRAPED_001192,News_articles,2025,June,Friday,West Bengal,Truck,Car,2,Unknown,Unknown,Severe Collision,Dry,Daylight,9,0,9,Fatal,Clear
4368,SCRAPED_001193,News_articles,2025,June,Thursday,Uttar Pradesh,Bus,Truck,2,Unknown,Unknown,Unknown/Other,Wet,Daylight,0,0,0,Minor,Clear
4369,SCRAPED_001194,News_articles,2025,June,Tuesday,Uttar Pradesh,Truck,Unidentified,2,Unknown,Unknown,Speeding,Dry,Dark,1,0,1,Fatal,Clear
4370,SCRAPED_001195,News_articles,2025,June,Monday,Unknown,Bus,Unidentified,2,Unknown,Unknown,Speeding,Dry,Daylight,0,0,0,Minor,Clear
4371,SCRAPED_001196,News_articles,2025,June,Tuesday,West Bengal,Bus,Unidentified,2,Unknown,Unknown,Unknown/Other,Wet,Dark,0,0,0,Minor,Clear
4372,SCRAPED_001197,News_articles,2025,May,Wednesday,Uttar Pradesh,Bus,Auto,2,Unknown,Unknown,Severe Collision,Dry,Daylight,1,0,1,Fatal,Clear
4373,SCRAPED_001198,News_articles,2025,May,Tuesday,Maharashtra,Truck,Unidentified,2,Unknown,Unknown,Speeding,Dry,Daylight,6,0,6,Fatal,Clear
4374,SCRAPED_001199,News_articles,2025,May,Sunday,Rajasthan,Truck,Unidentified,2,Unknown,Unknown,Unknown/Other,Dry,Daylight,4,0,4,Fatal,Clear
4375,SCRAPED_001200,News_articles,2025,May,Friday,Unknown,Truck,Two_Wheeler,2,Unknown,Unknown,Unknown/Other,Dry,Dark,0,0,0,Minor,Clear
4376,SCRAPED_001201,News_articles,2025,May,Tuesday,Unknown,Truck,Truck,2,Unknown,Unknown,Speeding,Wet,Daylight,1,0,1,Fatal,Clear
4377,SCRAPED_001202,News_articles,2025,May,Sunday,Unknown,Bus,Unidentified,2,Unknown,Unknown,Unknown/Other,Dry,Daylight,15,30,45,Fatal,Clear
4378,SCRAPED_001203,News_articles,2025,May,Tuesday,Bihar,Truck,Car,2,Unknown,Unknown,Severe Collision,Dry,Daylight,8,2,10,Fatal,Clear
4379,SCRAPED_001204,News_articles,2025,May,Friday,Unknown,Truck,Unidentified,2,Unknown,Unknown,Unknown/Other,Dry,Daylight,0,0,0,Minor,Clear
4380,SCRAPED_001205,News_articles,2025,April,Sunday,Unknown,Truck,Two_Wheeler,2,Unknown,Unknown,Unknown/Other,Dry,Dark,1,0,1,Fatal,Clear
4381,SCRAPED_001206,News_articles,2025,April,Monday,Karnataka,Truck,Truck,2,Unknown,Unknown,Unknown/Other,Dry,Daylight,0,0,0,Minor,Clear
4382,SCRAPED_001207,News_articles,2025,April,Friday,Unknown,Truck,Car,2,Unknown,Unknown,Severe Collision,Wet,Dark,2,0,2,Fatal,Clear
4383,SCRAPED_001208,News_articles,2025,April,Wednesday,Uttar Pradesh,Truck,Car,2,Unknown,Unknown,Unknown/Other,Dry,Daylight,1,0,1,Fatal,Clear
4384,SCRAPED_001209,News_articles,2025,April,Tuesday,Tamil Nadu,Truck,Car,2,Unknown,Unknown,Speeding,Dry,Daylight,1,0,1,Fatal,Clear
4385,SCRAPED_001210,News_articles,2025,March,Friday,Unknown,Truck,Car,2,Unknown,Unknown,Severe Collision,Dry,Dark,0,5,5,Serious,Clear
4386,SCRAPED_001211,News_articles,2025,March,Saturday,Uttar Pradesh,Bus,Truck,2,Unknown,Unknown,Speeding,Dry,Daylight,4,19,23,Fatal,Clear
4387,SCRAPED_001212,News_articles,2025,February,Saturday,Unknown,Bus,Unidentified,2,Unknown,Unknown,Unknown/Other,Dry,Daylight,1,17,18,Fatal,Clear
4388,SCRAPED_001213,News_articles,2025,February,Friday,Unknown,Truck,Car,2,Unknown,Unknown,Severe Collision,Dry,Daylight,0,0,0,Minor,Clear
4389,SCRAPED_001214,News_articles,2025,February,Thursday,Uttar Pradesh,Truck,Two_Wheeler,2,Unknown,Unknown,Severe Collision,Wet,Daylight,0,0,0,Minor,Clear
4390,SCRAPED_001215,News_articles,2025,February,Tuesday,Bihar,Truck,Auto,2,Unknown,Unknown,Severe Collision,Dry,Dark,3,2,5,Fatal,Clear
4391,SCRAPED_001216,News_articles,2025,February,Tuesday,Uttar Pradesh,Truck,Car,2,Unknown,Unknown,Unknown/Other,Wet,Daylight,1,0,1,Fatal,Clear
4392,SCRAPED_001217,News_articles,2025,February,Monday,Unknown,Bus,Unidentified,2,Unknown,Unknown,Unknown/Other,Dry,Daylight,51,0,51,Fatal,Clear
4393,SCRAPED_001218,News_articles,2025,January,Friday,Uttar Pradesh,Truck,Unidentified,2,Unknown,Unknown,Severe Collision,Dry,Dark,6,10,16,Fatal,Clear
4394,SCRAPED_001219,News_articles,2025,January,Wednesday,Karnataka,Truck,Unidentified,2,Unknown,Unknown,Unknown/Other,Dry,Dark,1,10,11,Fatal,Clear
4395,SCRAPED_001220,News_articles,2025,January,Wednesday,Uttar Pradesh,Truck,Car,2,Unknown,Unknown,Unknown/Other,Dry,Daylight,3,0,3,Fatal,Clear
4396,SCRAPED_001221,News_articles,2025,January,Thursday,Bihar,Truck,Auto,2,Unknown,Unknown,Severe Collision,Wet,Daylight,3,3,6,Fatal,Clear
4397,SCRAPED_001222,News_articles,2024,December,Wednesday,Rajasthan,Truck,Unidentified,2,Unknown,18-30,Speeding,Dry,Daylight,0,0,0,Minor,Clear
4398,SCRAPED_001223,News_articles,2024,December,Monday,Uttar Pradesh,Truck,Unidentified,2,Unknown,Unknown,Speeding,Wet,Daylight,0,0,0,Minor,Clear
4399,SCRAPED_001224,News_articles,2024,December,Sunday,Unknown,Volvo,Car,2,Unknown,Unknown,Speeding,Dry,Daylight,1,0,1,Fatal,Clear
4400,SCRAPED_001225,News_articles,2024,December,Friday,Punjab,Truck,Car,2,Unknown,Unknown,Speeding,Dry,Dark,2,0,2,Fatal,Clear
4401,SCRAPED_001226,News_articles,2024,December,Friday,Uttar Pradesh,Truck,Unidentified,2,Unknown,Unknown,Unknown/Other,Dry,Daylight,0,3,3,Serious,Clear
4402,SCRAPED_001227,News_articles,2024,December,Thursday,Kerala,Truck,Unidentified,2,Unknown,Unknown,Speeding,Dry,Dark,1,0,1,Fatal,Clear
4403,SCRAPED_001228,News_articles,2024,December,Thursday,Tamil Nadu,Truck,Car,2,Unknown,Unknown,Severe Collision,Dry,Daylight,3,0,3,Fatal,Clear
4404,SCRAPED_001229,News_articles,2024,December,Wednesday,Unknown,Bus,Unidentified,2,Unknown,Unknown,Speeding,Dry,Daylight,0,0,0,Minor,Clear
4405,SCRAPED_001230,News_articles,2024,December,Tuesday,Maharashtra,Bus,Unidentified,2,Unknown,Unknown,Unknown/Other,Dry,Daylight,6,49,55,Fatal,Clear
4406,SCRAPED_001231,News_articles,2024,December,Tuesday,Kerala,Bus,Car,2,Unknown,Unknown,Severe Collision,Dry,Dark,1,0,1,Fatal,Clear
4407,SCRAPED_001232,News_articles,2024,December,Sunday,Uttar Pradesh,Truck,Two_Wheeler,2,Unknown,Unknown,Severe Collision,Dry,Daylight,0,2,2,Minor,Clear
4408,SCRAPED_001233,News_articles,2024,November,Monday,Unknown,Bus,Unidentified,2,Unknown,Unknown,Speeding,Dry,Dark,17,1,18,Fatal,Clear
4409,SCRAPED_001234,News_articles,2024,November,Wednesday,Unknown,Truck,Car,2,Unknown,Unknown,Speeding,Wet,Dark,0,0,0,Minor,Clear
4410,SCRAPED_001235,News_articles,2024,November,Friday,Unknown,Truck,Unidentified,2,Unknown,Unknown,Speeding,Dry,Dark,2,0,2,Fatal,Clear
4411,SCRAPED_001236,News_articles,2024,November,Saturday,Delhi,Truck,Unidentified,2,Unknown,Unknown,Speeding,Dry,Daylight,1,0,1,Fatal,Clear
4412,SCRAPED_001237,News_articles,2024,October,Thursday,Rajasthan,Truck,Car,2,Unknown,Unknown,Unknown/Other,Dry,Daylight,3,0,3,Fatal,Clear
4413,SCRAPED_001238,News_articles,2024,October,Wednesday,Maharashtra,Truck,Two_Wheeler,2,Unknown,Under 18,Unknown/Other,Dry,Daylight,1,0,1,Fatal,Clear
4414,SCRAPED_001239,News_articles,2024,October,Friday,Uttar Pradesh,Truck,Truck,2,Unknown,Unknown,Severe Collision,Wet,Daylight,1,3,4,Fatal,Clear
4415,SCRAPED_001240,News_articles,2024,September,Saturday,Gujarat,Bus,Unidentified,2,Unknown,Unknown,Severe Collision,Wet,Daylight,7,0,7,Fatal,Clear
4416,SCRAPED_001241,News_articles,2024,September,Tuesday,Uttar Pradesh,Truck,Unidentified,2,Unknown,Unknown,Speeding,Dry,Daylight,0,0,0,Minor,Clear
4417,SCRAPED_001242,News_articles,2024,September,Tuesday,Delhi,Truck,Two_Wheeler,2,Unknown,Unknown,Unknown/Other,Dry,Daylight,1,1,2,Fatal,Clear
4418,SCRAPED_001243,News_articles,2024,September,Wednesday,Delhi,Bus,Unidentified,2,Unknown,Unknown,Severe Collision,Wet,Daylight,1,0,1,Fatal,Clear
4419,SCRAPED_001244,News_articles,2024,August,Wednesday,Unknown,Truck,Unidentified,2,Unknown,Unknown,Unknown/Other,Dry,Dark,1,4,5,Fatal,Clear
4420,SCRAPED_001245,News_articles,2024,August,Saturday,Unknown,Bus,Unidentified,2,Unknown,Unknown,Unknown/Other,Dry,Daylight,0,0,0,Minor,Clear
4421,SCRAPED_001246,News_articles,2024,August,Wednesday,Unknown,Bus,Unidentified,2,Unknown,Unknown,Loss of Control,Wet,Daylight,1,0,1,Fatal,Clear
4422,SCRAPED_001247,News_articles,2024,August,Tuesday,Maharashtra,Truck,Two_Wheeler,2,Unknown,Unknown,Unknown/Other,Dry,Daylight,1,0,1,Fatal,Clear
4423,SCRAPED_001248,News_articles,2024,August,Tuesday,Uttar Pradesh,Truck,Truck,2,Unknown,Unknown,Unknown/Other,Dry,Daylight,4,24,28,Fatal,Clear
4424,SCRAPED_001249,News_articles,2024,August,Sunday,Maharashtra,Bus,Car,2,Unknown,Unknown,Speeding,Dry,Daylight,1,0,1,Fatal,Clear
4425,SCRAPED_001250,News_articles,2024,July,Wednesday,Uttar Pradesh,Truck,Car,2,Unknown,Unknown,Unknown/Other,Dry,Dark,3,1,4,Fatal,Clear
4426,SCRAPED_001251,News_articles,2024,July,Wednesday,Unknown,Bus,Unidentified,2,Unknown,Unknown,Unknown/Other,Dry,Daylight,26,0,26,Fatal,Clear
4427,SCRAPED_001252,News_articles,2024,July,Tuesday,Maharashtra,Bus,Unidentified,2,Unknown,Unknown,Unknown/Other,Dry,Daylight,4,1,5,Fatal,Clear
4428,SCRAPED_001253,News_articles,2024,July,Wednesday,Maharashtra,Bus,Unidentified,2,Unknown,Under 18,Severe Collision,Dry,Daylight,1,0,1,Fatal,Clear
4429,SCRAPED_001254,News_articles,2024,June,Saturday,Uttar Pradesh,Bus,Auto,2,Unknown,Unknown,Severe Collision,Wet,Daylight,4,2,6,Fatal,Clear
4430,SCRAPED_001255,News_articles,2024,June,Friday,Rajasthan,Truck,Car,2,Unknown,Unknown,Severe Collision,Dry,Daylight,4,0,4,Fatal,Clear
4431,SCRAPED_001256,News_articles,2024,June,Wednesday,Maharashtra,Truck,Unidentified,2,Unknown,Unknown,Speeding,Dry,Daylight,1,0,1,Fatal,Clear
4432,SCRAPED_001257,News_articles,2024,June,Friday,Unknown,Truck,Unidentified,2,Unknown,Unknown,Loss of Control,Dry,Daylight,4,20,24,Fatal,Clear
4433,SCRAPED_001258,News_articles,2024,June,Thursday,Unknown,Bus,Unidentified,2,Unknown,Unknown,Unknown/Other,Wet,Daylight,2,18,20,Fatal,Clear
4434,SCRAPED_001259,News_articles,2024,June,Saturday,Unknown,Truck,Car,2,Unknown,Unknown,Unknown/Other,Wet,Daylight,1,0,1,Fatal,Clear
4435,SCRAPED_001260,News_articles,2024,May,Wednesday,Unknown,Bus,Unidentified,2,Unknown,Unknown,Unknown/Other,Dry,Dark,29,20,49,Fatal,Clear
4436,SCRAPED_001261,News_articles,2024,May,Sunday,Uttar Pradesh,Bus,Truck,2,Unknown,Unknown,Severe Collision,Dry,Daylight,11,10,21,Fatal,Clear
4437,SCRAPED_001262,News_articles,2024,May,Monday,Chhattisgarh,Truck,Unidentified,2,Unknown,Unknown,Loss of Control,Wet,Daylight,15,0,15,Fatal,Clear
4438,SCRAPED_001263,News_articles,2024,May,Friday,Rajasthan,Bus,Truck,2,Unknown,Unknown,Unknown/Other,Wet,Daylight,5,12,17,Fatal,Clear
4439,SCRAPED_001264,News_articles,2024,May,Wednesday,Andhra Pradesh,Bus,Unidentified,2,Unknown,Unknown,Severe Collision,Wet,Daylight,6,0,6,Fatal,Clear
4440,SCRAPED_001265,News_articles,2024,May,Monday,Unknown,Bus,Truck,2,Unknown,Unknown,Speeding,Wet,Daylight,2,0,2,Fatal,Clear
4441,SCRAPED_001266,News_articles,2024,May,Monday,Uttar Pradesh,Truck,Truck,2,Unknown,Unknown,Severe Collision,Dry,Daylight,3,17,20,Fatal,Clear
4442,SCRAPED_001267,News_articles,2024,May,Friday,Unknown,Bus,Unidentified,2,Unknown,Unknown,Speeding,Wet,Daylight,20,21,41,Fatal,Clear
4443,SCRAPED_001268,News_articles,2024,May,Wednesday,Tamil Nadu,Bus,Unidentified,2,Unknown,Unknown,Unknown/Other,Dry,Dark,4,20,24,Fatal,Clear
4444,SCRAPED_001269,News_articles,2024,April,Tuesday,Bihar,Truck,Car,2,Unknown,Unknown,Speeding,Wet,Daylight,6,0,6,Fatal,Clear
4445,SCRAPED_001270,News_articles,2024,April,Tuesday,Unknown,Bus,Unidentified,2,Unknown,Unknown,Unknown/Other,Wet,Dark,25,0,25,Fatal,Clear
4446,SCRAPED_001271,News_articles,2024,April,Monday,Unknown,Bus,Unidentified,2,Unknown,Unknown,Unknown/Other,Wet,Dark,23,1,24,Fatal,Clear
4447,SCRAPED_001272,News_articles,2024,April,Monday,Unknown,Truck,Car,2,Unknown,Unknown,Unknown/Other,Wet,Daylight,1,0,1,Fatal,Clear
4448,SCRAPED_001273,News_articles,2024,April,Thursday,Unknown,Truck,Two_Wheeler,2,Unknown,Unknown,Speeding,Dry,Daylight,0,0,0,Minor,Clear
4449,SCRAPED_001274,News_articles,2024,April,Wednesday,Gujarat,Truck,Car,2,Unknown,Unknown,Unknown/Other,Wet,Daylight,10,0,10,Fatal,Clear
4450,SCRAPED_001275,News_articles,2024,April,Wednesday,Uttar Pradesh,Bus,Unidentified,2,Unknown,Unknown,Unknown/Other,Dry,Daylight,0,0,0,Minor,Clear
4451,SCRAPED_001276,News_articles,2024,April,Thursday,Maharashtra,Bus,Unidentified,2,Unknown,Unknown,Unknown/Other,Dry,Daylight,1,0,1,Fatal,Clear
4452,SCRAPED_001277,News_articles,2024,April,Thursday,Unknown,Truck,Unidentified,2,Unknown,Unknown,Unknown/Other,Dry,Daylight,13,0,13,Fatal,Clear
4453,SCRAPED_001278,News_articles,2024,April,Wednesday,Chhattisgarh,Bus,Unidentified,2,Unknown,Unknown,Loss of Control,Dry,Daylight,12,14,26,Fatal,Clear
4454,SCRAPED_001279,News_articles,2024,April,Monday,Unknown,Truck,Unidentified,2,Unknown,Unknown,Unknown/Other,Dry,Dark,1,0,1,Fatal,Clear
4455,SCRAPED_001280,News_articles,2024,April,Tuesday,Maharashtra,Truck,Unidentified,2,Unknown,Unknown,Speeding,Wet,Daylight,1,0,1,Fatal,Clear
4456,SCRAPED_001281,News_articles,2024,March,Wednesday,Uttar Pradesh,Bus,Car,2,Unknown,Under 18,Unknown/Other,Dry,Daylight,3,0,3,Fatal,Clear
4457,SCRAPED_001282,News_articles,2024,March,Tuesday,Unknown,Truck,Unidentified,2,Unknown,Unknown,Speeding,Dry,Daylight,5,0,5,Fatal,Clear
4458,SCRAPED_001283,News_articles,2024,March,Monday,Unknown,Truck,Unidentified,2,Unknown,Unknown,Unknown/Other,Dry,Daylight,5,11,16,Fatal,Clear
4459,SCRAPED_001284,News_articles,2024,February,Sunday,Telangana,Truck,Unidentified,2,Unknown,Unknown,Unknown/Other,Wet,Daylight,1,0,1,Fatal,Clear
4460,SCRAPED_001285,News_articles,2024,February,Saturday,Uttar Pradesh,Truck,Unidentified,2,Unknown,Unknown,Unknown/Other,Wet,Daylight,1,0,1,Fatal,Clear
4461,SCRAPED_001286,News_articles,2024,February,Saturday,Gujarat,Bus,Truck,2,Unknown,Unknown,Severe Collision,Dry,Dark,2,1,3,Fatal,Clear
4462,SCRAPED_001287,News_articles,2024,February,Wednesday,Uttar Pradesh,Truck,Unidentified,2,Unknown,Unknown,Loss of Control,Dry,Daylight,3,0,3,Fatal,Clear
4463,SCRAPED_001288,News_articles,2024,February,Monday,Unknown,Bus,Car,2,Unknown,Unknown,Speeding,Dry,Dark,5,0,5,Fatal,Clear
4464,SCRAPED_001289,News_articles,2024,February,Tuesday,Kerala,Crane,Unidentified,2,Unknown,Unknown,Severe Collision,Dry,Daylight,0,0,0,Minor,Clear
4465,SCRAPED_001290,News_articles,2024,February,Sunday,Unknown,Truck,Car,2,Unknown,Unknown,Severe Collision,Dry,Daylight,1,0,1,Fatal,Clear
4466,SCRAPED_001291,News_articles,2024,January,Wednesday,Unknown,Bus,Unidentified,2,Unknown,Unknown,Speeding,Dry,Daylight,19,22,41,Fatal,Clear
4467,SCRAPED_001292,News_articles,2024,January,Wednesday,Maharashtra,Bus,Truck,2,Unknown,Unknown,Speeding,Dry,Daylight,6,0,6,Fatal,Clear
4468,SCRAPED_001293,News_articles,2024,January,Thursday,Delhi,Bus,Unidentified,2,Unknown,Unknown,Severe Collision,Dry,Dark,1,0,1,Fatal,Clear
4469,SCRAPED_001294,News_articles,2024,January,Saturday,Unknown,Bus,Unidentified,2,Unknown,Unknown,Unknown/Other,Dry,Dark,12,0,12,Fatal,Clear
4470,SCRAPED_001295,News_articles,2024,January,Friday,Telangana,Bus,Unidentified,2,Unknown,Unknown,Severe Collision,Dry,Daylight,1,0,1,Fatal,Clear
4471,SCRAPED_001296,News_articles,2024,January,Monday,Uttar Pradesh,Truck,Car,2,Unknown,Unknown,Speeding,Wet,Daylight,1,0,1,Fatal,Clear
4472,SCRAPED_001297,News_articles,2024,January,Monday,Maharashtra,Truck,Car,2,Unknown,Unknown,Severe Collision,Dry,Dark,0,5,5,Serious,Clear
