accident_id,source,year,month,day_of_week,state,vehicle_1,vehicle_2,vehicles_involved,party_age_group,victim_age_group,cause_of_accident,weather_condition,road_condition,lighting_condition,fatalities,injuries,casualties,severity
KAG_000001,Kaggle_Accident_prediction,2018,January,Wednesday,Uttar Pradesh,Truck,Unknown,5,Over 51,Unknown,Unknown,Hazy,Dry,Dusk,4,1,5,Minor
KAG_000002,Kaggle_Accident_prediction,2020,November,Tuesday,Meghalaya,Truck,Unknown,1,31-50,Unknown,Unknown,Stormy,Dry,Daylight,2,4,6,Serious
KAG_000003,Kaggle_Accident_prediction,2022,December,Wednesday,Himachal Pradesh,Truck,Unknown,3,31-50,Unknown,Unknown,Clear,Damaged,Dark,5,0,1,Minor
KAG_000004,Kaggle_Accident_prediction,2021,July,Saturday,Rajasthan,Truck,Unknown,3,Over 51,Unknown,Unknown,Clear,Damaged,Dawn,1,6,7,Fatal
KAG_000005,Kaggle_Accident_prediction,2018,June,Saturday,Nagaland,Truck,Unknown,5,Over 51,Unknown,Unknown,Foggy,Under Construction,Dusk,3,2,5,Minor
KAG_000006,Kaggle_Accident_prediction,2022,February,Monday,Meghalaya,Truck,Unknown,1,Over 51,Unknown,Unknown,Hazy,Under Construction,Dusk,1,3,4,Serious
KAG_000007,Kaggle_Accident_prediction,2022,February,Wednesday,Chhattisgarh,Truck,Unknown,2,Over 51,Unknown,Unknown,Rainy,Under Construction,Daylight,5,0,5,Fatal
KAG_000008,Kaggle_Accident_prediction,2022,February,Sunday,Tripura,Truck,Unknown,1,31-50,Unknown,Unknown,Foggy,Damaged,Dawn,1,7,8,Serious
KAG_000009,Kaggle_Accident_prediction,2021,February,Wednesday,Karnataka,Truck,Unknown,3,31-50,Unknown,Unknown,Rainy,Under Construction,Dark,5,0,1,Minor
KAG_000010,Kaggle_Accident_prediction,2018,June,Friday,Mizoram,Truck,Unknown,4,Over 51,Unknown,Unknown,Hazy,Dry,Dark,2,0,0,Serious
KAG_000011,Kaggle_Accident_prediction,2023,March,Wednesday,Gujarat,Truck,Unknown,3,Over 51,Unknown,Unknown,Foggy,Wet,Dawn,3,0,2,Fatal
KAG_000012,Kaggle_Accident_prediction,2021,May,Monday,Mizoram,Truck,Unknown,3,31-50,Unknown,Unknown,Rainy,Under Construction,Dusk,5,4,9,Serious
KAG_000013,Kaggle_Accident_prediction,2023,May,Friday,Punjab,Truck,Unknown,3,31-50,Unknown,Unknown,Clear,Dry,Dusk,0,0,0,Minor
KAG_000014,Kaggle_Accident_prediction,2018,January,Friday,Tamil Nadu,Truck,Unknown,1,Over 51,Unknown,Unknown,Hazy,Damaged,Daylight,1,8,9,Minor
KAG_000015,Kaggle_Accident_prediction,2021,September,Thursday,Chandigarh,Truck,Unknown,3,Over 51,Unknown,Unknown,Clear,Wet,Daylight,3,0,0,Minor
KAG_000016,Kaggle_Accident_prediction,2018,July,Friday,Puducherry,Truck,Unknown,3,Over 51,Unknown,Unknown,Clear,Under Construction,Dark,0,0,0,Minor
KAG_000017,Kaggle_Accident_prediction,2022,April,Saturday,Tamil Nadu,Truck,Unknown,1,31-50,Unknown,Unknown,Hazy,Under Construction,Dawn,2,1,3,Serious
KAG_000018,Kaggle_Accident_prediction,2023,September,Wednesday,Haryana,Truck,Unknown,2,Over 51,Unknown,Unknown,Rainy,Dry,Dawn,0,9,9,Serious
KAG_000019,Kaggle_Accident_prediction,2019,May,Sunday,Assam,Truck,Unknown,3,31-50,Unknown,Unknown,Clear,Under Construction,Dark,0,7,7,Serious
KAG_000020,Kaggle_Accident_prediction,2019,August,Thursday,Chandigarh,Truck,Unknown,3,31-50,Unknown,Unknown,Clear,Dry,Dusk,0,2,2,Serious
KAG_000021,Kaggle_Accident_prediction,2020,December,Monday,Odisha,Truck,Unknown,5,Over 51,Unknown,Unknown,Clear,Dry,Daylight,0,9,9,Fatal
KAG_000022,Kaggle_Accident_prediction,2019,May,Sunday,Bihar,Truck,Unknown,3,18-30,Unknown,Unknown,Stormy,Under Construction,Daylight,4,3,7,Minor
KAG_000023,Kaggle_Accident_prediction,2019,August,Friday,Manipur,Truck,Unknown,5,Over 51,Unknown,Unknown,Hazy,Wet,Daylight,4,0,1,Minor
KAG_000024,Kaggle_Accident_prediction,2021,September,Thursday,Delhi,Truck,Unknown,1,Over 51,Unknown,Unknown,Stormy,Damaged,Dusk,0,10,10,Serious
KAG_000025,Kaggle_Accident_prediction,2019,June,Wednesday,Telangana,Truck,Unknown,2,18-30,Unknown,Unknown,Hazy,Damaged,Dawn,0,8,8,Minor
KAG_000026,Kaggle_Accident_prediction,2021,November,Saturday,Punjab,Truck,Unknown,2,31-50,Unknown,Unknown,Hazy,Under Construction,Dawn,0,1,1,Serious
KAG_000027,Kaggle_Accident_prediction,2021,January,Wednesday,Manipur,Truck,Unknown,2,31-50,Unknown,Unknown,Foggy,Under Construction,Dark,3,0,3,Serious
KAG_000028,Kaggle_Accident_prediction,2020,January,Monday,Punjab,Truck,Unknown,5,Over 51,Unknown,Unknown,Stormy,Wet,Dusk,4,0,2,Serious
KAG_000029,Kaggle_Accident_prediction,2023,April,Tuesday,Bihar,Truck,Unknown,5,31-50,Unknown,Unknown,Stormy,Wet,Dark,4,0,0,Minor
KAG_000030,Kaggle_Accident_prediction,2018,September,Friday,West Bengal,Truck,Unknown,4,18-30,Unknown,Unknown,Stormy,Wet,Dusk,0,5,5,Fatal
KAG_000031,Kaggle_Accident_prediction,2023,May,Tuesday,Assam,Truck,Unknown,4,Over 51,Unknown,Unknown,Foggy,Under Construction,Daylight,0,7,7,Serious
KAG_000032,Kaggle_Accident_prediction,2023,August,Sunday,Jammu And Kashmir,Truck,Unknown,2,Over 51,Unknown,Unknown,Stormy,Under Construction,Dark,4,5,9,Fatal
KAG_000033,Kaggle_Accident_prediction,2018,September,Thursday,West Bengal,Truck,Unknown,5,18-30,Unknown,Unknown,Foggy,Under Construction,Daylight,5,0,3,Serious
KAG_000034,Kaggle_Accident_prediction,2022,July,Thursday,Jharkhand,Truck,Unknown,4,Over 51,Unknown,Unknown,Foggy,Under Construction,Dawn,1,3,4,Serious
KAG_000035,Kaggle_Accident_prediction,2022,January,Sunday,Goa,Truck,Unknown,4,31-50,Unknown,Unknown,Hazy,Damaged,Daylight,1,9,10,Minor
KAG_000036,Kaggle_Accident_prediction,2020,February,Saturday,Maharashtra,Truck,Unknown,4,18-30,Unknown,Unknown,Foggy,Damaged,Dusk,0,1,1,Fatal
KAG_000037,Kaggle_Accident_prediction,2023,January,Saturday,Odisha,Truck,Unknown,5,31-50,Unknown,Unknown,Clear,Dry,Daylight,0,10,10,Serious
KAG_000038,Kaggle_Accident_prediction,2021,May,Friday,Tamil Nadu,Truck,Unknown,5,18-30,Unknown,Unknown,Rainy,Under Construction,Daylight,4,1,5,Minor
KAG_000039,Kaggle_Accident_prediction,2023,February,Thursday,Manipur,Truck,Unknown,1,Over 51,Unknown,Unknown,Foggy,Under Construction,Daylight,3,3,6,Fatal
KAG_000040,Kaggle_Accident_prediction,2018,September,Friday,Assam,Truck,Unknown,3,31-50,Unknown,Unknown,Foggy,Wet,Dark,5,4,9,Serious
KAG_000041,Kaggle_Accident_prediction,2019,January,Thursday,Gujarat,Truck,Unknown,2,18-30,Unknown,Unknown,Hazy,Wet,Dark,1,3,4,Fatal
KAG_000042,Kaggle_Accident_prediction,2019,March,Thursday,Assam,Truck,Unknown,3,18-30,Unknown,Unknown,Stormy,Dry,Dark,5,0,3,Fatal
KAG_000043,Kaggle_Accident_prediction,2023,March,Saturday,Goa,Truck,Unknown,4,31-50,Unknown,Unknown,Clear,Wet,Dusk,2,4,6,Minor
KAG_000044,Kaggle_Accident_prediction,2020,September,Thursday,Karnataka,Truck,Unknown,5,Over 51,Unknown,Unknown,Foggy,Dry,Dark,3,0,0,Minor
KAG_000045,Kaggle_Accident_prediction,2019,May,Wednesday,Andhra Pradesh,Truck,Unknown,2,Over 51,Unknown,Unknown,Stormy,Damaged,Daylight,0,9,9,Fatal
KAG_000046,Kaggle_Accident_prediction,2021,March,Thursday,Punjab,Truck,Unknown,5,31-50,Unknown,Unknown,Hazy,Damaged,Daylight,3,2,5,Serious
KAG_000047,Kaggle_Accident_prediction,2021,October,Friday,Manipur,Truck,Unknown,2,Over 51,Unknown,Unknown,Clear,Wet,Dusk,2,7,9,Minor
KAG_000048,Kaggle_Accident_prediction,2020,December,Thursday,Karnataka,Truck,Unknown,4,Over 51,Unknown,Unknown,Rainy,Under Construction,Dark,3,3,6,Minor
KAG_000049,Kaggle_Accident_prediction,2023,February,Wednesday,Jammu And Kashmir,Truck,Unknown,3,Over 51,Unknown,Unknown,Stormy,Wet,Dusk,3,0,0,Serious
KAG_000050,Kaggle_Accident_prediction,2022,October,Wednesday,Jammu And Kashmir,Truck,Unknown,1,Over 51,Unknown,Unknown,Stormy,Under Construction,Dusk,5,0,1,Minor
KAG_000051,Kaggle_Accident_prediction,2021,December,Wednesday,Uttar Pradesh,Truck,Unknown,1,31-50,Unknown,Unknown,Rainy,Damaged,Dusk,4,0,3,Minor
KAG_000052,Kaggle_Accident_prediction,2019,June,Friday,Assam,Truck,Unknown,3,Over 51,Unknown,Unknown,Clear,Damaged,Dark,2,6,8,Minor
KAG_000053,Kaggle_Accident_prediction,2022,April,Friday,Uttar Pradesh,Truck,Unknown,4,18-30,Unknown,Unknown,Rainy,Under Construction,Dawn,5,3,8,Fatal
KAG_000054,Kaggle_Accident_prediction,2020,September,Monday,Goa,Truck,Unknown,2,Over 51,Unknown,Unknown,Hazy,Under Construction,Dark,1,6,7,Minor
KAG_000055,Kaggle_Accident_prediction,2023,August,Wednesday,Bihar,Truck,Unknown,3,31-50,Unknown,Unknown,Clear,Dry,Dark,3,2,5,Serious
KAG_000056,Kaggle_Accident_prediction,2022,April,Saturday,Andhra Pradesh,Truck,Unknown,2,31-50,Unknown,Unknown,Hazy,Damaged,Daylight,3,5,8,Serious
KAG_000057,Kaggle_Accident_prediction,2019,July,Tuesday,Maharashtra,Truck,Unknown,1,18-30,Unknown,Unknown,Rainy,Under Construction,Dawn,4,0,2,Serious
KAG_000058,Kaggle_Accident_prediction,2021,June,Sunday,Uttarakhand,Truck,Unknown,2,31-50,Unknown,Unknown,Hazy,Dry,Daylight,4,0,0,Serious
KAG_000059,Kaggle_Accident_prediction,2020,September,Sunday,Telangana,Truck,Unknown,1,Over 51,Unknown,Unknown,Foggy,Damaged,Daylight,0,5,5,Fatal
KAG_000060,Kaggle_Accident_prediction,2019,January,Saturday,Chandigarh,Truck,Unknown,4,31-50,Unknown,Unknown,Hazy,Damaged,Dusk,1,4,5,Minor
KAG_000061,Kaggle_Accident_prediction,2022,September,Tuesday,Andhra Pradesh,Truck,Unknown,5,Over 51,Unknown,Unknown,Hazy,Under Construction,Dusk,3,4,7,Minor
KAG_000062,Kaggle_Accident_prediction,2022,February,Monday,Uttar Pradesh,Truck,Unknown,2,18-30,Unknown,Unknown,Foggy,Wet,Dark,1,3,4,Serious
KAG_000063,Kaggle_Accident_prediction,2018,October,Sunday,Puducherry,Truck,Unknown,1,31-50,Unknown,Unknown,Rainy,Damaged,Dark,2,4,6,Fatal
KAG_000064,Kaggle_Accident_prediction,2023,June,Thursday,Sikkim,Truck,Unknown,2,31-50,Unknown,Unknown,Foggy,Dry,Daylight,5,5,10,Serious
KAG_000065,Kaggle_Accident_prediction,2022,April,Friday,Goa,Truck,Unknown,1,18-30,Unknown,Unknown,Clear,Wet,Dusk,1,9,10,Serious
KAG_000066,Kaggle_Accident_prediction,2023,March,Saturday,Nagaland,Truck,Unknown,1,31-50,Unknown,Unknown,Clear,Damaged,Daylight,2,6,8,Serious
KAG_000067,Kaggle_Accident_prediction,2018,March,Wednesday,Madhya Pradesh,Truck,Unknown,1,18-30,Unknown,Unknown,Clear,Dry,Dusk,4,0,1,Serious
KAG_000068,Kaggle_Accident_prediction,2023,November,Sunday,Mizoram,Truck,Unknown,2,31-50,Unknown,Unknown,Stormy,Dry,Dawn,3,0,2,Serious
KAG_000069,Kaggle_Accident_prediction,2023,April,Monday,Kerala,Truck,Unknown,1,31-50,Unknown,Unknown,Hazy,Dry,Dusk,3,1,4,Serious
KAG_000070,Kaggle_Accident_prediction,2022,June,Wednesday,Jharkhand,Truck,Unknown,5,31-50,Unknown,Unknown,Stormy,Dry,Daylight,5,4,9,Fatal
KAG_000071,Kaggle_Accident_prediction,2023,December,Wednesday,Karnataka,Truck,Unknown,1,Over 51,Unknown,Unknown,Rainy,Damaged,Dawn,4,0,0,Minor
KAG_000072,Kaggle_Accident_prediction,2022,August,Wednesday,Rajasthan,Truck,Unknown,4,31-50,Unknown,Unknown,Stormy,Damaged,Dusk,4,2,6,Serious
KAG_000073,Kaggle_Accident_prediction,2018,May,Wednesday,Odisha,Truck,Unknown,2,Over 51,Unknown,Unknown,Stormy,Dry,Dawn,4,5,9,Minor
KAG_000074,Kaggle_Accident_prediction,2023,June,Friday,Goa,Truck,Unknown,2,31-50,Unknown,Unknown,Stormy,Wet,Dark,5,0,2,Serious
KAG_000075,Kaggle_Accident_prediction,2020,February,Thursday,Delhi,Truck,Unknown,5,31-50,Unknown,Unknown,Foggy,Under Construction,Daylight,0,0,0,Serious
KAG_000076,Kaggle_Accident_prediction,2019,November,Tuesday,Arunachal Pradesh,Truck,Unknown,1,31-50,Unknown,Unknown,Hazy,Dry,Dawn,5,4,9,Minor
KAG_000077,Kaggle_Accident_prediction,2020,September,Wednesday,Mizoram,Truck,Unknown,4,Over 51,Unknown,Unknown,Foggy,Under Construction,Dark,0,0,0,Serious
KAG_000078,Kaggle_Accident_prediction,2021,December,Friday,Mizoram,Truck,Unknown,2,Over 51,Unknown,Unknown,Clear,Under Construction,Dusk,4,0,4,Minor
KAG_000079,Kaggle_Accident_prediction,2023,November,Wednesday,Puducherry,Truck,Unknown,3,18-30,Unknown,Unknown,Rainy,Under Construction,Dusk,1,0,1,Serious
KAG_000080,Kaggle_Accident_prediction,2021,September,Tuesday,Andhra Pradesh,Truck,Unknown,3,Over 51,Unknown,Unknown,Rainy,Under Construction,Dawn,2,6,8,Fatal
KAG_000081,Kaggle_Accident_prediction,2023,November,Wednesday,Karnataka,Truck,Unknown,3,31-50,Unknown,Unknown,Hazy,Under Construction,Daylight,3,0,3,Serious
KAG_000082,Kaggle_Accident_prediction,2020,June,Wednesday,Uttar Pradesh,Truck,Unknown,3,18-30,Unknown,Unknown,Stormy,Damaged,Dusk,3,7,10,Fatal
KAG_000083,Kaggle_Accident_prediction,2018,May,Friday,Mizoram,Truck,Unknown,2,Over 51,Unknown,Unknown,Hazy,Damaged,Dusk,4,0,4,Serious
KAG_000084,Kaggle_Accident_prediction,2021,August,Tuesday,Nagaland,Truck,Unknown,2,31-50,Unknown,Unknown,Hazy,Dry,Dark,5,1,6,Serious
KAG_000085,Kaggle_Accident_prediction,2023,June,Wednesday,Puducherry,Truck,Unknown,1,Over 51,Unknown,Unknown,Rainy,Wet,Dusk,1,0,1,Minor
KAG_000086,Kaggle_Accident_prediction,2023,November,Wednesday,Uttar Pradesh,Truck,Unknown,4,31-50,Unknown,Unknown,Clear,Wet,Daylight,0,1,1,Serious
KAG_000087,Kaggle_Accident_prediction,2020,August,Friday,Chandigarh,Truck,Unknown,1,31-50,Unknown,Unknown,Clear,Dry,Dark,5,2,7,Minor
KAG_000088,Kaggle_Accident_prediction,2023,April,Wednesday,Madhya Pradesh,Truck,Unknown,1,18-30,Unknown,Unknown,Rainy,Wet,Dusk,1,8,9,Serious
KAG_000089,Kaggle_Accident_prediction,2021,July,Saturday,Puducherry,Truck,Unknown,2,31-50,Unknown,Unknown,Foggy,Wet,Dusk,0,8,8,Fatal
KAG_000090,Kaggle_Accident_prediction,2020,February,Wednesday,Uttar Pradesh,Truck,Unknown,3,18-30,Unknown,Unknown,Foggy,Damaged,Dawn,5,0,3,Fatal
KAG_000091,Kaggle_Accident_prediction,2019,June,Sunday,Gujarat,Truck,Unknown,3,31-50,Unknown,Unknown,Rainy,Under Construction,Daylight,3,7,10,Serious
KAG_000092,Kaggle_Accident_prediction,2018,December,Monday,Goa,Truck,Unknown,2,Over 51,Unknown,Unknown,Hazy,Under Construction,Daylight,0,1,1,Minor
KAG_000093,Kaggle_Accident_prediction,2023,June,Sunday,Karnataka,Truck,Unknown,2,Over 51,Unknown,Unknown,Stormy,Dry,Dusk,0,8,8,Minor
KAG_000094,Kaggle_Accident_prediction,2022,July,Monday,Chhattisgarh,Truck,Unknown,2,Over 51,Unknown,Unknown,Hazy,Wet,Daylight,2,2,4,Serious
KAG_000095,Kaggle_Accident_prediction,2018,November,Friday,Puducherry,Truck,Unknown,5,31-50,Unknown,Unknown,Stormy,Under Construction,Daylight,2,7,9,Fatal
KAG_000096,Kaggle_Accident_prediction,2021,March,Tuesday,Himachal Pradesh,Truck,Unknown,1,18-30,Unknown,Unknown,Rainy,Damaged,Dark,3,6,9,Minor
KAG_000097,Kaggle_Accident_prediction,2019,October,Tuesday,Mizoram,Truck,Unknown,1,Over 51,Unknown,Unknown,Clear,Dry,Dusk,0,3,3,Fatal
KAG_000098,Kaggle_Accident_prediction,2021,March,Sunday,Punjab,Truck,Unknown,2,Over 51,Unknown,Unknown,Hazy,Damaged,Dusk,0,2,2,Serious
KAG_000099,Kaggle_Accident_prediction,2018,February,Saturday,Jharkhand,Truck,Unknown,1,18-30,Unknown,Unknown,Hazy,Wet,Dusk,0,5,5,Minor
KAG_000100,Kaggle_Accident_prediction,2019,May,Tuesday,Chandigarh,Truck,Unknown,1,Over 51,Unknown,Unknown,Clear,Under Construction,Daylight,5,0,5,Serious
KAG_000101,Kaggle_Accident_prediction,2019,October,Monday,Punjab,Truck,Unknown,4,18-30,Unknown,Unknown,Rainy,Damaged,Daylight,3,0,2,Minor
KAG_000102,Kaggle_Accident_prediction,2018,June,Saturday,Arunachal Pradesh,Truck,Unknown,4,18-30,Unknown,Unknown,Hazy,Wet,Dusk,1,8,9,Minor
KAG_000103,Kaggle_Accident_prediction,2021,May,Friday,Delhi,Truck,Unknown,3,18-30,Unknown,Unknown,Hazy,Under Construction,Dusk,2,6,8,Serious
KAG_000104,Kaggle_Accident_prediction,2021,December,Friday,Sikkim,Truck,Unknown,5,31-50,Unknown,Unknown,Rainy,Dry,Dark,4,0,2,Minor
KAG_000105,Kaggle_Accident_prediction,2022,July,Wednesday,Sikkim,Truck,Unknown,2,18-30,Unknown,Unknown,Clear,Dry,Dark,1,7,8,Serious
KAG_000106,Kaggle_Accident_prediction,2022,July,Friday,Puducherry,Truck,Unknown,1,31-50,Unknown,Unknown,Foggy,Dry,Dawn,0,9,9,Minor
KAG_000107,Kaggle_Accident_prediction,2020,June,Saturday,Tamil Nadu,Truck,Unknown,1,Over 51,Unknown,Unknown,Foggy,Wet,Daylight,1,2,3,Serious
KAG_000108,Kaggle_Accident_prediction,2021,December,Thursday,West Bengal,Truck,Unknown,4,Over 51,Unknown,Unknown,Stormy,Dry,Dawn,1,4,5,Serious
KAG_000109,Kaggle_Accident_prediction,2021,November,Wednesday,Meghalaya,Truck,Unknown,3,18-30,Unknown,Unknown,Rainy,Dry,Dark,3,0,0,Fatal
KAG_000110,Kaggle_Accident_prediction,2018,October,Wednesday,Kerala,Truck,Unknown,2,Over 51,Unknown,Unknown,Foggy,Dry,Dusk,2,6,8,Serious
KAG_000111,Kaggle_Accident_prediction,2021,April,Monday,Tamil Nadu,Truck,Unknown,2,31-50,Unknown,Unknown,Stormy,Wet,Dusk,0,7,7,Minor
KAG_000112,Kaggle_Accident_prediction,2021,May,Monday,Jharkhand,Truck,Unknown,3,Over 51,Unknown,Unknown,Stormy,Wet,Dawn,4,0,3,Serious
KAG_000113,Kaggle_Accident_prediction,2022,January,Wednesday,Gujarat,Truck,Unknown,4,Over 51,Unknown,Unknown,Rainy,Dry,Dawn,1,5,6,Serious
KAG_000114,Kaggle_Accident_prediction,2018,June,Sunday,Goa,Truck,Unknown,1,31-50,Unknown,Unknown,Stormy,Under Construction,Dawn,1,2,3,Fatal
KAG_000115,Kaggle_Accident_prediction,2023,September,Saturday,Delhi,Truck,Unknown,3,Over 51,Unknown,Unknown,Rainy,Dry,Dawn,0,10,10,Minor
KAG_000116,Kaggle_Accident_prediction,2023,November,Wednesday,Uttar Pradesh,Truck,Unknown,5,Over 51,Unknown,Unknown,Rainy,Wet,Dawn,0,8,8,Minor
KAG_000117,Kaggle_Accident_prediction,2022,March,Sunday,Maharashtra,Truck,Unknown,2,Over 51,Unknown,Unknown,Clear,Damaged,Dusk,3,7,10,Serious
KAG_000118,Kaggle_Accident_prediction,2020,January,Tuesday,Punjab,Truck,Unknown,4,Over 51,Unknown,Unknown,Clear,Under Construction,Dusk,2,8,10,Minor
KAG_000119,Kaggle_Accident_prediction,2019,October,Monday,Meghalaya,Truck,Unknown,3,18-30,Unknown,Unknown,Hazy,Under Construction,Dawn,0,10,10,Minor
KAG_000120,Kaggle_Accident_prediction,2020,August,Tuesday,Jharkhand,Truck,Unknown,3,31-50,Unknown,Unknown,Rainy,Damaged,Dark,2,8,10,Minor
KAG_000121,Kaggle_Accident_prediction,2021,April,Wednesday,Tripura,Truck,Unknown,3,Over 51,Unknown,Unknown,Rainy,Wet,Dark,5,2,7,Minor
KAG_000122,Kaggle_Accident_prediction,2021,January,Friday,Arunachal Pradesh,Truck,Unknown,3,18-30,Unknown,Unknown,Foggy,Dry,Dark,4,0,1,Serious
KAG_000123,Kaggle_Accident_prediction,2018,June,Saturday,Punjab,Truck,Unknown,1,31-50,Unknown,Unknown,Rainy,Under Construction,Dusk,1,7,8,Minor
KAG_000124,Kaggle_Accident_prediction,2020,March,Thursday,Jammu And Kashmir,Truck,Unknown,3,Over 51,Unknown,Unknown,Rainy,Damaged,Dark,2,8,10,Minor
KAG_000125,Kaggle_Accident_prediction,2021,January,Thursday,Kerala,Truck,Unknown,1,31-50,Unknown,Unknown,Clear,Under Construction,Daylight,4,0,1,Fatal
KAG_000126,Kaggle_Accident_prediction,2023,August,Tuesday,Maharashtra,Truck,Unknown,1,18-30,Unknown,Unknown,Clear,Wet,Dark,2,0,1,Minor
KAG_000127,Kaggle_Accident_prediction,2020,May,Friday,Rajasthan,Truck,Unknown,5,Over 51,Unknown,Unknown,Foggy,Damaged,Dark,1,5,6,Fatal
KAG_000128,Kaggle_Accident_prediction,2020,July,Saturday,Delhi,Truck,Unknown,3,Over 51,Unknown,Unknown,Rainy,Under Construction,Dawn,2,0,1,Fatal
KAG_000129,Kaggle_Accident_prediction,2022,November,Monday,Punjab,Truck,Unknown,3,31-50,Unknown,Unknown,Stormy,Under Construction,Dawn,0,3,3,Fatal
KAG_000130,Kaggle_Accident_prediction,2019,July,Friday,Himachal Pradesh,Truck,Unknown,1,31-50,Unknown,Unknown,Stormy,Dry,Dark,0,9,9,Minor
KAG_000131,Kaggle_Accident_prediction,2019,June,Friday,Assam,Truck,Unknown,4,18-30,Unknown,Unknown,Foggy,Damaged,Dusk,4,0,0,Serious
KAG_000132,Kaggle_Accident_prediction,2021,October,Wednesday,Gujarat,Truck,Unknown,2,Over 51,Unknown,Unknown,Rainy,Damaged,Dark,3,0,2,Fatal
KAG_000133,Kaggle_Accident_prediction,2020,February,Monday,Jammu And Kashmir,Truck,Unknown,2,18-30,Unknown,Unknown,Clear,Under Construction,Dusk,1,8,9,Serious
KAG_000134,Kaggle_Accident_prediction,2019,January,Wednesday,Nagaland,Truck,Unknown,3,18-30,Unknown,Unknown,Stormy,Under Construction,Dark,5,0,1,Fatal
KAG_000135,Kaggle_Accident_prediction,2021,December,Wednesday,Maharashtra,Truck,Unknown,3,31-50,Unknown,Unknown,Rainy,Wet,Dusk,2,3,5,Fatal
KAG_000136,Kaggle_Accident_prediction,2020,February,Tuesday,Madhya Pradesh,Truck,Unknown,3,Over 51,Unknown,Unknown,Rainy,Wet,Dark,4,0,2,Fatal
KAG_000137,Kaggle_Accident_prediction,2021,March,Sunday,Tamil Nadu,Truck,Unknown,1,Over 51,Unknown,Unknown,Rainy,Wet,Daylight,2,8,10,Fatal
KAG_000138,Kaggle_Accident_prediction,2020,October,Monday,Andhra Pradesh,Truck,Unknown,3,18-30,Unknown,Unknown,Hazy,Wet,Daylight,5,1,6,Serious
KAG_000139,Kaggle_Accident_prediction,2020,January,Thursday,Telangana,Truck,Unknown,4,31-50,Unknown,Unknown,Stormy,Wet,Dawn,3,0,0,Minor
KAG_000140,Kaggle_Accident_prediction,2020,August,Wednesday,Meghalaya,Truck,Unknown,5,Over 51,Unknown,Unknown,Rainy,Dry,Dawn,3,5,8,Minor
KAG_000141,Kaggle_Accident_prediction,2019,August,Saturday,Tripura,Truck,Unknown,5,31-50,Unknown,Unknown,Stormy,Damaged,Dusk,4,0,3,Serious
KAG_000142,Kaggle_Accident_prediction,2020,May,Friday,Arunachal Pradesh,Truck,Unknown,1,31-50,Unknown,Unknown,Rainy,Wet,Dawn,3,7,10,Serious
KAG_000143,Kaggle_Accident_prediction,2020,September,Monday,Kerala,Truck,Unknown,5,Over 51,Unknown,Unknown,Hazy,Damaged,Dawn,3,7,10,Minor
KAG_000144,Kaggle_Accident_prediction,2022,May,Sunday,Jharkhand,Truck,Unknown,3,Over 51,Unknown,Unknown,Rainy,Damaged,Dawn,4,0,3,Minor
KAG_000145,Kaggle_Accident_prediction,2019,March,Wednesday,Kerala,Truck,Unknown,4,Over 51,Unknown,Unknown,Rainy,Dry,Dawn,2,8,10,Fatal
KAG_000146,Kaggle_Accident_prediction,2023,November,Wednesday,Kerala,Truck,Unknown,5,18-30,Unknown,Unknown,Rainy,Under Construction,Dawn,3,4,7,Serious
KAG_000147,Kaggle_Accident_prediction,2023,August,Tuesday,Jammu And Kashmir,Truck,Unknown,5,18-30,Unknown,Unknown,Clear,Damaged,Dark,0,9,9,Minor
KAG_000148,Kaggle_Accident_prediction,2023,December,Friday,Andhra Pradesh,Truck,Unknown,2,18-30,Unknown,Unknown,Clear,Dry,Dusk,2,0,1,Fatal
KAG_000149,Kaggle_Accident_prediction,2019,July,Sunday,Uttar Pradesh,Truck,Unknown,3,18-30,Unknown,Unknown,Foggy,Under Construction,Daylight,0,10,10,Fatal
KAG_000150,Kaggle_Accident_prediction,2020,July,Thursday,Puducherry,Truck,Unknown,2,18-30,Unknown,Unknown,Foggy,Damaged,Dawn,2,4,6,Fatal
KAG_000151,Kaggle_Accident_prediction,2023,November,Tuesday,West Bengal,Truck,Unknown,4,18-30,Unknown,Unknown,Hazy,Damaged,Dawn,3,0,0,Serious
KAG_000152,Kaggle_Accident_prediction,2019,June,Thursday,Tripura,Truck,Unknown,1,Over 51,Unknown,Unknown,Rainy,Under Construction,Dawn,3,0,0,Minor
KAG_000153,Kaggle_Accident_prediction,2018,August,Friday,Karnataka,Truck,Unknown,5,18-30,Unknown,Unknown,Clear,Under Construction,Dusk,1,5,6,Fatal
KAG_000154,Kaggle_Accident_prediction,2019,September,Tuesday,Delhi,Truck,Unknown,4,Over 51,Unknown,Unknown,Stormy,Dry,Dawn,0,5,5,Minor
KAG_000155,Kaggle_Accident_prediction,2019,November,Thursday,Sikkim,Truck,Unknown,1,Over 51,Unknown,Unknown,Stormy,Dry,Dusk,5,0,2,Minor
KAG_000156,Kaggle_Accident_prediction,2021,June,Monday,Tamil Nadu,Truck,Unknown,3,Over 51,Unknown,Unknown,Rainy,Damaged,Daylight,0,1,1,Fatal
KAG_000157,Kaggle_Accident_prediction,2022,May,Saturday,Andhra Pradesh,Truck,Unknown,4,18-30,Unknown,Unknown,Foggy,Dry,Dawn,2,0,2,Serious
KAG_000158,Kaggle_Accident_prediction,2018,June,Tuesday,Haryana,Truck,Unknown,5,18-30,Unknown,Unknown,Foggy,Damaged,Dawn,4,4,8,Serious
KAG_000159,Kaggle_Accident_prediction,2022,August,Wednesday,Odisha,Truck,Unknown,2,31-50,Unknown,Unknown,Rainy,Wet,Dawn,4,0,0,Minor
KAG_000160,Kaggle_Accident_prediction,2021,February,Thursday,Uttarakhand,Truck,Unknown,3,31-50,Unknown,Unknown,Foggy,Wet,Dawn,3,0,3,Fatal
KAG_000161,Kaggle_Accident_prediction,2020,June,Wednesday,Andhra Pradesh,Truck,Unknown,4,31-50,Unknown,Unknown,Hazy,Under Construction,Dusk,3,4,7,Serious
KAG_000162,Kaggle_Accident_prediction,2022,January,Friday,Himachal Pradesh,Truck,Unknown,1,31-50,Unknown,Unknown,Rainy,Under Construction,Dusk,1,8,9,Minor
KAG_000163,Kaggle_Accident_prediction,2022,October,Thursday,Uttarakhand,Truck,Unknown,1,31-50,Unknown,Unknown,Rainy,Wet,Dawn,0,1,1,Fatal
KAG_000164,Kaggle_Accident_prediction,2018,August,Wednesday,Mizoram,Truck,Unknown,5,Over 51,Unknown,Unknown,Stormy,Damaged,Dusk,3,1,4,Minor
KAG_000165,Kaggle_Accident_prediction,2023,March,Sunday,Andhra Pradesh,Truck,Unknown,4,Over 51,Unknown,Unknown,Stormy,Damaged,Dusk,2,8,10,Minor
KAG_000166,Kaggle_Accident_prediction,2019,May,Wednesday,Mizoram,Truck,Unknown,5,18-30,Unknown,Unknown,Hazy,Dry,Daylight,1,4,5,Minor
KAG_000167,Kaggle_Accident_prediction,2021,June,Tuesday,Puducherry,Truck,Unknown,3,18-30,Unknown,Unknown,Rainy,Under Construction,Dawn,0,7,7,Fatal
KAG_000168,Kaggle_Accident_prediction,2020,May,Monday,Himachal Pradesh,Truck,Unknown,1,Over 51,Unknown,Unknown,Rainy,Damaged,Daylight,0,1,1,Minor
KAG_000169,Kaggle_Accident_prediction,2019,December,Saturday,Mizoram,Truck,Unknown,1,Over 51,Unknown,Unknown,Clear,Wet,Dark,2,0,2,Serious
KAG_000170,Kaggle_Accident_prediction,2022,July,Wednesday,Arunachal Pradesh,Truck,Unknown,1,Over 51,Unknown,Unknown,Rainy,Under Construction,Dark,5,0,1,Fatal
KAG_000171,Kaggle_Accident_prediction,2019,June,Saturday,Bihar,Truck,Unknown,5,31-50,Unknown,Unknown,Hazy,Wet,Daylight,4,5,9,Minor
KAG_000172,Kaggle_Accident_prediction,2021,February,Monday,Tripura,Truck,Unknown,4,Over 51,Unknown,Unknown,Stormy,Dry,Daylight,0,9,9,Fatal
KAG_000173,Kaggle_Accident_prediction,2018,February,Sunday,West Bengal,Truck,Unknown,5,18-30,Unknown,Unknown,Hazy,Wet,Daylight,0,6,6,Fatal
KAG_000174,Kaggle_Accident_prediction,2020,June,Tuesday,Himachal Pradesh,Truck,Unknown,1,Over 51,Unknown,Unknown,Rainy,Wet,Daylight,4,4,8,Fatal
KAG_000175,Kaggle_Accident_prediction,2022,July,Monday,Maharashtra,Truck,Unknown,2,31-50,Unknown,Unknown,Clear,Under Construction,Dawn,2,8,10,Serious
KAG_000176,Kaggle_Accident_prediction,2023,April,Monday,Tamil Nadu,Truck,Unknown,4,18-30,Unknown,Unknown,Stormy,Dry,Daylight,2,3,5,Minor
KAG_000177,Kaggle_Accident_prediction,2021,November,Wednesday,Uttar Pradesh,Truck,Unknown,3,31-50,Unknown,Unknown,Hazy,Under Construction,Daylight,3,4,7,Minor
KAG_000178,Kaggle_Accident_prediction,2020,November,Sunday,Arunachal Pradesh,Truck,Unknown,3,Over 51,Unknown,Unknown,Hazy,Damaged,Dusk,5,0,0,Serious
KAG_000179,Kaggle_Accident_prediction,2018,February,Wednesday,Delhi,Truck,Unknown,4,31-50,Unknown,Unknown,Stormy,Damaged,Daylight,5,5,10,Fatal
KAG_000180,Kaggle_Accident_prediction,2020,January,Tuesday,Nagaland,Truck,Unknown,4,31-50,Unknown,Unknown,Hazy,Dry,Daylight,2,0,0,Fatal
KAG_000181,Kaggle_Accident_prediction,2019,February,Tuesday,Haryana,Truck,Unknown,2,Over 51,Unknown,Unknown,Clear,Under Construction,Dawn,5,1,6,Serious
KAG_000182,Kaggle_Accident_prediction,2023,March,Friday,Gujarat,Truck,Unknown,5,18-30,Unknown,Unknown,Rainy,Wet,Dusk,4,0,2,Serious
KAG_000183,Kaggle_Accident_prediction,2022,March,Tuesday,Sikkim,Truck,Unknown,2,31-50,Unknown,Unknown,Hazy,Dry,Dusk,4,4,8,Serious
KAG_000184,Kaggle_Accident_prediction,2021,September,Friday,Goa,Truck,Unknown,4,31-50,Unknown,Unknown,Clear,Damaged,Daylight,0,1,1,Minor
KAG_000185,Kaggle_Accident_prediction,2023,October,Friday,Madhya Pradesh,Truck,Unknown,2,18-30,Unknown,Unknown,Clear,Wet,Dark,0,3,3,Fatal
KAG_000186,Kaggle_Accident_prediction,2020,September,Wednesday,Uttar Pradesh,Truck,Unknown,2,Over 51,Unknown,Unknown,Hazy,Under Construction,Dusk,3,0,0,Fatal
KAG_000187,Kaggle_Accident_prediction,2023,March,Tuesday,Delhi,Truck,Unknown,2,31-50,Unknown,Unknown,Foggy,Wet,Daylight,5,2,7,Minor
KAG_000188,Kaggle_Accident_prediction,2022,February,Wednesday,Mizoram,Truck,Unknown,5,31-50,Unknown,Unknown,Clear,Dry,Daylight,2,6,8,Serious
KAG_000189,Kaggle_Accident_prediction,2021,February,Tuesday,Nagaland,Truck,Unknown,2,Over 51,Unknown,Unknown,Foggy,Dry,Dawn,0,6,6,Minor
KAG_000190,Kaggle_Accident_prediction,2022,August,Wednesday,Kerala,Truck,Unknown,4,18-30,Unknown,Unknown,Hazy,Under Construction,Dusk,0,4,4,Minor
KAG_000191,Kaggle_Accident_prediction,2019,October,Wednesday,Jammu And Kashmir,Truck,Unknown,5,31-50,Unknown,Unknown,Clear,Wet,Dawn,2,5,7,Serious
KAG_000192,Kaggle_Accident_prediction,2018,May,Friday,Goa,Truck,Unknown,3,31-50,Unknown,Unknown,Stormy,Wet,Dusk,2,2,4,Minor
KAG_000193,Kaggle_Accident_prediction,2022,October,Saturday,Himachal Pradesh,Truck,Unknown,4,31-50,Unknown,Unknown,Foggy,Under Construction,Daylight,1,5,6,Fatal
KAG_000194,Kaggle_Accident_prediction,2019,October,Wednesday,Nagaland,Truck,Unknown,1,Over 51,Unknown,Unknown,Hazy,Damaged,Dawn,5,0,3,Fatal
KAG_000195,Kaggle_Accident_prediction,2019,January,Thursday,Puducherry,Truck,Unknown,5,31-50,Unknown,Unknown,Foggy,Dry,Dawn,1,8,9,Minor
KAG_000196,Kaggle_Accident_prediction,2020,June,Thursday,Rajasthan,Truck,Unknown,4,18-30,Unknown,Unknown,Stormy,Wet,Daylight,4,0,0,Fatal
KAG_000197,Kaggle_Accident_prediction,2018,February,Monday,Goa,Truck,Unknown,4,Over 51,Unknown,Unknown,Foggy,Under Construction,Dark,5,0,0,Minor
KAG_000198,Kaggle_Accident_prediction,2019,September,Monday,Punjab,Truck,Unknown,2,31-50,Unknown,Unknown,Stormy,Dry,Dawn,4,1,5,Fatal
KAG_000199,Kaggle_Accident_prediction,2023,March,Tuesday,Meghalaya,Truck,Unknown,5,Over 51,Unknown,Unknown,Rainy,Damaged,Dawn,0,3,3,Fatal
KAG_000200,Kaggle_Accident_prediction,2018,January,Sunday,Punjab,Truck,Unknown,3,31-50,Unknown,Unknown,Rainy,Under Construction,Dark,1,1,2,Minor
KAG_000201,Kaggle_Accident_prediction,2018,March,Sunday,Punjab,Truck,Unknown,5,18-30,Unknown,Unknown,Rainy,Damaged,Dawn,4,0,1,Serious
KAG_000202,Kaggle_Accident_prediction,2018,September,Thursday,Nagaland,Truck,Unknown,3,31-50,Unknown,Unknown,Stormy,Wet,Dawn,1,6,7,Serious
KAG_000203,Kaggle_Accident_prediction,2018,February,Thursday,Mizoram,Truck,Unknown,5,18-30,Unknown,Unknown,Hazy,Wet,Daylight,4,0,0,Minor
KAG_000204,Kaggle_Accident_prediction,2022,November,Sunday,Manipur,Truck,Unknown,4,31-50,Unknown,Unknown,Stormy,Wet,Dark,3,0,1,Serious
KAG_000205,Kaggle_Accident_prediction,2020,March,Thursday,Tripura,Truck,Unknown,5,31-50,Unknown,Unknown,Stormy,Dry,Dusk,0,8,8,Serious
KAG_000206,Kaggle_Accident_prediction,2020,June,Sunday,Arunachal Pradesh,Truck,Unknown,5,31-50,Unknown,Unknown,Foggy,Dry,Dark,0,1,1,Serious
KAG_000207,Kaggle_Accident_prediction,2018,January,Tuesday,Jammu And Kashmir,Truck,Unknown,2,Over 51,Unknown,Unknown,Stormy,Under Construction,Dawn,0,8,8,Fatal
KAG_000208,Kaggle_Accident_prediction,2019,December,Wednesday,Jharkhand,Truck,Unknown,3,Over 51,Unknown,Unknown,Clear,Dry,Daylight,2,0,1,Minor
KAG_000209,Kaggle_Accident_prediction,2020,January,Saturday,Manipur,Truck,Unknown,2,Over 51,Unknown,Unknown,Hazy,Damaged,Daylight,2,5,7,Minor
KAG_000210,Kaggle_Accident_prediction,2022,July,Wednesday,Manipur,Truck,Unknown,1,18-30,Unknown,Unknown,Hazy,Wet,Daylight,5,0,0,Serious
KAG_000211,Kaggle_Accident_prediction,2021,December,Monday,Assam,Truck,Unknown,5,18-30,Unknown,Unknown,Clear,Under Construction,Daylight,2,0,2,Fatal
KAG_000212,Kaggle_Accident_prediction,2019,December,Monday,Manipur,Truck,Unknown,3,Over 51,Unknown,Unknown,Hazy,Under Construction,Dusk,2,1,3,Fatal
KAG_000213,Kaggle_Accident_prediction,2019,June,Sunday,Jharkhand,Truck,Unknown,5,31-50,Unknown,Unknown,Rainy,Damaged,Daylight,4,0,4,Serious
KAG_000214,Kaggle_Accident_prediction,2020,September,Monday,Jharkhand,Truck,Unknown,1,31-50,Unknown,Unknown,Foggy,Wet,Daylight,1,0,0,Minor
KAG_000215,Kaggle_Accident_prediction,2020,February,Saturday,Bihar,Truck,Unknown,1,Over 51,Unknown,Unknown,Foggy,Damaged,Dusk,2,5,7,Serious
KAG_000216,Kaggle_Accident_prediction,2020,August,Monday,Karnataka,Truck,Unknown,3,31-50,Unknown,Unknown,Stormy,Damaged,Daylight,1,1,2,Minor
KAG_000217,Kaggle_Accident_prediction,2022,February,Tuesday,Nagaland,Truck,Unknown,5,31-50,Unknown,Unknown,Clear,Damaged,Dawn,4,6,10,Minor
KAG_000218,Kaggle_Accident_prediction,2022,April,Saturday,Manipur,Truck,Unknown,3,Over 51,Unknown,Unknown,Rainy,Damaged,Dawn,1,3,4,Serious
KAG_000219,Kaggle_Accident_prediction,2019,March,Wednesday,Jharkhand,Truck,Unknown,4,18-30,Unknown,Unknown,Hazy,Under Construction,Dawn,2,5,7,Fatal
KAG_000220,Kaggle_Accident_prediction,2021,December,Sunday,Sikkim,Truck,Unknown,5,Over 51,Unknown,Unknown,Stormy,Wet,Daylight,4,0,2,Serious
KAG_000221,Kaggle_Accident_prediction,2023,August,Sunday,Manipur,Truck,Unknown,4,18-30,Unknown,Unknown,Stormy,Damaged,Dark,0,1,1,Serious
KAG_000222,Kaggle_Accident_prediction,2018,April,Saturday,Madhya Pradesh,Truck,Unknown,1,31-50,Unknown,Unknown,Stormy,Wet,Dusk,1,7,8,Fatal
KAG_000223,Kaggle_Accident_prediction,2019,July,Friday,Telangana,Truck,Unknown,1,31-50,Unknown,Unknown,Rainy,Wet,Dark,1,9,10,Minor
KAG_000224,Kaggle_Accident_prediction,2022,January,Wednesday,Delhi,Truck,Unknown,1,31-50,Unknown,Unknown,Hazy,Dry,Dusk,5,5,10,Minor
KAG_000225,Kaggle_Accident_prediction,2022,December,Monday,Uttar Pradesh,Truck,Unknown,2,Over 51,Unknown,Unknown,Hazy,Wet,Dusk,4,6,10,Minor
KAG_000226,Kaggle_Accident_prediction,2021,February,Wednesday,Meghalaya,Truck,Unknown,5,Over 51,Unknown,Unknown,Hazy,Wet,Dark,2,5,7,Fatal
KAG_000227,Kaggle_Accident_prediction,2022,July,Monday,Uttarakhand,Truck,Unknown,2,Over 51,Unknown,Unknown,Hazy,Dry,Dusk,2,6,8,Fatal
KAG_000228,Kaggle_Accident_prediction,2020,October,Thursday,Tripura,Truck,Unknown,1,Over 51,Unknown,Unknown,Hazy,Under Construction,Daylight,5,0,2,Minor
KAG_000229,Kaggle_Accident_prediction,2019,December,Wednesday,Andhra Pradesh,Truck,Unknown,1,Over 51,Unknown,Unknown,Stormy,Damaged,Dusk,1,2,3,Fatal
KAG_000230,Kaggle_Accident_prediction,2022,September,Wednesday,Tripura,Truck,Unknown,1,Over 51,Unknown,Unknown,Stormy,Damaged,Daylight,2,0,0,Minor
KAG_000231,Kaggle_Accident_prediction,2023,September,Friday,Kerala,Truck,Unknown,5,31-50,Unknown,Unknown,Hazy,Wet,Daylight,0,1,1,Fatal
KAG_000232,Kaggle_Accident_prediction,2020,March,Sunday,Andhra Pradesh,Truck,Unknown,4,18-30,Unknown,Unknown,Hazy,Wet,Daylight,2,3,5,Serious
KAG_000233,Kaggle_Accident_prediction,2021,April,Friday,Goa,Truck,Unknown,5,Over 51,Unknown,Unknown,Rainy,Wet,Dusk,3,0,1,Fatal
KAG_000234,Kaggle_Accident_prediction,2020,October,Wednesday,Sikkim,Truck,Unknown,2,18-30,Unknown,Unknown,Foggy,Dry,Daylight,5,3,8,Fatal
KAG_000235,Kaggle_Accident_prediction,2021,December,Friday,West Bengal,Truck,Unknown,5,18-30,Unknown,Unknown,Stormy,Wet,Dark,1,5,6,Fatal
KAG_000236,Kaggle_Accident_prediction,2021,October,Saturday,Telangana,Truck,Unknown,4,31-50,Unknown,Unknown,Rainy,Wet,Dawn,3,0,2,Minor
KAG_000237,Kaggle_Accident_prediction,2022,September,Tuesday,Nagaland,Truck,Unknown,2,Over 51,Unknown,Unknown,Clear,Under Construction,Dusk,0,1,1,Fatal
KAG_000238,Kaggle_Accident_prediction,2020,August,Thursday,Chandigarh,Truck,Unknown,5,Over 51,Unknown,Unknown,Rainy,Under Construction,Dawn,4,0,4,Minor
KAG_000239,Kaggle_Accident_prediction,2019,May,Friday,Chhattisgarh,Truck,Unknown,5,Over 51,Unknown,Unknown,Rainy,Under Construction,Dusk,4,0,4,Minor
KAG_000240,Kaggle_Accident_prediction,2018,October,Saturday,Nagaland,Truck,Unknown,5,18-30,Unknown,Unknown,Rainy,Wet,Dark,5,5,10,Fatal
KAG_000241,Kaggle_Accident_prediction,2023,September,Thursday,Haryana,Truck,Unknown,1,31-50,Unknown,Unknown,Stormy,Under Construction,Dawn,0,8,8,Fatal
KAG_000242,Kaggle_Accident_prediction,2018,November,Tuesday,Madhya Pradesh,Truck,Unknown,3,Over 51,Unknown,Unknown,Clear,Dry,Dark,3,2,5,Serious
KAG_000243,Kaggle_Accident_prediction,2022,January,Wednesday,West Bengal,Truck,Unknown,1,31-50,Unknown,Unknown,Foggy,Wet,Dusk,5,3,8,Minor
KAG_000244,Kaggle_Accident_prediction,2021,October,Saturday,Assam,Truck,Unknown,1,31-50,Unknown,Unknown,Hazy,Damaged,Dusk,5,0,2,Fatal
KAG_000245,Kaggle_Accident_prediction,2018,November,Sunday,Himachal Pradesh,Truck,Unknown,3,18-30,Unknown,Unknown,Rainy,Wet,Dusk,0,7,7,Minor
KAG_000246,Kaggle_Accident_prediction,2022,October,Tuesday,Goa,Truck,Unknown,5,31-50,Unknown,Unknown,Rainy,Under Construction,Daylight,0,6,6,Fatal
KAG_000247,Kaggle_Accident_prediction,2022,September,Saturday,Uttarakhand,Truck,Unknown,2,18-30,Unknown,Unknown,Foggy,Damaged,Dark,0,3,3,Serious
KAG_000248,Kaggle_Accident_prediction,2023,November,Wednesday,Meghalaya,Truck,Unknown,5,Over 51,Unknown,Unknown,Foggy,Under Construction,Dawn,1,7,8,Minor
KAG_000249,Kaggle_Accident_prediction,2018,November,Wednesday,Delhi,Truck,Unknown,1,Over 51,Unknown,Unknown,Stormy,Under Construction,Daylight,3,4,7,Serious
KAG_000250,Kaggle_Accident_prediction,2023,March,Thursday,Goa,Truck,Unknown,5,31-50,Unknown,Unknown,Stormy,Wet,Dusk,2,0,1,Minor
KAG_000251,Kaggle_Accident_prediction,2019,July,Friday,Karnataka,Truck,Unknown,2,18-30,Unknown,Unknown,Foggy,Under Construction,Daylight,2,1,3,Fatal
KAG_000252,Kaggle_Accident_prediction,2022,June,Tuesday,Odisha,Truck,Unknown,1,18-30,Unknown,Unknown,Rainy,Wet,Daylight,4,5,9,Fatal
KAG_000253,Kaggle_Accident_prediction,2021,September,Sunday,Nagaland,Truck,Unknown,2,Over 51,Unknown,Unknown,Rainy,Dry,Dark,0,8,8,Fatal
KAG_000254,Kaggle_Accident_prediction,2021,January,Thursday,Arunachal Pradesh,Truck,Unknown,1,Over 51,Unknown,Unknown,Rainy,Dry,Dawn,4,3,7,Fatal
KAG_000255,Kaggle_Accident_prediction,2021,June,Wednesday,Chandigarh,Truck,Unknown,4,Over 51,Unknown,Unknown,Rainy,Damaged,Dark,5,0,1,Minor
KAG_000256,Kaggle_Accident_prediction,2022,September,Wednesday,Tamil Nadu,Truck,Unknown,3,Over 51,Unknown,Unknown,Rainy,Wet,Dark,5,0,0,Minor
KAG_000257,Kaggle_Accident_prediction,2018,March,Thursday,Telangana,Truck,Unknown,1,Over 51,Unknown,Unknown,Foggy,Under Construction,Daylight,5,0,5,Fatal
KAG_000258,Kaggle_Accident_prediction,2022,September,Tuesday,Nagaland,Truck,Unknown,3,31-50,Unknown,Unknown,Hazy,Damaged,Dark,3,1,4,Minor
KAG_000259,Kaggle_Accident_prediction,2021,October,Wednesday,Haryana,Truck,Unknown,5,Over 51,Unknown,Unknown,Clear,Under Construction,Dusk,5,0,1,Fatal
KAG_000260,Kaggle_Accident_prediction,2019,February,Tuesday,Himachal Pradesh,Truck,Unknown,3,31-50,Unknown,Unknown,Rainy,Wet,Dawn,0,2,2,Minor
KAG_000261,Kaggle_Accident_prediction,2018,July,Thursday,Punjab,Truck,Unknown,5,18-30,Unknown,Unknown,Clear,Wet,Dark,2,0,1,Minor
KAG_000262,Kaggle_Accident_prediction,2020,September,Monday,Jharkhand,Truck,Unknown,3,Over 51,Unknown,Unknown,Stormy,Under Construction,Dark,2,0,2,Fatal
KAG_000263,Kaggle_Accident_prediction,2022,December,Thursday,Uttar Pradesh,Truck,Unknown,2,31-50,Unknown,Unknown,Stormy,Dry,Dawn,0,0,0,Serious
KAG_000264,Kaggle_Accident_prediction,2018,December,Friday,Sikkim,Truck,Unknown,4,Over 51,Unknown,Unknown,Foggy,Under Construction,Daylight,5,2,7,Fatal
KAG_000265,Kaggle_Accident_prediction,2020,April,Wednesday,Goa,Truck,Unknown,5,31-50,Unknown,Unknown,Foggy,Dry,Dawn,0,7,7,Fatal
KAG_000266,Kaggle_Accident_prediction,2022,November,Tuesday,Tamil Nadu,Truck,Unknown,1,18-30,Unknown,Unknown,Foggy,Dry,Dawn,0,0,0,Serious
KAG_000267,Kaggle_Accident_prediction,2019,January,Monday,Gujarat,Truck,Unknown,3,18-30,Unknown,Unknown,Stormy,Damaged,Dawn,5,2,7,Minor
KAG_000268,Kaggle_Accident_prediction,2021,August,Monday,Uttarakhand,Truck,Unknown,3,18-30,Unknown,Unknown,Hazy,Wet,Dusk,1,6,7,Fatal
KAG_000269,Kaggle_Accident_prediction,2019,July,Tuesday,Karnataka,Truck,Unknown,5,31-50,Unknown,Unknown,Clear,Damaged,Dark,0,5,5,Minor
KAG_000270,Kaggle_Accident_prediction,2021,January,Tuesday,Rajasthan,Truck,Unknown,3,Over 51,Unknown,Unknown,Hazy,Wet,Daylight,4,0,2,Fatal
KAG_000271,Kaggle_Accident_prediction,2021,November,Friday,Tamil Nadu,Truck,Unknown,5,18-30,Unknown,Unknown,Foggy,Damaged,Dark,5,2,7,Minor
KAG_000272,Kaggle_Accident_prediction,2023,February,Friday,Delhi,Truck,Unknown,4,31-50,Unknown,Unknown,Rainy,Under Construction,Dark,3,2,5,Fatal
KAG_000273,Kaggle_Accident_prediction,2022,November,Sunday,Odisha,Truck,Unknown,3,31-50,Unknown,Unknown,Clear,Dry,Dawn,1,4,5,Serious
KAG_000274,Kaggle_Accident_prediction,2021,August,Sunday,Tripura,Truck,Unknown,3,31-50,Unknown,Unknown,Clear,Damaged,Dark,0,5,5,Serious
KAG_000275,Kaggle_Accident_prediction,2021,April,Thursday,Gujarat,Truck,Unknown,5,18-30,Unknown,Unknown,Hazy,Wet,Daylight,5,2,7,Minor
KAG_000276,Kaggle_Accident_prediction,2018,March,Thursday,Rajasthan,Truck,Unknown,3,Over 51,Unknown,Unknown,Clear,Dry,Dawn,4,1,5,Minor
KAG_000277,Kaggle_Accident_prediction,2023,September,Sunday,Himachal Pradesh,Truck,Unknown,2,18-30,Unknown,Unknown,Rainy,Under Construction,Dusk,5,4,9,Minor
KAG_000278,Kaggle_Accident_prediction,2021,May,Wednesday,Kerala,Truck,Unknown,5,Over 51,Unknown,Unknown,Foggy,Wet,Dark,1,9,10,Serious
KAG_000279,Kaggle_Accident_prediction,2022,May,Thursday,Uttar Pradesh,Truck,Unknown,5,31-50,Unknown,Unknown,Foggy,Wet,Dawn,5,2,7,Serious
KAG_000280,Kaggle_Accident_prediction,2022,May,Tuesday,Assam,Truck,Unknown,1,Over 51,Unknown,Unknown,Stormy,Under Construction,Dawn,3,0,2,Minor
KAG_000281,Kaggle_Accident_prediction,2022,December,Tuesday,Karnataka,Truck,Unknown,1,18-30,Unknown,Unknown,Clear,Dry,Daylight,2,1,3,Minor
KAG_000282,Kaggle_Accident_prediction,2022,October,Monday,Haryana,Truck,Unknown,2,31-50,Unknown,Unknown,Stormy,Dry,Dusk,0,4,4,Serious
KAG_000283,Kaggle_Accident_prediction,2019,October,Monday,Andhra Pradesh,Truck,Unknown,4,31-50,Unknown,Unknown,Stormy,Wet,Dark,3,0,2,Minor
KAG_000284,Kaggle_Accident_prediction,2021,July,Friday,Delhi,Truck,Unknown,1,31-50,Unknown,Unknown,Hazy,Wet,Dark,0,0,0,Serious
KAG_000285,Kaggle_Accident_prediction,2021,December,Monday,Tamil Nadu,Truck,Unknown,1,Over 51,Unknown,Unknown,Rainy,Damaged,Dusk,3,7,10,Serious
KAG_000286,Kaggle_Accident_prediction,2022,April,Sunday,Manipur,Truck,Unknown,1,18-30,Unknown,Unknown,Hazy,Dry,Dark,0,8,8,Minor
KAG_000287,Kaggle_Accident_prediction,2019,March,Monday,Mizoram,Truck,Unknown,5,Over 51,Unknown,Unknown,Rainy,Under Construction,Dark,1,0,1,Fatal
KAG_000288,Kaggle_Accident_prediction,2023,March,Tuesday,Odisha,Truck,Unknown,4,Over 51,Unknown,Unknown,Hazy,Dry,Daylight,0,6,6,Minor
KAG_000289,Kaggle_Accident_prediction,2019,April,Thursday,Kerala,Truck,Unknown,3,31-50,Unknown,Unknown,Rainy,Damaged,Daylight,0,3,3,Minor
KAG_000290,Kaggle_Accident_prediction,2020,March,Thursday,Tamil Nadu,Truck,Unknown,2,Over 51,Unknown,Unknown,Hazy,Damaged,Dusk,2,1,3,Minor
KAG_000291,Kaggle_Accident_prediction,2023,January,Tuesday,West Bengal,Truck,Unknown,4,18-30,Unknown,Unknown,Hazy,Dry,Dawn,0,5,5,Serious
KAG_000292,Kaggle_Accident_prediction,2023,July,Saturday,Tripura,Truck,Unknown,1,31-50,Unknown,Unknown,Rainy,Dry,Dawn,0,5,5,Fatal
KAG_000293,Kaggle_Accident_prediction,2021,October,Wednesday,Puducherry,Truck,Unknown,2,Over 51,Unknown,Unknown,Clear,Wet,Dusk,0,2,2,Minor
KAG_000294,Kaggle_Accident_prediction,2019,June,Monday,Meghalaya,Truck,Unknown,2,31-50,Unknown,Unknown,Hazy,Dry,Dawn,2,2,4,Minor
KAG_000295,Kaggle_Accident_prediction,2018,February,Tuesday,Goa,Truck,Unknown,3,Over 51,Unknown,Unknown,Clear,Under Construction,Dusk,2,3,5,Minor
KAG_000296,Kaggle_Accident_prediction,2022,June,Sunday,Uttarakhand,Truck,Unknown,1,Over 51,Unknown,Unknown,Rainy,Damaged,Dawn,0,1,1,Minor
KAG_000297,Kaggle_Accident_prediction,2022,November,Friday,Uttar Pradesh,Truck,Unknown,2,Over 51,Unknown,Unknown,Clear,Damaged,Daylight,5,0,3,Fatal
KAG_000298,Kaggle_Accident_prediction,2022,August,Sunday,Madhya Pradesh,Truck,Unknown,3,31-50,Unknown,Unknown,Rainy,Wet,Dusk,5,3,8,Fatal
KAG_000299,Kaggle_Accident_prediction,2021,September,Friday,Meghalaya,Truck,Unknown,2,31-50,Unknown,Unknown,Stormy,Dry,Dark,3,7,10,Serious
KAG_000300,Kaggle_Accident_prediction,2019,October,Friday,Tripura,Truck,Unknown,4,31-50,Unknown,Unknown,Foggy,Damaged,Daylight,2,6,8,Serious
KAG_000301,Kaggle_Accident_prediction,2021,September,Tuesday,Haryana,Truck,Unknown,4,Over 51,Unknown,Unknown,Hazy,Under Construction,Dusk,4,4,8,Fatal
KAG_000302,Kaggle_Accident_prediction,2022,November,Wednesday,Arunachal Pradesh,Truck,Unknown,2,18-30,Unknown,Unknown,Rainy,Under Construction,Dawn,1,7,8,Serious
KAG_000303,Kaggle_Accident_prediction,2021,January,Thursday,Chandigarh,Truck,Unknown,3,31-50,Unknown,Unknown,Rainy,Under Construction,Dark,4,0,3,Fatal
KAG_000304,Kaggle_Accident_prediction,2021,March,Tuesday,Haryana,Truck,Unknown,3,31-50,Unknown,Unknown,Stormy,Dry,Dusk,0,7,7,Minor
KAG_000305,Kaggle_Accident_prediction,2020,December,Tuesday,Chhattisgarh,Truck,Unknown,2,Over 51,Unknown,Unknown,Rainy,Wet,Daylight,1,8,9,Serious
KAG_000306,Kaggle_Accident_prediction,2023,June,Monday,Punjab,Truck,Unknown,4,Over 51,Unknown,Unknown,Rainy,Dry,Dawn,4,1,5,Serious
KAG_000307,Kaggle_Accident_prediction,2018,February,Thursday,Goa,Truck,Unknown,5,31-50,Unknown,Unknown,Rainy,Damaged,Daylight,0,7,7,Minor
KAG_000308,Kaggle_Accident_prediction,2022,August,Sunday,Gujarat,Truck,Unknown,1,18-30,Unknown,Unknown,Rainy,Wet,Dusk,1,9,10,Serious
KAG_000309,Kaggle_Accident_prediction,2021,April,Saturday,Uttarakhand,Truck,Unknown,2,18-30,Unknown,Unknown,Stormy,Wet,Dark,0,7,7,Minor
KAG_000310,Kaggle_Accident_prediction,2022,October,Saturday,Rajasthan,Truck,Unknown,4,31-50,Unknown,Unknown,Hazy,Dry,Daylight,3,6,9,Serious
KAG_000311,Kaggle_Accident_prediction,2021,February,Monday,Delhi,Truck,Unknown,2,Over 51,Unknown,Unknown,Clear,Wet,Dawn,3,0,0,Serious
KAG_000312,Kaggle_Accident_prediction,2021,April,Thursday,Himachal Pradesh,Truck,Unknown,1,Over 51,Unknown,Unknown,Hazy,Dry,Dusk,1,5,6,Serious
KAG_000313,Kaggle_Accident_prediction,2020,October,Thursday,Maharashtra,Truck,Unknown,3,Over 51,Unknown,Unknown,Rainy,Dry,Daylight,3,0,1,Fatal
KAG_000314,Kaggle_Accident_prediction,2022,August,Tuesday,Arunachal Pradesh,Truck,Unknown,4,18-30,Unknown,Unknown,Foggy,Wet,Dawn,3,0,0,Minor
KAG_000315,Kaggle_Accident_prediction,2021,July,Monday,Arunachal Pradesh,Truck,Unknown,3,31-50,Unknown,Unknown,Foggy,Under Construction,Dark,4,4,8,Minor
KAG_000316,Kaggle_Accident_prediction,2022,August,Monday,Bihar,Truck,Unknown,1,18-30,Unknown,Unknown,Foggy,Damaged,Dawn,3,0,3,Fatal
KAG_000317,Kaggle_Accident_prediction,2021,May,Wednesday,Uttar Pradesh,Truck,Unknown,4,31-50,Unknown,Unknown,Clear,Wet,Dark,5,0,3,Fatal
KAG_000318,Kaggle_Accident_prediction,2021,January,Saturday,Meghalaya,Truck,Unknown,1,31-50,Unknown,Unknown,Rainy,Under Construction,Daylight,0,1,1,Minor
KAG_000319,Kaggle_Accident_prediction,2019,August,Saturday,Jammu And Kashmir,Truck,Unknown,1,18-30,Unknown,Unknown,Foggy,Wet,Dark,1,4,5,Minor
KAG_000320,Kaggle_Accident_prediction,2021,February,Saturday,Odisha,Truck,Unknown,1,Over 51,Unknown,Unknown,Rainy,Under Construction,Daylight,0,3,3,Serious
KAG_000321,Kaggle_Accident_prediction,2019,July,Friday,Goa,Truck,Unknown,5,31-50,Unknown,Unknown,Foggy,Wet,Daylight,4,1,5,Serious
KAG_000322,Kaggle_Accident_prediction,2023,August,Thursday,Arunachal Pradesh,Truck,Unknown,1,31-50,Unknown,Unknown,Stormy,Damaged,Dusk,2,0,1,Fatal
KAG_000323,Kaggle_Accident_prediction,2019,February,Thursday,Bihar,Truck,Unknown,1,18-30,Unknown,Unknown,Foggy,Damaged,Dusk,2,3,5,Minor
KAG_000324,Kaggle_Accident_prediction,2020,November,Monday,Assam,Truck,Unknown,3,18-30,Unknown,Unknown,Clear,Damaged,Dark,2,2,4,Serious
KAG_000325,Kaggle_Accident_prediction,2022,September,Monday,Jammu And Kashmir,Truck,Unknown,4,Over 51,Unknown,Unknown,Foggy,Damaged,Dusk,5,0,2,Fatal
KAG_000326,Kaggle_Accident_prediction,2022,November,Monday,Rajasthan,Truck,Unknown,4,Over 51,Unknown,Unknown,Hazy,Damaged,Dark,3,0,3,Minor
KAG_000327,Kaggle_Accident_prediction,2023,November,Wednesday,Jammu And Kashmir,Truck,Unknown,5,18-30,Unknown,Unknown,Clear,Damaged,Dark,2,5,7,Minor
KAG_000328,Kaggle_Accident_prediction,2018,November,Friday,Arunachal Pradesh,Truck,Unknown,5,Over 51,Unknown,Unknown,Hazy,Wet,Dawn,5,3,8,Fatal
KAG_000329,Kaggle_Accident_prediction,2019,August,Friday,Jharkhand,Truck,Unknown,4,Over 51,Unknown,Unknown,Foggy,Under Construction,Dawn,2,4,6,Serious
KAG_000330,Kaggle_Accident_prediction,2018,April,Friday,Haryana,Truck,Unknown,2,Over 51,Unknown,Unknown,Hazy,Under Construction,Daylight,1,6,7,Minor
KAG_000331,Kaggle_Accident_prediction,2022,January,Sunday,Puducherry,Truck,Unknown,2,31-50,Unknown,Unknown,Hazy,Damaged,Daylight,3,4,7,Minor
KAG_000332,Kaggle_Accident_prediction,2021,March,Sunday,Rajasthan,Truck,Unknown,5,18-30,Unknown,Unknown,Hazy,Damaged,Dusk,2,7,9,Serious
KAG_000333,Kaggle_Accident_prediction,2018,August,Monday,Kerala,Truck,Unknown,3,Over 51,Unknown,Unknown,Rainy,Damaged,Dawn,2,3,5,Serious
KAG_000334,Kaggle_Accident_prediction,2023,November,Wednesday,Chhattisgarh,Truck,Unknown,1,18-30,Unknown,Unknown,Foggy,Wet,Dusk,0,10,10,Serious
KAG_000335,Kaggle_Accident_prediction,2021,March,Thursday,Bihar,Truck,Unknown,3,Over 51,Unknown,Unknown,Rainy,Under Construction,Dark,1,0,0,Fatal
KAG_000336,Kaggle_Accident_prediction,2023,September,Wednesday,Uttarakhand,Truck,Unknown,5,31-50,Unknown,Unknown,Hazy,Dry,Dusk,3,2,5,Serious
KAG_000337,Kaggle_Accident_prediction,2020,August,Friday,Karnataka,Truck,Unknown,2,Over 51,Unknown,Unknown,Rainy,Damaged,Dusk,0,10,10,Minor
KAG_000338,Kaggle_Accident_prediction,2021,February,Monday,Rajasthan,Truck,Unknown,3,18-30,Unknown,Unknown,Foggy,Dry,Dusk,5,3,8,Serious
KAG_000339,Kaggle_Accident_prediction,2020,May,Monday,Goa,Truck,Unknown,4,Over 51,Unknown,Unknown,Foggy,Under Construction,Dark,2,0,2,Serious
KAG_000340,Kaggle_Accident_prediction,2023,April,Saturday,Bihar,Truck,Unknown,4,31-50,Unknown,Unknown,Foggy,Wet,Dawn,5,0,4,Minor
KAG_000341,Kaggle_Accident_prediction,2022,November,Friday,Assam,Truck,Unknown,1,18-30,Unknown,Unknown,Stormy,Dry,Dark,0,3,3,Minor
KAG_000342,Kaggle_Accident_prediction,2022,June,Wednesday,Mizoram,Truck,Unknown,1,31-50,Unknown,Unknown,Hazy,Dry,Dark,3,3,6,Minor
KAG_000343,Kaggle_Accident_prediction,2019,July,Tuesday,Assam,Truck,Unknown,2,Over 51,Unknown,Unknown,Clear,Under Construction,Dawn,3,1,4,Fatal
KAG_000344,Kaggle_Accident_prediction,2021,December,Saturday,Chhattisgarh,Truck,Unknown,4,31-50,Unknown,Unknown,Rainy,Damaged,Dusk,1,6,7,Minor
KAG_000345,Kaggle_Accident_prediction,2021,December,Friday,Uttar Pradesh,Truck,Unknown,2,31-50,Unknown,Unknown,Clear,Under Construction,Daylight,1,4,5,Minor
KAG_000346,Kaggle_Accident_prediction,2023,May,Tuesday,Jharkhand,Truck,Unknown,3,31-50,Unknown,Unknown,Hazy,Dry,Dawn,1,6,7,Serious
KAG_000347,Kaggle_Accident_prediction,2019,June,Sunday,Manipur,Truck,Unknown,5,18-30,Unknown,Unknown,Stormy,Dry,Dusk,0,1,1,Minor
KAG_000348,Kaggle_Accident_prediction,2018,April,Friday,Maharashtra,Truck,Unknown,5,31-50,Unknown,Unknown,Stormy,Dry,Dark,2,0,1,Fatal
KAG_000349,Kaggle_Accident_prediction,2022,August,Wednesday,Odisha,Truck,Unknown,3,18-30,Unknown,Unknown,Foggy,Dry,Dusk,0,4,4,Serious
KAG_000350,Kaggle_Accident_prediction,2020,October,Saturday,Karnataka,Truck,Unknown,3,31-50,Unknown,Unknown,Hazy,Damaged,Dark,3,6,9,Fatal
KAG_000351,Kaggle_Accident_prediction,2023,September,Monday,Telangana,Truck,Unknown,1,Over 51,Unknown,Unknown,Foggy,Damaged,Dark,5,0,3,Fatal
KAG_000352,Kaggle_Accident_prediction,2018,September,Saturday,Punjab,Truck,Unknown,1,Over 51,Unknown,Unknown,Hazy,Damaged,Dark,4,0,0,Serious
KAG_000353,Kaggle_Accident_prediction,2018,April,Thursday,Goa,Truck,Unknown,2,31-50,Unknown,Unknown,Clear,Under Construction,Daylight,2,6,8,Fatal
KAG_000354,Kaggle_Accident_prediction,2018,July,Tuesday,Kerala,Truck,Unknown,5,Over 51,Unknown,Unknown,Clear,Dry,Dawn,3,6,9,Fatal
KAG_000355,Kaggle_Accident_prediction,2019,August,Thursday,Uttarakhand,Truck,Unknown,3,18-30,Unknown,Unknown,Hazy,Wet,Dawn,1,5,6,Minor
KAG_000356,Kaggle_Accident_prediction,2021,July,Thursday,Sikkim,Truck,Unknown,3,18-30,Unknown,Unknown,Hazy,Dry,Dark,0,0,0,Serious
KAG_000357,Kaggle_Accident_prediction,2020,March,Saturday,Sikkim,Truck,Unknown,2,31-50,Unknown,Unknown,Foggy,Dry,Dark,0,10,10,Fatal
KAG_000358,Kaggle_Accident_prediction,2018,June,Saturday,Kerala,Truck,Unknown,1,18-30,Unknown,Unknown,Stormy,Damaged,Dark,2,3,5,Fatal
KAG_000359,Kaggle_Accident_prediction,2022,April,Monday,Maharashtra,Truck,Unknown,3,Over 51,Unknown,Unknown,Clear,Under Construction,Daylight,4,4,8,Fatal
KAG_000360,Kaggle_Accident_prediction,2019,December,Thursday,Andhra Pradesh,Truck,Unknown,4,Over 51,Unknown,Unknown,Stormy,Damaged,Dark,1,1,2,Fatal
KAG_000361,Kaggle_Accident_prediction,2018,February,Wednesday,Tamil Nadu,Truck,Unknown,2,Over 51,Unknown,Unknown,Rainy,Damaged,Dark,2,2,4,Serious
KAG_000362,Kaggle_Accident_prediction,2020,October,Saturday,Uttar Pradesh,Truck,Unknown,3,31-50,Unknown,Unknown,Foggy,Under Construction,Dark,0,5,5,Minor
KAG_000363,Kaggle_Accident_prediction,2020,February,Tuesday,West Bengal,Truck,Unknown,2,Over 51,Unknown,Unknown,Rainy,Wet,Dawn,1,4,5,Fatal
KAG_000364,Kaggle_Accident_prediction,2020,January,Saturday,West Bengal,Truck,Unknown,2,18-30,Unknown,Unknown,Hazy,Under Construction,Dawn,3,0,0,Serious
KAG_000365,Kaggle_Accident_prediction,2019,August,Thursday,Tripura,Truck,Unknown,5,18-30,Unknown,Unknown,Foggy,Dry,Dusk,4,5,9,Minor
KAG_000366,Kaggle_Accident_prediction,2023,July,Sunday,Andhra Pradesh,Truck,Unknown,3,18-30,Unknown,Unknown,Hazy,Dry,Dark,3,7,10,Serious
KAG_000367,Kaggle_Accident_prediction,2022,February,Friday,Rajasthan,Truck,Unknown,3,31-50,Unknown,Unknown,Hazy,Wet,Dusk,4,0,4,Fatal
KAG_000368,Kaggle_Accident_prediction,2019,December,Thursday,Madhya Pradesh,Truck,Unknown,3,31-50,Unknown,Unknown,Hazy,Under Construction,Dusk,3,1,4,Fatal
KAG_000369,Kaggle_Accident_prediction,2022,January,Monday,Meghalaya,Truck,Unknown,4,31-50,Unknown,Unknown,Stormy,Wet,Daylight,2,8,10,Fatal
KAG_000370,Kaggle_Accident_prediction,2023,March,Tuesday,Tripura,Truck,Unknown,1,31-50,Unknown,Unknown,Stormy,Dry,Daylight,5,1,6,Serious
KAG_000371,Kaggle_Accident_prediction,2020,February,Monday,Sikkim,Truck,Unknown,2,Over 51,Unknown,Unknown,Foggy,Dry,Dawn,0,7,7,Serious
KAG_000372,Kaggle_Accident_prediction,2021,November,Saturday,West Bengal,Truck,Unknown,5,31-50,Unknown,Unknown,Hazy,Damaged,Dusk,1,8,9,Fatal
KAG_000373,Kaggle_Accident_prediction,2018,September,Tuesday,Goa,Truck,Unknown,2,31-50,Unknown,Unknown,Stormy,Under Construction,Daylight,4,1,5,Fatal
KAG_000374,Kaggle_Accident_prediction,2019,January,Tuesday,Mizoram,Truck,Unknown,1,Over 51,Unknown,Unknown,Stormy,Wet,Daylight,1,5,6,Minor
KAG_000375,Kaggle_Accident_prediction,2022,February,Sunday,Uttar Pradesh,Truck,Unknown,4,31-50,Unknown,Unknown,Foggy,Damaged,Dawn,4,0,3,Serious
KAG_000376,Kaggle_Accident_prediction,2020,June,Saturday,Nagaland,Truck,Unknown,1,18-30,Unknown,Unknown,Stormy,Dry,Dawn,3,4,7,Minor
KAG_000377,Kaggle_Accident_prediction,2023,August,Thursday,Punjab,Truck,Unknown,4,31-50,Unknown,Unknown,Stormy,Damaged,Daylight,2,7,9,Serious
KAG_000378,Kaggle_Accident_prediction,2018,March,Wednesday,Mizoram,Truck,Unknown,4,Over 51,Unknown,Unknown,Rainy,Dry,Dark,2,8,10,Fatal
KAG_000379,Kaggle_Accident_prediction,2022,December,Friday,Uttarakhand,Truck,Unknown,5,31-50,Unknown,Unknown,Stormy,Damaged,Dusk,4,0,3,Minor
KAG_000380,Kaggle_Accident_prediction,2023,March,Wednesday,West Bengal,Truck,Unknown,2,Over 51,Unknown,Unknown,Stormy,Under Construction,Dark,4,6,10,Fatal
KAG_000381,Kaggle_Accident_prediction,2022,September,Thursday,Punjab,Truck,Unknown,3,31-50,Unknown,Unknown,Stormy,Wet,Dusk,1,7,8,Fatal
KAG_000382,Kaggle_Accident_prediction,2023,March,Wednesday,Puducherry,Truck,Unknown,1,31-50,Unknown,Unknown,Clear,Wet,Daylight,1,4,5,Serious
KAG_000383,Kaggle_Accident_prediction,2022,December,Thursday,Nagaland,Truck,Unknown,5,Over 51,Unknown,Unknown,Foggy,Under Construction,Dawn,3,7,10,Minor
KAG_000384,Kaggle_Accident_prediction,2019,September,Tuesday,Delhi,Truck,Unknown,3,31-50,Unknown,Unknown,Foggy,Dry,Dusk,5,2,7,Minor
KAG_000385,Kaggle_Accident_prediction,2018,November,Wednesday,Mizoram,Truck,Unknown,1,31-50,Unknown,Unknown,Stormy,Damaged,Daylight,3,5,8,Minor
KAG_000386,Kaggle_Accident_prediction,2020,March,Tuesday,Karnataka,Truck,Unknown,4,31-50,Unknown,Unknown,Rainy,Damaged,Daylight,4,2,6,Fatal
KAG_000387,Kaggle_Accident_prediction,2020,December,Wednesday,Rajasthan,Truck,Unknown,5,31-50,Unknown,Unknown,Foggy,Wet,Dusk,0,2,2,Serious
KAG_000388,Kaggle_Accident_prediction,2022,April,Friday,Tamil Nadu,Truck,Unknown,2,31-50,Unknown,Unknown,Rainy,Damaged,Dawn,5,1,6,Serious
KAG_000389,Kaggle_Accident_prediction,2020,October,Wednesday,Jharkhand,Truck,Unknown,5,18-30,Unknown,Unknown,Stormy,Wet,Dusk,0,10,10,Serious
KAG_000390,Kaggle_Accident_prediction,2020,October,Saturday,Goa,Truck,Unknown,2,31-50,Unknown,Unknown,Stormy,Wet,Dawn,5,1,6,Fatal
KAG_000391,Kaggle_Accident_prediction,2020,February,Thursday,Karnataka,Truck,Unknown,5,31-50,Unknown,Unknown,Stormy,Dry,Dusk,4,0,4,Serious
KAG_000392,Kaggle_Accident_prediction,2021,October,Wednesday,Jammu And Kashmir,Truck,Unknown,1,Over 51,Unknown,Unknown,Stormy,Dry,Dusk,5,0,0,Serious
KAG_000393,Kaggle_Accident_prediction,2019,December,Wednesday,Jharkhand,Truck,Unknown,5,31-50,Unknown,Unknown,Hazy,Wet,Dark,1,2,3,Minor
KAG_000394,Kaggle_Accident_prediction,2020,November,Sunday,Nagaland,Truck,Unknown,5,18-30,Unknown,Unknown,Rainy,Damaged,Dark,1,4,5,Minor
KAG_000395,Kaggle_Accident_prediction,2021,February,Monday,Odisha,Truck,Unknown,5,Over 51,Unknown,Unknown,Stormy,Dry,Dark,4,1,5,Minor
KAG_000396,Kaggle_Accident_prediction,2018,September,Tuesday,Kerala,Truck,Unknown,3,31-50,Unknown,Unknown,Stormy,Dry,Dusk,4,0,2,Minor
KAG_000397,Kaggle_Accident_prediction,2023,July,Tuesday,Punjab,Truck,Unknown,5,Over 51,Unknown,Unknown,Clear,Wet,Dusk,0,10,10,Fatal
KAG_000398,Kaggle_Accident_prediction,2018,May,Saturday,Manipur,Truck,Unknown,5,Over 51,Unknown,Unknown,Foggy,Dry,Daylight,2,0,2,Serious
KAG_000399,Kaggle_Accident_prediction,2020,May,Friday,Andhra Pradesh,Truck,Unknown,2,31-50,Unknown,Unknown,Hazy,Wet,Dark,1,6,7,Serious
KAG_000400,Kaggle_Accident_prediction,2023,September,Tuesday,Puducherry,Truck,Unknown,5,Over 51,Unknown,Unknown,Clear,Under Construction,Dawn,3,6,9,Fatal
KAG_000401,Kaggle_Accident_prediction,2020,July,Monday,Sikkim,Truck,Unknown,4,Over 51,Unknown,Unknown,Stormy,Under Construction,Dusk,0,7,7,Serious
KAG_000402,Kaggle_Accident_prediction,2022,December,Monday,Chhattisgarh,Truck,Unknown,2,Over 51,Unknown,Unknown,Foggy,Dry,Dusk,5,0,0,Fatal
KAG_000403,Kaggle_Accident_prediction,2023,October,Thursday,Arunachal Pradesh,Truck,Unknown,1,18-30,Unknown,Unknown,Hazy,Damaged,Dark,1,1,2,Fatal
KAG_000404,Kaggle_Accident_prediction,2022,July,Friday,Goa,Truck,Unknown,5,18-30,Unknown,Unknown,Stormy,Damaged,Dusk,3,6,9,Minor
KAG_000405,Kaggle_Accident_prediction,2020,April,Tuesday,Arunachal Pradesh,Truck,Unknown,1,Over 51,Unknown,Unknown,Rainy,Wet,Daylight,2,6,8,Serious
KAG_000406,Kaggle_Accident_prediction,2020,January,Monday,Jammu And Kashmir,Truck,Unknown,3,Over 51,Unknown,Unknown,Stormy,Under Construction,Dawn,2,8,10,Minor
KAG_000407,Kaggle_Accident_prediction,2020,September,Friday,Madhya Pradesh,Truck,Unknown,5,18-30,Unknown,Unknown,Hazy,Wet,Dawn,5,5,10,Serious
KAG_000408,Kaggle_Accident_prediction,2021,June,Friday,Nagaland,Truck,Unknown,4,18-30,Unknown,Unknown,Hazy,Under Construction,Dusk,2,3,5,Serious
KAG_000409,Kaggle_Accident_prediction,2018,November,Saturday,Tamil Nadu,Truck,Unknown,2,Over 51,Unknown,Unknown,Foggy,Wet,Dark,5,0,1,Fatal
KAG_000410,Kaggle_Accident_prediction,2022,August,Wednesday,Goa,Truck,Unknown,2,31-50,Unknown,Unknown,Rainy,Under Construction,Dark,5,0,1,Serious
KAG_000411,Kaggle_Accident_prediction,2021,September,Friday,Kerala,Truck,Unknown,5,Over 51,Unknown,Unknown,Foggy,Wet,Dawn,3,1,4,Serious
KAG_000412,Kaggle_Accident_prediction,2022,April,Sunday,Rajasthan,Truck,Unknown,3,31-50,Unknown,Unknown,Clear,Dry,Dark,5,1,6,Minor
KAG_000413,Kaggle_Accident_prediction,2021,May,Friday,Chhattisgarh,Truck,Unknown,4,18-30,Unknown,Unknown,Foggy,Damaged,Dawn,3,1,4,Minor
KAG_000414,Kaggle_Accident_prediction,2020,December,Friday,Jharkhand,Truck,Unknown,4,31-50,Unknown,Unknown,Hazy,Damaged,Dark,0,3,3,Minor
KAG_000415,Kaggle_Accident_prediction,2022,March,Friday,Jharkhand,Truck,Unknown,3,18-30,Unknown,Unknown,Clear,Wet,Daylight,2,7,9,Minor
KAG_000416,Kaggle_Accident_prediction,2020,March,Thursday,Maharashtra,Truck,Unknown,1,18-30,Unknown,Unknown,Hazy,Dry,Dark,3,3,6,Serious
KAG_000417,Kaggle_Accident_prediction,2023,December,Monday,West Bengal,Truck,Unknown,5,18-30,Unknown,Unknown,Foggy,Wet,Dusk,5,5,10,Fatal
KAG_000418,Kaggle_Accident_prediction,2021,October,Sunday,Delhi,Truck,Unknown,3,Over 51,Unknown,Unknown,Rainy,Dry,Dawn,5,0,2,Fatal
KAG_000419,Kaggle_Accident_prediction,2018,June,Saturday,Chhattisgarh,Truck,Unknown,5,Over 51,Unknown,Unknown,Rainy,Dry,Dusk,1,2,3,Serious
KAG_000420,Kaggle_Accident_prediction,2023,April,Friday,Chhattisgarh,Truck,Unknown,2,Over 51,Unknown,Unknown,Rainy,Dry,Dark,0,0,0,Serious
KAG_000421,Kaggle_Accident_prediction,2018,March,Thursday,Jammu And Kashmir,Truck,Unknown,1,18-30,Unknown,Unknown,Hazy,Dry,Dusk,3,0,1,Fatal
KAG_000422,Kaggle_Accident_prediction,2020,June,Monday,Andhra Pradesh,Truck,Unknown,2,Over 51,Unknown,Unknown,Foggy,Under Construction,Dark,4,5,9,Minor
KAG_000423,Kaggle_Accident_prediction,2021,October,Friday,Uttar Pradesh,Truck,Unknown,2,31-50,Unknown,Unknown,Clear,Dry,Dawn,1,3,4,Serious
KAG_000424,Kaggle_Accident_prediction,2021,May,Tuesday,Gujarat,Truck,Unknown,2,31-50,Unknown,Unknown,Rainy,Under Construction,Dusk,4,4,8,Minor
KAG_000425,Kaggle_Accident_prediction,2019,July,Friday,Kerala,Truck,Unknown,5,Over 51,Unknown,Unknown,Clear,Damaged,Daylight,5,0,1,Fatal
KAG_000426,Kaggle_Accident_prediction,2022,January,Sunday,Uttarakhand,Truck,Unknown,3,18-30,Unknown,Unknown,Rainy,Dry,Dark,2,0,2,Minor
KAG_000427,Kaggle_Accident_prediction,2019,July,Monday,Tripura,Truck,Unknown,3,Over 51,Unknown,Unknown,Hazy,Wet,Dusk,1,1,2,Fatal
KAG_000428,Kaggle_Accident_prediction,2019,June,Wednesday,Jammu And Kashmir,Truck,Unknown,4,31-50,Unknown,Unknown,Foggy,Under Construction,Dusk,3,2,5,Minor
KAG_000429,Kaggle_Accident_prediction,2018,September,Friday,Mizoram,Truck,Unknown,2,18-30,Unknown,Unknown,Foggy,Wet,Daylight,2,0,1,Serious
KAG_000430,Kaggle_Accident_prediction,2021,May,Tuesday,Manipur,Truck,Unknown,5,18-30,Unknown,Unknown,Hazy,Wet,Dusk,0,10,10,Serious
KAG_000431,Kaggle_Accident_prediction,2020,April,Thursday,Chandigarh,Truck,Unknown,4,18-30,Unknown,Unknown,Foggy,Dry,Dusk,4,0,1,Fatal
KAG_000432,Kaggle_Accident_prediction,2022,December,Sunday,Odisha,Truck,Unknown,4,Over 51,Unknown,Unknown,Stormy,Damaged,Daylight,5,0,0,Minor
KAG_000433,Kaggle_Accident_prediction,2018,October,Saturday,Delhi,Truck,Unknown,3,Over 51,Unknown,Unknown,Clear,Under Construction,Dark,2,4,6,Minor
KAG_000434,Kaggle_Accident_prediction,2022,February,Monday,Kerala,Truck,Unknown,1,18-30,Unknown,Unknown,Foggy,Damaged,Dawn,4,5,9,Serious
KAG_000435,Kaggle_Accident_prediction,2019,March,Thursday,Jammu And Kashmir,Truck,Unknown,4,18-30,Unknown,Unknown,Stormy,Damaged,Dark,5,1,6,Minor
KAG_000436,Kaggle_Accident_prediction,2019,January,Thursday,Goa,Truck,Unknown,1,31-50,Unknown,Unknown,Rainy,Wet,Dawn,3,0,0,Fatal
KAG_000437,Kaggle_Accident_prediction,2021,November,Sunday,Telangana,Truck,Unknown,3,Over 51,Unknown,Unknown,Foggy,Damaged,Dawn,0,4,4,Serious
KAG_000438,Kaggle_Accident_prediction,2018,October,Wednesday,West Bengal,Truck,Unknown,4,Over 51,Unknown,Unknown,Clear,Under Construction,Dusk,2,5,7,Serious
KAG_000439,Kaggle_Accident_prediction,2022,June,Sunday,Odisha,Truck,Unknown,1,18-30,Unknown,Unknown,Foggy,Under Construction,Dawn,2,0,1,Serious
KAG_000440,Kaggle_Accident_prediction,2021,June,Thursday,Arunachal Pradesh,Truck,Unknown,2,Over 51,Unknown,Unknown,Hazy,Dry,Dark,2,4,6,Serious
KAG_000441,Kaggle_Accident_prediction,2022,November,Tuesday,Meghalaya,Truck,Unknown,4,31-50,Unknown,Unknown,Clear,Damaged,Dusk,4,4,8,Serious
KAG_000442,Kaggle_Accident_prediction,2023,January,Wednesday,Delhi,Truck,Unknown,2,31-50,Unknown,Unknown,Foggy,Damaged,Daylight,4,2,6,Minor
KAG_000443,Kaggle_Accident_prediction,2019,March,Thursday,Tamil Nadu,Truck,Unknown,3,Over 51,Unknown,Unknown,Rainy,Dry,Daylight,2,6,8,Fatal
KAG_000444,Kaggle_Accident_prediction,2019,May,Thursday,West Bengal,Truck,Unknown,3,Over 51,Unknown,Unknown,Rainy,Dry,Dawn,4,1,5,Fatal
KAG_000445,Kaggle_Accident_prediction,2021,February,Wednesday,Rajasthan,Truck,Unknown,3,Over 51,Unknown,Unknown,Foggy,Damaged,Daylight,0,7,7,Serious
KAG_000446,Kaggle_Accident_prediction,2023,February,Saturday,Haryana,Truck,Unknown,1,Over 51,Unknown,Unknown,Hazy,Damaged,Dawn,3,7,10,Fatal
KAG_000447,Kaggle_Accident_prediction,2023,August,Monday,Chandigarh,Truck,Unknown,1,Over 51,Unknown,Unknown,Rainy,Under Construction,Dark,3,4,7,Minor
KAG_000448,Kaggle_Accident_prediction,2019,December,Friday,Kerala,Truck,Unknown,5,18-30,Unknown,Unknown,Clear,Damaged,Dark,4,1,5,Serious
KAG_000449,Kaggle_Accident_prediction,2021,January,Sunday,Tamil Nadu,Truck,Unknown,5,31-50,Unknown,Unknown,Foggy,Wet,Dark,3,1,4,Minor
KAG_000450,Kaggle_road_csv,0,,Monday,Unknown,Truck,Unknown,2,18-30,31-50,Changing Lane To The Left,Normal,Dry,Daylight,0,0,2,Serious
KAG_000451,Kaggle_road_csv,0,,Friday,Unknown,Truck,Unknown,2,18-30,Under 18,Changing Lane To The Right,Normal,Dry,Daylight,0,0,1,Minor
KAG_000452,Kaggle_road_csv,0,,Thursday,Unknown,Truck,Unknown,2,31-50,Unknown,No Priority To Vehicle,Normal,Dry,Daylight,0,0,2,Minor
KAG_000453,Kaggle_road_csv,0,,Monday,Unknown,Truck,Unknown,2,18-30,Unknown,No Distancing,Raining,Wet Or Damp,Darkness - Lights Lit,0,0,3,Serious
KAG_000454,Kaggle_road_csv,0,,Tuesday,Unknown,Truck,Unknown,2,Under 18,Unknown,Getting Off The Vehicle Improperly,Normal,Dry,Daylight,0,0,1,Minor
KAG_000455,Kaggle_road_csv,0,,Thursday,Unknown,Truck,Unknown,1,18-30,18-30,Overtaking,Normal,Dry,Daylight,0,0,1,Serious
KAG_000456,Kaggle_road_csv,0,,Thursday,Unknown,Truck,Unknown,2,18-30,31-50,Overloading,Normal,Dry,Daylight,0,0,1,Serious
KAG_000457,Kaggle_road_csv,0,,Tuesday,Unknown,Truck,Unknown,2,18-30,18-30,Overspeed,Normal,Dry,Daylight,0,0,1,Minor
KAG_000458,Kaggle_road_csv,0,,Thursday,Unknown,Truck,Unknown,2,18-30,18-30,Changing Lane To The Right,Normal,Dry,Daylight,0,0,1,Minor
KAG_000459,Kaggle_road_csv,0,,Friday,Unknown,Truck,Unknown,1,31-50,Unknown,Changing Lane To The Right,Normal,Dry,Daylight,0,0,1,Serious
KAG_000460,Kaggle_road_csv,0,,Tuesday,Unknown,Truck,Unknown,2,Over 51,18-30,Driving Carelessly,Raining,Wet Or Damp,Daylight,0,0,1,Minor
KAG_000461,Kaggle_road_csv,0,,Wednesday,Unknown,Truck,Unknown,2,18-30,Unknown,Other,Normal,Dry,Daylight,0,0,1,Minor
KAG_000462,Kaggle_road_csv,0,,Monday,Unknown,Truck,Unknown,2,18-30,18-30,Changing Lane To The Left,Normal,Dry,Darkness - Lights Lit,0,0,1,Minor
KAG_000463,Kaggle_road_csv,0,,Tuesday,Unknown,Truck,Unknown,1,Over 51,31-50,Changing Lane To The Right,Normal,Dry,Daylight,0,0,1,Serious
KAG_000464,Kaggle_road_csv,0,,Wednesday,Unknown,Truck,Unknown,2,31-50,31-50,Changing Lane To The Left,Normal,Wet Or Damp,Darkness - Lights Lit,0,0,1,Serious
KAG_000465,Kaggle_road_csv,0,,Wednesday,Unknown,Truck,Unknown,2,31-50,18-30,Overturning,Normal,Wet Or Damp,Darkness - Lights Lit,0,0,1,Serious
KAG_000466,Kaggle_road_csv,0,,Sunday,Unknown,Truck,Unknown,1,Over 51,Under 18,No Distancing,Normal,Dry,Daylight,0,0,2,Minor
KAG_000467,Kaggle_road_csv,0,,Monday,Unknown,Truck,Unknown,2,18-30,31-50,Changing Lane To The Right,Normal,Dry,Daylight,0,0,1,Serious
KAG_000468,Kaggle_road_csv,0,,Sunday,Unknown,Truck,Unknown,2,31-50,31-50,Moving Backward,Normal,Dry,Daylight,0,0,1,Fatal
KAG_000469,Kaggle_road_csv,0,,Monday,Unknown,Truck,Unknown,2,18-30,Unknown,No Distancing,Normal,Dry,Daylight,0,0,1,Minor
KAG_000470,Kaggle_road_csv,0,,Thursday,Unknown,Truck,Unknown,3,18-30,Unknown,Driving Carelessly,Normal,Dry,Daylight,0,0,1,Minor
KAG_000471,Kaggle_road_csv,0,,Thursday,Unknown,Truck,Unknown,1,Under 18,Unknown,No Priority To Pedestrian,Normal,Dry,Darkness - No Lighting,0,0,4,Serious
KAG_000472,Kaggle_road_csv,0,,Monday,Unknown,Truck,Unknown,3,31-50,Unknown,Moving Backward,Normal,Dry,Darkness - Lights Unlit,0,0,1,Minor
KAG_000473,Kaggle_road_csv,0,,Saturday,Unknown,Truck,Unknown,2,18-30,18-30,Changing Lane To The Right,Normal,Dry,Darkness - Lights Lit,0,0,3,Minor
KAG_000474,Kaggle_road_csv,0,,Friday,Unknown,Truck,Unknown,3,18-30,Over 51,No Priority To Vehicle,Normal,Dry,Daylight,0,0,1,Minor
KAG_000475,Kaggle_road_csv,0,,Tuesday,Unknown,Truck,Unknown,1,18-30,18-30,No Priority To Vehicle,Normal,Dry,Daylight,0,0,1,Serious
KAG_000476,Kaggle_road_csv,0,,Saturday,Unknown,Truck,Unknown,1,31-50,Under 18,Driving To The Left,Normal,Wet Or Damp,Daylight,0,0,1,Minor
KAG_000477,Kaggle_road_csv,0,,Saturday,Unknown,Truck,Unknown,2,18-30,31-50,Changing Lane To The Right,Raining,Wet Or Damp,Darkness - Lights Lit,0,0,1,Minor
KAG_000478,Kaggle_road_csv,0,,Friday,Unknown,Truck,Unknown,1,31-50,Over 51,Moving Backward,Normal,Wet Or Damp,Darkness - No Lighting,0,0,1,Serious
KAG_000479,Kaggle_road_csv,0,,Thursday,Unknown,Truck,Unknown,1,Under 18,Unknown,Changing Lane To The Right,Normal,Wet Or Damp,Darkness - Lights Lit,0,0,2,Serious
KAG_000480,Kaggle_road_csv,0,,Friday,Unknown,Truck,Unknown,1,18-30,31-50,Driving Carelessly,Raining,Wet Or Damp,Darkness - Lights Lit,0,0,4,Minor
KAG_000481,Kaggle_road_csv,0,,Friday,Unknown,Truck,Unknown,1,18-30,18-30,Overtaking,Raining,Wet Or Damp,Darkness - Lights Lit,0,0,4,Minor
KAG_000482,Kaggle_road_csv,0,,Sunday,Unknown,Truck,Unknown,2,31-50,18-30,Changing Lane To The Right,Normal,Dry,Darkness - Lights Lit,0,0,2,Minor
KAG_000483,Kaggle_road_csv,0,,Sunday,Unknown,Truck,Unknown,2,18-30,31-50,Driving To The Left,Raining And Windy,Wet Or Damp,Darkness - Lights Lit,0,0,1,Minor
KAG_000484,Kaggle_road_csv,0,,Saturday,Unknown,Truck,Unknown,2,Unknown,Over 51,Overtaking,Cloudy,Dry,Daylight,0,0,2,Minor
KAG_000485,Kaggle_road_csv,0,,Saturday,Unknown,Truck,Unknown,2,31-50,Over 51,No Priority To Vehicle,Cloudy,Dry,Daylight,0,0,2,Minor
KAG_000486,Kaggle_road_csv,0,,Sunday,Unknown,Truck,Unknown,2,31-50,18-30,Other,Normal,Dry,Darkness - Lights Lit,0,0,1,Minor
KAG_000487,Kaggle_road_csv,0,,Monday,Unknown,Truck,Unknown,2,18-30,Unknown,Other,Normal,Dry,Daylight,0,0,2,Minor
KAG_000488,Kaggle_road_csv,0,,Wednesday,Unknown,Truck,Unknown,1,31-50,31-50,No Priority To Pedestrian,Other,Wet Or Damp,Daylight,0,0,1,Minor
KAG_000489,Kaggle_road_csv,0,,Friday,Unknown,Truck,Unknown,3,31-50,Unknown,No Priority To Pedestrian,Normal,Wet Or Damp,Darkness - Lights Lit,0,0,1,Minor
KAG_000490,Kaggle_road_csv,0,,Wednesday,Unknown,Truck,Unknown,1,Over 51,Unknown,Changing Lane To The Left,Normal,Dry,Daylight,0,0,1,Minor
KAG_000491,Kaggle_road_csv,0,,Tuesday,Unknown,Truck,Unknown,1,Unknown,18-30,Changing Lane To The Right,Normal,Wet Or Damp,Darkness - No Lighting,0,0,1,Minor
KAG_000492,Kaggle_road_csv,0,,Friday,Unknown,Truck,Unknown,2,18-30,Under 18,Changing Lane To The Left,Raining,Wet Or Damp,Darkness - Lights Lit,0,0,1,Minor
KAG_000493,Kaggle_road_csv,0,,Wednesday,Unknown,Truck,Unknown,2,18-30,Over 51,No Priority To Vehicle,Raining,Wet Or Damp,Darkness - No Lighting,0,0,1,Minor
KAG_000494,Kaggle_road_csv,0,,Wednesday,Unknown,Truck,Unknown,2,18-30,Under 18,Moving Backward,Raining,Wet Or Damp,Darkness - No Lighting,0,0,1,Minor
KAG_000495,Kaggle_road_csv,0,,Friday,Unknown,Truck,Unknown,2,31-50,Unknown,Turnover,Normal,Wet Or Damp,Daylight,0,0,1,Serious
KAG_000496,Kaggle_road_csv,0,,Thursday,Unknown,Truck,Unknown,2,31-50,18-30,Changing Lane To The Left,Windy,Wet Or Damp,Darkness - Lights Lit,0,0,1,Minor
KAG_000497,Kaggle_road_csv,0,,Thursday,Unknown,Truck,Unknown,2,31-50,31-50,Changing Lane To The Left,Raining,Wet Or Damp,Darkness - Lights Lit,0,0,1,Minor
KAG_000498,Kaggle_road_csv,0,,Tuesday,Unknown,Truck,Unknown,1,Over 51,18-30,Changing Lane To The Left,Normal,Wet Or Damp,Daylight,0,0,1,Serious
KAG_000499,Kaggle_road_csv,0,,Friday,Unknown,Truck,Unknown,2,18-30,31-50,Moving Backward,Raining,Wet Or Damp,Darkness - Lights Lit,0,0,3,Serious
KAG_000500,Kaggle_road_csv,0,,Friday,Unknown,Truck,Unknown,2,18-30,18-30,No Distancing,Raining,Wet Or Damp,Darkness - Lights Lit,0,0,3,Serious
KAG_000501,Kaggle_road_csv,0,,Thursday,Unknown,Truck,Unknown,2,18-30,Unknown,No Distancing,Raining,Wet Or Damp,Daylight,0,0,2,Minor
KAG_000502,Kaggle_road_csv,0,,Saturday,Unknown,Truck,Unknown,2,18-30,Unknown,Driving Carelessly,Normal,Wet Or Damp,Daylight,0,0,2,Minor
KAG_000503,Kaggle_road_csv,0,,Thursday,Unknown,Truck,Unknown,2,18-30,Over 51,Changing Lane To The Left,Raining,Wet Or Damp,Daylight,0,0,3,Minor
KAG_000504,Kaggle_road_csv,0,,Thursday,Unknown,Truck,Unknown,2,31-50,31-50,No Distancing,Normal,Wet Or Damp,Daylight,0,0,2,Minor
KAG_000505,Kaggle_road_csv,0,,Thursday,Unknown,Truck,Unknown,2,31-50,Under 18,Getting Off The Vehicle Improperly,Normal,Wet Or Damp,Daylight,0,0,2,Minor
KAG_000506,Kaggle_road_csv,0,,Monday,Unknown,Truck,Unknown,2,18-30,31-50,Moving Backward,Raining And Windy,Wet Or Damp,Darkness - Lights Lit,0,0,2,Minor
KAG_000507,Kaggle_road_csv,0,,Monday,Unknown,Truck,Unknown,2,18-30,Unknown,Turnover,Raining And Windy,Wet Or Damp,Darkness - Lights Lit,0,0,2,Minor
KAG_000508,Kaggle_road_csv,0,,Thursday,Unknown,Truck,Unknown,1,18-30,Under 18,No Distancing,Normal,Dry,Darkness - Lights Lit,0,0,1,Minor
KAG_000509,Kaggle_road_csv,0,,Wednesday,Unknown,Truck,Unknown,1,18-30,Over 51,Changing Lane To The Left,Normal,Dry,Darkness - Lights Lit,0,0,1,Minor
KAG_000510,Kaggle_road_csv,0,,Wednesday,Unknown,Truck,Unknown,1,31-50,Unknown,No Distancing,Normal,Dry,Daylight,0,0,1,Minor
KAG_000511,Kaggle_road_csv,0,,Friday,Unknown,Truck,Unknown,2,18-30,Unknown,No Distancing,Raining,Wet Or Damp,Darkness - Lights Lit,0,0,2,Minor
KAG_000512,Kaggle_road_csv,0,,Thursday,Unknown,Truck,Unknown,1,31-50,18-30,Changing Lane To The Right,Normal,Wet Or Damp,Daylight,0,0,1,Minor
KAG_000513,Kaggle_road_csv,0,,Friday,Unknown,Truck,Unknown,2,31-50,Unknown,Other,Normal,Wet Or Damp,Darkness - No Lighting,0,0,2,Serious
KAG_000514,Kaggle_road_csv,0,,Monday,Unknown,Truck,Unknown,3,31-50,Unknown,Changing Lane To The Left,Normal,Dry,Daylight,0,0,1,Minor
KAG_000515,Kaggle_road_csv,0,,Saturday,Unknown,Truck,Unknown,1,18-30,Unknown,No Priority To Vehicle,Normal,Dry,Daylight,0,0,1,Minor
KAG_000516,Kaggle_road_csv,0,,Wednesday,Unknown,Truck,Unknown,1,18-30,Unknown,Changing Lane To The Left,Normal,Wet Or Damp,Darkness - Lights Lit,0,0,1,Minor
KAG_000517,Kaggle_road_csv,0,,Sunday,Unknown,Truck,Unknown,2,31-50,Over 51,No Priority To Vehicle,Raining,Wet Or Damp,Darkness - Lights Lit,0,0,2,Minor
KAG_000518,Kaggle_road_csv,0,,Saturday,Unknown,Truck,Unknown,3,31-50,Unknown,Driving Under The Influence Of Drugs,Snow,Snow,Daylight,0,0,2,Minor
KAG_000519,Kaggle_road_csv,0,,Sunday,Unknown,Truck,Unknown,2,31-50,18-30,Changing Lane To The Left,Normal,Wet Or Damp,Darkness - Lights Lit,0,0,6,Minor
KAG_000520,Kaggle_road_csv,0,,Sunday,Unknown,Truck,Unknown,2,18-30,31-50,Changing Lane To The Right,Snow,Wet Or Damp,Daylight,0,0,1,Minor
KAG_000521,Kaggle_road_csv,0,,Friday,Unknown,Truck,Unknown,2,18-30,18-30,Driving To The Left,Normal,Dry,Darkness - Lights Lit,0,0,1,Minor
KAG_000522,Kaggle_road_csv,0,,Thursday,Unknown,Truck,Unknown,1,31-50,Over 51,No Distancing,Normal,Dry,Daylight,0,0,1,Minor
KAG_000523,Kaggle_road_csv,0,,Friday,Unknown,Truck,Unknown,2,Over 51,Unknown,Overtaking,Cloudy,Wet Or Damp,Darkness - Lights Lit,0,0,2,Minor
KAG_000524,Kaggle_road_csv,0,,Sunday,Unknown,Truck,Unknown,2,18-30,Unknown,No Priority To Vehicle,Normal,Dry,Daylight,0,0,1,Minor
KAG_000525,Kaggle_road_csv,0,,Wednesday,Unknown,Truck,Unknown,1,31-50,Unknown,Changing Lane To The Left,Raining,Wet Or Damp,Darkness - Lights Lit,0,0,1,Minor
KAG_000526,Kaggle_road_csv,0,,Wednesday,Unknown,Truck,Unknown,2,18-30,Under 18,Changing Lane To The Right,Windy,Wet Or Damp,Daylight,0,0,1,Minor
KAG_000527,Kaggle_road_csv,0,,Tuesday,Unknown,Truck,Unknown,1,18-30,31-50,Changing Lane To The Left,Normal,Dry,Darkness - Lights Lit,0,0,1,Minor
KAG_000528,Kaggle_road_csv,0,,Wednesday,Unknown,Truck,Unknown,2,18-30,18-30,Changing Lane To The Left,Normal,Dry,Daylight,0,0,1,Minor
KAG_000529,Kaggle_road_csv,0,,Saturday,Unknown,Truck,Unknown,1,31-50,31-50,No Distancing,Normal,Dry,Daylight,0,0,1,Minor
KAG_000530,Kaggle_road_csv,0,,Monday,Unknown,Truck,Unknown,2,18-30,Under 18,Changing Lane To The Right,Normal,Dry,Darkness - No Lighting,0,0,2,Minor
KAG_000531,Kaggle_road_csv,0,,Tuesday,Unknown,Truck,Unknown,1,31-50,Under 18,Changing Lane To The Left,Normal,Dry,Daylight,0,0,1,Minor
KAG_000532,Kaggle_road_csv,0,,Thursday,Unknown,Truck,Unknown,2,31-50,Unknown,Driving Carelessly,Normal,Wet Or Damp,Darkness - Lights Lit,0,0,1,Minor
KAG_000533,Kaggle_road_csv,0,,Sunday,Unknown,Truck,Unknown,2,31-50,18-30,Moving Backward,Raining,Wet Or Damp,Daylight,0,0,2,Minor
KAG_000534,Kaggle_road_csv,0,,Friday,Unknown,Truck,Unknown,2,18-30,31-50,Driving Carelessly,Normal,Dry,Daylight,0,0,1,Minor
KAG_000535,Kaggle_road_csv,0,,Monday,Unknown,Truck,Unknown,3,18-30,Unknown,Overturning,Unknown,Dry,Daylight,0,0,4,Serious
KAG_000536,Kaggle_road_csv,0,,Monday,Unknown,Truck,Unknown,3,Over 51,31-50,Driving Under The Influence Of Drugs,Unknown,Dry,Daylight,0,0,4,Serious
KAG_000537,Kaggle_road_csv,0,,Wednesday,Unknown,Truck,Unknown,2,18-30,31-50,No Priority To Vehicle,Raining,Wet Or Damp,Darkness - Lights Lit,0,0,1,Minor
KAG_000538,Kaggle_road_csv,0,,Wednesday,Unknown,Truck,Unknown,2,31-50,Over 51,Changing Lane To The Left,Raining,Wet Or Damp,Darkness - Lights Lit,0,0,1,Minor
KAG_000539,Kaggle_road_csv,0,,Friday,Unknown,Truck,Unknown,2,18-30,Unknown,No Priority To Vehicle,Normal,Dry,Daylight,0,0,1,Minor
KAG_000540,Kaggle_road_csv,0,,Friday,Unknown,Truck,Unknown,2,18-30,Under 18,Driving Carelessly,Raining,Wet Or Damp,Daylight,0,0,1,Minor
KAG_000541,Kaggle_road_csv,0,,Sunday,Unknown,Truck,Unknown,1,Unknown,31-50,No Priority To Vehicle,Normal,Dry,Darkness - Lights Lit,0,0,1,Minor
KAG_000542,Kaggle_road_csv,0,,Sunday,Unknown,Truck,Unknown,2,31-50,31-50,Changing Lane To The Right,Normal,Dry,Darkness - Lights Lit,0,0,2,Minor
KAG_000543,Kaggle_road_csv,0,,Sunday,Unknown,Truck,Unknown,2,31-50,Under 18,Driving Carelessly,Normal,Dry,Darkness - Lights Lit,0,0,2,Minor
KAG_000544,Kaggle_road_csv,0,,Tuesday,Unknown,Truck,Unknown,2,18-30,Under 18,Driving To The Left,Other,Wet Or Damp,Daylight,0,0,1,Minor
KAG_000545,Kaggle_road_csv,0,,Thursday,Unknown,Truck,Unknown,2,18-30,18-30,No Distancing,Normal,Dry,Daylight,0,0,1,Minor
KAG_000546,Kaggle_road_csv,0,,Wednesday,Unknown,Truck,Unknown,1,Over 51,Unknown,Moving Backward,Raining,Wet Or Damp,Darkness - Lights Lit,0,0,1,Fatal
KAG_000547,Kaggle_road_csv,0,,Tuesday,Unknown,Truck,Unknown,4,18-30,Unknown,Changing Lane To The Left,Normal,Wet Or Damp,Daylight,0,0,6,Serious
KAG_000548,Kaggle_road_csv,0,,Tuesday,Unknown,Truck,Unknown,4,18-30,18-30,No Distancing,Normal,Wet Or Damp,Daylight,0,0,6,Serious
KAG_000549,Kaggle_road_csv,0,,Tuesday,Unknown,Truck,Unknown,4,18-30,31-50,Getting Off The Vehicle Improperly,Normal,Wet Or Damp,Daylight,0,0,6,Serious
KAG_000550,Kaggle_road_csv,0,,Saturday,Unknown,Truck,Unknown,2,31-50,Unknown,No Priority To Pedestrian,Normal,Dry,Daylight,0,0,1,Minor
KAG_000551,Kaggle_road_csv,0,,Friday,Unknown,Truck,Unknown,3,Over 51,Unknown,Driving Carelessly,Normal,Dry,Darkness - Lights Lit,0,0,5,Serious
KAG_000552,Kaggle_road_csv,0,,Friday,Unknown,Truck,Unknown,2,18-30,Unknown,No Distancing,Normal,Dry,Darkness - Lights Lit,0,0,2,Minor
KAG_000553,Kaggle_road_csv,0,,Monday,Unknown,Truck,Unknown,2,Over 51,Unknown,Driving Carelessly,Normal,Dry,Daylight,0,0,1,Minor
KAG_000554,Kaggle_road_csv,0,,Sunday,Unknown,Truck,Unknown,2,31-50,Unknown,Driving Carelessly,Normal,Wet Or Damp,Daylight,0,0,1,Minor
KAG_000555,Kaggle_road_csv,0,,Sunday,Unknown,Truck,Unknown,2,Unknown,31-50,Driving To The Left,Normal,Wet Or Damp,Daylight,0,0,1,Minor
KAG_000556,Kaggle_road_csv,0,,Monday,Unknown,Truck,Unknown,2,Under 18,Unknown,Changing Lane To The Left,Normal,Dry,Daylight,0,0,1,Minor
KAG_000557,Kaggle_road_csv,0,,Saturday,Unknown,Truck,Unknown,2,18-30,Under 18,Driving Under The Influence Of Drugs,Normal,Dry,Daylight,0,0,1,Minor
KAG_000558,Kaggle_road_csv,0,,Sunday,Unknown,Truck,Unknown,2,Over 51,18-30,Driving To The Left,Normal,Dry,Daylight,0,0,3,Minor
KAG_000559,Kaggle_road_csv,0,,Tuesday,Unknown,Truck,Unknown,2,Over 51,Under 18,Moving Backward,Normal,Dry,Daylight,0,0,1,Minor
KAG_000560,Kaggle_road_csv,0,,Tuesday,Unknown,Truck,Unknown,2,31-50,31-50,Overtaking,Normal,Dry,Daylight,0,0,1,Minor
KAG_000561,Kaggle_road_csv,0,,Saturday,Unknown,Truck,Unknown,2,18-30,31-50,Changing Lane To The Left,Normal,Wet Or Damp,Daylight,0,0,3,Minor
KAG_000562,Kaggle_road_csv,0,,Sunday,Unknown,Truck,Unknown,4,Unknown,31-50,Turnover,Normal,Dry,Daylight,0,0,1,Minor
KAG_000563,Kaggle_road_csv,0,,Sunday,Unknown,Truck,Unknown,2,18-30,Unknown,No Distancing,Normal,Dry,Daylight,0,0,1,Serious
KAG_000564,Kaggle_road_csv,0,,Sunday,Unknown,Truck,Unknown,2,31-50,Unknown,Changing Lane To The Right,Normal,Dry,Daylight,0,0,1,Serious
KAG_000565,Kaggle_road_csv,0,,Thursday,Unknown,Truck,Unknown,4,31-50,Unknown,Changing Lane To The Left,Normal,Dry,Daylight,0,0,2,Minor
KAG_000566,Kaggle_road_csv,0,,Thursday,Unknown,Truck,Unknown,4,18-30,Over 51,Driving Carelessly,Normal,Dry,Daylight,0,0,2,Minor
KAG_000567,Kaggle_road_csv,0,,Thursday,Unknown,Truck,Unknown,4,31-50,31-50,No Priority To Vehicle,Normal,Dry,Daylight,0,0,2,Minor
KAG_000568,Kaggle_road_csv,0,,Wednesday,Unknown,Truck,Unknown,3,31-50,31-50,No Priority To Pedestrian,Raining,Wet Or Damp,Daylight,0,0,1,Minor
KAG_000569,Kaggle_road_csv,0,,Monday,Unknown,Truck,Unknown,2,31-50,Unknown,Changing Lane To The Left,Normal,Dry,Daylight,0,0,1,Minor
KAG_000570,Kaggle_road_csv,0,,Saturday,Unknown,Truck,Unknown,1,Under 18,Unknown,Driving Carelessly,Normal,Dry,Daylight,0,0,1,Serious
KAG_000571,Kaggle_road_csv,0,,Tuesday,Unknown,Truck,Unknown,2,Under 18,18-30,Changing Lane To The Right,Raining,Wet Or Damp,Daylight,0,0,2,Serious
KAG_000572,Kaggle_road_csv,0,,Friday,Unknown,Truck,Unknown,1,Over 51,18-30,No Distancing,Normal,Dry,Daylight,0,0,1,Minor
KAG_000573,Kaggle_road_csv,0,,Wednesday,Unknown,Truck,Unknown,2,18-30,18-30,No Distancing,Normal,Dry,Daylight,0,0,1,Minor
KAG_000574,Kaggle_road_csv,0,,Thursday,Unknown,Truck,Unknown,2,Under 18,18-30,No Distancing,Normal,Dry,Daylight,0,0,1,Minor
KAG_000575,Kaggle_road_csv,0,,Thursday,Unknown,Truck,Unknown,2,Over 51,Unknown,Overturning,Normal,Dry,Daylight,0,0,1,Minor
KAG_000576,Kaggle_road_csv,0,,Sunday,Unknown,Truck,Unknown,1,18-30,Under 18,Drunk Driving,Normal,Dry,Darkness - Lights Lit,0,0,2,Serious
KAG_000577,Kaggle_road_csv,0,,Monday,Unknown,Truck,Unknown,4,31-50,31-50,Moving Backward,Normal,Dry,Daylight,0,0,1,Minor
KAG_000578,Kaggle_road_csv,0,,Monday,Unknown,Truck,Unknown,4,31-50,Under 18,Driving At High Speed,Normal,Dry,Daylight,0,0,1,Minor
KAG_000579,Kaggle_road_csv,0,,Friday,Unknown,Truck,Unknown,3,31-50,Under 18,Changing Lane To The Left,Normal,Dry,Daylight,0,0,4,Minor
KAG_000580,Kaggle_road_csv,0,,Saturday,Unknown,Truck,Unknown,1,18-30,18-30,Changing Lane To The Right,Normal,Dry,Darkness - Lights Lit,0,0,2,Serious
KAG_000581,Kaggle_road_csv,0,,Tuesday,Unknown,Truck,Unknown,2,31-50,18-30,Overturning,Normal,Dry,Daylight,0,0,1,Minor
KAG_000582,Kaggle_road_csv,0,,Tuesday,Unknown,Truck,Unknown,2,Under 18,Unknown,Changing Lane To The Right,Normal,Dry,Daylight,0,0,1,Minor
KAG_000583,Kaggle_road_csv,0,,Wednesday,Unknown,Truck,Unknown,2,Over 51,Under 18,Moving Backward,Normal,Dry,Daylight,0,0,2,Minor
KAG_000584,Kaggle_road_csv,0,,Sunday,Unknown,Truck,Unknown,2,18-30,Unknown,Changing Lane To The Right,Raining,Wet Or Damp,Daylight,0,0,4,Minor
KAG_000585,Kaggle_road_csv,0,,Sunday,Unknown,Truck,Unknown,2,18-30,Over 51,Driving To The Left,Raining,Wet Or Damp,Daylight,0,0,4,Minor
KAG_000586,Kaggle_road_csv,0,,Wednesday,Unknown,Truck,Unknown,2,18-30,Over 51,Changing Lane To The Left,Normal,Dry,Daylight,0,0,1,Minor
KAG_000587,Kaggle_road_csv,0,,Monday,Unknown,Truck,Unknown,2,Under 18,18-30,No Distancing,Raining,Wet Or Damp,Daylight,0,0,1,Minor
KAG_000588,Kaggle_road_csv,0,,Monday,Unknown,Truck,Unknown,2,Unknown,Over 51,Changing Lane To The Left,Raining,Wet Or Damp,Daylight,0,0,1,Minor
KAG_000589,Kaggle_road_csv,0,,Friday,Unknown,Truck,Unknown,2,Over 51,31-50,No Distancing,Raining,Wet Or Damp,Daylight,0,0,2,Minor
KAG_000590,Kaggle_road_csv,0,,Sunday,Unknown,Truck,Unknown,2,31-50,Unknown,Moving Backward,Normal,Dry,Darkness - Lights Lit,0,0,4,Fatal
KAG_000591,Kaggle_road_csv,0,,Friday,Unknown,Truck,Unknown,1,Over 51,31-50,Changing Lane To The Right,Normal,Wet Or Damp,Daylight,0,0,1,Minor
KAG_000592,Kaggle_road_csv,0,,Monday,Unknown,Truck,Unknown,2,18-30,Unknown,No Distancing,Normal,Dry,Daylight,0,0,1,Minor
KAG_000593,Kaggle_road_csv,0,,Tuesday,Unknown,Truck,Unknown,2,31-50,18-30,No Priority To Pedestrian,Normal,Dry,Daylight,0,0,1,Serious
KAG_000594,Kaggle_road_csv,0,,Sunday,Unknown,Truck,Unknown,2,18-30,18-30,Changing Lane To The Right,Normal,Dry,Daylight,0,0,1,Minor
KAG_000595,Kaggle_road_csv,0,,Thursday,Unknown,Truck,Unknown,2,18-30,Over 51,No Distancing,Normal,Dry,Daylight,0,0,1,Serious
KAG_000596,Kaggle_road_csv,0,,Friday,Unknown,Truck,Unknown,2,31-50,Under 18,Changing Lane To The Right,Normal,Dry,Daylight,0,0,1,Minor
KAG_000597,Kaggle_road_csv,0,,Monday,Unknown,Truck,Unknown,2,Over 51,Under 18,Moving Backward,Normal,Dry,Daylight,0,0,1,Minor
KAG_000598,Kaggle_road_csv,0,,Monday,Unknown,Truck,Unknown,2,31-50,Unknown,No Distancing,Normal,Dry,Daylight,0,0,1,Minor
KAG_000599,Kaggle_road_csv,0,,Wednesday,Unknown,Truck,Unknown,2,Under 18,Unknown,No Priority To Vehicle,Raining,Wet Or Damp,Darkness - No Lighting,0,0,1,Minor
KAG_000600,Kaggle_road_csv,0,,Friday,Unknown,Truck,Unknown,3,Over 51,18-30,No Priority To Vehicle,Normal,Dry,Daylight,0,0,2,Minor
KAG_000601,Kaggle_road_csv,0,,Tuesday,Unknown,Truck,Unknown,2,31-50,18-30,Driving At High Speed,Normal,Dry,Daylight,0,0,1,Serious
KAG_000602,Kaggle_road_csv,0,,Tuesday,Unknown,Truck,Unknown,2,Over 51,Over 51,No Distancing,Normal,Dry,Daylight,0,0,1,Serious
KAG_000603,Kaggle_road_csv,0,,Tuesday,Unknown,Truck,Unknown,3,Unknown,Unknown,No Distancing,Normal,Dry,Daylight,0,0,1,Minor
KAG_000604,Kaggle_road_csv,0,,Tuesday,Unknown,Truck,Unknown,2,Over 51,Unknown,Changing Lane To The Right,Normal,Dry,Darkness - Lights Lit,0,0,1,Minor
KAG_000605,Kaggle_road_csv,0,,Tuesday,Unknown,Truck,Unknown,2,Under 18,31-50,No Priority To Vehicle,Normal,Dry,Daylight,0,0,1,Minor
KAG_000606,Kaggle_road_csv,0,,Tuesday,Unknown,Truck,Unknown,2,18-30,Under 18,Changing Lane To The Left,Normal,Dry,Darkness - Lights Lit,0,0,1,Minor
KAG_000607,Kaggle_road_csv,0,,Friday,Unknown,Truck,Unknown,1,31-50,Unknown,Changing Lane To The Right,Normal,Dry,Daylight,0,0,1,Minor
KAG_000608,Kaggle_road_csv,0,,Monday,Unknown,Truck,Unknown,2,18-30,Over 51,Changing Lane To The Right,Normal,Wet Or Damp,Darkness - Lights Lit,0,0,2,Minor
KAG_000609,Kaggle_road_csv,0,,Thursday,Unknown,Truck,Unknown,2,31-50,18-30,Driving Carelessly,Raining,Wet Or Damp,Darkness - Lights Lit,0,0,1,Minor
KAG_000610,Kaggle_road_csv,0,,Friday,Unknown,Truck,Unknown,2,Over 51,Unknown,Changing Lane To The Left,Normal,Wet Or Damp,Darkness - Lights Lit,0,0,1,Minor
KAG_000611,Kaggle_road_csv,0,,Thursday,Unknown,Truck,Unknown,2,18-30,18-30,Moving Backward,Normal,Wet Or Damp,Daylight,0,0,1,Serious
KAG_000612,Kaggle_road_csv,0,,Monday,Unknown,Truck,Unknown,2,Unknown,31-50,No Priority To Vehicle,Normal,Dry,Daylight,0,0,2,Minor
KAG_000613,Kaggle_road_csv,0,,Thursday,Unknown,Truck,Unknown,1,Over 51,Unknown,Moving Backward,Other,Wet Or Damp,Daylight,0,0,1,Minor
KAG_000614,Kaggle_road_csv,0,,Wednesday,Unknown,Truck,Unknown,2,18-30,31-50,Changing Lane To The Left,Normal,Wet Or Damp,Darkness - Lights Lit,0,0,1,Minor
KAG_000615,Kaggle_road_csv,0,,Wednesday,Unknown,Truck,Unknown,2,Under 18,Unknown,Moving Backward,Cloudy,Wet Or Damp,Darkness - Lights Lit,0,0,1,Minor
KAG_000616,Kaggle_road_csv,0,,Sunday,Unknown,Truck,Unknown,2,31-50,18-30,No Priority To Pedestrian,Normal,Dry,Darkness - Lights Lit,0,0,1,Minor
KAG_000617,Kaggle_road_csv,0,,Wednesday,Unknown,Truck,Unknown,1,31-50,31-50,No Distancing,Raining,Wet Or Damp,Darkness - Lights Lit,0,0,1,Minor
KAG_000618,Kaggle_road_csv,0,,Tuesday,Unknown,Truck,Unknown,2,18-30,Under 18,Changing Lane To The Left,Raining,Wet Or Damp,Darkness - Lights Lit,0,0,1,Serious
KAG_000619,Kaggle_road_csv,0,,Wednesday,Unknown,Truck,Unknown,2,Under 18,Over 51,No Distancing,Raining,Wet Or Damp,Darkness - Lights Lit,0,0,2,Minor
KAG_000620,Kaggle_road_csv,0,,Wednesday,Unknown,Truck,Unknown,2,18-30,Unknown,Changing Lane To The Right,Raining,Wet Or Damp,Darkness - Lights Lit,0,0,2,Minor
KAG_000621,Kaggle_road_csv,0,,Monday,Unknown,Truck,Unknown,2,18-30,Unknown,No Distancing,Normal,Dry,Darkness - Lights Lit,0,0,1,Minor
KAG_000622,Kaggle_road_csv,0,,Wednesday,Unknown,Truck,Unknown,1,18-30,18-30,Changing Lane To The Left,Normal,Wet Or Damp,Darkness - Lights Lit,0,0,1,Serious
KAG_000623,Kaggle_road_csv,0,,Wednesday,Unknown,Truck,Unknown,2,31-50,Under 18,Changing Lane To The Right,Normal,Dry,Darkness - Lights Lit,0,0,1,Minor
KAG_000624,Kaggle_road_csv,0,,Thursday,Unknown,Truck,Unknown,2,18-30,Over 51,Driving Carelessly,Normal,Wet Or Damp,Daylight,0,0,1,Serious
KAG_000625,Kaggle_road_csv,0,,Monday,Unknown,Truck,Unknown,2,Over 51,Under 18,No Distancing,Raining,Wet Or Damp,Daylight,0,0,2,Minor
KAG_000626,Kaggle_road_csv,0,,Monday,Unknown,Truck,Unknown,2,31-50,Unknown,No Priority To Vehicle,Raining,Wet Or Damp,Daylight,0,0,1,Minor
KAG_000627,Kaggle_road_csv,0,,Friday,Unknown,Truck,Unknown,1,18-30,31-50,No Priority To Pedestrian,Raining,Wet Or Damp,Darkness - Lights Lit,0,0,1,Serious
KAG_000628,Kaggle_road_csv,0,,Monday,Unknown,Truck,Unknown,2,31-50,Unknown,Driving Under The Influence Of Drugs,Normal,Dry,Darkness - Lights Lit,0,0,2,Minor
KAG_000629,Kaggle_road_csv,0,,Thursday,Unknown,Truck,Unknown,1,31-50,18-30,Moving Backward,Normal,Dry,Darkness - Lights Lit,0,0,1,Serious
KAG_000630,Kaggle_road_csv,0,,Sunday,Unknown,Truck,Unknown,2,31-50,18-30,No Priority To Vehicle,Normal,Dry,Daylight,0,0,1,Minor
KAG_000631,Kaggle_road_csv,0,,Wednesday,Unknown,Truck,Unknown,3,18-30,Under 18,No Distancing,Normal,Dry,Daylight,0,0,1,Serious
KAG_000632,Kaggle_road_csv,0,,Wednesday,Unknown,Truck,Unknown,3,Over 51,Unknown,Moving Backward,Normal,Dry,Daylight,0,0,1,Serious
KAG_000633,Kaggle_road_csv,0,,Sunday,Unknown,Truck,Unknown,3,Under 18,31-50,Driving Under The Influence Of Drugs,Normal,Wet Or Damp,Daylight,0,0,4,Minor
KAG_000634,Kaggle_road_csv,0,,Sunday,Unknown,Truck,Unknown,3,31-50,31-50,No Priority To Vehicle,Normal,Wet Or Damp,Daylight,0,0,4,Minor
KAG_000635,Kaggle_road_csv,0,,Thursday,Unknown,Truck,Unknown,2,31-50,Under 18,No Priority To Pedestrian,Cloudy,Dry,Darkness - No Lighting,0,0,1,Minor
KAG_000636,Kaggle_road_csv,0,,Friday,Unknown,Truck,Unknown,2,31-50,Unknown,Drunk Driving,Normal,Wet Or Damp,Darkness - Lights Lit,0,0,2,Minor
KAG_000637,Kaggle_road_csv,0,,Wednesday,Unknown,Truck,Unknown,1,Unknown,18-30,Changing Lane To The Left,Normal,Dry,Darkness - Lights Lit,0,0,1,Minor
KAG_000638,Kaggle_road_csv,0,,Friday,Unknown,Truck,Unknown,2,Unknown,Under 18,No Priority To Vehicle,Normal,Dry,Darkness - Lights Lit,0,0,1,Serious
KAG_000639,Kaggle_road_csv,0,,Tuesday,Unknown,Truck,Unknown,2,31-50,31-50,Overtaking,Other,Wet Or Damp,Darkness - Lights Lit,0,0,3,Minor
KAG_000640,Kaggle_road_csv,0,,Tuesday,Unknown,Truck,Unknown,2,31-50,Over 51,Changing Lane To The Right,Other,Wet Or Damp,Darkness - Lights Lit,0,0,3,Minor
KAG_000641,Kaggle_road_csv,0,,Friday,Unknown,Truck,Unknown,2,31-50,18-30,Overtaking,Normal,Dry,Daylight,0,0,2,Serious
KAG_000642,Kaggle_road_csv,0,,Monday,Unknown,Truck,Unknown,2,31-50,Unknown,Changing Lane To The Right,Normal,Wet Or Damp,Darkness - Lights Unlit,0,0,2,Minor
KAG_000643,Kaggle_road_csv,0,,Monday,Unknown,Truck,Unknown,2,31-50,Unknown,Moving Backward,Normal,Wet Or Damp,Darkness - Lights Unlit,0,0,2,Minor
KAG_000644,Kaggle_road_csv,0,,Wednesday,Unknown,Truck,Unknown,2,Over 51,Unknown,No Distancing,Windy,Wet Or Damp,Darkness - Lights Lit,0,0,1,Minor
KAG_000645,Kaggle_road_csv,0,,Saturday,Unknown,Truck,Unknown,2,18-30,Unknown,Getting Off The Vehicle Improperly,Unknown,Dry,Daylight,0,0,1,Minor
KAG_000646,Kaggle_road_csv,0,,Saturday,Unknown,Truck,Unknown,2,Over 51,Unknown,Changing Lane To The Left,Normal,Dry,Daylight,0,0,3,Minor
KAG_000647,Kaggle_road_csv,0,,Sunday,Unknown,Truck,Unknown,2,Over 51,Under 18,Changing Lane To The Right,Normal,Dry,Daylight,0,0,2,Minor
KAG_000648,Kaggle_road_csv,0,,Sunday,Unknown,Truck,Unknown,2,31-50,31-50,Overspeed,Normal,Dry,Daylight,0,0,2,Minor
KAG_000649,Kaggle_road_csv,0,,Wednesday,Unknown,Truck,Unknown,2,Over 51,31-50,Changing Lane To The Right,Normal,Dry,Daylight,0,0,2,Minor
KAG_000650,Kaggle_road_csv,0,,Wednesday,Unknown,Truck,Unknown,2,31-50,Unknown,No Priority To Pedestrian,Normal,Dry,Daylight,0,0,2,Minor
KAG_000651,Kaggle_road_csv,0,,Thursday,Unknown,Truck,Unknown,2,18-30,31-50,No Distancing,Normal,Dry,Darkness - Lights Lit,0,0,1,Minor
KAG_000652,Kaggle_road_csv,0,,Thursday,Unknown,Truck,Unknown,2,31-50,Under 18,Changing Lane To The Right,Normal,Dry,Darkness - Lights Lit,0,0,1,Minor
KAG_000653,Kaggle_road_csv,0,,Friday,Unknown,Truck,Unknown,2,31-50,Unknown,Changing Lane To The Right,Normal,Dry,Darkness - Lights Lit,0,0,1,Minor
KAG_000654,Kaggle_road_csv,0,,Saturday,Unknown,Truck,Unknown,2,31-50,Unknown,No Priority To Vehicle,Normal,Wet Or Damp,Darkness - Lights Lit,0,0,1,Serious
KAG_000655,Kaggle_road_csv,0,,Wednesday,Unknown,Truck,Unknown,2,31-50,18-30,Overtaking,Normal,Dry,Darkness - Lights Lit,0,0,1,Minor
KAG_000656,Kaggle_road_csv,0,,Wednesday,Unknown,Truck,Unknown,2,Under 18,Under 18,No Priority To Pedestrian,Normal,Dry,Darkness - Lights Lit,0,0,1,Minor
KAG_000657,Kaggle_road_csv,0,,Wednesday,Unknown,Truck,Unknown,2,31-50,18-30,Changing Lane To The Right,Normal,Dry,Daylight,0,0,1,Serious
KAG_000658,Kaggle_road_csv,0,,Friday,Unknown,Truck,Unknown,2,Over 51,Unknown,Overtaking,Normal,Dry,Daylight,0,0,1,Serious
KAG_000659,Kaggle_road_csv,0,,Friday,Unknown,Truck,Unknown,4,Over 51,Unknown,No Priority To Vehicle,Normal,Dry,Daylight,0,0,5,Minor
KAG_000660,Kaggle_road_csv,0,,Friday,Unknown,Truck,Unknown,4,31-50,18-30,Changing Lane To The Right,Normal,Dry,Daylight,0,0,5,Minor
KAG_000661,Kaggle_road_csv,0,,Wednesday,Unknown,Truck,Unknown,2,18-30,Unknown,Driving Carelessly,Normal,Dry,Daylight,0,0,1,Minor
KAG_000662,Kaggle_road_csv,0,,Saturday,Unknown,Truck,Unknown,3,18-30,18-30,Changing Lane To The Left,Normal,Wet Or Damp,Daylight,0,0,1,Minor
KAG_000663,Kaggle_road_csv,0,,Thursday,Unknown,Truck,Unknown,2,18-30,Unknown,Changing Lane To The Right,Normal,Dry,Darkness - Lights Lit,0,0,1,Minor
KAG_000664,Kaggle_road_csv,0,,Tuesday,Unknown,Truck,Unknown,2,18-30,18-30,Changing Lane To The Right,Normal,Dry,Darkness - Lights Lit,0,0,1,Minor
KAG_000665,Kaggle_road_csv,0,,Tuesday,Unknown,Truck,Unknown,1,18-30,Unknown,Moving Backward,Normal,Dry,Daylight,0,0,1,Minor
KAG_000666,Kaggle_road_csv,0,,Friday,Unknown,Truck,Unknown,3,18-30,Unknown,Driving Carelessly,Normal,Wet Or Damp,Daylight,0,0,2,Minor
KAG_000667,Kaggle_road_csv,0,,Friday,Unknown,Truck,Unknown,3,18-30,Unknown,No Distancing,Normal,Wet Or Damp,Daylight,0,0,2,Minor
KAG_000668,Kaggle_road_csv,0,,Sunday,Unknown,Truck,Unknown,3,Over 51,Over 51,Driving Carelessly,Normal,Dry,Daylight,0,0,1,Serious
KAG_000669,Kaggle_road_csv,0,,Friday,Unknown,Truck,Unknown,1,Unknown,31-50,Driving Carelessly,Normal,Dry,Daylight,0,0,3,Serious
KAG_000670,Kaggle_road_csv,0,,Friday,Unknown,Truck,Unknown,1,Unknown,Under 18,Changing Lane To The Right,Normal,Dry,Daylight,0,0,3,Serious
KAG_000671,Kaggle_road_csv,0,,Friday,Unknown,Truck,Unknown,2,18-30,31-50,Driving Carelessly,Normal,Dry,Daylight,0,0,4,Minor
KAG_000672,Kaggle_road_csv,0,,Friday,Unknown,Truck,Unknown,2,18-30,Unknown,Driving Carelessly,Normal,Dry,Daylight,0,0,4,Minor
KAG_000673,Kaggle_road_csv,0,,Monday,Unknown,Truck,Unknown,2,Over 51,Unknown,Other,Normal,Dry,Daylight,0,0,2,Minor
KAG_000674,Kaggle_road_csv,0,,Sunday,Unknown,Truck,Unknown,2,31-50,Unknown,No Priority To Vehicle,Normal,Dry,Daylight,0,0,1,Minor
KAG_000675,Kaggle_road_csv,0,,Sunday,Unknown,Truck,Unknown,2,31-50,Under 18,Moving Backward,Normal,Dry,Daylight,0,0,3,Serious
KAG_000676,Kaggle_road_csv,0,,Sunday,Unknown,Truck,Unknown,2,31-50,Over 51,Other,Normal,Dry,Daylight,0,0,3,Serious
KAG_000677,Kaggle_road_csv,0,,Friday,Unknown,Truck,Unknown,2,18-30,31-50,No Priority To Vehicle,Normal,Dry,Daylight,0,0,1,Minor
KAG_000678,Kaggle_road_csv,0,,Saturday,Unknown,Truck,Unknown,2,18-30,18-30,Moving Backward,Normal,Dry,Daylight,0,0,1,Minor
KAG_000679,Kaggle_road_csv,0,,Thursday,Unknown,Truck,Unknown,1,18-30,18-30,No Distancing,Normal,Dry,Daylight,0,0,1,Minor
KAG_000680,Kaggle_road_csv,0,,Sunday,Unknown,Truck,Unknown,2,31-50,Under 18,No Distancing,Normal,Dry,Daylight,0,0,1,Serious
KAG_000681,Kaggle_road_csv,0,,Saturday,Unknown,Truck,Unknown,2,18-30,18-30,No Priority To Pedestrian,Normal,Dry,Darkness - Lights Lit,0,0,2,Minor
KAG_000682,Kaggle_road_csv,0,,Saturday,Unknown,Truck,Unknown,2,18-30,Unknown,Moving Backward,Normal,Dry,Darkness - Lights Lit,0,0,2,Minor
KAG_000683,Kaggle_road_csv,0,,Friday,Unknown,Truck,Unknown,2,Over 51,Unknown,Overtaking,Raining,Wet Or Damp,Daylight,0,0,1,Minor
KAG_000684,Kaggle_road_csv,0,,Sunday,Unknown,Truck,Unknown,2,31-50,Unknown,Changing Lane To The Right,Normal,Dry,Daylight,0,0,4,Minor
KAG_000685,Kaggle_road_csv,0,,Saturday,Unknown,Truck,Unknown,1,18-30,Unknown,No Priority To Pedestrian,Normal,Dry,Daylight,0,0,1,Minor
KAG_000686,Kaggle_road_csv,0,,Thursday,Unknown,Truck,Unknown,2,18-30,Unknown,Improper Parking,Normal,Dry,Daylight,0,0,1,Fatal
KAG_000687,Kaggle_road_csv,0,,Thursday,Unknown,Truck,Unknown,2,31-50,18-30,Driving Carelessly,Normal,Dry,Daylight,0,0,4,Minor
KAG_000688,Kaggle_road_csv,0,,Sunday,Unknown,Truck,Unknown,3,Over 51,Over 51,No Distancing,Normal,Dry,Darkness - Lights Lit,0,0,4,Minor
KAG_000689,Kaggle_road_csv,0,,Sunday,Unknown,Truck,Unknown,3,Under 18,Under 18,Changing Lane To The Left,Normal,Dry,Darkness - Lights Lit,0,0,4,Minor
KAG_000690,Kaggle_road_csv,0,,Wednesday,Unknown,Truck,Unknown,2,Over 51,31-50,Overtaking,Normal,Dry,Daylight,0,0,2,Minor
KAG_000691,Kaggle_road_csv,0,,Tuesday,Unknown,Truck,Unknown,2,18-30,Under 18,Driving Carelessly,Normal,Dry,Daylight,0,0,1,Minor
KAG_000692,Kaggle_road_csv,0,,Monday,Unknown,Truck,Unknown,2,18-30,Under 18,Changing Lane To The Right,Normal,Dry,Daylight,0,0,1,Minor
KAG_000693,Kaggle_road_csv,0,,Monday,Unknown,Truck,Unknown,2,31-50,Over 51,Other,Normal,Dry,Daylight,0,0,1,Serious
KAG_000694,Kaggle_road_csv,0,,Saturday,Unknown,Truck,Unknown,3,18-30,18-30,Changing Lane To The Right,Normal,Dry,Daylight,0,0,2,Minor
KAG_000695,Kaggle_road_csv,0,,Friday,Unknown,Truck,Unknown,2,31-50,31-50,No Priority To Vehicle,Normal,Dry,Daylight,0,0,1,Serious
KAG_000696,Kaggle_road_csv,0,,Friday,Unknown,Truck,Unknown,2,18-30,Unknown,No Priority To Pedestrian,Normal,Dry,Daylight,0,0,2,Minor
KAG_000697,Kaggle_road_csv,0,,Friday,Unknown,Truck,Unknown,2,Unknown,Unknown,No Priority To Vehicle,Normal,Dry,Darkness - Lights Lit,0,0,1,Minor
KAG_000698,Kaggle_road_csv,0,,Thursday,Unknown,Truck,Unknown,2,18-30,Over 51,No Priority To Pedestrian,Normal,Dry,Daylight,0,0,1,Minor
KAG_000699,Kaggle_road_csv,0,,Wednesday,Unknown,Truck,Unknown,1,18-30,31-50,No Distancing,Normal,Dry,Daylight,0,0,1,Serious
KAG_000700,Kaggle_road_csv,0,,Thursday,Unknown,Truck,Unknown,2,18-30,Unknown,Overloading,Normal,Dry,Daylight,0,0,4,Minor
KAG_000701,Kaggle_road_csv,0,,Wednesday,Unknown,Truck,Unknown,1,18-30,Over 51,Changing Lane To The Left,Normal,Dry,Daylight,0,0,1,Serious
KAG_000702,Kaggle_road_csv,0,,Friday,Unknown,Truck,Unknown,2,31-50,18-30,Overspeed,Normal,Dry,Daylight,0,0,6,Minor
KAG_000703,Kaggle_road_csv,0,,Friday,Unknown,Truck,Unknown,2,18-30,Under 18,Changing Lane To The Right,Normal,Dry,Daylight,0,0,6,Minor
KAG_000704,Kaggle_road_csv,0,,Wednesday,Unknown,Truck,Unknown,2,31-50,Under 18,Driving Carelessly,Normal,Dry,Daylight,0,0,1,Minor
KAG_000705,Kaggle_road_csv,0,,Friday,Unknown,Truck,Unknown,2,18-30,18-30,Changing Lane To The Left,Raining,Wet Or Damp,Daylight,0,0,1,Minor
KAG_000706,Kaggle_road_csv,0,,Thursday,Unknown,Truck,Unknown,3,18-30,Unknown,Changing Lane To The Right,Normal,Dry,Daylight,0,0,1,Minor
KAG_000707,Kaggle_road_csv,0,,Wednesday,Unknown,Truck,Unknown,2,Over 51,31-50,No Distancing,Normal,Dry,Daylight,0,0,1,Minor
KAG_000708,Kaggle_road_csv,0,,Thursday,Unknown,Truck,Unknown,2,Over 51,18-30,Changing Lane To The Right,Other,Dry,Daylight,0,0,4,Minor
KAG_000709,Kaggle_road_csv,0,,Wednesday,Unknown,Truck,Unknown,2,18-30,Unknown,No Distancing,Normal,Dry,Daylight,0,0,1,Minor
KAG_000710,Kaggle_road_csv,0,,Monday,Unknown,Truck,Unknown,2,Over 51,Unknown,No Priority To Pedestrian,Normal,Dry,Daylight,0,0,1,Serious
KAG_000711,Kaggle_road_csv,0,,Monday,Unknown,Truck,Unknown,2,Over 51,31-50,No Distancing,Normal,Dry,Daylight,0,0,1,Serious
KAG_000712,Kaggle_road_csv,0,,Saturday,Unknown,Truck,Unknown,2,31-50,Under 18,Changing Lane To The Right,Normal,Dry,Daylight,0,0,1,Minor
KAG_000713,Kaggle_road_csv,0,,Wednesday,Unknown,Truck,Unknown,3,18-30,31-50,Overtaking,Normal,Wet Or Damp,Daylight,0,0,2,Serious
KAG_000714,Kaggle_road_csv,0,,Tuesday,Unknown,Truck,Unknown,2,18-30,31-50,No Priority To Pedestrian,Normal,Dry,Daylight,0,0,1,Minor
KAG_000715,Kaggle_road_csv,0,,Saturday,Unknown,Truck,Unknown,2,18-30,Under 18,Driving Carelessly,Normal,Dry,Daylight,0,0,1,Minor
KAG_000716,Kaggle_road_csv,0,,Friday,Unknown,Truck,Unknown,2,18-30,Over 51,Moving Backward,Normal,Wet Or Damp,Daylight,0,0,2,Minor
KAG_000717,Kaggle_road_csv,0,,Thursday,Unknown,Truck,Unknown,2,31-50,Over 51,Other,Normal,Dry,Daylight,0,0,1,Minor
KAG_000718,Kaggle_road_csv,0,,Thursday,Unknown,Truck,Unknown,2,Over 51,Under 18,Changing Lane To The Right,Normal,Dry,Daylight,0,0,1,Minor
KAG_000719,Kaggle_road_csv,0,,Monday,Unknown,Truck,Unknown,2,18-30,18-30,No Distancing,Normal,Dry,Daylight,0,0,1,Serious
KAG_000720,Kaggle_road_csv,0,,Tuesday,Unknown,Truck,Unknown,1,31-50,Unknown,No Distancing,Normal,Dry,Daylight,0,0,1,Minor
KAG_000721,Kaggle_road_csv,0,,Thursday,Unknown,Truck,Unknown,2,18-30,31-50,Overturning,Normal,Dry,Daylight,0,0,3,Minor
KAG_000722,Kaggle_road_csv,0,,Thursday,Unknown,Truck,Unknown,2,18-30,Over 51,Driving At High Speed,Normal,Dry,Daylight,0,0,3,Minor
KAG_000723,Kaggle_road_csv,0,,Friday,Unknown,Truck,Unknown,2,31-50,Unknown,No Priority To Vehicle,Normal,Dry,Darkness - Lights Lit,0,0,1,Minor
KAG_000724,Kaggle_road_csv,0,,Tuesday,Unknown,Truck,Unknown,2,Over 51,Over 51,No Distancing,Normal,Dry,Darkness - Lights Lit,0,0,1,Minor
KAG_000725,Kaggle_road_csv,0,,Tuesday,Unknown,Truck,Unknown,2,31-50,Under 18,No Distancing,Normal,Dry,Daylight,0,0,1,Minor
KAG_000726,Kaggle_road_csv,0,,Monday,Unknown,Truck,Unknown,2,Under 18,18-30,No Priority To Vehicle,Normal,Dry,Daylight,0,0,1,Minor
KAG_000727,Kaggle_road_csv,0,,Thursday,Unknown,Truck,Unknown,2,31-50,Unknown,Changing Lane To The Right,Normal,Dry,Daylight,0,0,1,Minor
KAG_000728,Kaggle_road_csv,0,,Saturday,Unknown,Truck,Unknown,2,Over 51,Over 51,No Priority To Pedestrian,Normal,Dry,Daylight,0,0,1,Minor
KAG_000729,Kaggle_road_csv,0,,Friday,Unknown,Truck,Unknown,2,31-50,31-50,Driving Carelessly,Normal,Dry,Daylight,0,0,2,Minor
KAG_000730,Kaggle_road_csv,0,,Thursday,Unknown,Truck,Unknown,2,Unknown,Under 18,Other,Normal,Dry,Daylight,0,0,1,Minor
KAG_000731,Kaggle_road_csv,0,,Monday,Unknown,Truck,Unknown,2,18-30,Under 18,Overtaking,Normal,Dry,Daylight,0,0,1,Serious
KAG_000732,Kaggle_road_csv,0,,Monday,Unknown,Truck,Unknown,2,31-50,18-30,Other,Normal,Dry,Daylight,0,0,1,Serious
KAG_000733,Kaggle_road_csv,0,,Tuesday,Unknown,Truck,Unknown,1,Over 51,18-30,Moving Backward,Normal,Dry,Daylight,0,0,1,Minor
KAG_000734,Kaggle_road_csv,0,,Sunday,Unknown,Truck,Unknown,2,18-30,Unknown,Other,Normal,Dry,Daylight,0,0,2,Minor
KAG_000735,Kaggle_road_csv,0,,Wednesday,Unknown,Truck,Unknown,2,31-50,Unknown,No Priority To Vehicle,Normal,Wet Or Damp,Daylight,0,0,1,Serious
KAG_000736,Kaggle_road_csv,0,,Thursday,Unknown,Truck,Unknown,2,31-50,18-30,Changing Lane To The Right,Raining,Wet Or Damp,Darkness - Lights Lit,0,0,1,Minor
KAG_000737,Kaggle_road_csv,0,,Thursday,Unknown,Truck,Unknown,2,31-50,Unknown,Other,Raining,Wet Or Damp,Darkness - Lights Lit,0,0,1,Minor
KAG_000738,Kaggle_road_csv,0,,Sunday,Unknown,Truck,Unknown,2,31-50,18-30,Driving Carelessly,Normal,Dry,Daylight,0,0,1,Minor
KAG_000739,Kaggle_road_csv,0,,Thursday,Unknown,Truck,Unknown,3,18-30,Unknown,Changing Lane To The Left,Normal,Dry,Daylight,0,0,1,Minor
KAG_000740,Kaggle_road_csv,0,,Wednesday,Unknown,Truck,Unknown,2,31-50,18-30,No Priority To Pedestrian,Normal,Dry,Darkness - Lights Lit,0,0,1,Minor
KAG_000741,Kaggle_road_csv,0,,Sunday,Unknown,Truck,Unknown,2,31-50,31-50,No Priority To Pedestrian,Normal,Dry,Daylight,0,0,1,Minor
KAG_000742,Kaggle_road_csv,0,,Friday,Unknown,Truck,Unknown,4,31-50,Over 51,Changing Lane To The Left,Normal,Dry,Darkness - Lights Lit,0,0,3,Minor
KAG_000743,Kaggle_road_csv,0,,Friday,Unknown,Truck,Unknown,4,31-50,Over 51,Changing Lane To The Right,Normal,Dry,Darkness - Lights Lit,0,0,3,Minor
KAG_000744,Kaggle_road_csv,0,,Tuesday,Unknown,Truck,Unknown,2,18-30,18-30,No Distancing,Normal,Dry,Darkness - Lights Lit,0,0,1,Minor
KAG_000745,Kaggle_road_csv,0,,Tuesday,Unknown,Truck,Unknown,1,31-50,Unknown,Overtaking,Normal,Dry,Darkness - Lights Lit,0,0,1,Minor
KAG_000746,Kaggle_road_csv,0,,Thursday,Unknown,Truck,Unknown,2,Under 18,Over 51,No Priority To Pedestrian,Normal,Wet Or Damp,Darkness - Lights Lit,0,0,1,Minor
KAG_000747,Kaggle_road_csv,0,,Thursday,Unknown,Truck,Unknown,4,Unknown,18-30,No Distancing,Normal,Wet Or Damp,Darkness - Lights Lit,0,0,3,Minor
KAG_000748,Kaggle_road_csv,0,,Tuesday,Unknown,Truck,Unknown,3,31-50,Unknown,No Priority To Vehicle,Normal,Dry,Darkness - Lights Lit,0,0,1,Minor
KAG_000749,Kaggle_road_csv,0,,Tuesday,Unknown,Truck,Unknown,3,31-50,31-50,No Distancing,Normal,Dry,Darkness - Lights Lit,0,0,1,Minor
KAG_000750,Kaggle_road_csv,0,,Monday,Unknown,Truck,Unknown,1,31-50,Unknown,No Priority To Pedestrian,Normal,Wet Or Damp,Daylight,0,0,1,Minor
KAG_000751,Kaggle_road_csv,0,,Sunday,Unknown,Truck,Unknown,2,18-30,31-50,Driving To The Left,Normal,Dry,Daylight,0,0,1,Minor
KAG_000752,Kaggle_road_csv,0,,Sunday,Unknown,Truck,Unknown,1,31-50,Under 18,No Priority To Pedestrian,Normal,Wet Or Damp,Darkness - Lights Lit,0,0,1,Serious
KAG_000753,Kaggle_road_csv,0,,Friday,Unknown,Truck,Unknown,2,18-30,Unknown,Changing Lane To The Right,Cloudy,Dry,Darkness - Lights Lit,0,0,1,Minor
KAG_000754,Kaggle_road_csv,0,,Thursday,Unknown,Truck,Unknown,2,31-50,Unknown,No Distancing,Normal,Dry,Darkness - Lights Lit,0,0,1,Minor
KAG_000755,Kaggle_road_csv,0,,Monday,Unknown,Truck,Unknown,2,18-30,Over 51,Changing Lane To The Right,Cloudy,Wet Or Damp,Darkness - Lights Lit,0,0,1,Minor
KAG_000756,Kaggle_road_csv,0,,Monday,Unknown,Truck,Unknown,2,Over 51,18-30,Changing Lane To The Right,Normal,Dry,Daylight,0,0,1,Serious
KAG_000757,Kaggle_road_csv,0,,Wednesday,Unknown,Truck,Unknown,2,31-50,Unknown,No Distancing,Raining,Wet Or Damp,Darkness - Lights Lit,0,0,6,Minor
KAG_000758,Kaggle_road_csv,0,,Wednesday,Unknown,Truck,Unknown,2,31-50,Under 18,Changing Lane To The Left,Raining,Wet Or Damp,Darkness - Lights Lit,0,0,6,Minor
KAG_000759,Kaggle_road_csv,0,,Wednesday,Unknown,Truck,Unknown,2,31-50,Under 18,No Distancing,Raining,Wet Or Damp,Darkness - Lights Lit,0,0,6,Minor
KAG_000760,Kaggle_road_csv,0,,Wednesday,Unknown,Truck,Unknown,2,31-50,31-50,No Distancing,Raining,Wet Or Damp,Darkness - Lights Lit,0,0,6,Minor
KAG_000761,Kaggle_road_csv,0,,Tuesday,Unknown,Truck,Unknown,3,18-30,Unknown,No Priority To Vehicle,Normal,Dry,Darkness - Lights Lit,0,0,2,Minor
KAG_000762,Kaggle_road_csv,0,,Thursday,Unknown,Truck,Unknown,2,18-30,Over 51,Overtaking,Fog Or Mist,Snow,Darkness - Lights Lit,0,0,1,Minor
KAG_000763,Kaggle_road_csv,0,,Sunday,Unknown,Truck,Unknown,2,31-50,Unknown,No Distancing,Normal,Dry,Daylight,0,0,1,Minor
KAG_000764,Kaggle_road_csv,0,,Monday,Unknown,Truck,Unknown,2,Over 51,18-30,No Priority To Vehicle,Normal,Wet Or Damp,Darkness - Lights Lit,0,0,2,Minor
KAG_000765,Kaggle_road_csv,0,,Monday,Unknown,Truck,Unknown,2,18-30,Under 18,Driving Carelessly,Normal,Wet Or Damp,Darkness - Lights Lit,0,0,2,Minor
KAG_000766,Kaggle_road_csv,0,,Friday,Unknown,Truck,Unknown,2,31-50,18-30,Changing Lane To The Left,Normal,Dry,Daylight,0,0,1,Minor
KAG_000767,Kaggle_road_csv,0,,Monday,Unknown,Truck,Unknown,1,Unknown,31-50,Changing Lane To The Left,Normal,Dry,Daylight,0,0,1,Minor
KAG_000768,Kaggle_road_csv,0,,Tuesday,Unknown,Truck,Unknown,1,Unknown,Unknown,Changing Lane To The Left,Normal,Wet Or Damp,Daylight,0,0,1,Minor
KAG_000769,Kaggle_road_csv,0,,Thursday,Unknown,Truck,Unknown,2,31-50,18-30,Driving To The Left,Other,Wet Or Damp,Daylight,0,0,1,Minor
KAG_000770,Kaggle_road_csv,0,,Sunday,Unknown,Truck,Unknown,2,Over 51,Over 51,No Distancing,Normal,Dry,Daylight,0,0,1,Minor
KAG_000771,Kaggle_road_csv,0,,Thursday,Unknown,Truck,Unknown,1,31-50,Unknown,Driving Under The Influence Of Drugs,Normal,Dry,Daylight,0,0,2,Minor
KAG_000772,Kaggle_road_csv,0,,Wednesday,Unknown,Truck,Unknown,2,18-30,Unknown,No Priority To Vehicle,Normal,Dry,Darkness - Lights Lit,0,0,1,Minor
KAG_000773,Kaggle_road_csv,0,,Friday,Unknown,Truck,Unknown,1,31-50,Unknown,No Distancing,Raining,Wet Or Damp,Darkness - Lights Lit,0,0,1,Serious
KAG_000774,Kaggle_road_csv,0,,Tuesday,Unknown,Truck,Unknown,1,Unknown,31-50,No Priority To Vehicle,Normal,Dry,Darkness - Lights Lit,0,0,1,Minor
KAG_000775,Kaggle_road_csv,0,,Tuesday,Unknown,Truck,Unknown,2,31-50,Unknown,Overturning,Normal,Dry,Daylight,0,0,1,Minor
KAG_000776,Kaggle_road_csv,0,,Friday,Unknown,Truck,Unknown,2,31-50,31-50,No Priority To Vehicle,Normal,Dry,Darkness - Lights Lit,0,0,2,Minor
KAG_000777,Kaggle_road_csv,0,,Thursday,Unknown,Truck,Unknown,1,31-50,Unknown,No Distancing,Normal,Dry,Darkness - Lights Lit,0,0,1,Minor
KAG_000778,Kaggle_road_csv,0,,Sunday,Unknown,Truck,Unknown,2,31-50,18-30,Driving Under The Influence Of Drugs,Normal,Wet Or Damp,Daylight,0,0,1,Minor
KAG_000779,Kaggle_road_csv,0,,Saturday,Unknown,Truck,Unknown,1,31-50,31-50,Changing Lane To The Right,Normal,Dry,Darkness - Lights Lit,0,0,1,Minor
KAG_000780,Kaggle_road_csv,0,,Saturday,Unknown,Truck,Unknown,1,31-50,Unknown,Driving Under The Influence Of Drugs,Raining,Wet Or Damp,Daylight,0,0,1,Minor
KAG_000781,Kaggle_road_csv,0,,Friday,Unknown,Truck,Unknown,2,Unknown,18-30,Driving Carelessly,Normal,Dry,Daylight,0,0,1,Minor
KAG_000782,Kaggle_road_csv,0,,Tuesday,Unknown,Truck,Unknown,3,18-30,Under 18,No Distancing,Normal,Dry,Daylight,0,0,3,Minor
KAG_000783,Kaggle_road_csv,0,,Tuesday,Unknown,Truck,Unknown,3,18-30,Under 18,Changing Lane To The Left,Normal,Dry,Daylight,0,0,3,Minor
KAG_000784,Kaggle_road_csv,0,,Wednesday,Unknown,Truck,Unknown,2,Over 51,18-30,Overtaking,Normal,Dry,Daylight,0,0,1,Minor
KAG_000785,Kaggle_road_csv,0,,Thursday,Unknown,Truck,Unknown,2,18-30,Unknown,No Distancing,Normal,Dry,Darkness - Lights Lit,0,0,1,Minor
KAG_000786,Kaggle_road_csv,0,,Saturday,Unknown,Truck,Unknown,2,31-50,18-30,No Priority To Vehicle,Normal,Dry,Daylight,0,0,1,Minor
KAG_000787,Kaggle_road_csv,0,,Sunday,Unknown,Truck,Unknown,2,Under 18,Unknown,Moving Backward,Normal,Dry,Darkness - Lights Lit,0,0,1,Minor
KAG_000788,Kaggle_road_csv,0,,Friday,Unknown,Truck,Unknown,1,Over 51,Under 18,Changing Lane To The Right,Normal,Dry,Daylight,0,0,1,Minor
KAG_000789,Kaggle_road_csv,0,,Tuesday,Unknown,Truck,Unknown,2,31-50,Over 51,No Priority To Vehicle,Normal,Dry,Darkness - Lights Lit,0,0,1,Minor
KAG_000790,Kaggle_road_csv,0,,Tuesday,Unknown,Truck,Unknown,2,18-30,Unknown,No Priority To Vehicle,Normal,Dry,Daylight,0,0,2,Minor
KAG_000791,Kaggle_road_csv,0,,Tuesday,Unknown,Truck,Unknown,2,31-50,Unknown,No Priority To Vehicle,Normal,Dry,Daylight,0,0,2,Minor
KAG_000792,Kaggle_road_csv,0,,Tuesday,Unknown,Truck,Unknown,2,18-30,Under 18,Moving Backward,Normal,Dry,Daylight,0,0,1,Minor
KAG_000793,Kaggle_road_csv,0,,Tuesday,Unknown,Truck,Unknown,1,Unknown,Unknown,Driving Carelessly,Normal,Dry,Daylight,0,0,1,Minor
KAG_000794,Kaggle_road_csv,0,,Saturday,Unknown,Truck,Unknown,2,18-30,31-50,Changing Lane To The Right,Normal,Wet Or Damp,Darkness - Lights Lit,0,0,1,Minor
KAG_000795,Kaggle_road_csv,0,,Friday,Unknown,Truck,Unknown,2,Over 51,Over 51,Driving To The Left,Normal,Wet Or Damp,Darkness - Lights Lit,0,0,1,Minor
KAG_000796,Kaggle_road_csv,0,,Monday,Unknown,Truck,Unknown,2,18-30,Unknown,Driving To The Left,Raining,Wet Or Damp,Darkness - Lights Lit,0,0,1,Minor
KAG_000797,Kaggle_road_csv,0,,Thursday,Unknown,Truck,Unknown,2,31-50,Unknown,No Distancing,Normal,Wet Or Damp,Darkness - Lights Lit,0,0,1,Minor
KAG_000798,Kaggle_road_csv,0,,Saturday,Unknown,Truck,Unknown,2,18-30,18-30,Driving Carelessly,Normal,Dry,Daylight,0,0,1,Serious
KAG_000799,Kaggle_road_csv,0,,Sunday,Unknown,Truck,Unknown,2,31-50,Unknown,No Distancing,Normal,Dry,Daylight,0,0,1,Minor
KAG_000800,Kaggle_road_csv,0,,Monday,Unknown,Truck,Unknown,2,31-50,31-50,Changing Lane To The Left,Normal,Dry,Daylight,0,0,6,Minor
KAG_000801,Kaggle_road_csv,0,,Monday,Unknown,Truck,Unknown,2,31-50,18-30,No Distancing,Normal,Dry,Daylight,0,0,6,Minor
KAG_000802,Kaggle_road_csv,0,,Monday,Unknown,Truck,Unknown,2,31-50,31-50,Driving Carelessly,Normal,Dry,Daylight,0,0,6,Minor
KAG_000803,Kaggle_road_csv,0,,Monday,Unknown,Truck,Unknown,2,31-50,Unknown,Changing Lane To The Right,Normal,Dry,Daylight,0,0,6,Minor
KAG_000804,Kaggle_road_csv,0,,Tuesday,Unknown,Truck,Unknown,2,31-50,18-30,Driving Carelessly,Normal,Dry,Daylight,0,0,1,Minor
KAG_000805,Kaggle_road_csv,0,,Friday,Unknown,Truck,Unknown,2,31-50,Unknown,Driving To The Left,Normal,Dry,Darkness - Lights Lit,0,0,1,Minor
KAG_000806,Kaggle_road_csv,0,,Friday,Unknown,Truck,Unknown,2,18-30,31-50,Changing Lane To The Left,Normal,Dry,Darkness - Lights Lit,0,0,1,Minor
KAG_000807,Kaggle_road_csv,0,,Tuesday,Unknown,Truck,Unknown,2,31-50,31-50,Changing Lane To The Right,Normal,Dry,Daylight,0,0,1,Minor
KAG_000808,Kaggle_road_csv,0,,Tuesday,Unknown,Truck,Unknown,2,31-50,Under 18,Moving Backward,Normal,Dry,Darkness - Lights Lit,0,0,1,Minor
KAG_000809,Kaggle_road_csv,0,,Tuesday,Unknown,Truck,Unknown,2,18-30,Unknown,No Distancing,Normal,Dry,Darkness - Lights Lit,0,0,1,Minor
KAG_000810,Kaggle_road_csv,0,,Thursday,Unknown,Truck,Unknown,3,18-30,18-30,Moving Backward,Normal,Dry,Darkness - Lights Lit,0,0,2,Minor
KAG_000811,Kaggle_road_csv,0,,Sunday,Unknown,Truck,Unknown,2,31-50,31-50,No Priority To Vehicle,Other,Wet Or Damp,Darkness - Lights Lit,0,0,1,Serious
KAG_000812,Kaggle_road_csv,0,,Monday,Unknown,Truck,Unknown,2,31-50,Unknown,Turnover,Raining,Wet Or Damp,Daylight,0,0,1,Minor
KAG_000813,Kaggle_road_csv,0,,Tuesday,Unknown,Truck,Unknown,3,Over 51,18-30,Changing Lane To The Left,Normal,Dry,Daylight,0,0,1,Minor
KAG_000814,Kaggle_road_csv,0,,Thursday,Unknown,Truck,Unknown,2,31-50,Unknown,No Priority To Pedestrian,Normal,Dry,Daylight,0,0,1,Minor
KAG_000815,Kaggle_road_csv,0,,Thursday,Unknown,Truck,Unknown,2,Over 51,Unknown,No Priority To Vehicle,Normal,Dry,Daylight,0,0,1,Minor
KAG_000816,Kaggle_road_csv,0,,Tuesday,Unknown,Truck,Unknown,1,Unknown,18-30,Driving Under The Influence Of Drugs,Normal,Dry,Daylight,0,0,1,Minor
KAG_000817,Kaggle_road_csv,0,,Wednesday,Unknown,Truck,Unknown,2,18-30,Under 18,Driving Carelessly,Normal,Dry,Daylight,0,0,1,Minor
KAG_000818,Kaggle_road_csv,0,,Wednesday,Unknown,Truck,Unknown,2,31-50,18-30,No Distancing,Normal,Dry,Daylight,0,0,2,Minor
KAG_000819,Kaggle_road_csv,0,,Thursday,Unknown,Truck,Unknown,2,Unknown,Unknown,No Distancing,Normal,Dry,Daylight,0,0,1,Minor
KAG_000820,Kaggle_road_csv,0,,Tuesday,Unknown,Truck,Unknown,1,18-30,Under 18,No Distancing,Normal,Dry,Darkness - Lights Lit,0,0,1,Minor
KAG_000821,Kaggle_road_csv,0,,Thursday,Unknown,Truck,Unknown,2,18-30,31-50,No Distancing,Normal,Dry,Daylight,0,0,2,Minor
KAG_000822,Kaggle_road_csv,0,,Saturday,Unknown,Truck,Unknown,2,18-30,Unknown,No Distancing,Normal,Dry,Daylight,0,0,2,Minor
KAG_000823,Kaggle_road_csv,0,,Saturday,Unknown,Truck,Unknown,2,31-50,31-50,Changing Lane To The Right,Normal,Dry,Daylight,0,0,2,Minor
KAG_000824,Kaggle_road_csv,0,,Sunday,Unknown,Truck,Unknown,1,31-50,18-30,Moving Backward,Normal,Dry,Daylight,0,0,1,Minor
KAG_000825,Kaggle_road_csv,0,,Monday,Unknown,Truck,Unknown,1,18-30,Unknown,Driving At High Speed,Normal,Dry,Daylight,0,0,1,Minor
KAG_000826,Kaggle_road_csv,0,,Friday,Unknown,Truck,Unknown,2,31-50,Under 18,Overturning,Normal,Dry,Darkness - Lights Lit,0,0,1,Minor
KAG_000827,Kaggle_road_csv,0,,Sunday,Unknown,Truck,Unknown,3,Unknown,18-30,No Distancing,Normal,Dry,Daylight,0,0,1,Minor
KAG_000828,Kaggle_road_csv,0,,Saturday,Unknown,Truck,Unknown,2,31-50,Unknown,Overturning,Normal,Dry,Daylight,0,0,1,Minor
KAG_000829,Kaggle_road_csv,0,,Saturday,Unknown,Truck,Unknown,2,31-50,Unknown,Driving Carelessly,Normal,Dry,Daylight,0,0,1,Minor
KAG_000830,Kaggle_road_csv,0,,Friday,Unknown,Truck,Unknown,2,Under 18,Over 51,Changing Lane To The Right,Normal,Dry,Darkness - Lights Lit,0,0,1,Serious
KAG_000831,Kaggle_road_csv,0,,Thursday,Unknown,Truck,Unknown,2,31-50,Over 51,Driving Under The Influence Of Drugs,Normal,Dry,Daylight,0,0,1,Minor
KAG_000832,Kaggle_road_csv,0,,Monday,Unknown,Truck,Unknown,2,31-50,18-30,No Distancing,Normal,Dry,Daylight,0,0,1,Minor
KAG_000833,Kaggle_road_csv,0,,Thursday,Unknown,Truck,Unknown,2,Over 51,18-30,No Priority To Vehicle,Normal,Dry,Daylight,0,0,1,Minor
KAG_000834,Kaggle_road_csv,0,,Friday,Unknown,Truck,Unknown,1,31-50,31-50,No Priority To Vehicle,Raining,Wet Or Damp,Daylight,0,0,1,Minor
KAG_000835,Kaggle_road_csv,0,,Friday,Unknown,Truck,Unknown,2,18-30,18-30,No Distancing,Normal,Dry,Daylight,0,0,1,Minor
KAG_000836,Kaggle_road_csv,0,,Monday,Unknown,Truck,Unknown,2,18-30,Unknown,Overturning,Normal,Dry,Daylight,0,0,1,Minor
KAG_000837,Kaggle_road_csv,0,,Wednesday,Unknown,Truck,Unknown,2,31-50,Unknown,Changing Lane To The Right,Normal,Dry,Daylight,0,0,1,Minor
KAG_000838,Kaggle_road_csv,0,,Wednesday,Unknown,Truck,Unknown,1,31-50,Unknown,No Priority To Vehicle,Windy,Wet Or Damp,Daylight,0,0,1,Minor
KAG_000839,Kaggle_road_csv,0,,Wednesday,Unknown,Truck,Unknown,1,Unknown,18-30,No Distancing,Normal,Dry,Daylight,0,0,1,Minor
KAG_000840,Kaggle_road_csv,0,,Sunday,Unknown,Truck,Unknown,2,31-50,31-50,Driving Carelessly,Normal,Dry,Darkness - Lights Lit,0,0,1,Minor
KAG_000841,Kaggle_road_csv,0,,Saturday,Unknown,Truck,Unknown,1,Over 51,Unknown,No Priority To Vehicle,Normal,Dry,Daylight,0,0,1,Minor
KAG_000842,Kaggle_road_csv,0,,Tuesday,Unknown,Truck,Unknown,2,18-30,Under 18,No Priority To Vehicle,Normal,Dry,Daylight,0,0,1,Minor
KAG_000843,Kaggle_road_csv,0,,Saturday,Unknown,Truck,Unknown,2,18-30,Unknown,Changing Lane To The Left,Normal,Dry,Daylight,0,0,1,Minor
KAG_000844,Kaggle_road_csv,0,,Thursday,Unknown,Truck,Unknown,2,Over 51,31-50,Changing Lane To The Right,Normal,Dry,Daylight,0,0,1,Minor
KAG_000845,Kaggle_road_csv,0,,Thursday,Unknown,Truck,Unknown,2,31-50,Unknown,Moving Backward,Normal,Dry,Daylight,0,0,1,Minor
KAG_000846,Kaggle_road_csv,0,,Thursday,Unknown,Truck,Unknown,2,31-50,Over 51,No Distancing,Normal,Dry,Darkness - Lights Lit,0,0,1,Minor
KAG_000847,Kaggle_road_csv,0,,Thursday,Unknown,Truck,Unknown,2,Unknown,18-30,Driving Carelessly,Normal,Dry,Darkness - Lights Lit,0,0,1,Minor
KAG_000848,Kaggle_road_csv,0,,Tuesday,Unknown,Truck,Unknown,2,18-30,Under 18,Driving Carelessly,Normal,Dry,Darkness - Lights Lit,0,0,1,Minor
KAG_000849,Kaggle_road_csv,0,,Tuesday,Unknown,Truck,Unknown,2,Under 18,31-50,Driving To The Left,Normal,Dry,Darkness - Lights Lit,0,0,1,Minor
KAG_000850,Kaggle_road_csv,0,,Tuesday,Unknown,Truck,Unknown,3,18-30,18-30,Changing Lane To The Right,Normal,Dry,Daylight,0,0,1,Minor
KAG_000851,Kaggle_road_csv,0,,Wednesday,Unknown,Truck,Unknown,2,Over 51,Under 18,Driving Carelessly,Normal,Dry,Daylight,0,0,1,Minor
KAG_000852,Kaggle_road_csv,0,,Friday,Unknown,Truck,Unknown,2,18-30,18-30,No Distancing,Raining,Wet Or Damp,Darkness - Lights Lit,0,0,1,Minor
KAG_000853,Kaggle_road_csv,0,,Friday,Unknown,Truck,Unknown,2,Unknown,Unknown,Overtaking,Raining,Wet Or Damp,Darkness - Lights Lit,0,0,1,Minor
KAG_000854,Kaggle_road_csv,0,,Saturday,Unknown,Truck,Unknown,2,18-30,Unknown,No Distancing,Normal,Dry,Daylight,0,0,1,Minor
KAG_000855,Kaggle_road_csv,0,,Saturday,Unknown,Truck,Unknown,2,18-30,Over 51,Driving Under The Influence Of Drugs,Normal,Dry,Daylight,0,0,2,Minor
KAG_000856,Kaggle_road_csv,0,,Monday,Unknown,Truck,Unknown,1,18-30,18-30,Moving Backward,Normal,Dry,Daylight,0,0,1,Serious
KAG_000857,Kaggle_road_csv,0,,Monday,Unknown,Truck,Unknown,1,18-30,18-30,Changing Lane To The Left,Normal,Dry,Daylight,0,0,2,Serious
KAG_000858,Kaggle_road_csv,0,,Wednesday,Unknown,Truck,Unknown,2,31-50,18-30,No Priority To Vehicle,Normal,Dry,Daylight,0,0,1,Minor
KAG_000859,Kaggle_road_csv,0,,Wednesday,Unknown,Truck,Unknown,2,Under 18,Under 18,Driving Under The Influence Of Drugs,Normal,Dry,Daylight,0,0,1,Minor
KAG_000860,Kaggle_road_csv,0,,Thursday,Unknown,Truck,Unknown,2,31-50,Under 18,Changing Lane To The Right,Normal,Dry,Daylight,0,0,1,Minor
KAG_000861,Kaggle_road_csv,0,,Thursday,Unknown,Truck,Unknown,1,Unknown,Unknown,Moving Backward,Normal,Dry,Daylight,0,0,1,Minor
KAG_000862,Kaggle_road_csv,0,,Saturday,Unknown,Truck,Unknown,2,Over 51,Unknown,No Distancing,Normal,Dry,Daylight,0,0,1,Minor
KAG_000863,Kaggle_road_csv,0,,Monday,Unknown,Truck,Unknown,2,18-30,Over 51,Changing Lane To The Right,Normal,Dry,Daylight,0,0,2,Minor
KAG_000864,Kaggle_road_csv,0,,Wednesday,Unknown,Truck,Unknown,2,Unknown,Unknown,Changing Lane To The Left,Normal,Dry,Daylight,0,0,1,Minor
KAG_000865,Kaggle_road_csv,0,,Wednesday,Unknown,Truck,Unknown,2,31-50,Over 51,Changing Lane To The Right,Normal,Dry,Daylight,0,0,1,Minor
KAG_000866,Kaggle_road_csv,0,,Friday,Unknown,Truck,Unknown,2,18-30,Under 18,No Priority To Vehicle,Normal,Dry,Daylight,0,0,1,Minor
KAG_000867,Kaggle_road_csv,0,,Thursday,Unknown,Truck,Unknown,1,Unknown,Unknown,Changing Lane To The Left,Normal,Dry,Daylight,0,0,1,Serious
KAG_000868,Kaggle_road_csv,0,,Thursday,Unknown,Truck,Unknown,2,Over 51,18-30,Changing Lane To The Left,Normal,Dry,Daylight,0,0,1,Minor
KAG_000869,Kaggle_road_csv,0,,Wednesday,Unknown,Truck,Unknown,3,31-50,Unknown,Changing Lane To The Right,Raining,Wet Or Damp,Daylight,0,0,1,Minor
KAG_000870,Kaggle_road_csv,0,,Wednesday,Unknown,Truck,Unknown,3,Under 18,Unknown,No Distancing,Raining,Wet Or Damp,Daylight,0,0,1,Minor
KAG_000871,Kaggle_road_csv,0,,Monday,Unknown,Truck,Unknown,1,31-50,Unknown,No Priority To Vehicle,Normal,Dry,Daylight,0,0,1,Minor
KAG_000872,Kaggle_road_csv,0,,Tuesday,Unknown,Truck,Unknown,2,31-50,Unknown,Moving Backward,Normal,Dry,Daylight,0,0,1,Minor
KAG_000873,Kaggle_road_csv,0,,Saturday,Unknown,Truck,Unknown,1,Unknown,18-30,No Distancing,Normal,Dry,Daylight,0,0,1,Minor
KAG_000874,Kaggle_road_csv,0,,Saturday,Unknown,Truck,Unknown,2,18-30,18-30,Changing Lane To The Left,Normal,Dry,Daylight,0,0,1,Minor
KAG_000875,Kaggle_road_csv,0,,Friday,Unknown,Truck,Unknown,1,18-30,31-50,Driving Carelessly,Normal,Dry,Daylight,0,0,1,Minor
KAG_000876,Kaggle_road_csv,0,,Friday,Unknown,Truck,Unknown,2,Unknown,Unknown,Changing Lane To The Right,Normal,Dry,Daylight,0,0,1,Minor
KAG_000877,Kaggle_road_csv,0,,Friday,Unknown,Truck,Unknown,2,31-50,18-30,Driving Under The Influence Of Drugs,Normal,Dry,Daylight,0,0,1,Minor
KAG_000878,Kaggle_road_csv,0,,Wednesday,Unknown,Truck,Unknown,2,18-30,31-50,No Priority To Pedestrian,Normal,Dry,Daylight,0,0,1,Minor
KAG_000879,Kaggle_road_csv,0,,Wednesday,Unknown,Truck,Unknown,2,18-30,Unknown,No Distancing,Normal,Dry,Daylight,0,0,1,Minor
KAG_000880,Kaggle_road_csv,0,,Thursday,Unknown,Truck,Unknown,2,18-30,Under 18,No Priority To Vehicle,Normal,Dry,Darkness - Lights Lit,0,0,2,Minor
KAG_000881,Kaggle_road_csv,0,,Sunday,Unknown,Truck,Unknown,2,31-50,Unknown,Driving Carelessly,Normal,Dry,Daylight,0,0,2,Minor
KAG_000882,Kaggle_road_csv,0,,Sunday,Unknown,Truck,Unknown,2,Unknown,Over 51,Driving Carelessly,Normal,Dry,Daylight,0,0,2,Minor
KAG_000883,Kaggle_road_csv,0,,Thursday,Unknown,Truck,Unknown,2,31-50,Over 51,Changing Lane To The Right,Normal,Dry,Daylight,0,0,1,Minor
KAG_000884,Kaggle_road_csv,0,,Saturday,Unknown,Truck,Unknown,2,31-50,Unknown,Changing Lane To The Right,Normal,Dry,Darkness - Lights Lit,0,0,1,Minor
KAG_000885,Kaggle_road_csv,0,,Monday,Unknown,Truck,Unknown,2,31-50,31-50,Moving Backward,Normal,Dry,Daylight,0,0,1,Minor
KAG_000886,Kaggle_road_csv,0,,Monday,Unknown,Truck,Unknown,2,Unknown,Unknown,No Distancing,Normal,Dry,Daylight,0,0,1,Minor
KAG_000887,Kaggle_road_csv,0,,Wednesday,Unknown,Truck,Unknown,2,Under 18,Unknown,Driving Under The Influence Of Drugs,Normal,Dry,Daylight,0,0,1,Serious
KAG_000888,Kaggle_road_csv,0,,Wednesday,Unknown,Truck,Unknown,2,Unknown,31-50,No Priority To Pedestrian,Normal,Dry,Daylight,0,0,1,Minor
KAG_000889,Kaggle_road_csv,0,,Wednesday,Unknown,Truck,Unknown,2,18-30,18-30,Changing Lane To The Right,Normal,Dry,Daylight,0,0,1,Minor
KAG_000890,Kaggle_road_csv,0,,Friday,Unknown,Truck,Unknown,2,31-50,Under 18,Overtaking,Normal,Dry,Daylight,0,0,1,Minor
KAG_000891,Kaggle_road_csv,0,,Friday,Unknown,Truck,Unknown,2,31-50,18-30,Overloading,Normal,Dry,Daylight,0,0,1,Minor
KAG_000892,Kaggle_road_csv,0,,Tuesday,Unknown,Truck,Unknown,2,Under 18,31-50,Changing Lane To The Right,Normal,Dry,Daylight,0,0,1,Minor
KAG_000893,Kaggle_road_csv,0,,Saturday,Unknown,Truck,Unknown,2,31-50,31-50,Moving Backward,Normal,Dry,Darkness - Lights Lit,0,0,1,Minor
KAG_000894,Kaggle_road_csv,0,,Saturday,Unknown,Truck,Unknown,2,Over 51,31-50,Getting Off The Vehicle Improperly,Normal,Dry,Darkness - Lights Lit,0,0,1,Minor
KAG_000895,Kaggle_road_csv,0,,Friday,Unknown,Truck,Unknown,2,Unknown,Unknown,No Distancing,Normal,Dry,Daylight,0,0,1,Minor
KAG_000896,Kaggle_road_csv,0,,Friday,Unknown,Truck,Unknown,2,31-50,18-30,Driving Carelessly,Normal,Dry,Daylight,0,0,1,Minor
KAG_000897,Kaggle_road_csv,0,,Friday,Unknown,Truck,Unknown,2,Over 51,Under 18,Changing Lane To The Left,Normal,Dry,Daylight,0,0,1,Minor
KAG_000898,Kaggle_road_csv,0,,Saturday,Unknown,Truck,Unknown,2,Under 18,Under 18,No Distancing,Normal,Dry,Daylight,0,0,1,Minor
KAG_000899,Kaggle_road_csv,0,,Sunday,Unknown,Truck,Unknown,1,31-50,Under 18,Changing Lane To The Right,Normal,Dry,Daylight,0,0,2,Minor
KAG_000900,Kaggle_road_csv,0,,Friday,Unknown,Truck,Unknown,2,31-50,Under 18,Overtaking,Normal,Dry,Daylight,0,0,1,Minor
KAG_000901,Kaggle_road_csv,0,,Monday,Unknown,Truck,Unknown,2,Unknown,18-30,Changing Lane To The Right,Normal,Dry,Daylight,0,0,1,Minor
KAG_000902,Kaggle_road_csv,0,,Friday,Unknown,Truck,Unknown,2,31-50,Under 18,Driving Carelessly,Normal,Dry,Daylight,0,0,1,Minor
KAG_000903,Kaggle_road_csv,0,,Friday,Unknown,Truck,Unknown,2,Unknown,18-30,Changing Lane To The Right,Normal,Dry,Daylight,0,0,1,Minor
KAG_000904,Kaggle_road_csv,0,,Thursday,Unknown,Truck,Unknown,2,18-30,18-30,No Priority To Vehicle,Normal,Dry,Daylight,0,0,1,Minor
KAG_000905,Kaggle_road_csv,0,,Saturday,Unknown,Truck,Unknown,2,31-50,31-50,No Priority To Pedestrian,Normal,Dry,Daylight,0,0,1,Serious
KAG_000906,Kaggle_road_csv,0,,Tuesday,Unknown,Truck,Unknown,2,31-50,Over 51,Changing Lane To The Left,Normal,Dry,Darkness - Lights Lit,0,0,1,Minor
KAG_000907,Kaggle_road_csv,0,,Wednesday,Unknown,Truck,Unknown,1,Unknown,18-30,Driving Carelessly,Normal,Dry,Daylight,0,0,1,Minor
KAG_000908,Kaggle_road_csv,0,,Saturday,Unknown,Truck,Unknown,2,18-30,Under 18,Changing Lane To The Right,Normal,Dry,Darkness - Lights Lit,0,0,2,Minor
KAG_000909,Kaggle_road_csv,0,,Sunday,Unknown,Truck,Unknown,1,31-50,Unknown,No Distancing,Raining,Wet Or Damp,Daylight,0,0,1,Minor
KAG_000910,Kaggle_road_csv,0,,Thursday,Unknown,Truck,Unknown,2,Over 51,31-50,Moving Backward,Normal,Dry,Daylight,0,0,1,Minor
KAG_000911,Kaggle_road_csv,0,,Thursday,Unknown,Truck,Unknown,2,18-30,31-50,Changing Lane To The Right,Normal,Dry,Daylight,0,0,1,Serious
KAG_000912,Kaggle_road_csv,0,,Saturday,Unknown,Truck,Unknown,2,Unknown,Unknown,Driving Carelessly,Normal,Dry,Daylight,0,0,1,Minor
KAG_000913,Kaggle_road_csv,0,,Tuesday,Unknown,Truck,Unknown,2,Unknown,31-50,Other,Normal,Dry,Daylight,0,0,1,Minor
KAG_000914,Kaggle_road_csv,0,,Saturday,Unknown,Truck,Unknown,2,31-50,31-50,No Priority To Pedestrian,Normal,Dry,Daylight,0,0,2,Minor
KAG_000915,Kaggle_road_csv,0,,Sunday,Unknown,Truck,Unknown,2,31-50,Over 51,Driving Carelessly,Normal,Dry,Daylight,0,0,1,Minor
KAG_000916,Kaggle_road_csv,0,,Tuesday,Unknown,Truck,Unknown,2,Unknown,31-50,Driving Carelessly,Normal,Dry,Darkness - Lights Lit,0,0,1,Minor
KAG_000917,Kaggle_road_csv,0,,Tuesday,Unknown,Truck,Unknown,2,18-30,Over 51,Overtaking,Normal,Dry,Darkness - Lights Lit,0,0,1,Minor
KAG_000918,Kaggle_road_csv,0,,Monday,Unknown,Truck,Unknown,1,Over 51,Over 51,No Distancing,Normal,Dry,Daylight,0,0,1,Minor
KAG_000919,Kaggle_road_csv,0,,Tuesday,Unknown,Truck,Unknown,2,31-50,Under 18,Other,Normal,Dry,Daylight,0,0,1,Minor
KAG_000920,Kaggle_road_csv,0,,Tuesday,Unknown,Truck,Unknown,3,31-50,31-50,Driving To The Left,Normal,Dry,Daylight,0,0,2,Minor
KAG_000921,Kaggle_road_csv,0,,Tuesday,Unknown,Truck,Unknown,3,18-30,Over 51,Overtaking,Normal,Dry,Daylight,0,0,2,Minor
KAG_000922,Kaggle_road_csv,0,,Wednesday,Unknown,Truck,Unknown,2,31-50,31-50,Changing Lane To The Right,Normal,Wet Or Damp,Daylight,0,0,1,Minor
KAG_000923,Kaggle_road_csv,0,,Thursday,Unknown,Truck,Unknown,2,18-30,18-30,Changing Lane To The Left,Normal,Dry,Daylight,0,0,1,Minor
KAG_000924,Kaggle_road_csv,0,,Thursday,Unknown,Truck,Unknown,2,18-30,Over 51,No Distancing,Normal,Dry,Daylight,0,0,1,Minor
KAG_000925,Kaggle_road_csv,0,,Thursday,Unknown,Truck,Unknown,1,18-30,Unknown,Driving Carelessly,Normal,Dry,Darkness - Lights Lit,0,0,1,Minor
KAG_000926,Kaggle_road_csv,0,,Sunday,Unknown,Truck,Unknown,2,Under 18,Unknown,Changing Lane To The Right,Normal,Dry,Darkness - Lights Lit,0,0,2,Minor
KAG_000927,Kaggle_road_csv,0,,Wednesday,Unknown,Truck,Unknown,3,31-50,Unknown,No Priority To Vehicle,Normal,Dry,Darkness - Lights Lit,0,0,1,Minor
KAG_000928,Kaggle_road_csv,0,,Monday,Unknown,Truck,Unknown,1,18-30,18-30,No Distancing,Raining,Wet Or Damp,Daylight,0,0,1,Minor
KAG_000929,Kaggle_road_csv,0,,Saturday,Unknown,Truck,Unknown,2,31-50,18-30,No Distancing,Normal,Dry,Daylight,0,0,1,Minor
KAG_000930,Kaggle_road_csv,0,,Tuesday,Unknown,Truck,Unknown,2,Unknown,Under 18,Other,Normal,Dry,Daylight,0,0,1,Minor
KAG_000931,Kaggle_road_csv,0,,Wednesday,Unknown,Truck,Unknown,2,31-50,18-30,Changing Lane To The Left,Normal,Dry,Daylight,0,0,1,Minor
KAG_000932,Kaggle_road_csv,0,,Wednesday,Unknown,Truck,Unknown,2,18-30,Unknown,No Priority To Pedestrian,Normal,Dry,Daylight,0,0,1,Minor
KAG_000933,Kaggle_road_csv,0,,Sunday,Unknown,Truck,Unknown,1,31-50,Under 18,Moving Backward,Normal,Dry,Darkness - Lights Lit,0,0,1,Minor
KAG_000934,Kaggle_road_csv,0,,Monday,Unknown,Truck,Unknown,2,31-50,31-50,Changing Lane To The Left,Normal,Dry,Darkness - Lights Lit,0,0,1,Minor
KAG_000935,Kaggle_road_csv,0,,Tuesday,Unknown,Truck,Unknown,1,31-50,18-30,No Priority To Vehicle,Normal,Dry,Daylight,0,0,1,Minor
KAG_000936,Kaggle_road_csv,0,,Sunday,Unknown,Truck,Unknown,2,18-30,Over 51,Driving Under The Influence Of Drugs,Normal,Dry,Daylight,0,0,1,Minor
KAG_000937,Kaggle_road_csv,0,,Tuesday,Unknown,Truck,Unknown,2,18-30,31-50,Changing Lane To The Left,Normal,Dry,Daylight,0,0,1,Minor
KAG_000938,Kaggle_road_csv,0,,Tuesday,Unknown,Truck,Unknown,2,18-30,Unknown,No Priority To Pedestrian,Normal,Dry,Daylight,0,0,1,Minor
KAG_000939,Kaggle_road_csv,0,,Thursday,Unknown,Truck,Unknown,2,18-30,Over 51,Changing Lane To The Left,Normal,Dry,Daylight,0,0,1,Minor
KAG_000940,Kaggle_road_csv,0,,Sunday,Unknown,Truck,Unknown,2,18-30,31-50,No Distancing,Normal,Dry,Daylight,0,0,1,Minor
KAG_000941,Kaggle_road_csv,0,,Sunday,Unknown,Truck,Unknown,2,Unknown,18-30,Changing Lane To The Right,Normal,Dry,Darkness - Lights Lit,0,0,3,Minor
KAG_000942,Kaggle_road_csv,0,,Sunday,Unknown,Truck,Unknown,2,Unknown,Unknown,No Distancing,Normal,Dry,Darkness - Lights Lit,0,0,3,Minor
KAG_000943,Kaggle_road_csv,0,,Sunday,Unknown,Truck,Unknown,2,31-50,Unknown,Overtaking,Normal,Dry,Darkness - Lights Lit,0,0,3,Minor
KAG_000944,Kaggle_road_csv,0,,Monday,Unknown,Truck,Unknown,2,Over 51,Unknown,Changing Lane To The Left,Normal,Dry,Daylight,0,0,4,Minor
KAG_000945,Kaggle_road_csv,0,,Wednesday,Unknown,Truck,Unknown,2,Unknown,Unknown,No Priority To Vehicle,Normal,Dry,Daylight,0,0,1,Minor
KAG_000946,Kaggle_road_csv,0,,Tuesday,Unknown,Truck,Unknown,2,31-50,18-30,Moving Backward,Normal,Dry,Daylight,0,0,1,Serious
KAG_000947,Kaggle_road_csv,0,,Thursday,Unknown,Truck,Unknown,2,18-30,Under 18,Changing Lane To The Left,Normal,Dry,Darkness - Lights Lit,0,0,1,Minor
KAG_000948,Kaggle_road_csv,0,,Monday,Unknown,Truck,Unknown,2,31-50,Under 18,Driving Carelessly,Normal,Dry,Daylight,0,0,1,Minor
KAG_000949,Kaggle_road_csv,0,,Monday,Unknown,Truck,Unknown,2,Unknown,Unknown,No Distancing,Normal,Dry,Daylight,0,0,1,Minor
KAG_000950,Kaggle_road_csv,0,,Tuesday,Unknown,Truck,Unknown,2,Unknown,18-30,Driving Under The Influence Of Drugs,Normal,Dry,Daylight,0,0,1,Minor
KAG_000951,Kaggle_road_csv,0,,Wednesday,Unknown,Truck,Unknown,2,18-30,Unknown,Changing Lane To The Right,Normal,Dry,Daylight,0,0,1,Minor
KAG_000952,Kaggle_road_csv,0,,Wednesday,Unknown,Truck,Unknown,1,31-50,Over 51,Changing Lane To The Left,Normal,Dry,Daylight,0,0,1,Minor
KAG_000953,Kaggle_road_csv,0,,Wednesday,Unknown,Truck,Unknown,2,Unknown,Unknown,Getting Off The Vehicle Improperly,Raining,Wet Or Damp,Darkness - Lights Lit,0,0,2,Minor
KAG_000954,Kaggle_road_csv,0,,Saturday,Unknown,Truck,Unknown,2,Unknown,Unknown,Changing Lane To The Left,Normal,Dry,Darkness - Lights Lit,0,0,1,Minor
KAG_000955,Kaggle_road_csv,0,,Friday,Unknown,Truck,Unknown,2,31-50,Under 18,No Priority To Vehicle,Normal,Dry,Daylight,0,0,1,Minor
KAG_000956,Kaggle_road_csv,0,,Friday,Unknown,Truck,Unknown,2,Unknown,Unknown,Overturning,Normal,Dry,Daylight,0,0,1,Minor
KAG_000957,Kaggle_road_csv,0,,Friday,Unknown,Truck,Unknown,2,31-50,Under 18,Changing Lane To The Left,Normal,Dry,Daylight,0,0,1,Minor
KAG_000958,Kaggle_road_csv,0,,Wednesday,Unknown,Truck,Unknown,1,31-50,Under 18,Overtaking,Normal,Dry,Darkness - Lights Lit,0,0,1,Minor
KAG_000959,Kaggle_road_csv,0,,Wednesday,Unknown,Truck,Unknown,3,31-50,Over 51,Changing Lane To The Left,Raining,Wet Or Damp,Daylight,0,0,1,Serious
KAG_000960,Kaggle_road_csv,0,,Thursday,Unknown,Truck,Unknown,1,18-30,Under 18,No Distancing,Normal,Dry,Darkness - Lights Lit,0,0,1,Minor
KAG_000961,Kaggle_road_csv,0,,Saturday,Unknown,Truck,Unknown,1,31-50,Unknown,Driving Under The Influence Of Drugs,Normal,Dry,Darkness - Lights Lit,0,0,1,Serious
KAG_000962,Kaggle_road_csv,0,,Saturday,Unknown,Truck,Unknown,2,18-30,Unknown,No Distancing,Normal,Dry,Darkness - Lights Lit,0,0,1,Minor
KAG_000963,Kaggle_road_csv,0,,Wednesday,Unknown,Truck,Unknown,1,Over 51,18-30,Getting Off The Vehicle Improperly,Normal,Dry,Darkness - Lights Lit,0,0,1,Minor
KAG_000964,Kaggle_road_csv,0,,Tuesday,Unknown,Truck,Unknown,2,Unknown,31-50,Changing Lane To The Left,Normal,Dry,Darkness - Lights Lit,0,0,1,Minor
KAG_000965,Kaggle_road_csv,0,,Sunday,Unknown,Truck,Unknown,3,18-30,Under 18,Changing Lane To The Left,Normal,Dry,Daylight,0,0,1,Minor
KAG_000966,Kaggle_road_csv,0,,Sunday,Unknown,Truck,Unknown,3,Unknown,Unknown,Changing Lane To The Right,Normal,Dry,Daylight,0,0,1,Minor
KAG_000967,Kaggle_road_csv,0,,Sunday,Unknown,Truck,Unknown,3,Unknown,Under 18,Driving Under The Influence Of Drugs,Normal,Dry,Daylight,0,0,1,Minor
KAG_000968,Kaggle_road_csv,0,,Friday,Unknown,Truck,Unknown,2,31-50,Unknown,Moving Backward,Normal,Dry,Daylight,0,0,1,Minor
KAG_000969,Kaggle_road_csv,0,,Wednesday,Unknown,Truck,Unknown,1,Unknown,Over 51,Changing Lane To The Right,Normal,Dry,Daylight,0,0,1,Serious
KAG_000970,Kaggle_road_csv,0,,Sunday,Unknown,Truck,Unknown,2,Unknown,Over 51,Driving Carelessly,Raining And Windy,Dry,Darkness - Lights Lit,0,0,1,Minor
KAG_000971,Kaggle_road_csv,0,,Wednesday,Unknown,Truck,Unknown,2,Unknown,18-30,Driving Carelessly,Raining,Wet Or Damp,Darkness - Lights Lit,0,0,1,Minor
KAG_000972,Kaggle_road_csv,0,,Saturday,Unknown,Truck,Unknown,2,18-30,18-30,Changing Lane To The Left,Normal,Dry,Darkness - Lights Lit,0,0,1,Minor
KAG_000973,Kaggle_road_csv,0,,Saturday,Unknown,Truck,Unknown,1,31-50,Under 18,Moving Backward,Normal,Dry,Daylight,0,0,1,Minor
KAG_000974,Kaggle_road_csv,0,,Monday,Unknown,Truck,Unknown,1,31-50,Over 51,No Distancing,Normal,Dry,Daylight,0,0,1,Minor
KAG_000975,Kaggle_road_csv,0,,Wednesday,Unknown,Truck,Unknown,1,31-50,Over 51,No Distancing,Normal,Dry,Daylight,0,0,1,Minor
KAG_000976,Kaggle_road_csv,0,,Thursday,Unknown,Truck,Unknown,2,31-50,31-50,Driving Carelessly,Normal,Dry,Darkness - Lights Lit,0,0,1,Minor
KAG_000977,Kaggle_road_csv,0,,Sunday,Unknown,Truck,Unknown,1,18-30,Unknown,Changing Lane To The Right,Normal,Dry,Darkness - Lights Lit,0,0,1,Minor
KAG_000978,Kaggle_road_csv,0,,Sunday,Unknown,Truck,Unknown,1,Unknown,18-30,No Distancing,Normal,Dry,Darkness - Lights Lit,0,0,1,Minor
KAG_000979,Kaggle_road_csv,0,,Monday,Unknown,Truck,Unknown,2,Under 18,18-30,Driving Carelessly,Normal,Dry,Daylight,0,0,3,Minor
KAG_000980,Kaggle_road_csv,0,,Monday,Unknown,Truck,Unknown,2,18-30,18-30,Driving Carelessly,Normal,Dry,Darkness - Lights Lit,0,0,1,Minor
KAG_000981,Kaggle_road_csv,0,,Monday,Unknown,Truck,Unknown,2,31-50,31-50,No Distancing,Normal,Dry,Darkness - Lights Lit,0,0,1,Minor
KAG_000982,Kaggle_road_csv,0,,Thursday,Unknown,Truck,Unknown,2,Unknown,Over 51,Moving Backward,Normal,Dry,Darkness - Lights Lit,0,0,1,Minor
KAG_000983,Kaggle_road_csv,0,,Saturday,Unknown,Truck,Unknown,2,31-50,Unknown,Driving Under The Influence Of Drugs,Normal,Dry,Darkness - Lights Lit,0,0,1,Minor
KAG_000984,Kaggle_road_csv,0,,Thursday,Unknown,Truck,Unknown,2,18-30,18-30,Changing Lane To The Right,Normal,Dry,Daylight,0,0,1,Minor
KAG_000985,Kaggle_road_csv,0,,Tuesday,Unknown,Truck,Unknown,2,18-30,Unknown,No Distancing,Normal,Dry,Darkness - Lights Lit,0,0,1,Minor
KAG_000986,Kaggle_road_csv,0,,Thursday,Unknown,Truck,Unknown,2,31-50,Under 18,Changing Lane To The Left,Normal,Dry,Darkness - No Lighting,0,0,1,Minor
KAG_000987,Kaggle_road_csv,0,,Sunday,Unknown,Truck,Unknown,2,18-30,31-50,No Priority To Vehicle,Raining,Wet Or Damp,Darkness - Lights Lit,0,0,1,Minor
KAG_000988,Kaggle_road_csv,0,,Tuesday,Unknown,Truck,Unknown,2,Unknown,Unknown,Changing Lane To The Left,Normal,Dry,Daylight,0,0,1,Minor
KAG_000989,Kaggle_road_csv,0,,Monday,Unknown,Truck,Unknown,2,18-30,31-50,No Distancing,Raining,Wet Or Damp,Darkness - Lights Lit,0,0,1,Minor
KAG_000990,Kaggle_road_csv,0,,Thursday,Unknown,Truck,Unknown,2,Under 18,Unknown,No Distancing,Raining,Wet Or Damp,Darkness - Lights Lit,0,0,1,Minor
KAG_000991,Kaggle_road_csv,0,,Thursday,Unknown,Truck,Unknown,1,31-50,31-50,No Priority To Vehicle,Raining,Wet Or Damp,Darkness - Lights Lit,0,0,1,Minor
KAG_000992,Kaggle_road_csv,0,,Friday,Unknown,Truck,Unknown,2,31-50,Unknown,Moving Backward,Normal,Dry,Darkness - Lights Lit,0,0,1,Minor
KAG_000993,Kaggle_road_csv,0,,Sunday,Unknown,Truck,Unknown,3,Over 51,31-50,Driving Under The Influence Of Drugs,Normal,Dry,Darkness - Lights Lit,0,0,5,Minor
KAG_000994,Kaggle_road_csv,0,,Saturday,Unknown,Truck,Unknown,2,31-50,31-50,No Priority To Vehicle,Normal,Dry,Daylight,0,0,1,Minor
KAG_000995,Kaggle_road_csv,0,,Saturday,Unknown,Truck,Unknown,2,18-30,31-50,Overspeed,Normal,Dry,Daylight,0,0,1,Minor
KAG_000996,Kaggle_road_csv,0,,Saturday,Unknown,Truck,Unknown,2,18-30,31-50,Driving Under The Influence Of Drugs,Normal,Dry,Darkness - Lights Lit,0,0,1,Minor
KAG_000997,Kaggle_road_csv,0,,Thursday,Unknown,Truck,Unknown,1,Unknown,Unknown,No Distancing,Normal,Dry,Darkness - Lights Lit,0,0,1,Minor
KAG_000998,Kaggle_road_csv,0,,Sunday,Unknown,Truck,Unknown,1,Under 18,31-50,Moving Backward,Normal,Dry,Daylight,0,0,2,Minor
KAG_000999,Kaggle_road_csv,0,,Saturday,Unknown,Truck,Unknown,4,18-30,Over 51,No Distancing,Normal,Dry,Darkness - Lights Lit,0,0,1,Minor
KAG_001000,Kaggle_road_csv,0,,Thursday,Unknown,Truck,Unknown,1,18-30,Under 18,No Distancing,Normal,Dry,Daylight,0,0,1,Minor
KAG_001001,Kaggle_road_csv,0,,Friday,Unknown,Truck,Unknown,1,31-50,31-50,Driving Carelessly,Normal,Dry,Daylight,0,0,1,Minor
KAG_001002,Kaggle_road_csv,0,,Friday,Unknown,Truck,Unknown,2,31-50,Unknown,Driving Carelessly,Normal,Dry,Darkness - Lights Lit,0,0,1,Minor
KAG_001003,Kaggle_road_csv,0,,Friday,Unknown,Truck,Unknown,2,31-50,Unknown,Overturning,Normal,Dry,Darkness - Lights Lit,0,0,1,Minor
KAG_001004,Kaggle_road_csv,0,,Friday,Unknown,Truck,Unknown,2,Over 51,Under 18,Changing Lane To The Right,Normal,Dry,Darkness - Lights Lit,0,0,1,Minor
KAG_001005,Kaggle_road_csv,0,,Sunday,Unknown,Truck,Unknown,2,18-30,Unknown,Moving Backward,Normal,Dry,Daylight,0,0,1,Minor
KAG_001006,Kaggle_road_csv,0,,Sunday,Unknown,Truck,Unknown,2,Unknown,18-30,No Distancing,Normal,Dry,Daylight,0,0,1,Minor
KAG_001007,Kaggle_road_csv,0,,Wednesday,Unknown,Truck,Unknown,2,Over 51,Unknown,No Priority To Pedestrian,Normal,Dry,Darkness - Lights Lit,0,0,1,Minor
KAG_001008,Kaggle_road_csv,0,,Wednesday,Unknown,Truck,Unknown,2,18-30,Under 18,Changing Lane To The Right,Normal,Dry,Daylight,0,0,1,Minor
KAG_001009,Kaggle_road_csv,0,,Friday,Unknown,Truck,Unknown,2,Under 18,Unknown,Changing Lane To The Right,Normal,Dry,Darkness - Lights Lit,0,0,1,Minor
KAG_001010,Kaggle_road_csv,0,,Sunday,Unknown,Truck,Unknown,2,Unknown,31-50,Changing Lane To The Right,Normal,Dry,Darkness - Lights Lit,0,0,1,Minor
KAG_001011,Kaggle_road_csv,0,,Monday,Unknown,Truck,Unknown,2,18-30,31-50,Changing Lane To The Right,Normal,Dry,Darkness - Lights Lit,0,0,1,Serious
KAG_001012,Kaggle_road_csv,0,,Sunday,Unknown,Truck,Unknown,3,31-50,Unknown,Changing Lane To The Left,Normal,Dry,Daylight,0,0,1,Minor
KAG_001013,Kaggle_road_csv,0,,Tuesday,Unknown,Truck,Unknown,2,31-50,18-30,Moving Backward,Normal,Dry,Daylight,0,0,1,Minor
KAG_001014,Kaggle_road_csv,0,,Monday,Unknown,Truck,Unknown,2,18-30,31-50,No Priority To Vehicle,Normal,Dry,Darkness - Lights Lit,0,0,2,Minor
KAG_001015,Kaggle_road_csv,0,,Friday,Unknown,Truck,Unknown,1,18-30,Unknown,Moving Backward,Normal,Dry,Daylight,0,0,1,Minor
KAG_001016,Kaggle_road_csv,0,,Thursday,Unknown,Truck,Unknown,2,31-50,18-30,Changing Lane To The Right,Normal,Dry,Daylight,0,0,1,Minor
KAG_001017,Kaggle_road_csv,0,,Monday,Unknown,Truck,Unknown,2,Under 18,Over 51,Changing Lane To The Right,Normal,Dry,Darkness - Lights Lit,0,0,1,Minor
KAG_001018,Kaggle_road_csv,0,,Monday,Unknown,Truck,Unknown,2,18-30,18-30,Driving Under The Influence Of Drugs,Normal,Dry,Darkness - Lights Lit,0,0,1,Minor
KAG_001019,Kaggle_road_csv,0,,Thursday,Unknown,Truck,Unknown,2,Unknown,Unknown,Driving Carelessly,Normal,Dry,Daylight,0,0,1,Minor
KAG_001020,Kaggle_road_csv,0,,Thursday,Unknown,Truck,Unknown,2,Unknown,31-50,Moving Backward,Normal,Dry,Daylight,0,0,1,Minor
KAG_001021,Kaggle_road_csv,0,,Wednesday,Unknown,Truck,Unknown,2,Unknown,Unknown,Overtaking,Normal,Dry,Darkness - Lights Lit,0,0,1,Minor
KAG_001022,Kaggle_road_csv,0,,Wednesday,Unknown,Truck,Unknown,2,18-30,18-30,No Priority To Vehicle,Normal,Dry,Darkness - Lights Lit,0,0,1,Serious
KAG_001023,Kaggle_road_csv,0,,Friday,Unknown,Truck,Unknown,2,31-50,Under 18,No Distancing,Normal,Dry,Darkness - Lights Lit,0,0,1,Minor
KAG_001024,Kaggle_road_csv,0,,Wednesday,Unknown,Truck,Unknown,1,Unknown,Unknown,Driving Under The Influence Of Drugs,Normal,Dry,Darkness - Lights Lit,0,0,1,Minor
KAG_001025,Kaggle_road_csv,0,,Friday,Unknown,Truck,Unknown,2,Unknown,Under 18,Changing Lane To The Left,Normal,Dry,Daylight,0,0,1,Minor
KAG_001026,Kaggle_road_csv,0,,Thursday,Unknown,Truck,Unknown,2,31-50,31-50,Driving Carelessly,Normal,Dry,Daylight,0,0,1,Minor
KAG_001027,Kaggle_road_csv,0,,Tuesday,Unknown,Truck,Unknown,2,18-30,31-50,No Distancing,Normal,Dry,Daylight,0,0,1,Minor
KAG_001028,Kaggle_road_csv,0,,Friday,Unknown,Truck,Unknown,2,31-50,31-50,No Distancing,Normal,Wet Or Damp,Darkness - Lights Lit,0,0,1,Minor
KAG_001029,Kaggle_road_csv,0,,Saturday,Unknown,Truck,Unknown,2,Unknown,18-30,No Distancing,Normal,Dry,Darkness - Lights Lit,0,0,1,Minor
KAG_001030,Kaggle_road_csv,0,,Friday,Unknown,Truck,Unknown,2,Unknown,18-30,Changing Lane To The Right,Normal,Dry,Darkness - Lights Lit,0,0,1,Minor
KAG_001031,Kaggle_road_csv,0,,Saturday,Unknown,Truck,Unknown,1,18-30,Unknown,Moving Backward,Normal,Dry,Daylight,0,0,1,Minor
KAG_001032,Kaggle_road_csv,0,,Monday,Unknown,Truck,Unknown,2,18-30,Under 18,Changing Lane To The Left,Normal,Dry,Daylight,0,0,1,Minor
KAG_001033,Kaggle_road_csv,0,,Saturday,Unknown,Truck,Unknown,1,18-30,Under 18,Moving Backward,Normal,Dry,Daylight,0,0,2,Minor
KAG_001034,Kaggle_road_csv,0,,Saturday,Unknown,Truck,Unknown,1,18-30,Unknown,No Distancing,Normal,Dry,Daylight,0,0,2,Minor
KAG_001035,Kaggle_road_csv,0,,Wednesday,Unknown,Truck,Unknown,2,31-50,Unknown,Changing Lane To The Right,Normal,Dry,Darkness - Lights Lit,0,0,1,Minor
KAG_001036,Kaggle_road_csv,0,,Saturday,Unknown,Truck,Unknown,1,18-30,31-50,No Distancing,Raining,Wet Or Damp,Darkness - Lights Lit,0,0,1,Minor
KAG_001037,Kaggle_road_csv,0,,Saturday,Unknown,Truck,Unknown,2,31-50,Under 18,Changing Lane To The Right,Unknown,Dry,Daylight,0,0,1,Minor
KAG_001038,Kaggle_road_csv,0,,Tuesday,Unknown,Truck,Unknown,2,18-30,Under 18,Driving Under The Influence Of Drugs,Normal,Dry,Daylight,0,0,1,Minor
KAG_001039,Kaggle_road_csv,0,,Tuesday,Unknown,Truck,Unknown,2,18-30,Unknown,No Priority To Pedestrian,Normal,Dry,Daylight,0,0,1,Minor
KAG_001040,Kaggle_road_csv,0,,Friday,Unknown,Truck,Unknown,2,Unknown,31-50,Changing Lane To The Right,Normal,Dry,Daylight,0,0,1,Minor
KAG_001041,Kaggle_road_csv,0,,Tuesday,Unknown,Truck,Unknown,2,18-30,Unknown,Moving Backward,Normal,Dry,Daylight,0,0,1,Minor
KAG_001042,Kaggle_road_csv,0,,Tuesday,Unknown,Truck,Unknown,2,31-50,18-30,No Priority To Vehicle,Normal,Dry,Daylight,0,0,1,Minor
KAG_001043,Kaggle_road_csv,0,,Tuesday,Unknown,Truck,Unknown,1,31-50,Unknown,No Priority To Pedestrian,Normal,Dry,Daylight,0,0,1,Minor
KAG_001044,Kaggle_road_csv,0,,Sunday,Unknown,Truck,Unknown,2,Over 51,Under 18,Changing Lane To The Left,Normal,Dry,Daylight,0,0,2,Minor
KAG_001045,Kaggle_road_csv,0,,Saturday,Unknown,Truck,Unknown,2,Unknown,Over 51,No Distancing,Normal,Dry,Daylight,0,0,1,Minor
KAG_001046,Kaggle_road_csv,0,,Thursday,Unknown,Truck,Unknown,2,18-30,Under 18,Moving Backward,Normal,Dry,Daylight,0,0,1,Serious
KAG_001047,Kaggle_road_csv,0,,Thursday,Unknown,Truck,Unknown,2,31-50,18-30,No Distancing,Normal,Dry,Daylight,0,0,1,Serious
KAG_001048,Kaggle_road_csv,0,,Wednesday,Unknown,Truck,Unknown,3,31-50,Under 18,Overtaking,Normal,Dry,Daylight,0,0,3,Minor
KAG_001049,Kaggle_road_csv,0,,Wednesday,Unknown,Truck,Unknown,3,31-50,Unknown,Overloading,Normal,Dry,Daylight,0,0,3,Minor
KAG_001050,Kaggle_road_csv,0,,Wednesday,Unknown,Truck,Unknown,1,31-50,Unknown,Changing Lane To The Right,Normal,Dry,Daylight,0,0,1,Minor
KAG_001051,Kaggle_road_csv,0,,Wednesday,Unknown,Truck,Unknown,1,18-30,Over 51,No Distancing,Normal,Dry,Daylight,0,0,1,Minor
KAG_001052,Kaggle_road_csv,0,,Friday,Unknown,Truck,Unknown,2,Unknown,31-50,No Distancing,Normal,Dry,Daylight,0,0,1,Minor
KAG_001053,Kaggle_road_csv,0,,Friday,Unknown,Truck,Unknown,2,31-50,Under 18,Changing Lane To The Left,Normal,Dry,Daylight,0,0,1,Minor
KAG_001054,Kaggle_road_csv,0,,Thursday,Unknown,Truck,Unknown,2,Over 51,18-30,No Priority To Vehicle,Normal,Dry,Daylight,0,0,1,Minor
KAG_001055,Kaggle_road_csv,0,,Sunday,Unknown,Truck,Unknown,2,18-30,Under 18,Getting Off The Vehicle Improperly,Normal,Dry,Daylight,0,0,1,Minor
KAG_001056,Kaggle_road_csv,0,,Monday,Unknown,Truck,Unknown,2,31-50,31-50,Other,Normal,Dry,Daylight,0,0,4,Minor
KAG_001057,Kaggle_road_csv,0,,Monday,Unknown,Truck,Unknown,1,31-50,Unknown,Driving At High Speed,Normal,Dry,Daylight,0,0,1,Serious
KAG_001058,Kaggle_road_csv,0,,Tuesday,Unknown,Truck,Unknown,2,18-30,Over 51,Unknown,Normal,Dry,Daylight,0,0,1,Minor
KAG_001059,Kaggle_road_csv,0,,Tuesday,Unknown,Truck,Unknown,2,Unknown,18-30,Changing Lane To The Right,Normal,Dry,Daylight,0,0,1,Minor
KAG_001060,Kaggle_road_csv,0,,Thursday,Unknown,Truck,Unknown,1,31-50,Over 51,No Priority To Pedestrian,Normal,Dry,Daylight,0,0,1,Minor
KAG_001061,Kaggle_road_csv,0,,Wednesday,Unknown,Truck,Unknown,2,18-30,Unknown,Overtaking,Normal,Dry,Daylight,0,0,1,Minor
KAG_001062,Kaggle_road_csv,0,,Monday,Unknown,Truck,Unknown,2,Under 18,Under 18,No Priority To Pedestrian,Normal,Dry,Daylight,0,0,1,Minor
KAG_001063,Kaggle_road_csv,0,,Wednesday,Unknown,Truck,Unknown,2,18-30,Unknown,Overturning,Normal,Dry,Darkness - Lights Lit,0,0,1,Minor
KAG_001064,Kaggle_road_csv,0,,Thursday,Unknown,Truck,Unknown,1,31-50,Under 18,Driving Carelessly,Normal,Dry,Darkness - Lights Lit,0,0,1,Serious
KAG_001065,Kaggle_road_csv,0,,Saturday,Unknown,Truck,Unknown,2,Unknown,31-50,No Priority To Vehicle,Normal,Dry,Daylight,0,0,1,Minor
KAG_001066,Kaggle_road_csv,0,,Wednesday,Unknown,Truck,Unknown,2,31-50,31-50,Changing Lane To The Right,Normal,Dry,Daylight,0,0,1,Minor
KAG_001067,Kaggle_road_csv,0,,Wednesday,Unknown,Truck,Unknown,2,31-50,Over 51,No Distancing,Normal,Dry,Daylight,0,0,1,Minor
KAG_001068,Kaggle_road_csv,0,,Saturday,Unknown,Truck,Unknown,1,Unknown,31-50,No Distancing,Normal,Dry,Daylight,0,0,1,Minor
KAG_001069,Kaggle_road_csv,0,,Tuesday,Unknown,Truck,Unknown,1,Unknown,18-30,No Distancing,Normal,Dry,Daylight,0,0,1,Minor
KAG_001070,Kaggle_road_csv,0,,Saturday,Unknown,Truck,Unknown,2,31-50,31-50,Changing Lane To The Right,Normal,Dry,Daylight,0,0,2,Minor
KAG_001071,Kaggle_road_csv,0,,Friday,Unknown,Truck,Unknown,2,31-50,18-30,No Distancing,Normal,Dry,Daylight,0,0,1,Minor
KAG_001072,Kaggle_road_csv,0,,Friday,Unknown,Truck,Unknown,2,31-50,Over 51,No Priority To Vehicle,Normal,Dry,Daylight,0,0,1,Minor
KAG_001073,Kaggle_road_csv,0,,Sunday,Unknown,Truck,Unknown,1,31-50,Under 18,Driving Carelessly,Normal,Dry,Daylight,0,0,2,Minor
KAG_001074,Kaggle_road_csv,0,,Sunday,Unknown,Truck,Unknown,1,31-50,Under 18,No Distancing,Normal,Dry,Daylight,0,0,2,Minor
KAG_001075,Kaggle_road_csv,0,,Sunday,Unknown,Truck,Unknown,1,18-30,Under 18,Other,Normal,Dry,Daylight,0,0,1,Minor
KAG_001076,Kaggle_road_csv,0,,Tuesday,Unknown,Truck,Unknown,2,18-30,Unknown,No Distancing,Normal,Dry,Daylight,0,0,1,Minor
KAG_001077,Kaggle_road_csv,0,,Tuesday,Unknown,Truck,Unknown,2,31-50,31-50,Driving Carelessly,Normal,Dry,Daylight,0,0,1,Minor
KAG_001078,Kaggle_road_csv,0,,Monday,Unknown,Truck,Unknown,3,Unknown,Unknown,No Priority To Vehicle,Normal,Dry,Daylight,0,0,1,Minor
KAG_001079,Kaggle_road_csv,0,,Monday,Unknown,Truck,Unknown,2,31-50,Under 18,No Priority To Vehicle,Normal,Dry,Daylight,0,0,1,Minor
KAG_001080,Kaggle_road_csv,0,,Monday,Unknown,Truck,Unknown,1,31-50,31-50,Changing Lane To The Right,Normal,Dry,Daylight,0,0,1,Minor
KAG_001081,Kaggle_road_csv,0,,Wednesday,Unknown,Truck,Unknown,2,31-50,31-50,Overtaking,Normal,Dry,Daylight,0,0,1,Minor
KAG_001082,Kaggle_road_csv,0,,Tuesday,Unknown,Truck,Unknown,2,18-30,18-30,Changing Lane To The Right,Normal,Dry,Daylight,0,0,1,Minor
KAG_001083,Kaggle_road_csv,0,,Monday,Unknown,Truck,Unknown,2,18-30,Unknown,Driving To The Left,Normal,Dry,Daylight,0,0,1,Minor
KAG_001084,Kaggle_road_csv,0,,Wednesday,Unknown,Truck,Unknown,2,18-30,31-50,No Priority To Vehicle,Normal,Dry,Daylight,0,0,4,Minor
KAG_001085,Kaggle_road_csv,0,,Wednesday,Unknown,Truck,Unknown,2,18-30,31-50,Changing Lane To The Right,Normal,Dry,Daylight,0,0,4,Minor
KAG_001086,Kaggle_road_csv,0,,Friday,Unknown,Truck,Unknown,2,Unknown,Under 18,Other,Normal,Dry,Darkness - Lights Lit,0,0,1,Minor
KAG_001087,Kaggle_road_csv,0,,Monday,Unknown,Truck,Unknown,2,31-50,18-30,Driving Carelessly,Normal,Dry,Daylight,0,0,1,Minor
KAG_001088,Kaggle_road_csv,0,,Tuesday,Unknown,Truck,Unknown,1,Unknown,18-30,No Distancing,Normal,Dry,Darkness - Lights Lit,0,0,1,Serious
KAG_001089,Kaggle_road_csv,0,,Saturday,Unknown,Truck,Unknown,2,31-50,18-30,No Priority To Pedestrian,Normal,Dry,Daylight,0,0,1,Minor
KAG_001090,Kaggle_road_csv,0,,Saturday,Unknown,Truck,Unknown,2,Unknown,18-30,Moving Backward,Normal,Dry,Daylight,0,0,1,Minor
KAG_001091,Kaggle_road_csv,0,,Monday,Unknown,Truck,Unknown,2,Unknown,Unknown,Changing Lane To The Right,Normal,Dry,Daylight,0,0,1,Minor
KAG_001092,Kaggle_road_csv,0,,Monday,Unknown,Truck,Unknown,2,31-50,31-50,Changing Lane To The Right,Normal,Dry,Daylight,0,0,1,Minor
KAG_001093,Kaggle_road_csv,0,,Friday,Unknown,Truck,Unknown,2,Unknown,Unknown,No Distancing,Normal,Dry,Daylight,0,0,1,Minor
KAG_001094,Kaggle_road_csv,0,,Sunday,Unknown,Truck,Unknown,1,18-30,Unknown,No Distancing,Normal,Dry,Daylight,0,0,3,Minor
KAG_001095,Kaggle_road_csv,0,,Friday,Unknown,Truck,Unknown,2,18-30,Unknown,Changing Lane To The Left,Normal,Dry,Daylight,0,0,1,Minor
KAG_001096,Kaggle_road_csv,0,,Thursday,Unknown,Truck,Unknown,2,31-50,Under 18,Overtaking,Normal,Dry,Daylight,0,0,1,Minor
KAG_001097,Kaggle_road_csv,0,,Tuesday,Unknown,Truck,Unknown,1,18-30,Over 51,Changing Lane To The Right,Normal,Dry,Daylight,0,0,1,Minor
KAG_001098,Kaggle_road_csv,0,,Tuesday,Unknown,Truck,Unknown,2,31-50,18-30,No Distancing,Normal,Dry,Darkness - Lights Lit,0,0,1,Serious
KAG_001099,Kaggle_road_csv,0,,Thursday,Unknown,Truck,Unknown,1,31-50,Unknown,No Distancing,Normal,Dry,Daylight,0,0,1,Minor
KAG_001100,Kaggle_road_csv,0,,Saturday,Unknown,Truck,Unknown,2,31-50,Unknown,Changing Lane To The Right,Normal,Dry,Daylight,0,0,1,Minor
KAG_001101,Kaggle_road_csv,0,,Saturday,Unknown,Truck,Unknown,2,18-30,Unknown,No Distancing,Normal,Dry,Daylight,0,0,1,Minor
KAG_001102,Kaggle_road_csv,0,,Sunday,Unknown,Truck,Unknown,1,31-50,Unknown,Changing Lane To The Right,Normal,Dry,Daylight,0,0,1,Minor
KAG_001103,Kaggle_road_csv,0,,Thursday,Unknown,Truck,Unknown,2,Over 51,Over 51,No Distancing,Normal,Dry,Daylight,0,0,1,Minor
KAG_001104,Kaggle_road_csv,0,,Monday,Unknown,Truck,Unknown,1,31-50,Unknown,Changing Lane To The Right,Normal,Dry,Daylight,0,0,2,Minor
KAG_001105,Kaggle_road_csv,0,,Saturday,Unknown,Truck,Unknown,2,Over 51,Unknown,Overtaking,Raining,Wet Or Damp,Darkness - Lights Lit,0,0,3,Minor
KAG_001106,Kaggle_road_csv,0,,Saturday,Unknown,Truck,Unknown,2,18-30,18-30,Other,Normal,Dry,Daylight,0,0,1,Minor
KAG_001107,Kaggle_road_csv,0,,Monday,Unknown,Truck,Unknown,1,Over 51,18-30,No Priority To Vehicle,Normal,Dry,Daylight,0,0,1,Minor
KAG_001108,Kaggle_road_csv,0,,Saturday,Unknown,Truck,Unknown,2,18-30,Over 51,No Priority To Pedestrian,Normal,Dry,Daylight,0,0,1,Minor
KAG_001109,Kaggle_road_csv,0,,Thursday,Unknown,Truck,Unknown,2,Over 51,Unknown,Overtaking,Normal,Dry,Daylight,0,0,1,Minor
KAG_001110,Kaggle_road_csv,0,,Sunday,Unknown,Truck,Unknown,1,18-30,31-50,No Distancing,Normal,Dry,Daylight,0,0,1,Minor
KAG_001111,Kaggle_road_csv,0,,Monday,Unknown,Truck,Unknown,1,Unknown,18-30,No Priority To Vehicle,Normal,Dry,Daylight,0,0,1,Minor
KAG_001112,Kaggle_road_csv,0,,Tuesday,Unknown,Truck,Unknown,2,31-50,18-30,Changing Lane To The Right,Raining,Wet Or Damp,Daylight,0,0,1,Minor
KAG_001113,Kaggle_road_csv,0,,Tuesday,Unknown,Truck,Unknown,2,31-50,Under 18,No Distancing,Raining,Wet Or Damp,Daylight,0,0,1,Minor
KAG_001114,Kaggle_road_csv,0,,Monday,Unknown,Truck,Unknown,2,18-30,Unknown,No Distancing,Raining,Wet Or Damp,Darkness - Lights Lit,0,0,1,Minor
KAG_001115,Kaggle_road_csv,0,,Friday,Unknown,Truck,Unknown,2,Unknown,18-30,Other,Normal,Dry,Daylight,0,0,1,Minor
KAG_001116,Kaggle_road_csv,0,,Wednesday,Unknown,Truck,Unknown,2,Unknown,Over 51,No Distancing,Normal,Dry,Daylight,0,0,1,Minor
KAG_001117,Kaggle_road_csv,0,,Tuesday,Unknown,Truck,Unknown,2,31-50,Under 18,Changing Lane To The Left,Normal,Dry,Daylight,0,0,1,Serious
KAG_001118,Kaggle_road_csv,0,,Saturday,Unknown,Truck,Unknown,2,31-50,Unknown,Turnover,Normal,Dry,Darkness - Lights Lit,0,0,1,Minor
KAG_001119,Kaggle_road_csv,0,,Saturday,Unknown,Truck,Unknown,2,18-30,Over 51,Driving To The Left,Normal,Dry,Darkness - Lights Lit,0,0,1,Minor
KAG_001120,Kaggle_road_csv,0,,Tuesday,Unknown,Truck,Unknown,1,18-30,18-30,Changing Lane To The Right,Normal,Dry,Darkness - Lights Lit,0,0,1,Minor
KAG_001121,Kaggle_road_csv,0,,Tuesday,Unknown,Truck,Unknown,2,18-30,31-50,Driving Carelessly,Normal,Dry,Daylight,0,0,1,Minor
KAG_001122,Kaggle_road_csv,0,,Tuesday,Unknown,Truck,Unknown,2,31-50,Unknown,Driving Carelessly,Normal,Dry,Daylight,0,0,1,Minor
KAG_001123,Kaggle_road_csv,0,,Wednesday,Unknown,Truck,Unknown,2,31-50,Unknown,No Distancing,Normal,Dry,Darkness - Lights Lit,0,0,1,Minor
KAG_001124,Kaggle_road_csv,0,,Wednesday,Unknown,Truck,Unknown,1,31-50,Over 51,Changing Lane To The Right,Normal,Dry,Daylight,0,0,1,Minor
KAG_001125,Kaggle_road_csv,0,,Wednesday,Unknown,Truck,Unknown,3,18-30,18-30,Other,Normal,Dry,Daylight,0,0,2,Serious
KAG_001126,Kaggle_road_csv,0,,Tuesday,Unknown,Truck,Unknown,2,18-30,18-30,No Priority To Vehicle,Raining,Wet Or Damp,Daylight,0,0,1,Minor
KAG_001127,Kaggle_road_csv,0,,Sunday,Unknown,Truck,Unknown,2,31-50,31-50,Changing Lane To The Right,Normal,Dry,Darkness - Lights Lit,0,0,1,Minor
KAG_001128,Kaggle_road_csv,0,,Sunday,Unknown,Truck,Unknown,2,18-30,31-50,Moving Backward,Normal,Wet Or Damp,Darkness - Lights Lit,0,0,2,Minor
KAG_001129,Kaggle_road_csv,0,,Thursday,Unknown,Truck,Unknown,1,Unknown,Unknown,Changing Lane To The Right,Raining,Wet Or Damp,Daylight,0,0,1,Minor
KAG_001130,Kaggle_road_csv,0,,Monday,Unknown,Truck,Unknown,2,31-50,31-50,Moving Backward,Normal,Dry,Daylight,0,0,1,Minor
KAG_001131,Kaggle_road_csv,0,,Monday,Unknown,Truck,Unknown,1,Unknown,Under 18,Moving Backward,Normal,Wet Or Damp,Daylight,0,0,1,Minor
KAG_001132,Kaggle_road_csv,0,,Tuesday,Unknown,Truck,Unknown,2,18-30,Unknown,No Distancing,Normal,Wet Or Damp,Darkness - Lights Lit,0,0,1,Minor
KAG_001133,Kaggle_road_csv,0,,Tuesday,Unknown,Truck,Unknown,2,18-30,Over 51,No Priority To Pedestrian,Normal,Wet Or Damp,Darkness - Lights Lit,0,0,1,Minor
KAG_001134,Kaggle_road_csv,0,,Friday,Unknown,Truck,Unknown,1,Unknown,31-50,Moving Backward,Normal,Dry,Daylight,0,0,1,Minor
KAG_001135,Kaggle_road_csv,0,,Thursday,Unknown,Truck,Unknown,1,31-50,18-30,Changing Lane To The Left,Normal,Dry,Darkness - Lights Lit,0,0,2,Minor
KAG_001136,Kaggle_road_csv,0,,Friday,Unknown,Truck,Unknown,2,18-30,18-30,Changing Lane To The Right,Normal,Dry,Darkness - Lights Lit,0,0,1,Minor
KAG_001137,Kaggle_road_csv,0,,Saturday,Unknown,Truck,Unknown,1,31-50,Under 18,Changing Lane To The Left,Normal,Dry,Darkness - Lights Lit,0,0,1,Minor
KAG_001138,Kaggle_road_csv,0,,Monday,Unknown,Truck,Unknown,2,31-50,18-30,No Distancing,Normal,Dry,Darkness - Lights Lit,0,0,1,Minor
KAG_001139,Kaggle_road_csv,0,,Wednesday,Unknown,Truck,Unknown,1,31-50,Unknown,No Distancing,Normal,Dry,Darkness - Lights Lit,0,0,1,Serious
KAG_001140,Kaggle_road_csv,0,,Wednesday,Unknown,Truck,Unknown,2,18-30,Unknown,No Priority To Vehicle,Normal,Dry,Darkness - Lights Lit,0,0,1,Minor
KAG_001141,Kaggle_road_csv,0,,Thursday,Unknown,Truck,Unknown,2,31-50,Unknown,Changing Lane To The Right,Raining,Wet Or Damp,Darkness - Lights Lit,0,0,1,Minor
KAG_001142,Kaggle_road_csv,0,,Thursday,Unknown,Truck,Unknown,2,31-50,Over 51,Driving To The Left,Normal,Dry,Daylight,0,0,1,Minor
KAG_001143,Kaggle_road_csv,0,,Friday,Unknown,Truck,Unknown,2,31-50,Unknown,Driving To The Left,Raining,Wet Or Damp,Darkness - Lights Lit,0,0,1,Minor
KAG_001144,Kaggle_road_csv,0,,Saturday,Unknown,Truck,Unknown,2,31-50,18-30,Changing Lane To The Left,Raining,Wet Or Damp,Daylight,0,0,2,Minor
KAG_001145,Kaggle_road_csv,0,,Friday,Unknown,Truck,Unknown,2,18-30,31-50,Getting Off The Vehicle Improperly,Normal,Dry,Daylight,0,0,1,Serious
KAG_001146,Kaggle_road_csv,0,,Saturday,Unknown,Truck,Unknown,1,31-50,31-50,Driving Carelessly,Normal,Dry,Darkness - Lights Lit,0,0,1,Minor
KAG_001147,Kaggle_road_csv,0,,Saturday,Unknown,Truck,Unknown,2,31-50,18-30,Turnover,Normal,Dry,Daylight,0,0,3,Minor
KAG_001148,Kaggle_road_csv,0,,Saturday,Unknown,Truck,Unknown,2,18-30,Under 18,No Priority To Vehicle,Normal,Dry,Daylight,0,0,3,Minor
KAG_001149,Kaggle_road_csv,0,,Monday,Unknown,Truck,Unknown,2,31-50,Over 51,No Priority To Pedestrian,Normal,Dry,Darkness - Lights Lit,0,0,1,Minor
KAG_001150,Kaggle_road_csv,0,,Friday,Unknown,Truck,Unknown,2,18-30,18-30,No Distancing,Normal,Dry,Darkness - Lights Lit,0,0,1,Minor
KAG_001151,Kaggle_road_csv,0,,Wednesday,Unknown,Truck,Unknown,1,Over 51,Unknown,Overloading,Normal,Dry,Daylight,0,0,1,Minor
KAG_001152,Kaggle_road_csv,0,,Friday,Unknown,Truck,Unknown,3,Unknown,Unknown,Changing Lane To The Left,Normal,Dry,Daylight,0,0,1,Minor
KAG_001153,Kaggle_road_csv,0,,Monday,Unknown,Truck,Unknown,2,31-50,18-30,Overspeed,Normal,Wet Or Damp,Daylight,0,0,1,Minor
KAG_001154,Kaggle_road_csv,0,,Thursday,Unknown,Truck,Unknown,2,31-50,18-30,Changing Lane To The Right,Normal,Dry,Darkness - Lights Lit,0,0,1,Minor
KAG_001155,Kaggle_road_csv,0,,Saturday,Unknown,Truck,Unknown,2,18-30,31-50,Driving Carelessly,Normal,Wet Or Damp,Darkness - Lights Lit,0,0,1,Minor
KAG_001156,Kaggle_road_csv,0,,Saturday,Unknown,Truck,Unknown,2,18-30,31-50,Changing Lane To The Left,Normal,Dry,Daylight,0,0,1,Minor
KAG_001157,Kaggle_road_csv,0,,Tuesday,Unknown,Truck,Unknown,1,Unknown,18-30,Changing Lane To The Right,Normal,Dry,Daylight,0,0,1,Minor
KAG_001158,Kaggle_road_csv,0,,Monday,Unknown,Truck,Unknown,2,31-50,Unknown,No Distancing,Normal,Wet Or Damp,Daylight,0,0,1,Minor
KAG_001159,Kaggle_road_csv,0,,Monday,Unknown,Truck,Unknown,2,18-30,Unknown,Changing Lane To The Right,Normal,Dry,Darkness - Lights Lit,0,0,1,Minor
KAG_001160,Kaggle_road_csv,0,,Thursday,Unknown,Truck,Unknown,2,Unknown,Unknown,No Distancing,Normal,Dry,Daylight,0,0,1,Minor
KAG_001161,Kaggle_road_csv,0,,Tuesday,Unknown,Truck,Unknown,2,31-50,31-50,No Priority To Pedestrian,Normal,Dry,Daylight,0,0,2,Minor
KAG_001162,Kaggle_road_csv,0,,Tuesday,Unknown,Truck,Unknown,2,18-30,31-50,No Distancing,Normal,Dry,Daylight,0,0,2,Minor
KAG_001163,Kaggle_road_csv,0,,Tuesday,Unknown,Truck,Unknown,2,18-30,Unknown,Changing Lane To The Right,Normal,Dry,Daylight,0,0,2,Minor
KAG_001164,Kaggle_road_csv,0,,Thursday,Unknown,Truck,Unknown,1,Under 18,Unknown,Overtaking,Normal,Dry,Daylight,0,0,2,Minor
KAG_001165,Kaggle_road_csv,0,,Thursday,Unknown,Truck,Unknown,1,31-50,18-30,No Priority To Pedestrian,Normal,Dry,Daylight,0,0,1,Minor
KAG_001166,Kaggle_road_csv,0,,Saturday,Unknown,Truck,Unknown,2,18-30,31-50,Driving Carelessly,Normal,Wet Or Damp,Darkness - Lights Lit,0,0,1,Minor
KAG_001167,Kaggle_road_csv,0,,Friday,Unknown,Truck,Unknown,2,Unknown,31-50,Moving Backward,Raining,Wet Or Damp,Darkness - Lights Lit,0,0,1,Minor
KAG_001168,Kaggle_road_csv,0,,Wednesday,Unknown,Truck,Unknown,2,18-30,Unknown,Other,Normal,Dry,Daylight,0,0,1,Minor
KAG_001169,Kaggle_road_csv,0,,Wednesday,Unknown,Truck,Unknown,2,31-50,31-50,Changing Lane To The Right,Normal,Dry,Daylight,0,0,1,Minor
KAG_001170,Kaggle_road_csv,0,,Friday,Unknown,Truck,Unknown,2,31-50,18-30,No Distancing,Normal,Dry,Daylight,0,0,1,Minor
KAG_001171,Kaggle_road_csv,0,,Friday,Unknown,Truck,Unknown,2,Unknown,Unknown,No Distancing,Normal,Dry,Daylight,0,0,1,Minor
KAG_001172,Kaggle_road_csv,0,,Thursday,Unknown,Truck,Unknown,2,31-50,Over 51,Overturning,Normal,Dry,Daylight,0,0,1,Serious
KAG_001173,Kaggle_road_csv,0,,Thursday,Unknown,Truck,Unknown,2,31-50,Unknown,Driving At High Speed,Normal,Dry,Daylight,0,0,1,Serious
KAG_001174,Kaggle_road_csv,0,,Sunday,Unknown,Truck,Unknown,2,18-30,31-50,No Priority To Vehicle,Normal,Wet Or Damp,Daylight,0,0,3,Minor
KAG_001175,Kaggle_road_csv,0,,Sunday,Unknown,Truck,Unknown,2,Over 51,18-30,No Distancing,Normal,Wet Or Damp,Daylight,0,0,3,Minor
KAG_001176,Kaggle_road_csv,0,,Thursday,Unknown,Truck,Unknown,2,18-30,Unknown,No Distancing,Normal,Dry,Daylight,0,0,2,Minor
KAG_001177,Kaggle_road_csv,0,,Tuesday,Unknown,Truck,Unknown,1,18-30,18-30,No Priority To Vehicle,Normal,Dry,Darkness - Lights Lit,0,0,1,Minor
KAG_001178,Kaggle_road_csv,0,,Wednesday,Unknown,Truck,Unknown,2,Unknown,Under 18,Changing Lane To The Right,Raining,Wet Or Damp,Darkness - Lights Lit,0,0,1,Minor
KAG_001179,Kaggle_road_csv,0,,Tuesday,Unknown,Truck,Unknown,2,Under 18,Unknown,No Priority To Pedestrian,Normal,Dry,Darkness - Lights Lit,0,0,1,Minor
KAG_001180,Kaggle_road_csv,0,,Thursday,Unknown,Truck,Unknown,3,Unknown,Unknown,Driving Carelessly,Normal,Dry,Daylight,0,0,1,Minor
KAG_001181,Kaggle_road_csv,0,,Sunday,Unknown,Truck,Unknown,1,18-30,31-50,Other,Normal,Dry,Darkness - Lights Lit,0,0,1,Minor
KAG_001182,Kaggle_road_csv,0,,Friday,Unknown,Truck,Unknown,2,18-30,18-30,Overtaking,Normal,Dry,Daylight,0,0,1,Serious
KAG_001183,Kaggle_road_csv,0,,Friday,Unknown,Truck,Unknown,1,31-50,Unknown,Other,Normal,Dry,Daylight,0,0,1,Serious
KAG_001184,Kaggle_road_csv,0,,Thursday,Unknown,Truck,Unknown,2,18-30,31-50,Moving Backward,Normal,Wet Or Damp,Daylight,0,0,1,Minor
KAG_001185,Kaggle_road_csv,0,,Thursday,Unknown,Truck,Unknown,2,31-50,Under 18,Other,Normal,Wet Or Damp,Daylight,0,0,1,Minor
KAG_001186,Kaggle_road_csv,0,,Monday,Unknown,Truck,Unknown,1,Over 51,31-50,No Priority To Vehicle,Normal,Dry,Daylight,0,0,1,Minor
KAG_001187,Kaggle_road_csv,0,,Tuesday,Unknown,Truck,Unknown,1,Unknown,31-50,Changing Lane To The Right,Normal,Dry,Darkness - Lights Lit,0,0,1,Minor
KAG_001188,Kaggle_road_csv,0,,Tuesday,Unknown,Truck,Unknown,2,18-30,Under 18,Other,Normal,Dry,Daylight,0,0,1,Minor
KAG_001189,Kaggle_road_csv,0,,Tuesday,Unknown,Truck,Unknown,1,31-50,31-50,Driving Carelessly,Normal,Dry,Daylight,0,0,1,Minor
KAG_001190,Kaggle_road_csv,0,,Saturday,Unknown,Truck,Unknown,1,31-50,31-50,Changing Lane To The Left,Normal,Dry,Daylight,0,0,1,Serious
KAG_001191,Kaggle_road_csv,0,,Thursday,Unknown,Truck,Unknown,2,31-50,18-30,No Priority To Pedestrian,Normal,Dry,Daylight,0,0,1,Minor
KAG_001192,Kaggle_road_csv,0,,Friday,Unknown,Truck,Unknown,2,31-50,31-50,No Priority To Pedestrian,Normal,Wet Or Damp,Darkness - Lights Lit,0,0,2,Minor
KAG_001193,Kaggle_road_csv,0,,Friday,Unknown,Truck,Unknown,2,31-50,18-30,Changing Lane To The Left,Normal,Dry,Daylight,0,0,2,Minor
KAG_001194,Kaggle_road_csv,0,,Friday,Unknown,Truck,Unknown,2,31-50,31-50,Changing Lane To The Right,Normal,Dry,Darkness - Lights Lit,0,0,1,Minor
KAG_001195,Kaggle_road_csv,0,,Thursday,Unknown,Truck,Unknown,2,Unknown,18-30,No Distancing,Normal,Dry,Darkness - Lights Lit,0,0,1,Minor
KAG_001196,Kaggle_road_csv,0,,Monday,Unknown,Truck,Unknown,2,31-50,Over 51,Overtaking,Normal,Dry,Daylight,0,0,1,Minor
KAG_001197,Kaggle_road_csv,0,,Thursday,Unknown,Truck,Unknown,1,18-30,Unknown,No Priority To Pedestrian,Normal,Dry,Darkness - Lights Lit,0,0,1,Minor
KAG_001198,Kaggle_road_csv,0,,Thursday,Unknown,Truck,Unknown,2,18-30,Over 51,No Distancing,Normal,Dry,Daylight,0,0,1,Minor
KAG_001199,Kaggle_road_csv,0,,Wednesday,Unknown,Truck,Unknown,1,Unknown,18-30,No Priority To Vehicle,Normal,Dry,Daylight,0,0,1,Minor
KAG_001200,Kaggle_road_csv,0,,Saturday,Unknown,Truck,Unknown,2,31-50,Unknown,No Distancing,Normal,Dry,Daylight,0,0,1,Minor
KAG_001201,Kaggle_road_csv,0,,Saturday,Unknown,Truck,Unknown,2,18-30,Unknown,No Priority To Pedestrian,Normal,Dry,Daylight,0,0,1,Minor
KAG_001202,Kaggle_road_csv,0,,Friday,Unknown,Truck,Unknown,2,31-50,Unknown,Driving To The Left,Normal,Dry,Darkness - Lights Lit,0,0,1,Minor
KAG_001203,Kaggle_road_csv,0,,Saturday,Unknown,Truck,Unknown,2,31-50,Unknown,No Priority To Pedestrian,Normal,Dry,Daylight,0,0,1,Minor
KAG_001204,Kaggle_road_csv,0,,Saturday,Unknown,Truck,Unknown,3,Over 51,18-30,Changing Lane To The Right,Normal,Dry,Darkness - Lights Lit,0,0,1,Minor
KAG_001205,Kaggle_road_csv,0,,Saturday,Unknown,Truck,Unknown,3,31-50,Unknown,No Distancing,Normal,Dry,Darkness - Lights Lit,0,0,1,Minor
KAG_001206,Kaggle_road_csv,0,,Sunday,Unknown,Truck,Unknown,2,18-30,Over 51,Changing Lane To The Right,Normal,Dry,Darkness - Lights Lit,0,0,2,Minor
KAG_001207,Kaggle_road_csv,0,,Thursday,Unknown,Truck,Unknown,2,18-30,18-30,Changing Lane To The Right,Normal,Dry,Daylight,0,0,1,Minor
KAG_001208,Kaggle_road_csv,0,,Tuesday,Unknown,Truck,Unknown,3,Under 18,18-30,No Distancing,Normal,Dry,Daylight,0,0,1,Minor
KAG_001209,Kaggle_road_csv,0,,Tuesday,Unknown,Truck,Unknown,3,Unknown,Under 18,Changing Lane To The Left,Normal,Dry,Daylight,0,0,1,Minor
KAG_001210,Kaggle_road_csv,0,,Wednesday,Unknown,Truck,Unknown,1,Over 51,Unknown,No Distancing,Normal,Dry,Daylight,0,0,1,Minor
KAG_001211,Kaggle_road_csv,0,,Wednesday,Unknown,Truck,Unknown,1,Over 51,Unknown,No Distancing,Normal,Dry,Daylight,0,0,1,Minor
KAG_001212,Kaggle_road_csv,0,,Friday,Unknown,Truck,Unknown,2,31-50,18-30,No Priority To Vehicle,Normal,Dry,Daylight,0,0,1,Minor
KAG_001213,Kaggle_road_csv,0,,Friday,Unknown,Truck,Unknown,3,31-50,Over 51,Overtaking,Normal,Dry,Daylight,0,0,1,Minor
KAG_001214,Kaggle_road_csv,0,,Friday,Unknown,Truck,Unknown,3,Unknown,18-30,No Distancing,Normal,Dry,Daylight,0,0,1,Minor
KAG_001215,Kaggle_road_csv,0,,Saturday,Unknown,Truck,Unknown,2,Unknown,Unknown,No Priority To Vehicle,Normal,Dry,Daylight,0,0,1,Minor
KAG_001216,Kaggle_road_csv,0,,Tuesday,Unknown,Truck,Unknown,1,31-50,Unknown,Driving Carelessly,Normal,Dry,Daylight,0,0,1,Minor
KAG_001217,Kaggle_road_csv,0,,Wednesday,Unknown,Truck,Unknown,2,31-50,18-30,Changing Lane To The Left,Normal,Dry,Daylight,0,0,1,Minor
KAG_001218,Kaggle_road_csv,0,,Thursday,Unknown,Truck,Unknown,1,18-30,Unknown,Changing Lane To The Left,Raining,Wet Or Damp,Daylight,0,0,1,Minor
KAG_001219,Kaggle_road_csv,0,,Thursday,Unknown,Truck,Unknown,2,31-50,Unknown,Changing Lane To The Left,Raining,Wet Or Damp,Daylight,0,0,1,Minor
KAG_001220,Kaggle_road_csv,0,,Friday,Unknown,Truck,Unknown,2,31-50,Over 51,Driving To The Left,Normal,Dry,Daylight,0,0,1,Minor
KAG_001221,Kaggle_road_csv,0,,Friday,Unknown,Truck,Unknown,2,31-50,18-30,No Distancing,Normal,Dry,Daylight,0,0,1,Minor
KAG_001222,Kaggle_road_csv,0,,Sunday,Unknown,Truck,Unknown,2,18-30,Unknown,Driving Under The Influence Of Drugs,Normal,Wet Or Damp,Daylight,0,0,1,Minor
KAG_001223,Kaggle_road_csv,0,,Sunday,Unknown,Truck,Unknown,2,18-30,18-30,No Priority To Vehicle,Normal,Wet Or Damp,Darkness - Lights Lit,0,0,1,Minor
KAG_001224,Kaggle_road_csv,0,,Wednesday,Unknown,Truck,Unknown,2,31-50,18-30,No Distancing,Normal,Dry,Darkness - Lights Lit,0,0,1,Minor
KAG_001225,Kaggle_road_csv,0,,Wednesday,Unknown,Truck,Unknown,1,Unknown,18-30,No Priority To Vehicle,Normal,Dry,Daylight,0,0,1,Minor
KAG_001226,Kaggle_road_csv,0,,Wednesday,Unknown,Truck,Unknown,2,31-50,Unknown,Overturning,Normal,Dry,Daylight,0,0,2,Minor
KAG_001227,Kaggle_road_csv,0,,Saturday,Unknown,Truck,Unknown,1,Unknown,Unknown,No Priority To Vehicle,Normal,Dry,Darkness - Lights Lit,0,0,1,Minor
KAG_001228,Kaggle_road_csv,0,,Thursday,Unknown,Truck,Unknown,2,31-50,31-50,No Distancing,Normal,Wet Or Damp,Darkness - Lights Lit,0,0,1,Minor
KAG_001229,Kaggle_road_csv,0,,Saturday,Unknown,Truck,Unknown,2,31-50,18-30,Driving Under The Influence Of Drugs,Normal,Dry,Daylight,0,0,1,Minor
KAG_001230,Kaggle_road_csv,0,,Tuesday,Unknown,Truck,Unknown,2,Unknown,18-30,Changing Lane To The Right,Normal,Dry,Daylight,0,0,1,Minor
KAG_001231,Kaggle_road_csv,0,,Friday,Unknown,Truck,Unknown,2,31-50,18-30,Driving Under The Influence Of Drugs,Normal,Dry,Daylight,0,0,1,Minor
KAG_001232,Kaggle_road_csv,0,,Saturday,Unknown,Truck,Unknown,2,31-50,18-30,Driving Carelessly,Normal,Dry,Darkness - Lights Lit,0,0,1,Minor
KAG_001233,Kaggle_road_csv,0,,Saturday,Unknown,Truck,Unknown,2,Unknown,Unknown,No Distancing,Normal,Dry,Darkness - Lights Lit,0,0,1,Minor
KAG_001234,Kaggle_road_csv,0,,Wednesday,Unknown,Truck,Unknown,2,Under 18,18-30,Changing Lane To The Left,Normal,Dry,Daylight,0,0,1,Minor
KAG_001235,Kaggle_road_csv,0,,Tuesday,Unknown,Truck,Unknown,1,31-50,31-50,Overtaking,Normal,Dry,Daylight,0,0,1,Minor
KAG_001236,Kaggle_road_csv,0,,Monday,Unknown,Truck,Unknown,2,Unknown,Over 51,No Distancing,Normal,Dry,Daylight,0,0,1,Minor
KAG_001237,Kaggle_road_csv,0,,Thursday,Unknown,Truck,Unknown,2,31-50,18-30,No Priority To Vehicle,Normal,Dry,Daylight,0,0,1,Serious
KAG_001238,Kaggle_road_csv,0,,Friday,Unknown,Truck,Unknown,2,31-50,Unknown,Moving Backward,Normal,Dry,Daylight,0,0,1,Minor
KAG_001239,Kaggle_road_csv,0,,Friday,Unknown,Truck,Unknown,2,31-50,Unknown,Changing Lane To The Right,Normal,Dry,Darkness - Lights Lit,0,0,1,Minor
KAG_001240,Kaggle_road_csv,0,,Sunday,Unknown,Truck,Unknown,2,31-50,Unknown,No Priority To Vehicle,Normal,Dry,Daylight,0,0,2,Minor
KAG_001241,Kaggle_road_csv,0,,Friday,Unknown,Truck,Unknown,2,18-30,Unknown,No Priority To Vehicle,Normal,Dry,Daylight,0,0,1,Minor
KAG_001242,Kaggle_road_csv,0,,Friday,Unknown,Truck,Unknown,2,Unknown,31-50,No Priority To Vehicle,Normal,Dry,Daylight,0,0,1,Minor
KAG_001243,Kaggle_road_csv,0,,Friday,Unknown,Truck,Unknown,2,Unknown,31-50,Moving Backward,Normal,Dry,Daylight,0,0,1,Minor
KAG_001244,Kaggle_road_csv,0,,Saturday,Unknown,Truck,Unknown,2,18-30,18-30,Driving Carelessly,Normal,Dry,Daylight,0,0,1,Minor
KAG_001245,Kaggle_road_csv,0,,Thursday,Unknown,Truck,Unknown,1,Unknown,18-30,Changing Lane To The Right,Normal,Dry,Daylight,0,0,1,Minor
KAG_001246,Kaggle_road_csv,0,,Monday,Unknown,Truck,Unknown,3,18-30,Unknown,Driving To The Left,Normal,Dry,Daylight,0,0,1,Minor
KAG_001247,Kaggle_road_csv,0,,Tuesday,Unknown,Truck,Unknown,1,Over 51,Unknown,Driving To The Left,Normal,Dry,Daylight,0,0,1,Minor
KAG_001248,Kaggle_road_csv,0,,Wednesday,Unknown,Truck,Unknown,2,18-30,Unknown,No Distancing,Normal,Dry,Daylight,0,0,2,Minor
KAG_001249,Kaggle_road_csv,0,,Wednesday,Unknown,Truck,Unknown,2,Unknown,Unknown,Driving Carelessly,Normal,Dry,Darkness - Lights Lit,0,0,2,Minor
KAG_001250,Kaggle_road_csv,0,,Monday,Unknown,Truck,Unknown,1,Over 51,Unknown,No Distancing,Normal,Dry,Daylight,0,0,1,Serious
KAG_001251,Kaggle_road_csv,0,,Saturday,Unknown,Truck,Unknown,2,18-30,18-30,Changing Lane To The Left,Normal,Dry,Darkness - Lights Lit,0,0,1,Minor
KAG_001252,Kaggle_road_csv,0,,Saturday,Unknown,Truck,Unknown,2,Unknown,Unknown,No Distancing,Normal,Dry,Darkness - Lights Lit,0,0,1,Minor
KAG_001253,Kaggle_road_csv,0,,Thursday,Unknown,Truck,Unknown,1,18-30,18-30,Driving Carelessly,Normal,Dry,Daylight,0,0,1,Minor
KAG_001254,Kaggle_road_csv,0,,Thursday,Unknown,Truck,Unknown,2,18-30,Unknown,Changing Lane To The Right,Normal,Dry,Daylight,0,0,1,Minor
KAG_001255,Kaggle_road_csv,0,,Wednesday,Unknown,Truck,Unknown,2,Over 51,Unknown,Driving Carelessly,Normal,Dry,Daylight,0,0,1,Minor
KAG_001256,Kaggle_road_csv,0,,Saturday,Unknown,Truck,Unknown,2,Unknown,18-30,Driving To The Left,Normal,Wet Or Damp,Darkness - Lights Lit,0,0,1,Minor
KAG_001257,Kaggle_road_csv,0,,Saturday,Unknown,Truck,Unknown,2,18-30,31-50,Changing Lane To The Left,Normal,Wet Or Damp,Darkness - Lights Lit,0,0,1,Minor
KAG_001258,Kaggle_road_csv,0,,Saturday,Unknown,Truck,Unknown,2,31-50,31-50,Changing Lane To The Right,Normal,Dry,Daylight,0,0,8,Minor
KAG_001259,Kaggle_road_csv,0,,Saturday,Unknown,Truck,Unknown,2,31-50,18-30,Moving Backward,Normal,Dry,Daylight,0,0,8,Minor
KAG_001260,Kaggle_road_csv,0,,Saturday,Unknown,Truck,Unknown,2,31-50,Under 18,No Distancing,Normal,Dry,Daylight,0,0,8,Minor
KAG_001261,Kaggle_road_csv,0,,Thursday,Unknown,Truck,Unknown,2,18-30,18-30,Moving Backward,Normal,Dry,Darkness - Lights Lit,0,0,1,Minor
KAG_001262,Kaggle_road_csv,0,,Thursday,Unknown,Truck,Unknown,2,Over 51,18-30,No Priority To Vehicle,Normal,Dry,Daylight,0,0,2,Serious
KAG_001263,Kaggle_road_csv,0,,Monday,Unknown,Truck,Unknown,1,31-50,Unknown,Turnover,Normal,Dry,Daylight,0,0,1,Minor
KAG_001264,Kaggle_road_csv,0,,Saturday,Unknown,Truck,Unknown,2,18-30,Unknown,Changing Lane To The Left,Normal,Dry,Darkness - Lights Lit,0,0,1,Minor
KAG_001265,Kaggle_road_csv,0,,Wednesday,Unknown,Truck,Unknown,2,18-30,31-50,No Priority To Pedestrian,Raining,Wet Or Damp,Daylight,0,0,1,Minor
KAG_001266,Kaggle_road_csv,0,,Wednesday,Unknown,Truck,Unknown,2,18-30,31-50,No Priority To Vehicle,Raining,Wet Or Damp,Daylight,0,0,1,Minor
KAG_001267,Kaggle_road_csv,0,,Saturday,Unknown,Truck,Unknown,2,18-30,Unknown,Driving Under The Influence Of Drugs,Normal,Dry,Daylight,0,0,1,Serious
KAG_001268,Kaggle_road_csv,0,,Saturday,Unknown,Truck,Unknown,2,18-30,31-50,Driving Carelessly,Normal,Dry,Daylight,0,0,1,Serious
KAG_001269,Kaggle_road_csv,0,,Monday,Unknown,Truck,Unknown,1,31-50,Unknown,No Distancing,Normal,Dry,Darkness - Lights Lit,0,0,1,Minor
KAG_001270,Kaggle_road_csv,0,,Sunday,Unknown,Truck,Unknown,2,Under 18,Unknown,No Distancing,Raining,Wet Or Damp,Darkness - Lights Lit,0,0,1,Minor
KAG_001271,Kaggle_road_csv,0,,Sunday,Unknown,Truck,Unknown,2,18-30,31-50,No Distancing,Raining,Wet Or Damp,Darkness - Lights Lit,0,0,1,Minor
KAG_001272,Kaggle_road_csv,0,,Saturday,Unknown,Truck,Unknown,2,18-30,18-30,No Distancing,Normal,Dry,Darkness - Lights Lit,0,0,2,Minor
KAG_001273,Kaggle_road_csv,0,,Thursday,Unknown,Truck,Unknown,2,18-30,18-30,No Distancing,Raining,Wet Or Damp,Daylight,0,0,3,Minor
KAG_001274,Kaggle_road_csv,0,,Thursday,Unknown,Truck,Unknown,2,18-30,Unknown,Changing Lane To The Right,Raining,Wet Or Damp,Daylight,0,0,3,Minor
KAG_001275,Kaggle_road_csv,0,,Tuesday,Unknown,Truck,Unknown,1,31-50,Unknown,Moving Backward,Raining,Wet Or Damp,Darkness - Lights Lit,0,0,1,Serious
KAG_001276,Kaggle_road_csv,0,,Tuesday,Unknown,Truck,Unknown,3,Over 51,18-30,Driving At High Speed,Raining,Wet Or Damp,Daylight,0,0,1,Minor
KAG_001277,Kaggle_road_csv,0,,Monday,Unknown,Truck,Unknown,2,18-30,Unknown,Overturning,Normal,Dry,Darkness - Lights Lit,0,0,3,Minor
KAG_001278,Kaggle_road_csv,0,,Saturday,Unknown,Truck,Unknown,3,18-30,Unknown,No Distancing,Normal,Dry,Darkness - Lights Lit,0,0,3,Serious
KAG_001279,Kaggle_road_csv,0,,Saturday,Unknown,Truck,Unknown,3,18-30,18-30,Overturning,Normal,Dry,Darkness - Lights Lit,0,0,3,Serious
KAG_001280,Kaggle_road_csv,0,,Saturday,Unknown,Truck,Unknown,3,31-50,Unknown,Driving Carelessly,Normal,Dry,Darkness - Lights Lit,0,0,3,Serious
KAG_001281,Kaggle_road_csv,0,,Saturday,Unknown,Truck,Unknown,3,31-50,18-30,Changing Lane To The Right,Normal,Wet Or Damp,Daylight,0,0,5,Minor
KAG_001282,Kaggle_road_csv,0,,Thursday,Unknown,Truck,Unknown,2,18-30,Under 18,Driving Under The Influence Of Drugs,Normal,Dry,Daylight,0,0,1,Minor
KAG_001283,Kaggle_road_csv,0,,Wednesday,Unknown,Truck,Unknown,2,18-30,Unknown,No Distancing,Windy,Wet Or Damp,Darkness - Lights Lit,0,0,1,Minor
KAG_001284,Kaggle_road_csv,0,,Tuesday,Unknown,Truck,Unknown,2,18-30,Unknown,No Priority To Vehicle,Normal,Wet Or Damp,Daylight,0,0,1,Minor
KAG_001285,Kaggle_road_csv,0,,Tuesday,Unknown,Truck,Unknown,2,Unknown,18-30,No Priority To Vehicle,Normal,Wet Or Damp,Daylight,0,0,1,Minor
KAG_001286,Kaggle_road_csv,0,,Saturday,Unknown,Truck,Unknown,2,31-50,Unknown,No Distancing,Normal,Dry,Daylight,0,0,1,Minor
KAG_001287,Kaggle_road_csv,0,,Saturday,Unknown,Truck,Unknown,2,31-50,Unknown,Overturning,Raining,Wet Or Damp,Daylight,0,0,1,Minor
KAG_001288,Kaggle_road_csv,0,,Saturday,Unknown,Truck,Unknown,2,18-30,31-50,Changing Lane To The Right,Normal,Wet Or Damp,Darkness - Lights Lit,0,0,1,Serious
KAG_001289,Kaggle_road_csv,0,,Saturday,Unknown,Truck,Unknown,2,18-30,Unknown,No Priority To Vehicle,Other,Wet Or Damp,Darkness - Lights Lit,0,0,1,Minor
KAG_001290,Kaggle_road_csv,0,,Monday,Unknown,Truck,Unknown,1,Unknown,31-50,No Distancing,Unknown,Dry,Daylight,0,0,1,Minor
KAG_001291,Kaggle_road_csv,0,,Tuesday,Unknown,Truck,Unknown,2,31-50,18-30,Driving Carelessly,Normal,Dry,Daylight,0,0,2,Minor
KAG_001292,Kaggle_road_csv,0,,Wednesday,Unknown,Truck,Unknown,1,Over 51,31-50,No Priority To Vehicle,Normal,Dry,Daylight,0,0,1,Minor
KAG_001293,Kaggle_road_csv,0,,Wednesday,Unknown,Truck,Unknown,2,31-50,Unknown,No Priority To Vehicle,Normal,Dry,Daylight,0,0,2,Minor
KAG_001294,Kaggle_road_csv,0,,Sunday,Unknown,Truck,Unknown,2,Unknown,31-50,Changing Lane To The Left,Unknown,Dry,Daylight,0,0,1,Minor
KAG_001295,Kaggle_road_csv,0,,Monday,Unknown,Truck,Unknown,1,18-30,Unknown,Changing Lane To The Right,Normal,Dry,Daylight,0,0,1,Minor
KAG_001296,Kaggle_road_csv,0,,Saturday,Unknown,Truck,Unknown,2,Unknown,18-30,Moving Backward,Other,Wet Or Damp,Darkness - Lights Lit,0,0,1,Minor
KAG_001297,Kaggle_road_csv,0,,Tuesday,Unknown,Truck,Unknown,1,18-30,18-30,No Distancing,Normal,Dry,Daylight,0,0,1,Minor
KAG_001298,Kaggle_road_csv,0,,Tuesday,Unknown,Truck,Unknown,2,Over 51,18-30,Driving Carelessly,Normal,Wet Or Damp,Daylight,0,0,1,Minor
KAG_001299,Kaggle_road_csv,0,,Monday,Unknown,Truck,Unknown,2,Unknown,Under 18,Driving Carelessly,Normal,Dry,Darkness - Lights Lit,0,0,1,Minor
KAG_001300,Kaggle_road_csv,0,,Monday,Unknown,Truck,Unknown,2,18-30,18-30,Driving To The Left,Normal,Dry,Darkness - Lights Lit,0,0,1,Minor
KAG_001301,Kaggle_road_csv,0,,Saturday,Unknown,Truck,Unknown,2,Over 51,18-30,Changing Lane To The Right,Normal,Dry,Darkness - Lights Lit,0,0,1,Minor
KAG_001302,Kaggle_road_csv,0,,Wednesday,Unknown,Truck,Unknown,2,31-50,18-30,Driving Carelessly,Normal,Dry,Daylight,0,0,1,Minor
KAG_001303,Kaggle_road_csv,0,,Friday,Unknown,Truck,Unknown,2,Unknown,Unknown,No Distancing,Normal,Dry,Darkness - Lights Lit,0,0,2,Minor
KAG_001304,Kaggle_road_csv,0,,Friday,Unknown,Truck,Unknown,2,31-50,31-50,Overtaking,Normal,Dry,Darkness - Lights Lit,0,0,2,Minor
KAG_001305,Kaggle_road_csv,0,,Friday,Unknown,Truck,Unknown,1,Unknown,31-50,No Distancing,Raining,Wet Or Damp,Daylight,0,0,1,Minor
KAG_001306,Kaggle_road_csv,0,,Friday,Unknown,Truck,Unknown,2,31-50,Unknown,Driving Under The Influence Of Drugs,Normal,Wet Or Damp,Daylight,0,0,1,Minor
KAG_001307,Kaggle_road_csv,0,,Tuesday,Unknown,Truck,Unknown,2,31-50,Over 51,Moving Backward,Normal,Wet Or Damp,Daylight,0,0,2,Minor
KAG_001308,Kaggle_road_csv,0,,Friday,Unknown,Truck,Unknown,2,Unknown,Unknown,Changing Lane To The Left,Raining,Wet Or Damp,Daylight,0,0,1,Minor
KAG_001309,Kaggle_road_csv,0,,Wednesday,Unknown,Truck,Unknown,1,31-50,18-30,No Priority To Vehicle,Normal,Wet Or Damp,Darkness - Lights Lit,0,0,1,Minor
KAG_001310,Kaggle_road_csv,0,,Tuesday,Unknown,Truck,Unknown,3,Unknown,Unknown,Driving Under The Influence Of Drugs,Normal,Dry,Darkness - Lights Lit,0,0,1,Serious
KAG_001311,Kaggle_road_csv,0,,Monday,Unknown,Truck,Unknown,2,31-50,Unknown,Changing Lane To The Right,Raining,Wet Or Damp,Darkness - Lights Lit,0,0,1,Minor
KAG_001312,Kaggle_road_csv,0,,Monday,Unknown,Truck,Unknown,2,Under 18,Unknown,Moving Backward,Raining,Wet Or Damp,Darkness - Lights Lit,0,0,1,Minor
KAG_001313,Kaggle_road_csv,0,,Wednesday,Unknown,Truck,Unknown,2,31-50,Unknown,No Distancing,Normal,Dry,Daylight,0,0,2,Minor
KAG_001314,Kaggle_road_csv,0,,Friday,Unknown,Truck,Unknown,2,Over 51,Unknown,Changing Lane To The Right,Normal,Dry,Daylight,0,0,2,Serious
KAG_001315,Kaggle_road_csv,0,,Tuesday,Unknown,Truck,Unknown,2,Unknown,Unknown,Changing Lane To The Left,Normal,Dry,Daylight,0,0,2,Minor
KAG_001316,Kaggle_road_csv,0,,Sunday,Unknown,Truck,Unknown,2,31-50,Unknown,Changing Lane To The Right,Normal,Dry,Daylight,0,0,2,Minor
KAG_001317,Kaggle_road_csv,0,,Monday,Unknown,Truck,Unknown,3,31-50,Unknown,No Priority To Vehicle,Normal,Dry,Daylight,0,0,2,Minor
KAG_001318,Kaggle_road_csv,0,,Monday,Unknown,Truck,Unknown,3,31-50,Unknown,Changing Lane To The Left,Normal,Dry,Daylight,0,0,2,Minor
KAG_001319,Kaggle_road_csv,0,,Monday,Unknown,Truck,Unknown,1,31-50,18-30,Changing Lane To The Left,Normal,Dry,Darkness - Lights Lit,0,0,1,Fatal
KAG_001320,Kaggle_road_csv,0,,Thursday,Unknown,Truck,Unknown,2,18-30,31-50,Changing Lane To The Right,Unknown,Dry,Darkness - Lights Lit,0,0,1,Minor
KAG_001321,Kaggle_road_csv,0,,Wednesday,Unknown,Truck,Unknown,2,18-30,18-30,No Distancing,Unknown,Dry,Daylight,0,0,1,Serious
KAG_001322,Kaggle_road_csv,0,,Thursday,Unknown,Truck,Unknown,1,18-30,Over 51,No Priority To Vehicle,Normal,Dry,Daylight,0,0,1,Minor
KAG_001323,Kaggle_road_csv,0,,Tuesday,Unknown,Truck,Unknown,2,Over 51,Over 51,Moving Backward,Other,Wet Or Damp,Daylight,0,0,2,Minor
KAG_001324,Kaggle_road_csv,0,,Saturday,Unknown,Truck,Unknown,2,18-30,Unknown,No Distancing,Raining,Wet Or Damp,Darkness - Lights Lit,0,0,1,Minor
KAG_001325,Kaggle_road_csv,0,,Tuesday,Unknown,Truck,Unknown,2,31-50,Unknown,Changing Lane To The Left,Normal,Dry,Daylight,0,0,1,Minor
KAG_001326,Kaggle_road_csv,0,,Friday,Unknown,Truck,Unknown,2,Unknown,Unknown,Driving Carelessly,Unknown,Dry,Daylight,0,0,1,Minor
KAG_001327,Kaggle_road_csv,0,,Tuesday,Unknown,Truck,Unknown,2,18-30,Unknown,Changing Lane To The Right,Unknown,Dry,Daylight,0,0,1,Minor
KAG_001328,Kaggle_road_csv,0,,Tuesday,Unknown,Truck,Unknown,2,31-50,18-30,Driving Under The Influence Of Drugs,Normal,Dry,Daylight,0,0,1,Minor
KAG_001329,Kaggle_road_csv,0,,Sunday,Unknown,Truck,Unknown,2,31-50,18-30,No Priority To Pedestrian,Normal,Dry,Darkness - Lights Lit,0,0,1,Serious
KAG_001330,Kaggle_road_csv,0,,Sunday,Unknown,Truck,Unknown,2,Under 18,Unknown,No Distancing,Normal,Dry,Darkness - Lights Lit,0,0,1,Serious
KAG_001331,Kaggle_road_csv,0,,Friday,Unknown,Truck,Unknown,2,18-30,31-50,No Priority To Vehicle,Normal,Dry,Daylight,0,0,1,Minor
KAG_001332,Kaggle_road_csv,0,,Sunday,Unknown,Truck,Unknown,2,Unknown,Unknown,Driving Carelessly,Unknown,Dry,Daylight,0,0,2,Minor
KAG_001333,Kaggle_road_csv,0,,Thursday,Unknown,Truck,Unknown,1,18-30,Unknown,Driving Carelessly,Normal,Dry,Daylight,0,0,1,Minor
KAG_001334,Kaggle_road_csv,0,,Friday,Unknown,Truck,Unknown,2,18-30,Over 51,Changing Lane To The Right,Normal,Dry,Daylight,0,0,1,Minor
KAG_001335,Kaggle_road_csv,0,,Monday,Unknown,Truck,Unknown,1,31-50,18-30,Changing Lane To The Right,Normal,Dry,Daylight,0,0,1,Minor
KAG_001336,Kaggle_road_csv,0,,Sunday,Unknown,Truck,Unknown,2,Unknown,Unknown,Moving Backward,Normal,Dry,Darkness - Lights Lit,0,0,1,Minor
KAG_001337,Kaggle_road_csv,0,,Monday,Unknown,Truck,Unknown,4,18-30,31-50,No Distancing,Other,Wet Or Damp,Darkness - Lights Lit,0,0,1,Minor
KAG_001338,Kaggle_road_csv,0,,Sunday,Unknown,Truck,Unknown,1,18-30,Unknown,Driving Under The Influence Of Drugs,Normal,Dry,Daylight,0,0,1,Serious
KAG_001339,Kaggle_road_csv,0,,Tuesday,Unknown,Truck,Unknown,2,31-50,Unknown,No Priority To Pedestrian,Other,Dry,Daylight,0,0,1,Minor
KAG_001340,Kaggle_road_csv,0,,Tuesday,Unknown,Truck,Unknown,2,18-30,31-50,Changing Lane To The Right,Other,Dry,Daylight,0,0,1,Minor
KAG_001341,Kaggle_road_csv,0,,Friday,Unknown,Truck,Unknown,2,Under 18,31-50,Overtaking,Normal,Dry,Daylight,0,0,1,Minor
KAG_001342,Kaggle_road_csv,0,,Thursday,Unknown,Truck,Unknown,1,Over 51,31-50,Overloading,Raining,Wet Or Damp,Daylight,0,0,1,Minor
KAG_001343,Kaggle_road_csv,0,,Friday,Unknown,Truck,Unknown,2,31-50,Unknown,Changing Lane To The Right,Normal,Dry,Darkness - Lights Lit,0,0,4,Minor
KAG_001344,Kaggle_road_csv,0,,Friday,Unknown,Truck,Unknown,2,18-30,Unknown,Moving Backward,Normal,Dry,Darkness - Lights Lit,0,0,4,Minor
KAG_001345,Kaggle_road_csv,0,,Friday,Unknown,Truck,Unknown,2,18-30,31-50,Getting Off The Vehicle Improperly,Normal,Dry,Darkness - Lights Lit,0,0,4,Minor
KAG_001346,Kaggle_road_csv,0,,Sunday,Unknown,Truck,Unknown,2,18-30,18-30,No Distancing,Normal,Dry,Daylight,0,0,4,Minor
KAG_001347,Kaggle_road_csv,0,,Thursday,Unknown,Truck,Unknown,2,18-30,Under 18,Driving Carelessly,Raining,Wet Or Damp,Darkness - Lights Lit,0,0,5,Minor
KAG_001348,Kaggle_road_csv,0,,Friday,Unknown,Truck,Unknown,2,18-30,Unknown,Changing Lane To The Left,Unknown,Dry,Daylight,0,0,1,Minor
KAG_001349,Kaggle_road_csv,0,,Tuesday,Unknown,Truck,Unknown,4,Unknown,Under 18,No Distancing,Normal,Dry,Daylight,0,0,1,Minor
KAG_001350,Kaggle_road_csv,0,,Tuesday,Unknown,Truck,Unknown,4,Unknown,Unknown,Changing Lane To The Right,Normal,Dry,Daylight,0,0,1,Minor
KAG_001351,Kaggle_road_csv,0,,Friday,Unknown,Truck,Unknown,3,18-30,18-30,Overtaking,Raining,Wet Or Damp,Daylight,0,0,1,Minor
KAG_001352,Kaggle_road_csv,0,,Thursday,Unknown,Truck,Unknown,2,31-50,31-50,Changing Lane To The Right,Normal,Dry,Daylight,0,0,2,Minor
KAG_001353,Kaggle_road_csv,0,,Thursday,Unknown,Truck,Unknown,2,Under 18,Unknown,Driving Carelessly,Normal,Dry,Daylight,0,0,2,Minor
KAG_001354,Kaggle_road_csv,0,,Friday,Unknown,Truck,Unknown,3,Unknown,Under 18,Changing Lane To The Right,Normal,Dry,Daylight,0,0,1,Minor
KAG_001355,Kaggle_road_csv,0,,Saturday,Unknown,Truck,Unknown,3,18-30,Unknown,Driving Carelessly,Normal,Dry,Daylight,0,0,4,Minor
KAG_001356,Kaggle_road_csv,0,,Monday,Unknown,Truck,Unknown,2,Under 18,Unknown,Changing Lane To The Right,Normal,Dry,Daylight,0,0,1,Minor
KAG_001357,Kaggle_road_csv,0,,Saturday,Unknown,Truck,Unknown,2,Unknown,Over 51,Driving Carelessly,Normal,Dry,Daylight,0,0,2,Minor
KAG_001358,Kaggle_road_csv,0,,Sunday,Unknown,Truck,Unknown,2,18-30,18-30,No Priority To Vehicle,Normal,Dry,Daylight,0,0,1,Serious
KAG_001359,Kaggle_road_csv,0,,Saturday,Unknown,Truck,Unknown,2,18-30,18-30,No Distancing,Normal,Dry,Daylight,0,0,2,Minor
KAG_001360,Kaggle_road_csv,0,,Saturday,Unknown,Truck,Unknown,2,31-50,Unknown,No Distancing,Normal,Dry,Daylight,0,0,2,Minor
KAG_001361,Kaggle_road_csv,0,,Thursday,Unknown,Truck,Unknown,1,Under 18,18-30,No Distancing,Normal,Dry,Darkness - Lights Lit,0,0,2,Minor
KAG_001362,Kaggle_road_csv,0,,Monday,Unknown,Truck,Unknown,2,Under 18,Unknown,No Distancing,Unknown,Dry,Daylight,0,0,1,Minor
KAG_001363,Kaggle_road_csv,0,,Tuesday,Unknown,Truck,Unknown,2,Unknown,Unknown,Changing Lane To The Right,Normal,Dry,Daylight,0,0,1,Minor
KAG_001364,Kaggle_road_csv,0,,Sunday,Unknown,Truck,Unknown,2,Over 51,Unknown,No Priority To Vehicle,Normal,Dry,Daylight,0,0,1,Minor
KAG_001365,Kaggle_road_csv,0,,Saturday,Unknown,Truck,Unknown,2,18-30,18-30,Driving To The Left,Normal,Dry,Darkness - No Lighting,0,0,3,Minor
KAG_001366,Kaggle_road_csv,0,,Wednesday,Unknown,Truck,Unknown,1,31-50,18-30,Changing Lane To The Right,Normal,Dry,Daylight,0,0,1,Minor
KAG_001367,Kaggle_road_csv,0,,Tuesday,Unknown,Truck,Unknown,2,18-30,18-30,Driving Carelessly,Normal,Dry,Daylight,0,0,3,Minor
KAG_001368,Kaggle_road_csv,0,,Saturday,Unknown,Truck,Unknown,2,Unknown,Over 51,Changing Lane To The Right,Normal,Dry,Daylight,0,0,2,Minor
KAG_001369,Kaggle_road_csv,0,,Thursday,Unknown,Truck,Unknown,2,18-30,18-30,Changing Lane To The Right,Normal,Dry,Daylight,0,0,3,Serious
KAG_001370,Kaggle_road_csv,0,,Thursday,Unknown,Truck,Unknown,2,18-30,Unknown,Overtaking,Normal,Dry,Daylight,0,0,3,Serious
KAG_001371,Kaggle_road_csv,0,,Monday,Unknown,Truck,Unknown,2,31-50,Under 18,Driving To The Left,Normal,Dry,Daylight,0,0,1,Minor
KAG_001372,Kaggle_road_csv,0,,Monday,Unknown,Truck,Unknown,2,31-50,Unknown,Other,Normal,Dry,Daylight,0,0,1,Minor
KAG_001373,Kaggle_road_csv,0,,Friday,Unknown,Truck,Unknown,2,Over 51,Unknown,Changing Lane To The Right,Normal,Dry,Daylight,0,0,2,Serious
KAG_001374,Kaggle_road_csv,0,,Sunday,Unknown,Truck,Unknown,1,18-30,Unknown,Driving At High Speed,Raining,Wet Or Damp,Daylight,0,0,1,Serious
KAG_001375,Kaggle_road_csv,0,,Saturday,Unknown,Truck,Unknown,2,Over 51,Unknown,Changing Lane To The Right,Normal,Dry,Daylight,0,0,2,Minor
KAG_001376,Kaggle_road_csv,0,,Friday,Unknown,Truck,Unknown,2,Under 18,31-50,No Distancing,Normal,Dry,Daylight,0,0,2,Minor
KAG_001377,Kaggle_road_csv,0,,Tuesday,Unknown,Truck,Unknown,2,18-30,18-30,Moving Backward,Normal,Dry,Daylight,0,0,2,Serious
KAG_001378,Kaggle_road_csv,0,,Friday,Unknown,Truck,Unknown,2,31-50,Unknown,No Priority To Pedestrian,Normal,Dry,Darkness - Lights Lit,0,0,1,Minor
KAG_001379,Kaggle_road_csv,0,,Friday,Unknown,Truck,Unknown,2,18-30,31-50,Changing Lane To The Left,Normal,Dry,Darkness - Lights Lit,0,0,1,Minor
KAG_001380,Kaggle_road_csv,0,,Monday,Unknown,Truck,Unknown,2,Unknown,31-50,No Distancing,Unknown,Dry,Daylight,0,0,1,Minor
KAG_001381,Kaggle_road_csv,0,,Sunday,Unknown,Truck,Unknown,2,31-50,Unknown,Getting Off The Vehicle Improperly,Raining,Wet Or Damp,Daylight,0,0,1,Minor
KAG_001382,Kaggle_road_csv,0,,Friday,Unknown,Truck,Unknown,1,Under 18,Under 18,Moving Backward,Raining,Wet Or Damp,Darkness - Lights Lit,0,0,2,Minor
KAG_001383,Kaggle_road_csv,0,,Monday,Unknown,Truck,Unknown,2,31-50,18-30,Moving Backward,Unknown,Wet Or Damp,Daylight,0,0,1,Minor
KAG_001384,Kaggle_road_csv,0,,Friday,Unknown,Truck,Unknown,2,Unknown,Unknown,Changing Lane To The Left,Normal,Dry,Daylight,0,0,2,Minor
KAG_001385,Kaggle_road_csv,0,,Saturday,Unknown,Truck,Unknown,2,31-50,Unknown,Driving Carelessly,Normal,Dry,Daylight,0,0,2,Minor
KAG_001386,Kaggle_road_csv,0,,Wednesday,Unknown,Truck,Unknown,2,Unknown,Unknown,No Distancing,Raining,Wet Or Damp,Darkness - Lights Lit,0,0,4,Minor
KAG_001387,Kaggle_road_csv,0,,Wednesday,Unknown,Truck,Unknown,2,Under 18,Unknown,Driving Carelessly,Raining,Wet Or Damp,Darkness - Lights Lit,0,0,4,Minor
KAG_001388,Kaggle_road_csv,0,,Thursday,Unknown,Truck,Unknown,2,18-30,31-50,Changing Lane To The Right,Normal,Dry,Daylight,0,0,1,Minor
KAG_001389,Kaggle_road_csv,0,,Friday,Unknown,Truck,Unknown,4,18-30,18-30,Moving Backward,Normal,Dry,Darkness - Lights Lit,0,0,1,Minor
KAG_001390,Kaggle_road_csv,0,,Monday,Unknown,Truck,Unknown,2,Over 51,18-30,No Priority To Pedestrian,Normal,Dry,Daylight,0,0,1,Minor
KAG_001391,Kaggle_road_csv,0,,Wednesday,Unknown,Truck,Unknown,2,18-30,Unknown,Driving Carelessly,Normal,Dry,Daylight,0,0,1,Minor
KAG_001392,Kaggle_road_csv,0,,Friday,Unknown,Truck,Unknown,2,Unknown,Unknown,Getting Off The Vehicle Improperly,Raining,Wet Or Damp,Daylight,0,0,1,Minor
KAG_001393,Kaggle_road_csv,0,,Monday,Unknown,Truck,Unknown,2,18-30,18-30,Driving Carelessly,Normal,Dry,Daylight,0,0,2,Minor
KAG_001394,Kaggle_road_csv,0,,Wednesday,Unknown,Truck,Unknown,3,31-50,18-30,No Distancing,Raining,Wet Or Damp,Daylight,0,0,1,Minor
KAG_001395,Kaggle_road_csv,0,,Wednesday,Unknown,Truck,Unknown,2,18-30,31-50,Changing Lane To The Left,Normal,Dry,Daylight,0,0,4,Minor
KAG_001396,Kaggle_road_csv,0,,Wednesday,Unknown,Truck,Unknown,1,18-30,18-30,Changing Lane To The Right,Normal,Dry,Daylight,0,0,1,Serious
KAG_001397,Kaggle_road_csv,0,,Sunday,Unknown,Truck,Unknown,2,Over 51,Unknown,Other,Normal,Dry,Darkness - Lights Lit,0,0,2,Minor
KAG_001398,Kaggle_road_csv,0,,Sunday,Unknown,Truck,Unknown,1,Under 18,Unknown,No Priority To Vehicle,Normal,Wet Or Damp,Darkness - Lights Lit,0,0,1,Minor
KAG_001399,Kaggle_road_csv,0,,Saturday,Unknown,Truck,Unknown,3,Over 51,Unknown,Overtaking,Normal,Dry,Daylight,0,0,1,Minor
KAG_001400,Kaggle_road_csv,0,,Thursday,Unknown,Truck,Unknown,4,Unknown,31-50,Driving Carelessly,Normal,Wet Or Damp,Daylight,0,0,1,Minor
KAG_001401,Kaggle_road_csv,0,,Wednesday,Unknown,Truck,Unknown,2,Unknown,Unknown,No Priority To Pedestrian,Windy,Wet Or Damp,Daylight,0,0,1,Minor
KAG_001402,Kaggle_road_csv,0,,Wednesday,Unknown,Truck,Unknown,3,31-50,18-30,Changing Lane To The Left,Normal,Dry,Daylight,0,0,1,Minor
KAG_001403,Kaggle_road_csv,0,,Monday,Unknown,Truck,Unknown,2,Unknown,Over 51,Moving Backward,Normal,Dry,Darkness - Lights Lit,0,0,1,Minor
KAG_001404,Kaggle_road_csv,0,,Monday,Unknown,Truck,Unknown,2,Under 18,18-30,Changing Lane To The Right,Normal,Dry,Darkness - Lights Lit,0,0,1,Minor
KAG_001405,Kaggle_road_csv,0,,Sunday,Unknown,Truck,Unknown,2,Over 51,Unknown,Driving Under The Influence Of Drugs,Normal,Dry,Daylight,0,0,1,Minor
KAG_001406,Kaggle_road_csv,0,,Tuesday,Unknown,Truck,Unknown,3,Under 18,31-50,Driving Carelessly,Normal,Dry,Daylight,0,0,2,Minor
KAG_001407,Kaggle_road_csv,0,,Wednesday,Unknown,Truck,Unknown,1,Over 51,Unknown,Moving Backward,Raining,Dry,Daylight,0,0,1,Serious
KAG_001408,Kaggle_road_csv,0,,Tuesday,Unknown,Truck,Unknown,1,31-50,31-50,Driving Carelessly,Normal,Wet Or Damp,Darkness - Lights Lit,0,0,1,Serious
KAG_001409,Kaggle_road_csv,0,,Thursday,Unknown,Truck,Unknown,3,31-50,Over 51,No Distancing,Normal,Dry,Daylight,0,0,1,Minor
KAG_001410,Kaggle_road_csv,0,,Sunday,Unknown,Truck,Unknown,2,31-50,Unknown,Driving To The Left,Normal,Dry,Daylight,0,0,1,Minor
KAG_001411,Kaggle_road_csv,0,,Sunday,Unknown,Truck,Unknown,4,Unknown,18-30,Changing Lane To The Left,Normal,Dry,Darkness - Lights Lit,0,0,2,Minor
KAG_001412,Kaggle_road_csv,0,,Friday,Unknown,Truck,Unknown,2,18-30,Unknown,Changing Lane To The Right,Normal,Dry,Darkness - Lights Lit,0,0,2,Minor
KAG_001413,Kaggle_road_csv,0,,Sunday,Unknown,Truck,Unknown,2,Unknown,Unknown,Changing Lane To The Left,Normal,Dry,Daylight,0,0,1,Minor
KAG_001414,Kaggle_road_csv,0,,Sunday,Unknown,Truck,Unknown,1,Under 18,Under 18,No Distancing,Normal,Wet Or Damp,Daylight,0,0,4,Serious
KAG_001415,Kaggle_road_csv,0,,Sunday,Unknown,Truck,Unknown,1,Under 18,Unknown,No Priority To Vehicle,Normal,Wet Or Damp,Daylight,0,0,4,Serious
KAG_001416,Kaggle_road_csv,0,,Sunday,Unknown,Truck,Unknown,1,Under 18,Unknown,No Priority To Vehicle,Normal,Wet Or Damp,Daylight,0,0,4,Serious
KAG_001417,Kaggle_road_csv,0,,Friday,Unknown,Truck,Unknown,2,Unknown,18-30,No Distancing,Normal,Dry,Darkness - Lights Lit,0,0,1,Minor
KAG_001418,Kaggle_road_csv,0,,Friday,Unknown,Truck,Unknown,2,Unknown,31-50,No Distancing,Normal,Dry,Darkness - Lights Lit,0,0,1,Minor
KAG_001419,Kaggle_road_csv,0,,Thursday,Unknown,Truck,Unknown,2,Under 18,18-30,No Priority To Vehicle,Normal,Dry,Daylight,0,0,2,Minor
KAG_001420,Kaggle_road_csv,0,,Thursday,Unknown,Truck,Unknown,2,18-30,Unknown,Driving Under The Influence Of Drugs,Normal,Dry,Daylight,0,0,1,Minor
KAG_001421,Kaggle_road_csv,0,,Friday,Unknown,Truck,Unknown,2,Unknown,31-50,No Distancing,Unknown,Dry,Darkness - Lights Lit,0,0,2,Minor
KAG_001422,Kaggle_road_csv,0,,Thursday,Unknown,Truck,Unknown,1,31-50,Unknown,No Distancing,Normal,Dry,Daylight,0,0,1,Minor
KAG_001423,Kaggle_road_csv,0,,Tuesday,Unknown,Truck,Unknown,2,18-30,18-30,Getting Off The Vehicle Improperly,Normal,Dry,Darkness - Lights Lit,0,0,2,Serious
KAG_001424,Kaggle_road_csv,0,,Friday,Unknown,Truck,Unknown,2,31-50,Over 51,No Distancing,Normal,Dry,Daylight,0,0,3,Minor
KAG_001425,Kaggle_road_csv,0,,Saturday,Unknown,Truck,Unknown,1,18-30,18-30,Changing Lane To The Left,Normal,Dry,Darkness - Lights Lit,0,0,3,Serious
KAG_001426,Kaggle_road_csv,0,,Thursday,Unknown,Truck,Unknown,1,18-30,Unknown,Driving Carelessly,Normal,Dry,Darkness - Lights Lit,0,0,2,Serious
KAG_001427,Kaggle_road_csv,0,,Thursday,Unknown,Truck,Unknown,2,Unknown,31-50,No Priority To Vehicle,Normal,Wet Or Damp,Darkness - Lights Lit,0,0,1,Minor
KAG_001428,Kaggle_road_csv,0,,Thursday,Unknown,Truck,Unknown,2,31-50,Unknown,No Priority To Vehicle,Normal,Wet Or Damp,Darkness - Lights Lit,0,0,1,Minor
KAG_001429,Kaggle_road_csv,0,,Tuesday,Unknown,Truck,Unknown,1,18-30,31-50,Driving Under The Influence Of Drugs,Normal,Wet Or Damp,Daylight,0,0,1,Minor
KAG_001430,Kaggle_road_csv,0,,Saturday,Unknown,Truck,Unknown,2,31-50,31-50,Changing Lane To The Right,Normal,Dry,Daylight,0,0,1,Minor
KAG_001431,Kaggle_road_csv,0,,Friday,Unknown,Truck,Unknown,2,Unknown,31-50,Driving Carelessly,Unknown,Dry,Daylight,0,0,1,Minor
KAG_001432,Kaggle_road_csv,0,,Sunday,Unknown,Truck,Unknown,2,Under 18,Unknown,Driving Carelessly,Raining,Wet Or Damp,Darkness - Lights Lit,0,0,1,Minor
KAG_001433,Kaggle_road_csv,0,,Sunday,Unknown,Truck,Unknown,2,31-50,18-30,Changing Lane To The Right,Raining,Wet Or Damp,Darkness - Lights Lit,0,0,1,Minor
KAG_001434,Kaggle_road_csv,0,,Tuesday,Unknown,Truck,Unknown,2,18-30,Unknown,Changing Lane To The Left,Normal,Wet Or Damp,Darkness - Lights Lit,0,0,1,Minor
KAG_001435,Kaggle_road_csv,0,,Monday,Unknown,Truck,Unknown,2,31-50,Unknown,Driving Carelessly,Normal,Dry,Daylight,0,0,2,Minor
KAG_001436,Kaggle_road_csv,0,,Saturday,Unknown,Truck,Unknown,2,31-50,31-50,Driving Carelessly,Normal,Dry,Daylight,0,0,3,Minor
KAG_001437,Kaggle_road_csv,0,,Saturday,Unknown,Truck,Unknown,2,31-50,31-50,No Priority To Vehicle,Other,Wet Or Damp,Daylight,0,0,1,Minor
KAG_001438,Kaggle_road_csv,0,,Sunday,Unknown,Truck,Unknown,3,18-30,18-30,Changing Lane To The Left,Normal,Wet Or Damp,Darkness - Lights Lit,0,0,3,Serious
KAG_001439,Kaggle_road_csv,0,,Tuesday,Unknown,Truck,Unknown,2,31-50,Unknown,No Priority To Pedestrian,Normal,Dry,Daylight,0,0,1,Minor
KAG_001440,Kaggle_road_csv,0,,Tuesday,Unknown,Truck,Unknown,2,18-30,31-50,No Distancing,Normal,Dry,Daylight,0,0,1,Serious
KAG_001441,Kaggle_road_csv,0,,Monday,Unknown,Truck,Unknown,1,Unknown,31-50,Moving Backward,Raining,Wet Or Damp,Darkness - Lights Lit,0,0,1,Minor
KAG_001442,Kaggle_road_csv,0,,Monday,Unknown,Truck,Unknown,2,31-50,Unknown,Changing Lane To The Left,Raining,Wet Or Damp,Darkness - Lights Lit,0,0,3,Minor
KAG_001443,Kaggle_road_csv,0,,Tuesday,Unknown,Truck,Unknown,1,Over 51,Unknown,Driving To The Left,Snow,Wet Or Damp,Darkness - Lights Lit,0,0,1,Serious
KAG_001444,Kaggle_road_csv,0,,Sunday,Unknown,Truck,Unknown,2,31-50,Unknown,Moving Backward,Normal,Dry,Daylight,0,0,1,Minor
KAG_001445,Kaggle_road_csv,0,,Saturday,Unknown,Truck,Unknown,3,Over 51,18-30,Moving Backward,Normal,Wet Or Damp,Daylight,0,0,3,Minor
KAG_001446,Kaggle_road_csv,0,,Saturday,Unknown,Truck,Unknown,3,31-50,31-50,Overtaking,Normal,Wet Or Damp,Daylight,0,0,3,Minor
KAG_001447,Kaggle_road_csv,0,,Tuesday,Unknown,Truck,Unknown,3,Unknown,Over 51,No Distancing,Normal,Wet Or Damp,Darkness - No Lighting,0,0,1,Serious
KAG_001448,Kaggle_road_csv,0,,Tuesday,Unknown,Truck,Unknown,3,18-30,Unknown,Changing Lane To The Right,Normal,Wet Or Damp,Darkness - No Lighting,0,0,1,Serious
KAG_001449,Kaggle_road_csv,0,,Saturday,Unknown,Truck,Unknown,2,Over 51,18-30,No Distancing,Normal,Wet Or Damp,Darkness - Lights Lit,0,0,1,Minor
KAG_001450,Kaggle_road_csv,0,,Saturday,Unknown,Truck,Unknown,2,Unknown,18-30,No Distancing,Normal,Wet Or Damp,Darkness - Lights Lit,0,0,1,Minor
KAG_001451,Kaggle_road_csv,0,,Thursday,Unknown,Truck,Unknown,2,31-50,Unknown,Changing Lane To The Left,Normal,Dry,Daylight,0,0,1,Minor
KAG_001452,Kaggle_road_csv,0,,Tuesday,Unknown,Truck,Unknown,1,Unknown,Unknown,No Distancing,Raining,Wet Or Damp,Daylight,0,0,1,Minor
KAG_001453,Kaggle_road_csv,0,,Friday,Unknown,Truck,Unknown,2,18-30,31-50,No Distancing,Normal,Dry,Daylight,0,0,1,Minor
KAG_001454,Kaggle_road_csv,0,,Friday,Unknown,Truck,Unknown,2,31-50,Under 18,Overturning,Normal,Dry,Daylight,0,0,1,Minor
KAG_001455,Kaggle_road_csv,0,,Thursday,Unknown,Truck,Unknown,2,Over 51,18-30,No Priority To Vehicle,Normal,Dry,Daylight,0,0,1,Minor
KAG_001456,Kaggle_road_csv,0,,Wednesday,Unknown,Truck,Unknown,2,31-50,18-30,Driving Under The Influence Of Drugs,Normal,Dry,Daylight,0,0,2,Minor
KAG_001457,Kaggle_road_csv,0,,Saturday,Unknown,Truck,Unknown,2,18-30,18-30,Changing Lane To The Right,Unknown,Dry,Darkness - Lights Lit,0,0,1,Serious
KAG_001458,Kaggle_road_csv,0,,Wednesday,Unknown,Truck,Unknown,2,Over 51,Unknown,Overspeed,Normal,Dry,Darkness - Lights Lit,0,0,1,Serious
KAG_001459,Kaggle_road_csv,0,,Tuesday,Unknown,Truck,Unknown,2,Unknown,18-30,No Distancing,Normal,Dry,Daylight,0,0,1,Minor
KAG_001460,Kaggle_road_csv,0,,Saturday,Unknown,Truck,Unknown,1,Unknown,Under 18,Getting Off The Vehicle Improperly,Unknown,Dry,Darkness - Lights Lit,0,0,1,Minor
KAG_001461,Kaggle_road_csv,0,,Tuesday,Unknown,Truck,Unknown,2,18-30,Unknown,No Distancing,Normal,Dry,Darkness - Lights Lit,0,0,1,Minor
KAG_001462,Kaggle_road_csv,0,,Friday,Unknown,Truck,Unknown,2,18-30,31-50,Changing Lane To The Left,Normal,Wet Or Damp,Daylight,0,0,4,Minor
KAG_001463,Kaggle_road_csv,0,,Thursday,Unknown,Truck,Unknown,3,31-50,Unknown,Changing Lane To The Right,Other,Wet Or Damp,Darkness - Lights Lit,0,0,2,Serious
KAG_001464,Kaggle_road_csv,0,,Thursday,Unknown,Truck,Unknown,2,18-30,31-50,Driving Carelessly,Unknown,Dry,Darkness - Lights Lit,0,0,1,Minor
KAG_001465,Kaggle_road_csv,0,,Tuesday,Unknown,Truck,Unknown,2,31-50,18-30,Overturning,Normal,Dry,Daylight,0,0,1,Minor
KAG_001466,Kaggle_road_csv,0,,Thursday,Unknown,Truck,Unknown,2,Unknown,18-30,Driving Carelessly,Other,Dry,Daylight,0,0,1,Minor
KAG_001467,Kaggle_road_csv,0,,Tuesday,Unknown,Truck,Unknown,1,31-50,Under 18,Moving Backward,Snow,Snow,Darkness - Lights Lit,0,0,1,Minor
KAG_001468,Kaggle_road_csv,0,,Monday,Unknown,Truck,Unknown,1,18-30,Unknown,No Distancing,Normal,Dry,Daylight,0,0,1,Minor
KAG_001469,Kaggle_road_csv,0,,Thursday,Unknown,Truck,Unknown,1,31-50,18-30,Driving Carelessly,Normal,Dry,Darkness - Lights Lit,0,0,1,Minor
KAG_001470,Kaggle_road_csv,0,,Tuesday,Unknown,Truck,Unknown,2,31-50,Unknown,Driving Under The Influence Of Drugs,Normal,Dry,Darkness - Lights Lit,0,0,1,Minor
KAG_001471,Kaggle_road_csv,0,,Tuesday,Unknown,Truck,Unknown,2,31-50,18-30,No Distancing,Normal,Dry,Darkness - Lights Lit,0,0,1,Minor
KAG_001472,Kaggle_road_csv,0,,Monday,Unknown,Truck,Unknown,2,18-30,Unknown,No Distancing,Cloudy,Dry,Daylight,0,0,1,Serious
KAG_001473,Kaggle_road_csv,0,,Friday,Unknown,Truck,Unknown,2,Unknown,31-50,Changing Lane To The Right,Normal,Dry,Darkness - No Lighting,0,0,1,Minor
KAG_001474,Kaggle_road_csv,0,,Wednesday,Unknown,Truck,Unknown,2,31-50,31-50,Driving Carelessly,Unknown,Dry,Daylight,0,0,1,Minor
KAG_001475,Kaggle_road_csv,0,,Friday,Unknown,Truck,Unknown,4,18-30,Unknown,No Priority To Vehicle,Normal,Dry,Darkness - Lights Lit,0,0,1,Minor
KAG_001476,Kaggle_road_csv,0,,Saturday,Unknown,Truck,Unknown,1,Unknown,31-50,No Distancing,Normal,Dry,Daylight,0,0,1,Minor
KAG_001477,Kaggle_road_csv,0,,Wednesday,Unknown,Truck,Unknown,3,Over 51,Over 51,Changing Lane To The Right,Normal,Dry,Daylight,0,0,1,Minor
KAG_001478,Kaggle_road_csv,0,,Wednesday,Unknown,Truck,Unknown,3,18-30,Under 18,Driving Carelessly,Normal,Dry,Daylight,0,0,1,Minor
KAG_001479,Kaggle_road_csv,0,,Wednesday,Unknown,Truck,Unknown,3,Unknown,31-50,Changing Lane To The Left,Normal,Dry,Daylight,0,0,1,Minor
KAG_001480,Kaggle_road_csv,0,,Tuesday,Unknown,Truck,Unknown,2,18-30,31-50,No Distancing,Normal,Dry,Daylight,0,0,1,Minor
KAG_001481,Kaggle_road_csv,0,,Monday,Unknown,Truck,Unknown,3,18-30,18-30,No Priority To Pedestrian,Raining,Wet Or Damp,Daylight,0,0,1,Minor
KAG_001482,Kaggle_road_csv,0,,Tuesday,Unknown,Truck,Unknown,1,Unknown,31-50,No Distancing,Normal,Dry,Darkness - Lights Lit,0,0,2,Minor
KAG_001483,Kaggle_road_csv,0,,Saturday,Unknown,Truck,Unknown,2,31-50,18-30,Driving Carelessly,Normal,Dry,Daylight,0,0,1,Minor
KAG_001484,Kaggle_road_csv,0,,Sunday,Unknown,Truck,Unknown,2,31-50,Unknown,No Priority To Vehicle,Normal,Dry,Daylight,0,0,1,Minor
KAG_001485,Kaggle_road_csv,0,,Sunday,Unknown,Truck,Unknown,2,Unknown,Unknown,Changing Lane To The Left,Raining,Wet Or Damp,Daylight,0,0,1,Minor
KAG_001486,Kaggle_road_csv,0,,Monday,Unknown,Truck,Unknown,3,Unknown,18-30,Driving Under The Influence Of Drugs,Raining,Wet Or Damp,Darkness - Lights Lit,0,0,1,Minor
KAG_001487,Kaggle_road_csv,0,,Monday,Unknown,Truck,Unknown,3,31-50,Unknown,No Distancing,Raining,Wet Or Damp,Darkness - Lights Lit,0,0,1,Minor
KAG_001488,Kaggle_road_csv,0,,Tuesday,Unknown,Truck,Unknown,1,18-30,Over 51,Changing Lane To The Right,Normal,Dry,Daylight,0,0,1,Minor
KAG_001489,Kaggle_road_csv,0,,Friday,Unknown,Truck,Unknown,1,18-30,Over 51,Changing Lane To The Left,Normal,Dry,Darkness - Lights Lit,0,0,1,Serious
KAG_001490,Kaggle_road_csv,0,,Friday,Unknown,Truck,Unknown,1,Over 51,Under 18,No Distancing,Normal,Dry,Daylight,0,0,1,Minor
KAG_001491,Kaggle_road_csv,0,,Thursday,Unknown,Truck,Unknown,3,Unknown,Under 18,Moving Backward,Normal,Wet Or Damp,Darkness - Lights Lit,0,0,1,Fatal
KAG_001492,Kaggle_road_csv,0,,Sunday,Unknown,Truck,Unknown,2,18-30,31-50,Changing Lane To The Right,Normal,Dry,Darkness - Lights Lit,0,0,1,Serious
KAG_001493,Kaggle_road_csv,0,,Friday,Unknown,Truck,Unknown,2,Unknown,31-50,Changing Lane To The Right,Normal,Dry,Daylight,0,0,1,Minor
KAG_001494,Kaggle_road_csv,0,,Saturday,Unknown,Truck,Unknown,2,18-30,Unknown,No Distancing,Raining,Wet Or Damp,Darkness - Lights Lit,0,0,1,Serious
KAG_001495,Kaggle_road_csv,0,,Friday,Unknown,Truck,Unknown,1,Unknown,Unknown,Changing Lane To The Right,Normal,Dry,Daylight,0,0,1,Minor
KAG_001496,Kaggle_road_csv,0,,Sunday,Unknown,Truck,Unknown,1,18-30,Unknown,Changing Lane To The Right,Normal,Dry,Darkness - No Lighting,0,0,2,Serious
KAG_001497,Kaggle_road_csv,0,,Sunday,Unknown,Truck,Unknown,1,18-30,18-30,Changing Lane To The Left,Normal,Dry,Darkness - No Lighting,0,0,2,Serious
KAG_001498,Kaggle_road_csv,0,,Friday,Unknown,Truck,Unknown,2,Under 18,18-30,No Priority To Vehicle,Other,Dry,Darkness - Lights Lit,0,0,3,Minor
KAG_001499,Kaggle_road_csv,0,,Friday,Unknown,Truck,Unknown,2,18-30,Unknown,No Priority To Vehicle,Other,Dry,Darkness - Lights Lit,0,0,3,Minor
KAG_001500,Kaggle_road_csv,0,,Wednesday,Unknown,Truck,Unknown,2,31-50,18-30,Moving Backward,Normal,Dry,Daylight,0,0,1,Minor
KAG_001501,Kaggle_road_csv,0,,Wednesday,Unknown,Truck,Unknown,2,31-50,18-30,Changing Lane To The Left,Normal,Dry,Daylight,0,0,1,Minor
KAG_001502,Kaggle_road_csv,0,,Friday,Unknown,Truck,Unknown,2,Over 51,Under 18,No Priority To Pedestrian,Normal,Dry,Daylight,0,0,1,Serious
KAG_001503,Kaggle_road_csv,0,,Saturday,Unknown,Truck,Unknown,2,Under 18,Under 18,No Distancing,Normal,Dry,Daylight,0,0,1,Minor
KAG_001504,Kaggle_road_csv,0,,Saturday,Unknown,Truck,Unknown,2,Unknown,31-50,No Priority To Pedestrian,Normal,Dry,Daylight,0,0,1,Minor
KAG_001505,Kaggle_road_csv,0,,Monday,Unknown,Truck,Unknown,1,18-30,31-50,Changing Lane To The Left,Normal,Dry,Daylight,0,0,1,Minor
KAG_001506,Kaggle_road_csv,0,,Wednesday,Unknown,Truck,Unknown,2,Unknown,Unknown,Driving Under The Influence Of Drugs,Normal,Wet Or Damp,Daylight,0,0,1,Minor
KAG_001507,Kaggle_road_csv,0,,Tuesday,Unknown,Truck,Unknown,2,Unknown,18-30,No Distancing,Normal,Wet Or Damp,Darkness - Lights Lit,0,0,1,Minor
KAG_001508,Kaggle_road_csv,0,,Saturday,Unknown,Truck,Unknown,3,31-50,Unknown,No Priority To Pedestrian,Raining,Wet Or Damp,Darkness - Lights Lit,0,0,1,Minor
KAG_001509,Kaggle_road_csv,0,,Monday,Unknown,Truck,Unknown,3,Over 51,Over 51,No Distancing,Normal,Dry,Darkness - Lights Lit,0,0,1,Minor
KAG_001510,Kaggle_road_csv,0,,Monday,Unknown,Truck,Unknown,2,18-30,18-30,No Priority To Vehicle,Normal,Dry,Daylight,0,0,4,Serious
KAG_001511,Kaggle_road_csv,0,,Monday,Unknown,Truck,Unknown,2,Under 18,Unknown,Getting Off The Vehicle Improperly,Normal,Dry,Daylight,0,0,4,Serious
KAG_001512,Kaggle_road_csv,0,,Thursday,Unknown,Truck,Unknown,2,18-30,31-50,Overturning,Raining,Wet Or Damp,Daylight,0,0,1,Serious
KAG_001513,Kaggle_road_csv,0,,Thursday,Unknown,Truck,Unknown,2,Under 18,31-50,Driving Carelessly,Raining,Wet Or Damp,Daylight,0,0,1,Serious
KAG_001514,Kaggle_road_csv,0,,Thursday,Unknown,Truck,Unknown,2,18-30,Unknown,Driving Carelessly,Normal,Dry,Daylight,0,0,2,Minor
KAG_001515,Kaggle_road_csv,0,,Sunday,Unknown,Truck,Unknown,2,18-30,18-30,Changing Lane To The Right,Normal,Dry,Darkness - Lights Lit,0,0,1,Minor
KAG_001516,Kaggle_road_csv,0,,Sunday,Unknown,Truck,Unknown,2,31-50,Under 18,No Distancing,Normal,Dry,Darkness - Lights Lit,0,0,1,Minor
KAG_001517,Kaggle_road_csv,0,,Tuesday,Unknown,Truck,Unknown,2,Unknown,Unknown,Changing Lane To The Right,Normal,Dry,Daylight,0,0,1,Minor
KAG_001518,Kaggle_road_csv,0,,Wednesday,Unknown,Truck,Unknown,3,Unknown,Unknown,Moving Backward,Normal,Dry,Daylight,0,0,1,Minor
KAG_001519,Kaggle_road_csv,0,,Wednesday,Unknown,Truck,Unknown,2,18-30,Under 18,Driving Under The Influence Of Drugs,Normal,Dry,Daylight,0,0,4,Fatal
KAG_001520,Kaggle_road_csv,0,,Wednesday,Unknown,Truck,Unknown,2,31-50,31-50,No Priority To Vehicle,Normal,Dry,Daylight,0,0,4,Fatal
KAG_001521,Kaggle_road_csv,0,,Wednesday,Unknown,Truck,Unknown,2,31-50,Under 18,Changing Lane To The Left,Normal,Dry,Daylight,0,0,4,Fatal
KAG_001522,Kaggle_road_csv,0,,Monday,Unknown,Truck,Unknown,2,31-50,Under 18,No Priority To Pedestrian,Normal,Dry,Daylight,0,0,1,Minor
KAG_001523,Kaggle_road_csv,0,,Tuesday,Unknown,Truck,Unknown,2,18-30,18-30,No Distancing,Raining,Wet Or Damp,Darkness - Lights Lit,0,0,1,Minor
KAG_001524,Kaggle_road_csv,0,,Tuesday,Unknown,Truck,Unknown,2,Under 18,Unknown,Changing Lane To The Right,Raining,Wet Or Damp,Darkness - Lights Lit,0,0,1,Minor
KAG_001525,Kaggle_road_csv,0,,Monday,Unknown,Truck,Unknown,2,Unknown,Unknown,No Priority To Vehicle,Unknown,Dry,Darkness - Lights Lit,0,0,2,Minor
KAG_001526,Kaggle_road_csv,0,,Tuesday,Unknown,Truck,Unknown,2,18-30,31-50,No Distancing,Unknown,Dry,Daylight,0,0,3,Minor
KAG_001527,Kaggle_road_csv,0,,Wednesday,Unknown,Truck,Unknown,2,31-50,31-50,Overloading,Normal,Dry,Daylight,0,0,1,Minor
KAG_001528,Kaggle_road_csv,0,,Sunday,Unknown,Truck,Unknown,2,31-50,18-30,No Priority To Pedestrian,Normal,Dry,Daylight,0,0,2,Minor
KAG_001529,Kaggle_road_csv,0,,Tuesday,Unknown,Truck,Unknown,2,Unknown,Unknown,Changing Lane To The Left,Normal,Dry,Daylight,0,0,1,Serious
KAG_001530,Kaggle_road_csv,0,,Tuesday,Unknown,Truck,Unknown,2,Over 51,Under 18,Driving Carelessly,Normal,Dry,Daylight,0,0,1,Serious
KAG_001531,Kaggle_road_csv,0,,Wednesday,Unknown,Truck,Unknown,2,Unknown,31-50,Changing Lane To The Left,Unknown,Dry,Daylight,0,0,1,Minor
KAG_001532,Kaggle_road_csv,0,,Thursday,Unknown,Truck,Unknown,2,Over 51,Unknown,Getting Off The Vehicle Improperly,Normal,Dry,Daylight,0,0,1,Minor
KAG_001533,Kaggle_road_csv,0,,Tuesday,Unknown,Truck,Unknown,2,Unknown,Under 18,Other,Normal,Dry,Daylight,0,0,1,Minor
KAG_001534,Kaggle_road_csv,0,,Tuesday,Unknown,Truck,Unknown,2,31-50,31-50,No Distancing,Normal,Dry,Daylight,0,0,1,Minor
KAG_001535,Kaggle_road_csv,0,,Wednesday,Unknown,Truck,Unknown,4,Unknown,18-30,Driving Carelessly,Cloudy,Dry,Daylight,0,0,2,Minor
KAG_001536,Kaggle_road_csv,0,,Thursday,Unknown,Truck,Unknown,2,Unknown,18-30,Overtaking,Normal,Dry,Daylight,0,0,1,Minor
KAG_001537,Kaggle_road_csv,0,,Thursday,Unknown,Truck,Unknown,2,Under 18,18-30,Driving At High Speed,Normal,Dry,Daylight,0,0,1,Minor
KAG_001538,Kaggle_road_csv,0,,Tuesday,Unknown,Truck,Unknown,1,31-50,Over 51,No Distancing,Normal,Dry,Daylight,0,0,1,Minor
KAG_001539,Kaggle_road_csv,0,,Friday,Unknown,Truck,Unknown,2,Unknown,Unknown,No Priority To Vehicle,Normal,Dry,Daylight,0,0,1,Minor
KAG_001540,Kaggle_road_csv,0,,Thursday,Unknown,Truck,Unknown,2,18-30,Unknown,Changing Lane To The Right,Normal,Dry,Daylight,0,0,1,Minor
KAG_001541,Kaggle_road_csv,0,,Monday,Unknown,Truck,Unknown,2,18-30,18-30,Changing Lane To The Left,Normal,Dry,Daylight,0,0,1,Minor
KAG_001542,Kaggle_road_csv,0,,Friday,Unknown,Truck,Unknown,2,31-50,Over 51,Driving Carelessly,Normal,Dry,Daylight,0,0,1,Minor
KAG_001543,Kaggle_road_csv,0,,Tuesday,Unknown,Truck,Unknown,2,Unknown,Under 18,No Distancing,Unknown,Dry,Daylight,0,0,1,Minor
KAG_001544,Kaggle_road_csv,0,,Thursday,Unknown,Truck,Unknown,2,Under 18,31-50,Changing Lane To The Right,Normal,Dry,Daylight,0,0,1,Minor
KAG_001545,Kaggle_road_csv,0,,Thursday,Unknown,Truck,Unknown,2,31-50,18-30,No Distancing,Normal,Dry,Daylight,0,0,1,Minor
KAG_001546,Kaggle_road_csv,0,,Tuesday,Unknown,Truck,Unknown,2,Unknown,31-50,No Distancing,Normal,Dry,Daylight,0,0,1,Minor
KAG_001547,Kaggle_road_csv,0,,Tuesday,Unknown,Truck,Unknown,2,31-50,18-30,Driving Carelessly,Normal,Dry,Daylight,0,0,1,Minor
KAG_001548,Kaggle_road_csv,0,,Thursday,Unknown,Truck,Unknown,2,18-30,Unknown,No Distancing,Normal,Dry,Daylight,0,0,1,Serious
KAG_001549,Kaggle_road_csv,0,,Friday,Unknown,Truck,Unknown,2,18-30,18-30,Overturning,Normal,Dry,Daylight,0,0,1,Serious
KAG_001550,Kaggle_road_csv,0,,Saturday,Unknown,Truck,Unknown,2,18-30,Unknown,No Priority To Vehicle,Normal,Dry,Darkness - Lights Lit,0,0,1,Minor
KAG_001551,Kaggle_road_csv,0,,Thursday,Unknown,Truck,Unknown,2,31-50,Unknown,No Distancing,Unknown,Dry,Daylight,0,0,2,Minor
KAG_001552,Kaggle_road_csv,0,,Monday,Unknown,Truck,Unknown,2,Unknown,18-30,Driving Carelessly,Normal,Dry,Daylight,0,0,1,Minor
KAG_001553,Kaggle_road_csv,0,,Saturday,Unknown,Truck,Unknown,2,31-50,31-50,No Priority To Vehicle,Unknown,Dry,Daylight,0,0,2,Minor
KAG_001554,Kaggle_road_csv,0,,Monday,Unknown,Truck,Unknown,2,Under 18,Over 51,Driving To The Left,Normal,Dry,Daylight,0,0,1,Minor
KAG_001555,Kaggle_road_csv,0,,Thursday,Unknown,Truck,Unknown,2,31-50,18-30,Driving Carelessly,Normal,Dry,Daylight,0,0,1,Minor
KAG_001556,Kaggle_road_csv,0,,Wednesday,Unknown,Truck,Unknown,2,18-30,Unknown,Changing Lane To The Right,Raining,Wet Or Damp,Daylight,0,0,2,Minor
KAG_001557,Kaggle_road_csv,0,,Friday,Unknown,Truck,Unknown,2,Unknown,Unknown,Driving Carelessly,Normal,Wet Or Damp,Daylight,0,0,1,Minor
KAG_001558,Kaggle_road_csv,0,,Thursday,Unknown,Truck,Unknown,3,Under 18,Unknown,Changing Lane To The Right,Normal,Dry,Daylight,0,0,4,Serious
KAG_001559,Kaggle_road_csv,0,,Thursday,Unknown,Truck,Unknown,3,31-50,31-50,Changing Lane To The Right,Normal,Dry,Daylight,0,0,4,Serious
KAG_001560,Kaggle_road_csv,0,,Saturday,Unknown,Truck,Unknown,4,31-50,Unknown,Driving To The Left,Normal,Dry,Daylight,0,0,1,Minor
KAG_001561,Kaggle_road_csv,0,,Tuesday,Unknown,Truck,Unknown,2,18-30,Unknown,Other,Normal,Dry,Daylight,0,0,2,Minor
KAG_001562,Kaggle_road_csv,0,,Thursday,Unknown,Truck,Unknown,3,Unknown,Unknown,No Priority To Pedestrian,Normal,Dry,Daylight,0,0,1,Minor
KAG_001563,Kaggle_road_csv,0,,Sunday,Unknown,Truck,Unknown,2,31-50,18-30,Changing Lane To The Right,Normal,Dry,Darkness - Lights Lit,0,0,5,Minor
KAG_001564,Kaggle_road_csv,0,,Sunday,Unknown,Truck,Unknown,2,31-50,Unknown,Changing Lane To The Right,Normal,Dry,Darkness - Lights Lit,0,0,5,Minor
KAG_001565,Kaggle_road_csv,0,,Thursday,Unknown,Truck,Unknown,1,18-30,18-30,Driving At High Speed,Normal,Dry,Darkness - Lights Lit,0,0,1,Minor
KAG_001566,Kaggle_road_csv,0,,Thursday,Unknown,Truck,Unknown,2,Unknown,Over 51,Moving Backward,Normal,Dry,Darkness - Lights Lit,0,0,1,Serious
KAG_001567,Kaggle_road_csv,0,,Monday,Unknown,Truck,Unknown,1,31-50,Unknown,Other,Normal,Dry,Darkness - Lights Lit,0,0,1,Minor
KAG_001568,Kaggle_road_csv,0,,Thursday,Unknown,Truck,Unknown,2,18-30,Unknown,Moving Backward,Normal,Dry,Daylight,0,0,2,Minor
KAG_001569,Kaggle_road_csv,0,,Friday,Unknown,Truck,Unknown,4,18-30,18-30,No Priority To Pedestrian,Normal,Dry,Daylight,0,0,1,Minor
KAG_001570,Kaggle_road_csv,0,,Friday,Unknown,Truck,Unknown,4,18-30,Unknown,Moving Backward,Normal,Dry,Daylight,0,0,1,Minor
KAG_001571,Kaggle_road_csv,0,,Friday,Unknown,Truck,Unknown,4,18-30,Over 51,No Distancing,Normal,Dry,Daylight,0,0,1,Minor
KAG_001572,Kaggle_road_csv,0,,Sunday,Unknown,Truck,Unknown,2,31-50,Unknown,Getting Off The Vehicle Improperly,Normal,Dry,Daylight,0,0,1,Minor
KAG_001573,Kaggle_road_csv,0,,Wednesday,Unknown,Truck,Unknown,2,Unknown,Unknown,Changing Lane To The Left,Normal,Dry,Daylight,0,0,1,Minor
KAG_001574,Kaggle_road_csv,0,,Monday,Unknown,Truck,Unknown,2,31-50,18-30,Changing Lane To The Left,Normal,Dry,Daylight,0,0,6,Serious
KAG_001575,Kaggle_road_csv,0,,Monday,Unknown,Truck,Unknown,2,31-50,18-30,No Priority To Vehicle,Normal,Dry,Daylight,0,0,6,Serious
KAG_001576,Kaggle_road_csv,0,,Monday,Unknown,Truck,Unknown,2,31-50,Unknown,Moving Backward,Normal,Dry,Daylight,0,0,6,Serious
KAG_001577,Kaggle_road_csv,0,,Monday,Unknown,Truck,Unknown,2,Unknown,18-30,Other,Normal,Dry,Daylight,0,0,1,Minor
KAG_001578,Kaggle_road_csv,0,,Monday,Unknown,Truck,Unknown,1,Over 51,Unknown,Changing Lane To The Left,Normal,Dry,Daylight,0,0,1,Serious
KAG_001579,Kaggle_road_csv,0,,Monday,Unknown,Truck,Unknown,1,18-30,31-50,No Priority To Pedestrian,Normal,Dry,Darkness - Lights Lit,0,0,1,Minor
KAG_001580,Kaggle_road_csv,0,,Monday,Unknown,Truck,Unknown,1,Under 18,Unknown,Changing Lane To The Left,Raining,Wet Or Damp,Daylight,0,0,1,Minor
KAG_001581,Kaggle_road_csv,0,,Monday,Unknown,Truck,Unknown,2,Unknown,18-30,Getting Off The Vehicle Improperly,Normal,Dry,Daylight,0,0,1,Minor
KAG_001582,Kaggle_road_csv,0,,Sunday,Unknown,Truck,Unknown,2,Unknown,Over 51,Changing Lane To The Left,Normal,Dry,Daylight,0,0,1,Minor
KAG_001583,Kaggle_road_csv,0,,Monday,Unknown,Truck,Unknown,2,18-30,Unknown,No Priority To Pedestrian,Normal,Dry,Daylight,0,0,2,Minor
KAG_001584,Kaggle_road_csv,0,,Monday,Unknown,Truck,Unknown,1,31-50,Unknown,Driving Carelessly,Normal,Dry,Daylight,0,0,1,Serious
KAG_001585,Kaggle_road_csv,0,,Tuesday,Unknown,Truck,Unknown,1,18-30,31-50,Driving To The Left,Cloudy,Dry,Daylight,0,0,1,Serious
KAG_001586,Kaggle_road_csv,0,,Sunday,Unknown,Truck,Unknown,4,31-50,Unknown,Changing Lane To The Left,Normal,Dry,Daylight,0,0,3,Serious
KAG_001587,Kaggle_road_csv,0,,Sunday,Unknown,Truck,Unknown,4,31-50,Over 51,Overturning,Normal,Dry,Daylight,0,0,3,Serious
KAG_001588,Kaggle_road_csv,0,,Wednesday,Unknown,Truck,Unknown,1,Unknown,Unknown,No Distancing,Normal,Dry,Daylight,0,0,1,Minor
KAG_001589,Kaggle_road_csv,0,,Saturday,Unknown,Truck,Unknown,2,31-50,Over 51,Changing Lane To The Left,Normal,Dry,Daylight,0,0,1,Minor
KAG_001590,Kaggle_road_csv,0,,Wednesday,Unknown,Truck,Unknown,2,18-30,Unknown,Changing Lane To The Right,Raining,Wet Or Damp,Daylight,0,0,2,Minor
KAG_001591,Kaggle_road_csv,0,,Tuesday,Unknown,Truck,Unknown,2,18-30,18-30,No Distancing,Normal,Dry,Daylight,0,0,2,Minor
KAG_001592,Kaggle_road_csv,0,,Friday,Unknown,Truck,Unknown,2,18-30,18-30,Driving Carelessly,Normal,Dry,Daylight,0,0,1,Minor
KAG_001593,Kaggle_road_csv,0,,Thursday,Unknown,Truck,Unknown,1,Unknown,31-50,Moving Backward,Normal,Dry,Darkness - Lights Lit,0,0,1,Fatal
KAG_001594,Kaggle_road_csv,0,,Tuesday,Unknown,Truck,Unknown,2,Unknown,Under 18,No Distancing,Normal,Dry,Daylight,0,0,3,Minor
KAG_001595,Kaggle_road_csv,0,,Tuesday,Unknown,Truck,Unknown,2,18-30,31-50,No Distancing,Normal,Dry,Daylight,0,0,3,Minor
KAG_001596,Kaggle_road_csv,0,,Monday,Unknown,Truck,Unknown,1,18-30,31-50,Overloading,Normal,Dry,Daylight,0,0,1,Minor
KAG_001597,Kaggle_road_csv,0,,Sunday,Unknown,Truck,Unknown,2,Unknown,Unknown,Changing Lane To The Right,Normal,Dry,Darkness - Lights Lit,0,0,1,Serious
KAG_001598,Kaggle_road_csv,0,,Sunday,Unknown,Truck,Unknown,2,18-30,Over 51,Moving Backward,Normal,Dry,Darkness - Lights Lit,0,0,1,Serious
KAG_001599,Kaggle_road_csv,0,,Saturday,Unknown,Truck,Unknown,2,Unknown,Unknown,Changing Lane To The Left,Normal,Dry,Daylight,0,0,1,Serious
KAG_001600,Kaggle_road_csv,0,,Friday,Unknown,Truck,Unknown,2,31-50,31-50,Changing Lane To The Right,Raining,Wet Or Damp,Daylight,0,0,4,Minor
KAG_001601,Kaggle_road_csv,0,,Monday,Unknown,Truck,Unknown,2,31-50,18-30,Overspeed,Normal,Dry,Daylight,0,0,1,Minor
KAG_001602,Kaggle_road_csv,0,,Wednesday,Unknown,Truck,Unknown,1,Unknown,31-50,No Priority To Pedestrian,Normal,Dry,Daylight,0,0,1,Serious
KAG_001603,Kaggle_road_csv,0,,Friday,Unknown,Truck,Unknown,2,31-50,18-30,No Priority To Vehicle,Raining,Wet Or Damp,Daylight,0,0,3,Minor
KAG_001604,Kaggle_road_csv,0,,Sunday,Unknown,Truck,Unknown,3,18-30,31-50,Changing Lane To The Left,Raining,Wet Or Damp,Daylight,0,0,1,Minor
KAG_001605,Kaggle_road_csv,0,,Sunday,Unknown,Truck,Unknown,3,18-30,Unknown,No Priority To Vehicle,Raining,Wet Or Damp,Daylight,0,0,1,Minor
KAG_001606,Kaggle_road_csv,0,,Sunday,Unknown,Truck,Unknown,3,Over 51,31-50,No Distancing,Raining,Wet Or Damp,Daylight,0,0,1,Minor
KAG_001607,Kaggle_road_csv,0,,Friday,Unknown,Truck,Unknown,2,18-30,31-50,Getting Off The Vehicle Improperly,Normal,Dry,Daylight,0,0,2,Minor
KAG_001608,Kaggle_road_csv,0,,Thursday,Unknown,Truck,Unknown,2,Unknown,18-30,No Distancing,Normal,Dry,Daylight,0,0,1,Minor
KAG_001609,Kaggle_road_csv,0,,Wednesday,Unknown,Truck,Unknown,2,18-30,Unknown,Changing Lane To The Right,Normal,Dry,Daylight,0,0,2,Minor
KAG_001610,Kaggle_road_csv,0,,Tuesday,Unknown,Truck,Unknown,2,Over 51,18-30,Changing Lane To The Left,Normal,Dry,Daylight,0,0,1,Minor
KAG_001611,Kaggle_road_csv,0,,Monday,Unknown,Truck,Unknown,2,18-30,Under 18,Moving Backward,Raining,Wet Or Damp,Daylight,0,0,1,Minor
KAG_001612,Kaggle_road_csv,0,,Thursday,Unknown,Truck,Unknown,2,18-30,Unknown,No Distancing,Normal,Dry,Daylight,0,0,1,Minor
KAG_001613,Kaggle_road_csv,0,,Wednesday,Unknown,Truck,Unknown,2,18-30,31-50,Changing Lane To The Left,Normal,Dry,Darkness - Lights Lit,0,0,2,Minor
KAG_001614,Kaggle_road_csv,0,,Monday,Unknown,Truck,Unknown,2,18-30,31-50,Other,Raining,Wet Or Damp,Daylight,0,0,1,Minor
KAG_001615,Kaggle_road_csv,0,,Monday,Unknown,Truck,Unknown,2,31-50,Under 18,Changing Lane To The Right,Raining,Wet Or Damp,Daylight,0,0,1,Minor
KAG_001616,Kaggle_road_csv,0,,Friday,Unknown,Truck,Unknown,3,18-30,18-30,No Distancing,Normal,Dry,Daylight,0,0,2,Minor
KAG_001617,Kaggle_road_csv,0,,Friday,Unknown,Truck,Unknown,2,18-30,31-50,No Priority To Vehicle,Normal,Dry,Daylight,0,0,1,Minor
KAG_001618,Kaggle_road_csv,0,,Friday,Unknown,Truck,Unknown,2,31-50,31-50,Other,Normal,Dry,Daylight,0,0,1,Minor
KAG_001619,Kaggle_road_csv,0,,Friday,Unknown,Truck,Unknown,2,18-30,18-30,Moving Backward,Normal,Dry,Daylight,0,0,3,Minor
KAG_001620,Kaggle_road_csv,0,,Wednesday,Unknown,Truck,Unknown,1,Over 51,Unknown,No Priority To Vehicle,Normal,Dry,Daylight,0,0,1,Minor
KAG_001621,Kaggle_road_csv,0,,Monday,Unknown,Truck,Unknown,3,18-30,18-30,Driving To The Left,Other,Dry,Darkness - Lights Lit,0,0,3,Minor
KAG_001622,Kaggle_road_csv,0,,Monday,Unknown,Truck,Unknown,1,Unknown,Unknown,No Priority To Pedestrian,Unknown,Dry,Daylight,0,0,1,Serious
KAG_001623,Kaggle_road_csv,0,,Thursday,Unknown,Truck,Unknown,3,18-30,Unknown,Driving Carelessly,Normal,Dry,Darkness - Lights Lit,0,0,3,Minor
KAG_001624,Kaggle_road_csv,0,,Thursday,Unknown,Truck,Unknown,2,18-30,Unknown,Driving Carelessly,Normal,Dry,Daylight,0,0,1,Minor
KAG_001625,Kaggle_road_csv,0,,Thursday,Unknown,Truck,Unknown,2,18-30,Unknown,No Distancing,Normal,Dry,Daylight,0,0,2,Minor
KAG_001626,Kaggle_road_csv,0,,Thursday,Unknown,Truck,Unknown,2,31-50,Unknown,Changing Lane To The Right,Other,Dry,Daylight,0,0,1,Minor
KAG_001627,Kaggle_road_csv,0,,Wednesday,Unknown,Truck,Unknown,2,18-30,18-30,Moving Backward,Normal,Dry,Daylight,0,0,3,Minor
KAG_001628,Kaggle_road_csv,0,,Wednesday,Unknown,Truck,Unknown,2,31-50,Unknown,Other,Normal,Dry,Daylight,0,0,3,Minor
KAG_001629,Kaggle_road_csv,0,,Monday,Unknown,Truck,Unknown,1,18-30,Unknown,Driving To The Left,Normal,Dry,Daylight,0,0,2,Serious
KAG_001630,Kaggle_road_csv,0,,Tuesday,Unknown,Truck,Unknown,1,Over 51,Unknown,Moving Backward,Normal,Wet Or Damp,Daylight,0,0,1,Minor
KAG_001631,Kaggle_road_csv,0,,Sunday,Unknown,Truck,Unknown,2,Unknown,Under 18,Driving At High Speed,Normal,Dry,Darkness - Lights Lit,0,0,3,Minor
KAG_001632,Kaggle_road_csv,0,,Saturday,Unknown,Truck,Unknown,2,18-30,Unknown,Changing Lane To The Right,Normal,Dry,Daylight,0,0,1,Minor
KAG_001633,Kaggle_road_csv,0,,Wednesday,Unknown,Truck,Unknown,2,18-30,18-30,Driving Carelessly,Normal,Dry,Daylight,0,0,1,Minor
KAG_001634,Kaggle_road_csv,0,,Wednesday,Unknown,Truck,Unknown,2,Unknown,Unknown,No Distancing,Normal,Dry,Daylight,0,0,1,Minor
KAG_001635,Kaggle_road_csv,0,,Tuesday,Unknown,Truck,Unknown,1,Over 51,18-30,Moving Backward,Normal,Dry,Daylight,0,0,1,Minor
KAG_001636,Kaggle_road_csv,0,,Thursday,Unknown,Truck,Unknown,2,Under 18,31-50,Getting Off The Vehicle Improperly,Normal,Dry,Daylight,0,0,1,Minor
KAG_001637,Kaggle_road_csv,0,,Monday,Unknown,Truck,Unknown,2,31-50,18-30,No Priority To Vehicle,Unknown,Dry,Daylight,0,0,1,Minor
KAG_001638,Kaggle_road_csv,0,,Sunday,Unknown,Truck,Unknown,1,18-30,Under 18,No Priority To Vehicle,Normal,Dry,Darkness - Lights Lit,0,0,2,Minor
KAG_001639,Kaggle_road_csv,0,,Monday,Unknown,Truck,Unknown,2,Unknown,31-50,No Distancing,Normal,Dry,Daylight,0,0,1,Minor
KAG_001640,Kaggle_road_csv,0,,Saturday,Unknown,Truck,Unknown,2,18-30,Under 18,Other,Normal,Dry,Daylight,0,0,1,Minor
KAG_001641,Kaggle_road_csv,0,,Monday,Unknown,Truck,Unknown,2,18-30,31-50,No Distancing,Raining,Wet Or Damp,Daylight,0,0,1,Minor
KAG_001642,Kaggle_road_csv,0,,Sunday,Unknown,Truck,Unknown,2,18-30,Unknown,No Distancing,Normal,Dry,Daylight,0,0,2,Minor
KAG_001643,Kaggle_road_csv,0,,Sunday,Unknown,Truck,Unknown,2,18-30,31-50,Changing Lane To The Left,Normal,Dry,Daylight,0,0,2,Minor
KAG_001644,Kaggle_road_csv,0,,Tuesday,Unknown,Truck,Unknown,2,31-50,Under 18,Changing Lane To The Left,Normal,Dry,Daylight,0,0,5,Minor
KAG_001645,Kaggle_road_csv,0,,Tuesday,Unknown,Truck,Unknown,2,31-50,31-50,No Priority To Pedestrian,Normal,Dry,Daylight,0,0,5,Minor
KAG_001646,Kaggle_road_csv,0,,Friday,Unknown,Truck,Unknown,2,Over 51,18-30,No Distancing,Normal,Dry,Daylight,0,0,1,Minor
KAG_001647,Kaggle_road_csv,0,,Friday,Unknown,Truck,Unknown,2,18-30,Unknown,No Priority To Pedestrian,Normal,Dry,Daylight,0,0,1,Minor
KAG_001648,Kaggle_road_csv,0,,Saturday,Unknown,Truck,Unknown,2,Unknown,31-50,Changing Lane To The Right,Normal,Dry,Daylight,0,0,1,Serious
KAG_001649,Kaggle_road_csv,0,,Wednesday,Unknown,Truck,Unknown,2,31-50,Under 18,Driving Carelessly,Normal,Dry,Daylight,0,0,2,Minor
KAG_001650,Kaggle_road_csv,0,,Wednesday,Unknown,Truck,Unknown,2,18-30,Unknown,Driving To The Left,Normal,Dry,Daylight,0,0,2,Minor
KAG_001651,Kaggle_road_csv,0,,Tuesday,Unknown,Truck,Unknown,2,31-50,18-30,Changing Lane To The Right,Normal,Dry,Daylight,0,0,2,Minor
KAG_001652,Kaggle_road_csv,0,,Wednesday,Unknown,Truck,Unknown,2,31-50,31-50,Moving Backward,Normal,Dry,Daylight,0,0,2,Minor
KAG_001653,Kaggle_road_csv,0,,Wednesday,Unknown,Truck,Unknown,3,18-30,Unknown,No Distancing,Raining,Wet Or Damp,Daylight,0,0,4,Minor
KAG_001654,Kaggle_road_csv,0,,Wednesday,Unknown,Truck,Unknown,3,Unknown,18-30,No Distancing,Raining,Wet Or Damp,Daylight,0,0,4,Minor
KAG_001655,Kaggle_road_csv,0,,Wednesday,Unknown,Truck,Unknown,3,Unknown,18-30,Changing Lane To The Left,Raining,Wet Or Damp,Daylight,0,0,4,Minor
KAG_001656,Kaggle_road_csv,0,,Thursday,Unknown,Truck,Unknown,1,Over 51,Over 51,Changing Lane To The Left,Normal,Dry,Daylight,0,0,4,Minor
KAG_001657,Kaggle_road_csv,0,,Saturday,Unknown,Truck,Unknown,3,31-50,Unknown,Changing Lane To The Right,Normal,Dry,Daylight,0,0,2,Minor
KAG_001658,Kaggle_road_csv,0,,Sunday,Unknown,Truck,Unknown,3,18-30,Unknown,No Distancing,Normal,Dry,Darkness - Lights Lit,0,0,2,Minor
KAG_001659,Kaggle_road_csv,0,,Sunday,Unknown,Truck,Unknown,3,18-30,Under 18,No Priority To Vehicle,Normal,Dry,Darkness - Lights Lit,0,0,2,Minor
KAG_001660,Kaggle_road_csv,0,,Sunday,Unknown,Truck,Unknown,3,31-50,Over 51,Changing Lane To The Right,Normal,Dry,Darkness - Lights Lit,0,0,2,Minor
KAG_001661,Kaggle_road_csv,0,,Tuesday,Unknown,Truck,Unknown,2,Unknown,18-30,No Distancing,Normal,Dry,Daylight,0,0,1,Minor
KAG_001662,Kaggle_road_csv,0,,Friday,Unknown,Truck,Unknown,1,18-30,18-30,No Distancing,Raining,Wet Or Damp,Daylight,0,0,1,Minor
KAG_001663,Kaggle_road_csv,0,,Friday,Unknown,Truck,Unknown,4,18-30,Unknown,Moving Backward,Normal,Wet Or Damp,Darkness - Lights Lit,0,0,4,Minor
KAG_001664,Kaggle_road_csv,0,,Tuesday,Unknown,Truck,Unknown,2,31-50,Unknown,Driving Carelessly,Normal,Dry,Daylight,0,0,1,Minor
KAG_001665,Kaggle_road_csv,0,,Friday,Unknown,Truck,Unknown,3,31-50,Unknown,No Priority To Vehicle,Unknown,Dry,Daylight,0,0,3,Minor
KAG_001666,Kaggle_road_csv,0,,Wednesday,Unknown,Truck,Unknown,3,31-50,Over 51,Moving Backward,Raining,Wet Or Damp,Daylight,0,0,1,Minor
KAG_001667,Kaggle_road_csv,0,,Thursday,Unknown,Truck,Unknown,1,Over 51,18-30,Other,Normal,Dry,Daylight,0,0,1,Serious
KAG_001668,Kaggle_road_csv,0,,Monday,Unknown,Truck,Unknown,2,18-30,Under 18,Changing Lane To The Left,Raining,Wet Or Damp,Darkness - Lights Lit,0,0,2,Minor
KAG_001669,Kaggle_road_csv,0,,Thursday,Unknown,Truck,Unknown,2,31-50,18-30,Improper Parking,Normal,Dry,Daylight,0,0,2,Minor
KAG_001670,Kaggle_road_csv,0,,Tuesday,Unknown,Truck,Unknown,2,31-50,Unknown,Changing Lane To The Left,Other,Wet Or Damp,Darkness - Lights Lit,0,0,1,Serious
KAG_001671,Kaggle_road_csv,0,,Wednesday,Unknown,Truck,Unknown,2,Over 51,18-30,Changing Lane To The Right,Normal,Wet Or Damp,Darkness - Lights Lit,0,0,1,Fatal
KAG_001672,Kaggle_road_csv,0,,Wednesday,Unknown,Truck,Unknown,2,18-30,Unknown,No Distancing,Normal,Wet Or Damp,Darkness - Lights Lit,0,0,1,Fatal
KAG_001673,Kaggle_road_csv,0,,Tuesday,Unknown,Truck,Unknown,2,Over 51,18-30,No Priority To Pedestrian,Cloudy,Dry,Daylight,0,0,1,Minor
KAG_001674,Kaggle_road_csv,0,,Friday,Unknown,Truck,Unknown,1,18-30,Unknown,No Priority To Vehicle,Normal,Wet Or Damp,Darkness - Lights Lit,0,0,1,Minor
KAG_001675,Kaggle_road_csv,0,,Monday,Unknown,Truck,Unknown,3,31-50,31-50,Changing Lane To The Right,Normal,Dry,Daylight,0,0,1,Minor
KAG_001676,Kaggle_road_csv,0,,Monday,Unknown,Truck,Unknown,2,18-30,31-50,Driving At High Speed,Normal,Dry,Daylight,0,0,1,Minor
KAG_001677,Kaggle_road_csv,0,,Monday,Unknown,Truck,Unknown,2,31-50,18-30,Changing Lane To The Right,Unknown,Dry,Daylight,0,0,1,Minor
KAG_001678,Kaggle_road_csv,0,,Saturday,Unknown,Truck,Unknown,2,18-30,18-30,Other,Normal,Dry,Daylight,0,0,1,Minor
KAG_001679,Kaggle_road_csv,0,,Friday,Unknown,Truck,Unknown,2,Under 18,Over 51,Overtaking,Normal,Dry,Daylight,0,0,2,Minor
KAG_001680,Kaggle_road_csv,0,,Monday,Unknown,Truck,Unknown,2,18-30,18-30,No Distancing,Normal,Dry,Darkness - Lights Lit,0,0,1,Minor
KAG_001681,Kaggle_road_csv,0,,Monday,Unknown,Truck,Unknown,2,31-50,Under 18,Other,Normal,Dry,Darkness - Lights Lit,0,0,1,Minor
KAG_001682,Kaggle_road_csv,0,,Friday,Unknown,Truck,Unknown,1,Unknown,31-50,No Priority To Vehicle,Other,Wet Or Damp,Daylight,0,0,1,Minor
KAG_001683,Kaggle_road_csv,0,,Friday,Unknown,Truck,Unknown,2,Unknown,31-50,No Priority To Pedestrian,Normal,Dry,Darkness - Lights Lit,0,0,1,Minor
KAG_001684,Kaggle_road_csv,0,,Tuesday,Unknown,Truck,Unknown,2,Unknown,18-30,Driving Carelessly,Normal,Dry,Daylight,0,0,1,Minor
KAG_001685,Kaggle_road_csv,0,,Sunday,Unknown,Truck,Unknown,2,31-50,Unknown,Changing Lane To The Right,Normal,Dry,Daylight,0,0,1,Minor
KAG_001686,Kaggle_road_csv,0,,Monday,Unknown,Truck,Unknown,2,18-30,18-30,No Distancing,Other,Wet Or Damp,Daylight,0,0,1,Minor
KAG_001687,Kaggle_road_csv,0,,Tuesday,Unknown,Truck,Unknown,1,Unknown,Under 18,Overtaking,Normal,Dry,Daylight,0,0,1,Minor
KAG_001688,Kaggle_road_csv,0,,Monday,Unknown,Truck,Unknown,2,Over 51,31-50,Overloading,Normal,Dry,Darkness - Lights Lit,0,0,1,Minor
KAG_001689,Kaggle_road_csv,0,,Wednesday,Unknown,Truck,Unknown,2,18-30,Unknown,Changing Lane To The Right,Normal,Dry,Daylight,0,0,1,Serious
KAG_001690,Kaggle_road_csv,0,,Friday,Unknown,Truck,Unknown,2,Unknown,Over 51,No Distancing,Raining,Wet Or Damp,Daylight,0,0,1,Minor
KAG_001691,Kaggle_road_csv,0,,Sunday,Unknown,Truck,Unknown,2,31-50,Unknown,No Distancing,Normal,Dry,Darkness - Lights Lit,0,0,2,Minor
KAG_001692,Kaggle_road_csv,0,,Thursday,Unknown,Truck,Unknown,2,Over 51,31-50,Changing Lane To The Left,Normal,Dry,Daylight,0,0,1,Serious
KAG_001693,Kaggle_road_csv,0,,Sunday,Unknown,Truck,Unknown,3,31-50,Over 51,No Priority To Vehicle,Normal,Dry,Daylight,0,0,2,Minor
KAG_001694,Kaggle_road_csv,0,,Saturday,Unknown,Truck,Unknown,3,18-30,Unknown,Getting Off The Vehicle Improperly,Normal,Dry,Daylight,0,0,1,Minor
KAG_001695,Kaggle_road_csv,0,,Saturday,Unknown,Truck,Unknown,1,Unknown,18-30,Other,Unknown,Dry,Daylight,0,0,1,Serious
KAG_001696,Kaggle_road_csv,0,,Tuesday,Unknown,Truck,Unknown,2,18-30,31-50,Driving At High Speed,Normal,Dry,Daylight,0,0,1,Minor
KAG_001697,Kaggle_road_csv,0,,Tuesday,Unknown,Truck,Unknown,2,Over 51,18-30,Unknown,Normal,Dry,Daylight,0,0,1,Minor
KAG_001698,Kaggle_road_csv,0,,Monday,Unknown,Truck,Unknown,1,Under 18,Unknown,Changing Lane To The Right,Normal,Dry,Daylight,0,0,1,Minor
KAG_001699,Kaggle_road_csv,0,,Monday,Unknown,Truck,Unknown,2,Under 18,Unknown,No Priority To Pedestrian,Unknown,Dry,Daylight,0,0,2,Minor
KAG_001700,Kaggle_road_csv,0,,Monday,Unknown,Truck,Unknown,2,18-30,Under 18,Overtaking,Unknown,Dry,Daylight,0,0,2,Minor
KAG_001701,Kaggle_road_csv,0,,Thursday,Unknown,Truck,Unknown,2,Unknown,18-30,No Priority To Pedestrian,Unknown,Dry,Daylight,0,0,1,Minor
KAG_001702,Kaggle_road_csv,0,,Thursday,Unknown,Truck,Unknown,3,Over 51,31-50,Overturning,Normal,Dry,Daylight,0,0,2,Minor
KAG_001703,Kaggle_road_csv,0,,Thursday,Unknown,Truck,Unknown,2,Unknown,Unknown,Driving Carelessly,Normal,Dry,Daylight,0,0,5,Minor
KAG_001704,Kaggle_road_csv,0,,Thursday,Unknown,Truck,Unknown,2,31-50,Unknown,No Priority To Vehicle,Normal,Dry,Daylight,0,0,5,Minor
KAG_001705,Kaggle_road_csv,0,,Thursday,Unknown,Truck,Unknown,2,31-50,Unknown,Changing Lane To The Right,Normal,Dry,Daylight,0,0,5,Minor
KAG_001706,Kaggle_road_csv,0,,Thursday,Unknown,Truck,Unknown,2,31-50,18-30,No Distancing,Normal,Dry,Daylight,0,0,5,Minor
KAG_001707,Kaggle_road_csv,0,,Thursday,Unknown,Truck,Unknown,2,Unknown,31-50,No Distancing,Normal,Dry,Darkness - Lights Lit,0,0,1,Minor
KAG_001708,Kaggle_road_csv,0,,Tuesday,Unknown,Truck,Unknown,2,31-50,Unknown,No Distancing,Normal,Dry,Darkness - No Lighting,0,0,5,Minor
KAG_001709,Kaggle_road_csv,0,,Tuesday,Unknown,Truck,Unknown,2,18-30,18-30,Changing Lane To The Right,Normal,Dry,Darkness - No Lighting,0,0,5,Minor
KAG_001710,Kaggle_road_csv,0,,Wednesday,Unknown,Truck,Unknown,2,31-50,18-30,No Distancing,Normal,Dry,Daylight,0,0,1,Minor
KAG_001711,Kaggle_road_csv,0,,Wednesday,Unknown,Truck,Unknown,2,31-50,Over 51,No Priority To Vehicle,Normal,Dry,Daylight,0,0,1,Minor
KAG_001712,Kaggle_road_csv,0,,Saturday,Unknown,Truck,Unknown,2,18-30,Unknown,Driving Carelessly,Normal,Dry,Daylight,0,0,1,Minor
KAG_001713,Kaggle_road_csv,0,,Sunday,Unknown,Truck,Unknown,2,Under 18,Unknown,No Distancing,Normal,Wet Or Damp,Darkness - Lights Lit,0,0,3,Minor
KAG_001714,Kaggle_road_csv,0,,Sunday,Unknown,Truck,Unknown,2,Under 18,31-50,Other,Normal,Wet Or Damp,Darkness - Lights Lit,0,0,3,Minor
KAG_001715,Kaggle_road_csv,0,,Sunday,Unknown,Truck,Unknown,2,Unknown,Unknown,No Distancing,Normal,Wet Or Damp,Darkness - Lights Lit,0,0,3,Minor
KAG_001716,Kaggle_road_csv,0,,Thursday,Unknown,Truck,Unknown,1,31-50,31-50,Driving Carelessly,Normal,Dry,Daylight,0,0,1,Minor
KAG_001717,Kaggle_road_csv,0,,Friday,Unknown,Truck,Unknown,2,Unknown,31-50,No Priority To Vehicle,Normal,Dry,Daylight,0,0,1,Minor
KAG_001718,Kaggle_road_csv,0,,Saturday,Unknown,Truck,Unknown,2,18-30,31-50,No Priority To Vehicle,Normal,Dry,Daylight,0,0,1,Minor
KAG_001719,Kaggle_road_csv,0,,Wednesday,Unknown,Truck,Unknown,2,Unknown,Unknown,Changing Lane To The Right,Normal,Dry,Daylight,0,0,1,Minor
KAG_001720,Kaggle_road_csv,0,,Wednesday,Unknown,Truck,Unknown,2,Unknown,Under 18,Overtaking,Normal,Dry,Daylight,0,0,1,Minor
KAG_001721,Kaggle_road_csv,0,,Monday,Unknown,Truck,Unknown,4,31-50,31-50,Changing Lane To The Right,Normal,Dry,Daylight,0,0,1,Minor
KAG_001722,Kaggle_road_csv,0,,Tuesday,Unknown,Truck,Unknown,2,31-50,31-50,Driving To The Left,Unknown,Dry,Daylight,0,0,1,Minor
KAG_001723,Kaggle_road_csv,0,,Saturday,Unknown,Truck,Unknown,2,18-30,Unknown,No Priority To Vehicle,Raining,Wet Or Damp,Daylight,0,0,1,Serious
KAG_001724,Kaggle_road_csv,0,,Thursday,Unknown,Truck,Unknown,2,31-50,31-50,Changing Lane To The Right,Normal,Dry,Daylight,0,0,1,Minor
KAG_001725,Kaggle_road_csv,0,,Thursday,Unknown,Truck,Unknown,2,31-50,31-50,Other,Normal,Dry,Daylight,0,0,1,Minor
KAG_001726,Kaggle_road_csv,0,,Monday,Unknown,Truck,Unknown,2,Over 51,31-50,Driving Carelessly,Normal,Dry,Daylight,0,0,1,Minor
KAG_001727,Kaggle_road_csv,0,,Wednesday,Unknown,Truck,Unknown,2,18-30,Unknown,No Distancing,Normal,Dry,Daylight,0,0,1,Minor
KAG_001728,Kaggle_road_csv,0,,Wednesday,Unknown,Truck,Unknown,2,Unknown,Unknown,No Priority To Pedestrian,Normal,Dry,Daylight,0,0,1,Minor
KAG_001729,Kaggle_road_csv,0,,Friday,Unknown,Truck,Unknown,2,18-30,18-30,Moving Backward,Normal,Dry,Daylight,0,0,1,Serious
KAG_001730,Kaggle_road_csv,0,,Monday,Unknown,Truck,Unknown,1,31-50,31-50,Changing Lane To The Right,Normal,Dry,Daylight,0,0,1,Minor
KAG_001731,Kaggle_road_csv,0,,Saturday,Unknown,Truck,Unknown,2,18-30,Unknown,Changing Lane To The Right,Normal,Dry,Daylight,0,0,1,Minor
KAG_001732,Kaggle_road_csv,0,,Saturday,Unknown,Truck,Unknown,2,Over 51,31-50,No Distancing,Normal,Dry,Daylight,0,0,1,Minor
KAG_001733,Kaggle_road_csv,0,,Sunday,Unknown,Truck,Unknown,1,31-50,31-50,No Distancing,Raining,Wet Or Damp,Darkness - Lights Lit,0,0,1,Minor
KAG_001734,Kaggle_road_csv,0,,Tuesday,Unknown,Truck,Unknown,2,Over 51,18-30,Other,Raining,Wet Or Damp,Daylight,0,0,2,Minor
KAG_001735,Kaggle_road_csv,0,,Thursday,Unknown,Truck,Unknown,2,Under 18,18-30,No Priority To Pedestrian,Normal,Dry,Daylight,0,0,2,Serious
KAG_001736,Kaggle_road_csv,0,,Sunday,Unknown,Truck,Unknown,2,Over 51,Unknown,Changing Lane To The Left,Normal,Dry,Daylight,0,0,1,Minor
KAG_001737,Kaggle_road_csv,0,,Wednesday,Unknown,Truck,Unknown,3,Under 18,31-50,Changing Lane To The Left,Normal,Dry,Daylight,0,0,2,Minor
KAG_001738,Kaggle_road_csv,0,,Wednesday,Unknown,Truck,Unknown,3,Over 51,Unknown,No Priority To Pedestrian,Normal,Dry,Daylight,0,0,2,Minor
KAG_001739,Kaggle_road_csv,0,,Tuesday,Unknown,Truck,Unknown,2,18-30,18-30,Driving Carelessly,Normal,Dry,Daylight,0,0,1,Minor
KAG_001740,Kaggle_road_csv,0,,Tuesday,Unknown,Truck,Unknown,2,18-30,Unknown,Driving To The Left,Normal,Dry,Daylight,0,0,1,Minor
KAG_001741,Kaggle_road_csv,0,,Monday,Unknown,Truck,Unknown,2,Over 51,Unknown,Turnover,Normal,Dry,Daylight,0,0,1,Minor
KAG_001742,Kaggle_road_csv,0,,Wednesday,Unknown,Truck,Unknown,2,31-50,Unknown,Driving Carelessly,Normal,Dry,Daylight,0,0,1,Serious
KAG_001743,Kaggle_road_csv,0,,Wednesday,Unknown,Truck,Unknown,2,31-50,Unknown,No Priority To Vehicle,Normal,Dry,Daylight,0,0,1,Serious
KAG_001744,Kaggle_road_csv,0,,Saturday,Unknown,Truck,Unknown,2,Unknown,18-30,Changing Lane To The Left,Normal,Dry,Daylight,0,0,1,Minor
KAG_001745,Kaggle_road_csv,0,,Thursday,Unknown,Truck,Unknown,2,31-50,Unknown,Changing Lane To The Right,Normal,Dry,Daylight,0,0,2,Minor
KAG_001746,Kaggle_road_csv,0,,Saturday,Unknown,Truck,Unknown,2,Over 51,31-50,No Distancing,Normal,Dry,Daylight,0,0,2,Minor
KAG_001747,Kaggle_road_csv,0,,Saturday,Unknown,Truck,Unknown,2,31-50,31-50,Other,Normal,Dry,Daylight,0,0,2,Minor
KAG_001748,Kaggle_road_csv,0,,Thursday,Unknown,Truck,Unknown,1,18-30,Unknown,Other,Normal,Dry,Daylight,0,0,1,Minor
KAG_001749,Kaggle_road_csv,0,,Saturday,Unknown,Truck,Unknown,1,18-30,Over 51,No Distancing,Normal,Dry,Darkness - Lights Lit,0,0,1,Minor
KAG_001750,Kaggle_road_csv,0,,Saturday,Unknown,Truck,Unknown,2,18-30,31-50,Driving Carelessly,Normal,Dry,Daylight,0,0,1,Minor
KAG_001751,Kaggle_road_csv,0,,Saturday,Unknown,Truck,Unknown,2,31-50,31-50,Moving Backward,Normal,Dry,Daylight,0,0,1,Minor
KAG_001752,Kaggle_road_csv,0,,Sunday,Unknown,Truck,Unknown,2,31-50,Unknown,No Distancing,Normal,Dry,Daylight,0,0,1,Minor
KAG_001753,Kaggle_road_csv,0,,Sunday,Unknown,Truck,Unknown,2,31-50,Under 18,Driving Carelessly,Normal,Dry,Darkness - Lights Lit,0,0,2,Minor
KAG_001754,Kaggle_road_csv,0,,Monday,Unknown,Truck,Unknown,2,18-30,31-50,No Distancing,Raining,Wet Or Damp,Darkness - Lights Lit,0,0,1,Minor
KAG_001755,Kaggle_road_csv,0,,Thursday,Unknown,Truck,Unknown,2,Over 51,18-30,Overtaking,Normal,Dry,Daylight,0,0,1,Minor
KAG_001756,Kaggle_road_csv,0,,Friday,Unknown,Truck,Unknown,3,31-50,Unknown,Changing Lane To The Left,Normal,Dry,Daylight,0,0,2,Minor
KAG_001757,Kaggle_road_csv,0,,Friday,Unknown,Truck,Unknown,3,31-50,Unknown,Changing Lane To The Right,Normal,Dry,Daylight,0,0,2,Minor
KAG_001758,Kaggle_road_csv,0,,Friday,Unknown,Truck,Unknown,3,31-50,Unknown,Driving Under The Influence Of Drugs,Normal,Dry,Daylight,0,0,2,Minor
KAG_001759,Kaggle_road_csv,0,,Wednesday,Unknown,Truck,Unknown,2,31-50,Under 18,Overtaking,Normal,Dry,Daylight,0,0,1,Serious
KAG_001760,Kaggle_road_csv,0,,Wednesday,Unknown,Truck,Unknown,2,Over 51,31-50,Driving Under The Influence Of Drugs,Normal,Dry,Daylight,0,0,1,Minor
KAG_001761,Kaggle_road_csv,0,,Wednesday,Unknown,Truck,Unknown,2,Over 51,18-30,Driving Carelessly,Normal,Dry,Daylight,0,0,1,Minor
KAG_001762,Kaggle_road_csv,0,,Thursday,Unknown,Truck,Unknown,2,18-30,Unknown,No Distancing,Raining,Wet Or Damp,Daylight,0,0,2,Minor
KAG_001763,Kaggle_road_csv,0,,Sunday,Unknown,Truck,Unknown,2,18-30,18-30,No Priority To Vehicle,Normal,Dry,Daylight,0,0,1,Minor
KAG_001764,Kaggle_road_csv,0,,Wednesday,Unknown,Truck,Unknown,2,31-50,Over 51,No Distancing,Normal,Dry,Darkness - Lights Lit,0,0,1,Minor
KAG_001765,Kaggle_road_csv,0,,Monday,Unknown,Truck,Unknown,3,31-50,18-30,Changing Lane To The Right,Normal,Dry,Daylight,0,0,1,Serious
KAG_001766,Kaggle_road_csv,0,,Tuesday,Unknown,Truck,Unknown,2,Unknown,Under 18,Driving At High Speed,Normal,Dry,Daylight,0,0,1,Minor
KAG_001767,Kaggle_road_csv,0,,Tuesday,Unknown,Truck,Unknown,2,Under 18,Unknown,No Distancing,Cloudy,Wet Or Damp,Darkness - Lights Lit,0,0,1,Minor
KAG_001768,Kaggle_road_csv,0,,Friday,Unknown,Truck,Unknown,2,18-30,31-50,No Distancing,Normal,Wet Or Damp,Daylight,0,0,1,Minor
KAG_001769,Kaggle_road_csv,0,,Tuesday,Unknown,Truck,Unknown,4,18-30,31-50,Getting Off The Vehicle Improperly,Normal,Wet Or Damp,Darkness - Lights Lit,0,0,1,Minor
KAG_001770,Kaggle_road_csv,0,,Tuesday,Unknown,Truck,Unknown,4,31-50,Unknown,Overtaking,Normal,Wet Or Damp,Darkness - Lights Lit,0,0,1,Minor
KAG_001771,Kaggle_road_csv,0,,Wednesday,Unknown,Truck,Unknown,2,Under 18,Unknown,Overturning,Normal,Wet Or Damp,Daylight,0,0,1,Minor
KAG_001772,Kaggle_road_csv,0,,Wednesday,Unknown,Truck,Unknown,2,18-30,Under 18,Driving Under The Influence Of Drugs,Normal,Wet Or Damp,Daylight,0,0,1,Minor
KAG_001773,Kaggle_road_csv,0,,Sunday,Unknown,Truck,Unknown,2,18-30,Over 51,No Priority To Vehicle,Normal,Dry,Daylight,0,0,1,Serious
KAG_001774,Kaggle_road_csv,0,,Wednesday,Unknown,Truck,Unknown,2,31-50,18-30,No Priority To Vehicle,Normal,Dry,Daylight,0,0,3,Minor
KAG_001775,Kaggle_road_csv,0,,Saturday,Unknown,Truck,Unknown,2,18-30,Unknown,Driving Under The Influence Of Drugs,Raining,Wet Or Damp,Daylight,0,0,3,Minor
KAG_001776,Kaggle_road_csv,0,,Saturday,Unknown,Truck,Unknown,2,18-30,18-30,Driving Carelessly,Raining,Wet Or Damp,Daylight,0,0,3,Minor
KAG_001777,Kaggle_road_csv,0,,Tuesday,Unknown,Truck,Unknown,2,Unknown,Over 51,No Priority To Vehicle,Normal,Dry,Darkness - Lights Lit,0,0,5,Minor
KAG_001778,Kaggle_road_csv,0,,Friday,Unknown,Truck,Unknown,2,Unknown,Unknown,Driving Under The Influence Of Drugs,Normal,Dry,Daylight,0,0,1,Minor
KAG_001779,Kaggle_road_csv,0,,Tuesday,Unknown,Truck,Unknown,2,Unknown,31-50,Driving Carelessly,Normal,Dry,Darkness - Lights Lit,0,0,1,Minor
KAG_001780,Kaggle_road_csv,0,,Friday,Unknown,Truck,Unknown,2,31-50,18-30,No Priority To Vehicle,Normal,Dry,Daylight,0,0,2,Minor
KAG_001781,Kaggle_road_csv,0,,Tuesday,Unknown,Truck,Unknown,2,31-50,Unknown,Changing Lane To The Left,Normal,Dry,Darkness - Lights Lit,0,0,1,Minor
KAG_001782,Kaggle_road_csv,0,,Wednesday,Unknown,Truck,Unknown,2,Under 18,31-50,Driving Carelessly,Normal,Wet Or Damp,Daylight,0,0,1,Minor
KAG_001783,Kaggle_road_csv,0,,Sunday,Unknown,Truck,Unknown,2,18-30,Over 51,Driving To The Left,Windy,Wet Or Damp,Daylight,0,0,3,Serious
KAG_001784,Kaggle_road_csv,0,,Wednesday,Unknown,Truck,Unknown,2,18-30,18-30,No Distancing,Normal,Dry,Daylight,0,0,2,Serious
KAG_001785,Kaggle_road_csv,0,,Wednesday,Unknown,Truck,Unknown,2,31-50,31-50,No Priority To Vehicle,Normal,Dry,Daylight,0,0,1,Minor
KAG_001786,Kaggle_road_csv,0,,Monday,Unknown,Truck,Unknown,1,Unknown,31-50,No Distancing,Normal,Dry,Daylight,0,0,1,Minor
KAG_001787,Kaggle_road_csv,0,,Tuesday,Unknown,Truck,Unknown,2,18-30,31-50,Changing Lane To The Left,Normal,Dry,Darkness - Lights Lit,0,0,1,Minor
KAG_001788,Kaggle_road_csv,0,,Saturday,Unknown,Truck,Unknown,3,Unknown,Unknown,No Distancing,Normal,Dry,Daylight,0,0,2,Minor
KAG_001789,Kaggle_road_csv,0,,Tuesday,Unknown,Truck,Unknown,2,18-30,Unknown,Getting Off The Vehicle Improperly,Normal,Dry,Darkness - Lights Lit,0,0,1,Minor
KAG_001790,Kaggle_road_csv,0,,Tuesday,Unknown,Truck,Unknown,2,31-50,Over 51,Changing Lane To The Left,Normal,Wet Or Damp,Daylight,0,0,1,Serious
KAG_001791,Kaggle_road_csv,0,,Tuesday,Unknown,Truck,Unknown,2,18-30,Unknown,No Distancing,Normal,Wet Or Damp,Daylight,0,0,1,Serious
KAG_001792,Kaggle_road_csv,0,,Saturday,Unknown,Truck,Unknown,2,Unknown,18-30,Overtaking,Normal,Wet Or Damp,Daylight,0,0,1,Minor
KAG_001793,Kaggle_road_csv,0,,Thursday,Unknown,Truck,Unknown,1,Unknown,Unknown,Driving Carelessly,Normal,Dry,Darkness - Lights Lit,0,0,1,Minor
KAG_001794,Kaggle_road_csv,0,,Thursday,Unknown,Truck,Unknown,1,18-30,Unknown,Driving Carelessly,Other,Dry,Daylight,0,0,1,Minor
KAG_001795,Kaggle_road_csv,0,,Wednesday,Unknown,Truck,Unknown,2,18-30,Unknown,No Distancing,Windy,Wet Or Damp,Darkness - Lights Lit,0,0,1,Minor
KAG_001796,Kaggle_road_csv,0,,Friday,Unknown,Truck,Unknown,3,Under 18,Under 18,No Distancing,Normal,Wet Or Damp,Darkness - Lights Lit,0,0,3,Minor
KAG_001797,Kaggle_road_csv,0,,Friday,Unknown,Truck,Unknown,3,Over 51,Unknown,Changing Lane To The Right,Normal,Wet Or Damp,Darkness - Lights Lit,0,0,3,Minor
KAG_001798,Kaggle_road_csv,0,,Wednesday,Unknown,Truck,Unknown,3,18-30,Unknown,No Distancing,Normal,Wet Or Damp,Darkness - Lights Lit,0,0,1,Serious
KAG_001799,Kaggle_road_csv,0,,Thursday,Unknown,Truck,Unknown,1,31-50,Under 18,Moving Backward,Normal,Dry,Daylight,0,0,1,Minor
KAG_001800,Kaggle_road_csv,0,,Wednesday,Unknown,Truck,Unknown,2,31-50,Unknown,Overtaking,Normal,Dry,Darkness - Lights Lit,0,0,1,Minor
KAG_001801,Kaggle_road_csv,0,,Friday,Unknown,Truck,Unknown,2,Over 51,31-50,Driving At High Speed,Normal,Dry,Daylight,0,0,1,Minor
KAG_001802,Kaggle_road_csv,0,,Friday,Unknown,Truck,Unknown,2,18-30,18-30,Changing Lane To The Right,Normal,Dry,Daylight,0,0,1,Minor
KAG_001803,Kaggle_road_csv,0,,Friday,Unknown,Truck,Unknown,2,31-50,Unknown,No Priority To Vehicle,Normal,Dry,Daylight,0,0,1,Minor
KAG_001804,Kaggle_road_csv,0,,Saturday,Unknown,Truck,Unknown,3,31-50,18-30,No Priority To Vehicle,Normal,Dry,Daylight,0,0,3,Minor
KAG_001805,Kaggle_road_csv,0,,Saturday,Unknown,Truck,Unknown,3,31-50,Unknown,No Distancing,Normal,Dry,Daylight,0,0,3,Minor
KAG_001806,Kaggle_road_csv,0,,Saturday,Unknown,Truck,Unknown,2,Unknown,18-30,No Priority To Pedestrian,Unknown,Dry,Darkness - Lights Lit,0,0,1,Minor
KAG_001807,Kaggle_road_csv,0,,Monday,Unknown,Truck,Unknown,2,Unknown,18-30,Changing Lane To The Left,Normal,Dry,Daylight,0,0,1,Serious
KAG_001808,Kaggle_road_csv,0,,Tuesday,Unknown,Truck,Unknown,3,31-50,18-30,Moving Backward,Normal,Dry,Daylight,0,0,1,Minor
KAG_001809,Kaggle_road_csv,0,,Tuesday,Unknown,Truck,Unknown,3,Unknown,Unknown,Overspeed,Normal,Dry,Daylight,0,0,1,Minor
KAG_001810,Kaggle_road_csv,0,,Wednesday,Unknown,Truck,Unknown,2,Under 18,Unknown,No Priority To Vehicle,Normal,Dry,Daylight,0,0,1,Serious
KAG_001811,Kaggle_road_csv,0,,Monday,Unknown,Truck,Unknown,2,Under 18,Unknown,Changing Lane To The Right,Normal,Dry,Darkness - Lights Lit,0,0,2,Minor
KAG_001812,Kaggle_road_csv,0,,Monday,Unknown,Truck,Unknown,2,31-50,18-30,Moving Backward,Normal,Dry,Darkness - Lights Lit,0,0,2,Minor
KAG_001813,Kaggle_road_csv,0,,Monday,Unknown,Truck,Unknown,4,31-50,31-50,No Distancing,Normal,Dry,Daylight,0,0,1,Minor
KAG_001814,Kaggle_road_csv,0,,Thursday,Unknown,Truck,Unknown,1,Unknown,18-30,Overturning,Normal,Dry,Daylight,0,0,1,Minor
KAG_001815,Kaggle_road_csv,0,,Monday,Unknown,Truck,Unknown,2,31-50,Unknown,Driving At High Speed,Normal,Wet Or Damp,Darkness - Lights Lit,0,0,1,Minor
KAG_001816,Kaggle_road_csv,0,,Tuesday,Unknown,Truck,Unknown,1,Under 18,18-30,Changing Lane To The Right,Other,Dry,Darkness - Lights Lit,0,0,1,Minor
KAG_001817,Kaggle_road_csv,0,,Friday,Unknown,Truck,Unknown,2,Unknown,Unknown,No Distancing,Unknown,Dry,Darkness - Lights Lit,0,0,1,Minor
KAG_001818,Kaggle_road_csv,0,,Saturday,Unknown,Truck,Unknown,2,18-30,Over 51,Driving Carelessly,Normal,Wet Or Damp,Daylight,0,0,2,Minor
KAG_001819,Kaggle_road_csv,0,,Tuesday,Unknown,Truck,Unknown,2,31-50,Unknown,No Priority To Pedestrian,Normal,Dry,Daylight,0,0,1,Minor
KAG_001820,Kaggle_road_csv,0,,Tuesday,Unknown,Truck,Unknown,2,31-50,18-30,Moving Backward,Normal,Dry,Daylight,0,0,1,Minor
KAG_001821,Kaggle_road_csv,0,,Wednesday,Unknown,Truck,Unknown,2,Over 51,18-30,Overtaking,Raining,Wet Or Damp,Daylight,0,0,1,Minor
KAG_001822,Kaggle_road_csv,0,,Saturday,Unknown,Truck,Unknown,2,Unknown,Unknown,Changing Lane To The Left,Normal,Dry,Darkness - Lights Lit,0,0,1,Minor
KAG_001823,Kaggle_road_csv,0,,Monday,Unknown,Truck,Unknown,2,31-50,Unknown,No Priority To Vehicle,Normal,Dry,Daylight,0,0,5,Minor
KAG_001824,Kaggle_road_csv,0,,Thursday,Unknown,Truck,Unknown,2,18-30,Unknown,Moving Backward,Other,Wet Or Damp,Darkness - No Lighting,0,0,1,Minor
KAG_001825,Kaggle_road_csv,0,,Thursday,Unknown,Truck,Unknown,2,Over 51,31-50,Changing Lane To The Right,Other,Wet Or Damp,Darkness - No Lighting,0,0,1,Minor
KAG_001826,Kaggle_road_csv,0,,Wednesday,Unknown,Truck,Unknown,2,18-30,18-30,No Priority To Pedestrian,Normal,Dry,Daylight,0,0,1,Serious
KAG_001827,Kaggle_road_csv,0,,Saturday,Unknown,Truck,Unknown,3,Unknown,Under 18,Changing Lane To The Right,Normal,Dry,Darkness - Lights Lit,0,0,6,Minor
KAG_001828,Kaggle_road_csv,0,,Wednesday,Unknown,Truck,Unknown,2,Unknown,18-30,No Distancing,Normal,Dry,Daylight,0,0,1,Minor
KAG_001829,Kaggle_road_csv,0,,Monday,Unknown,Truck,Unknown,1,Unknown,Unknown,Driving Carelessly,Normal,Dry,Daylight,0,0,1,Minor
KAG_001830,Kaggle_road_csv,0,,Friday,Unknown,Truck,Unknown,2,31-50,31-50,Driving Carelessly,Normal,Dry,Daylight,0,0,1,Minor
KAG_001831,Kaggle_road_csv,0,,Wednesday,Unknown,Truck,Unknown,4,31-50,Unknown,Changing Lane To The Right,Normal,Dry,Daylight,0,0,2,Minor
KAG_001832,Kaggle_road_csv,0,,Wednesday,Unknown,Truck,Unknown,4,Under 18,31-50,Driving At High Speed,Normal,Dry,Daylight,0,0,2,Minor
KAG_001833,Kaggle_road_csv,0,,Wednesday,Unknown,Truck,Unknown,4,Over 51,Unknown,No Distancing,Normal,Dry,Daylight,0,0,2,Minor
KAG_001834,Kaggle_road_csv,0,,Thursday,Unknown,Truck,Unknown,2,18-30,31-50,No Priority To Vehicle,Normal,Dry,Darkness - Lights Lit,0,0,2,Minor
KAG_001835,Kaggle_road_csv,0,,Sunday,Unknown,Truck,Unknown,2,18-30,Unknown,No Distancing,Normal,Dry,Daylight,0,0,3,Minor
KAG_001836,Kaggle_road_csv,0,,Wednesday,Unknown,Truck,Unknown,1,31-50,18-30,Changing Lane To The Left,Normal,Dry,Daylight,0,0,1,Minor
KAG_001837,Kaggle_road_csv,0,,Sunday,Unknown,Truck,Unknown,1,18-30,Unknown,Driving Carelessly,Normal,Wet Or Damp,Darkness - Lights Lit,0,0,2,Serious
KAG_001838,Kaggle_road_csv,0,,Friday,Unknown,Truck,Unknown,2,18-30,18-30,No Distancing,Normal,Dry,Daylight,0,0,1,Minor
KAG_001839,Kaggle_road_csv,0,,Friday,Unknown,Truck,Unknown,2,Over 51,Unknown,Driving Carelessly,Normal,Wet Or Damp,Darkness - Lights Lit,0,0,1,Minor
KAG_001840,Kaggle_road_csv,0,,Thursday,Unknown,Truck,Unknown,2,Unknown,Unknown,Other,Normal,Dry,Daylight,0,0,1,Minor
KAG_001841,Kaggle_road_csv,0,,Monday,Unknown,Truck,Unknown,2,31-50,Unknown,No Distancing,Normal,Wet Or Damp,Daylight,0,0,3,Serious
KAG_001842,Kaggle_road_csv,0,,Thursday,Unknown,Truck,Unknown,1,31-50,18-30,Overturning,Normal,Dry,Daylight,0,0,1,Serious
KAG_001843,Kaggle_road_csv,0,,Friday,Unknown,Truck,Unknown,3,Over 51,18-30,No Priority To Vehicle,Normal,Wet Or Damp,Darkness - Lights Lit,0,0,1,Minor
KAG_001844,Kaggle_road_csv,0,,Thursday,Unknown,Truck,Unknown,2,Unknown,Over 51,Other,Raining,Wet Or Damp,Daylight,0,0,1,Minor
KAG_001845,Kaggle_road_csv,0,,Saturday,Unknown,Truck,Unknown,2,31-50,Under 18,Moving Backward,Normal,Dry,Darkness - Lights Lit,0,0,2,Minor
KAG_001846,Kaggle_road_csv,0,,Saturday,Unknown,Truck,Unknown,3,18-30,Unknown,Driving Carelessly,Normal,Dry,Daylight,0,0,5,Serious
KAG_001847,Kaggle_road_csv,0,,Saturday,Unknown,Truck,Unknown,3,18-30,Unknown,Changing Lane To The Right,Normal,Dry,Daylight,0,0,5,Serious
KAG_001848,Kaggle_road_csv,0,,Tuesday,Unknown,Truck,Unknown,2,Under 18,Unknown,No Priority To Pedestrian,Normal,Dry,Daylight,0,0,1,Minor
KAG_001849,Kaggle_road_csv,0,,Friday,Unknown,Truck,Unknown,2,Under 18,18-30,Driving Carelessly,Normal,Dry,Daylight,0,0,1,Serious
KAG_001850,Kaggle_road_csv,0,,Friday,Unknown,Truck,Unknown,2,Unknown,Unknown,Driving Carelessly,Normal,Wet Or Damp,Daylight,0,0,1,Minor
KAG_001851,Kaggle_road_csv,0,,Monday,Unknown,Truck,Unknown,3,Under 18,Under 18,Other,Normal,Dry,Daylight,0,0,3,Minor
KAG_001852,Kaggle_road_csv,0,,Friday,Unknown,Truck,Unknown,2,Over 51,18-30,Overtaking,Normal,Dry,Daylight,0,0,1,Minor
KAG_001853,Kaggle_road_csv,0,,Saturday,Unknown,Truck,Unknown,2,31-50,Unknown,Overtaking,Normal,Dry,Daylight,0,0,1,Minor
KAG_001854,Kaggle_road_csv,0,,Wednesday,Unknown,Truck,Unknown,2,18-30,Unknown,Changing Lane To The Right,Normal,Dry,Daylight,0,0,1,Minor
KAG_001855,Kaggle_road_csv,0,,Friday,Unknown,Truck,Unknown,1,Over 51,18-30,Changing Lane To The Right,Normal,Dry,Daylight,0,0,1,Minor
KAG_001856,Kaggle_road_csv,0,,Friday,Unknown,Truck,Unknown,3,31-50,Unknown,Moving Backward,Normal,Dry,Daylight,0,0,1,Minor
KAG_001857,Kaggle_road_csv,0,,Monday,Unknown,Truck,Unknown,2,31-50,Unknown,Other,Normal,Wet Or Damp,Darkness - Lights Lit,0,0,1,Minor
KAG_001858,Kaggle_road_csv,0,,Monday,Unknown,Truck,Unknown,2,31-50,Under 18,No Priority To Vehicle,Normal,Wet Or Damp,Darkness - Lights Lit,0,0,1,Minor
KAG_001859,Kaggle_road_csv,0,,Sunday,Unknown,Truck,Unknown,2,31-50,Under 18,No Distancing,Normal,Dry,Daylight,0,0,1,Minor
KAG_001860,Kaggle_road_csv,0,,Wednesday,Unknown,Truck,Unknown,1,Unknown,Under 18,Moving Backward,Normal,Dry,Daylight,0,0,1,Minor
KAG_001861,Kaggle_road_csv,0,,Saturday,Unknown,Truck,Unknown,1,18-30,Under 18,No Priority To Pedestrian,Normal,Dry,Darkness - Lights Lit,0,0,1,Minor
KAG_001862,Kaggle_road_csv,0,,Saturday,Unknown,Truck,Unknown,3,Unknown,Under 18,Changing Lane To The Left,Normal,Dry,Daylight,0,0,2,Minor
KAG_001863,Kaggle_road_csv,0,,Wednesday,Unknown,Truck,Unknown,3,18-30,31-50,Changing Lane To The Right,Normal,Dry,Daylight,0,0,2,Serious
KAG_001864,Kaggle_road_csv,0,,Monday,Unknown,Truck,Unknown,4,18-30,Unknown,No Distancing,Normal,Dry,Daylight,0,0,5,Minor
KAG_001865,Kaggle_road_csv,0,,Monday,Unknown,Truck,Unknown,2,Unknown,Unknown,Turnover,Normal,Dry,Daylight,0,0,1,Minor
KAG_001866,Kaggle_road_csv,0,,Friday,Unknown,Truck,Unknown,2,Unknown,31-50,Overtaking,Normal,Dry,Daylight,0,0,1,Minor
KAG_001867,Kaggle_road_csv,0,,Thursday,Unknown,Truck,Unknown,1,31-50,18-30,Changing Lane To The Left,Normal,Dry,Daylight,0,0,1,Minor
KAG_001868,Kaggle_road_csv,0,,Wednesday,Unknown,Truck,Unknown,2,Under 18,31-50,Changing Lane To The Left,Normal,Dry,Daylight,0,0,4,Minor
KAG_001869,Kaggle_road_csv,0,,Wednesday,Unknown,Truck,Unknown,2,Under 18,18-30,Changing Lane To The Left,Normal,Dry,Daylight,0,0,4,Minor
KAG_001870,Kaggle_road_csv,0,,Wednesday,Unknown,Truck,Unknown,2,18-30,Unknown,Driving Carelessly,Normal,Dry,Daylight,0,0,4,Minor
KAG_001871,Kaggle_road_csv,0,,Tuesday,Unknown,Truck,Unknown,2,18-30,18-30,Driving Carelessly,Cloudy,Wet Or Damp,Daylight,0,0,1,Minor
KAG_001872,Kaggle_road_csv,0,,Tuesday,Unknown,Truck,Unknown,2,Unknown,Unknown,No Priority To Pedestrian,Cloudy,Wet Or Damp,Daylight,0,0,1,Minor
KAG_001873,Kaggle_road_csv,0,,Thursday,Unknown,Truck,Unknown,2,Unknown,31-50,Driving Carelessly,Normal,Dry,Darkness - Lights Lit,0,0,4,Minor
KAG_001874,Kaggle_road_csv,0,,Thursday,Unknown,Truck,Unknown,2,18-30,18-30,Changing Lane To The Left,Normal,Dry,Darkness - Lights Lit,0,0,4,Minor
KAG_001875,Kaggle_road_csv,0,,Tuesday,Unknown,Truck,Unknown,3,Unknown,Unknown,Driving To The Left,Normal,Dry,Daylight,0,0,1,Minor
KAG_001876,Kaggle_road_csv,0,,Monday,Unknown,Truck,Unknown,2,31-50,31-50,Changing Lane To The Left,Raining,Wet Or Damp,Darkness - No Lighting,0,0,1,Minor
KAG_001877,Kaggle_road_csv,0,,Monday,Unknown,Truck,Unknown,2,31-50,Under 18,Changing Lane To The Right,Raining,Wet Or Damp,Darkness - No Lighting,0,0,1,Minor
KAG_001878,Kaggle_road_csv,0,,Thursday,Unknown,Truck,Unknown,2,31-50,31-50,Changing Lane To The Right,Normal,Dry,Daylight,0,0,1,Minor
KAG_001879,Kaggle_road_csv,0,,Thursday,Unknown,Truck,Unknown,2,18-30,31-50,Driving Carelessly,Normal,Dry,Daylight,0,0,1,Serious
KAG_001880,Kaggle_road_csv,0,,Wednesday,Unknown,Truck,Unknown,2,Under 18,31-50,Changing Lane To The Left,Normal,Dry,Daylight,0,0,1,Minor
KAG_001881,Kaggle_road_csv,0,,Friday,Unknown,Truck,Unknown,2,18-30,18-30,No Distancing,Normal,Dry,Darkness - Lights Lit,0,0,3,Minor
KAG_001882,Kaggle_road_csv,0,,Friday,Unknown,Truck,Unknown,2,18-30,Unknown,Changing Lane To The Left,Normal,Dry,Darkness - Lights Lit,0,0,3,Minor
KAG_001883,Kaggle_road_csv,0,,Wednesday,Unknown,Truck,Unknown,3,Unknown,Unknown,No Distancing,Normal,Dry,Daylight,0,0,1,Minor
KAG_001884,Kaggle_road_csv,0,,Wednesday,Unknown,Truck,Unknown,3,31-50,31-50,Overtaking,Normal,Dry,Daylight,0,0,1,Minor
KAG_001885,Kaggle_road_csv,0,,Saturday,Unknown,Truck,Unknown,3,Unknown,Unknown,No Distancing,Raining,Wet Or Damp,Darkness - Lights Lit,0,0,1,Minor
KAG_001886,Kaggle_road_csv,0,,Saturday,Unknown,Truck,Unknown,3,Unknown,Unknown,Driving Carelessly,Raining,Wet Or Damp,Darkness - Lights Lit,0,0,1,Minor
KAG_001887,Kaggle_road_csv,0,,Saturday,Unknown,Truck,Unknown,3,Unknown,18-30,No Priority To Pedestrian,Raining,Wet Or Damp,Darkness - Lights Lit,0,0,1,Minor
KAG_001888,Kaggle_road_csv,0,,Saturday,Unknown,Truck,Unknown,2,31-50,18-30,Moving Backward,Raining,Wet Or Damp,Darkness - Lights Lit,0,0,3,Minor
KAG_001889,Kaggle_road_csv,0,,Sunday,Unknown,Truck,Unknown,2,Unknown,Unknown,Moving Backward,Normal,Wet Or Damp,Daylight,0,0,2,Minor
KAG_001890,Kaggle_road_csv,0,,Wednesday,Unknown,Truck,Unknown,2,31-50,Under 18,Driving Carelessly,Normal,Dry,Daylight,0,0,1,Minor
KAG_001891,Kaggle_road_csv,0,,Tuesday,Unknown,Truck,Unknown,2,Unknown,31-50,No Priority To Vehicle,Normal,Dry,Daylight,0,0,1,Minor
KAG_001892,Kaggle_road_csv,0,,Thursday,Unknown,Truck,Unknown,2,31-50,18-30,No Priority To Vehicle,Raining,Wet Or Damp,Daylight,0,0,1,Minor
KAG_001893,Kaggle_road_csv,0,,Wednesday,Unknown,Truck,Unknown,2,31-50,Unknown,Changing Lane To The Left,Normal,Dry,Daylight,0,0,1,Minor
KAG_001894,Kaggle_road_csv,0,,Saturday,Unknown,Truck,Unknown,2,Unknown,18-30,No Distancing,Normal,Dry,Daylight,0,0,1,Minor
KAG_001895,Kaggle_road_csv,0,,Saturday,Unknown,Truck,Unknown,2,Over 51,18-30,Driving Under The Influence Of Drugs,Normal,Dry,Daylight,0,0,1,Minor
KAG_001896,Kaggle_road_csv,0,,Thursday,Unknown,Truck,Unknown,2,18-30,31-50,Getting Off The Vehicle Improperly,Normal,Dry,Daylight,0,0,1,Minor
KAG_001897,Kaggle_road_csv,0,,Thursday,Unknown,Truck,Unknown,3,18-30,Over 51,No Distancing,Normal,Dry,Daylight,0,0,4,Minor
KAG_001898,Kaggle_road_csv,0,,Monday,Unknown,Truck,Unknown,2,31-50,18-30,Overturning,Normal,Dry,Daylight,0,0,1,Minor
KAG_001899,Kaggle_road_csv,0,,Monday,Unknown,Truck,Unknown,2,Under 18,Under 18,Changing Lane To The Left,Normal,Dry,Daylight,0,0,1,Minor
KAG_001900,Kaggle_road_csv,0,,Monday,Unknown,Truck,Unknown,2,Over 51,Unknown,No Distancing,Normal,Dry,Daylight,0,0,2,Minor
KAG_001901,Kaggle_road_csv,0,,Saturday,Unknown,Truck,Unknown,3,Over 51,18-30,Changing Lane To The Right,Normal,Dry,Daylight,0,0,1,Minor
KAG_001902,Kaggle_road_csv,0,,Wednesday,Unknown,Truck,Unknown,2,18-30,Unknown,Driving Carelessly,Normal,Dry,Daylight,0,0,1,Minor
KAG_001903,Kaggle_road_csv,0,,Saturday,Unknown,Truck,Unknown,1,Under 18,18-30,Moving Backward,Normal,Wet Or Damp,Darkness - Lights Lit,0,0,2,Minor
KAG_001904,Kaggle_road_csv,0,,Thursday,Unknown,Truck,Unknown,2,Unknown,Unknown,No Priority To Vehicle,Unknown,Dry,Daylight,0,0,1,Minor
KAG_001905,Kaggle_road_csv,0,,Tuesday,Unknown,Truck,Unknown,2,18-30,Unknown,Changing Lane To The Right,Normal,Dry,Daylight,0,0,1,Minor
KAG_001906,Kaggle_road_csv,0,,Sunday,Unknown,Truck,Unknown,2,18-30,18-30,No Distancing,Normal,Dry,Daylight,0,0,3,Minor
KAG_001907,Kaggle_road_csv,0,,Thursday,Unknown,Truck,Unknown,2,31-50,18-30,No Distancing,Normal,Dry,Daylight,0,0,1,Minor
KAG_001908,Kaggle_road_csv,0,,Friday,Unknown,Truck,Unknown,2,Over 51,18-30,No Priority To Vehicle,Normal,Dry,Daylight,0,0,1,Minor
KAG_001909,Kaggle_road_csv,0,,Friday,Unknown,Truck,Unknown,2,31-50,31-50,Moving Backward,Normal,Dry,Daylight,0,0,1,Minor
KAG_001910,Kaggle_road_csv,0,,Friday,Unknown,Truck,Unknown,2,31-50,Unknown,Getting Off The Vehicle Improperly,Normal,Dry,Daylight,0,0,2,Minor
KAG_001911,Kaggle_road_csv,0,,Thursday,Unknown,Truck,Unknown,2,Unknown,Unknown,No Priority To Vehicle,Normal,Dry,Daylight,0,0,1,Minor
KAG_001912,Kaggle_road_csv,0,,Tuesday,Unknown,Truck,Unknown,2,18-30,Unknown,Moving Backward,Normal,Dry,Daylight,0,0,1,Minor
KAG_001913,Kaggle_road_csv,0,,Friday,Unknown,Truck,Unknown,2,Over 51,31-50,Driving Carelessly,Normal,Dry,Daylight,0,0,1,Minor
KAG_001914,Kaggle_road_csv,0,,Saturday,Unknown,Truck,Unknown,2,Unknown,Unknown,Driving Under The Influence Of Drugs,Normal,Dry,Daylight,0,0,2,Serious
KAG_001915,Kaggle_road_csv,0,,Saturday,Unknown,Truck,Unknown,2,18-30,Unknown,Driving Carelessly,Normal,Dry,Daylight,0,0,2,Serious
KAG_001916,Kaggle_road_csv,0,,Tuesday,Unknown,Truck,Unknown,3,Over 51,Under 18,No Distancing,Normal,Dry,Daylight,0,0,1,Minor
KAG_001917,Kaggle_road_csv,0,,Saturday,Unknown,Truck,Unknown,2,31-50,Over 51,No Distancing,Normal,Dry,Darkness - Lights Lit,0,0,1,Minor
KAG_001918,Kaggle_road_csv,0,,Friday,Unknown,Truck,Unknown,2,Under 18,Under 18,No Distancing,Normal,Dry,Daylight,0,0,1,Minor
KAG_001919,Kaggle_road_csv,0,,Sunday,Unknown,Truck,Unknown,2,Over 51,31-50,No Distancing,Normal,Dry,Darkness - Lights Lit,0,0,1,Minor
KAG_001920,Kaggle_road_csv,0,,Sunday,Unknown,Truck,Unknown,2,18-30,18-30,No Priority To Vehicle,Normal,Dry,Darkness - Lights Lit,0,0,1,Minor
KAG_001921,Kaggle_road_csv,0,,Thursday,Unknown,Truck,Unknown,2,31-50,Unknown,Driving Carelessly,Normal,Dry,Daylight,0,0,3,Minor
KAG_001922,Kaggle_road_csv,0,,Sunday,Unknown,Truck,Unknown,4,18-30,18-30,Changing Lane To The Right,Normal,Dry,Daylight,0,0,1,Minor
KAG_001923,Kaggle_road_csv,0,,Thursday,Unknown,Truck,Unknown,2,18-30,31-50,No Distancing,Normal,Dry,Daylight,0,0,1,Minor
KAG_001924,Kaggle_road_csv,0,,Thursday,Unknown,Truck,Unknown,2,18-30,Unknown,No Distancing,Normal,Dry,Daylight,0,0,1,Minor
KAG_001925,Kaggle_road_csv,0,,Saturday,Unknown,Truck,Unknown,4,18-30,Under 18,Changing Lane To The Right,Normal,Dry,Daylight,0,0,3,Serious
KAG_001926,Kaggle_road_csv,0,,Tuesday,Unknown,Truck,Unknown,2,18-30,Unknown,No Distancing,Other,Wet Or Damp,Daylight,0,0,1,Minor
KAG_001927,Kaggle_road_csv,0,,Tuesday,Unknown,Truck,Unknown,2,31-50,31-50,Changing Lane To The Right,Other,Wet Or Damp,Daylight,0,0,1,Minor
KAG_001928,Kaggle_road_csv,0,,Thursday,Unknown,Truck,Unknown,3,31-50,Unknown,Driving To The Left,Normal,Dry,Daylight,0,0,1,Minor
KAG_001929,Kaggle_road_csv,0,,Saturday,Unknown,Truck,Unknown,2,18-30,31-50,Changing Lane To The Left,Normal,Dry,Darkness - Lights Lit,0,0,4,Minor
KAG_001930,Kaggle_road_csv,0,,Friday,Unknown,Truck,Unknown,4,Unknown,18-30,Moving Backward,Normal,Dry,Darkness - Lights Lit,0,0,1,Minor
KAG_001931,Kaggle_road_csv,0,,Saturday,Unknown,Truck,Unknown,2,31-50,Over 51,Changing Lane To The Right,Normal,Dry,Daylight,0,0,1,Minor
KAG_001932,Kaggle_road_csv,0,,Saturday,Unknown,Truck,Unknown,2,Over 51,Unknown,No Distancing,Normal,Dry,Daylight,0,0,1,Minor
KAG_001933,Kaggle_road_csv,0,,Thursday,Unknown,Truck,Unknown,2,Under 18,Unknown,Driving At High Speed,Other,Dry,Darkness - Lights Lit,0,0,1,Minor
KAG_001934,Kaggle_road_csv,0,,Thursday,Unknown,Truck,Unknown,1,18-30,18-30,Turnover,Normal,Dry,Daylight,0,0,1,Minor
KAG_001935,Kaggle_road_csv,0,,Wednesday,Unknown,Truck,Unknown,2,18-30,31-50,No Distancing,Normal,Dry,Daylight,0,0,1,Minor
KAG_001936,Kaggle_road_csv,0,,Saturday,Unknown,Truck,Unknown,2,Unknown,31-50,No Priority To Pedestrian,Normal,Dry,Daylight,0,0,1,Minor
KAG_001937,Kaggle_road_csv,0,,Thursday,Unknown,Truck,Unknown,2,18-30,Unknown,Changing Lane To The Left,Normal,Dry,Daylight,0,0,2,Minor
KAG_001938,Kaggle_road_csv,0,,Tuesday,Unknown,Truck,Unknown,1,18-30,31-50,Changing Lane To The Right,Normal,Dry,Daylight,0,0,1,Minor
KAG_001939,Kaggle_road_csv,0,,Saturday,Unknown,Truck,Unknown,1,31-50,18-30,Moving Backward,Normal,Dry,Darkness - Lights Lit,0,0,1,Minor
KAG_001940,Kaggle_road_csv,0,,Friday,Unknown,Truck,Unknown,2,18-30,31-50,Changing Lane To The Right,Normal,Dry,Daylight,0,0,1,Minor
KAG_001941,Kaggle_road_csv,0,,Friday,Unknown,Truck,Unknown,2,18-30,31-50,Overspeed,Normal,Dry,Daylight,0,0,1,Minor
KAG_001942,Kaggle_road_csv,0,,Wednesday,Unknown,Truck,Unknown,2,31-50,Unknown,Driving Carelessly,Normal,Dry,Daylight,0,0,1,Minor
KAG_001943,Kaggle_road_csv,0,,Saturday,Unknown,Truck,Unknown,2,31-50,Unknown,No Distancing,Raining,Wet Or Damp,Daylight,0,0,4,Minor
KAG_001944,Kaggle_road_csv,0,,Saturday,Unknown,Truck,Unknown,2,18-30,18-30,Overspeed,Raining,Wet Or Damp,Daylight,0,0,4,Minor
KAG_001945,Kaggle_road_csv,0,,Sunday,Unknown,Truck,Unknown,2,Over 51,18-30,Changing Lane To The Right,Normal,Dry,Darkness - Lights Lit,0,0,1,Minor
KAG_001946,Kaggle_road_csv,0,,Sunday,Unknown,Truck,Unknown,2,31-50,31-50,No Distancing,Raining,Wet Or Damp,Daylight,0,0,1,Minor
KAG_001947,Kaggle_road_csv,0,,Saturday,Unknown,Truck,Unknown,2,18-30,Over 51,No Distancing,Normal,Dry,Daylight,0,0,1,Minor
KAG_001948,Kaggle_road_csv,0,,Friday,Unknown,Truck,Unknown,1,18-30,31-50,Moving Backward,Normal,Dry,Daylight,0,0,1,Minor
KAG_001949,Kaggle_road_csv,0,,Saturday,Unknown,Truck,Unknown,2,31-50,18-30,Changing Lane To The Right,Normal,Dry,Daylight,0,0,3,Fatal
KAG_001950,Kaggle_road_csv,0,,Saturday,Unknown,Truck,Unknown,2,31-50,Unknown,Overturning,Normal,Dry,Daylight,0,0,1,Minor
KAG_001951,Kaggle_road_csv,0,,Friday,Unknown,Truck,Unknown,2,18-30,18-30,Changing Lane To The Right,Normal,Dry,Daylight,0,0,1,Minor
KAG_001952,Kaggle_road_csv,0,,Friday,Unknown,Truck,Unknown,2,18-30,Unknown,Moving Backward,Normal,Dry,Daylight,0,0,1,Minor
KAG_001953,Kaggle_road_csv,0,,Sunday,Unknown,Truck,Unknown,2,Over 51,Unknown,Overturning,Normal,Dry,Daylight,0,0,3,Minor
KAG_001954,Kaggle_road_csv,0,,Wednesday,Unknown,Truck,Unknown,1,18-30,Unknown,Moving Backward,Normal,Dry,Daylight,0,0,1,Minor
KAG_001955,Kaggle_road_csv,0,,Monday,Unknown,Truck,Unknown,3,18-30,18-30,Changing Lane To The Right,Normal,Dry,Darkness - Lights Lit,0,0,2,Minor
KAG_001956,Kaggle_road_csv,0,,Monday,Unknown,Truck,Unknown,3,18-30,Under 18,No Distancing,Normal,Dry,Darkness - Lights Lit,0,0,2,Minor
KAG_001957,Kaggle_road_csv,0,,Wednesday,Unknown,Truck,Unknown,2,31-50,Unknown,No Priority To Vehicle,Normal,Dry,Daylight,0,0,1,Minor
KAG_001958,Kaggle_road_csv,0,,Wednesday,Unknown,Truck,Unknown,2,31-50,Unknown,Driving Carelessly,Normal,Dry,Daylight,0,0,1,Minor
KAG_001959,Kaggle_road_csv,0,,Wednesday,Unknown,Truck,Unknown,2,31-50,18-30,Changing Lane To The Right,Normal,Dry,Daylight,0,0,1,Minor
KAG_001960,Kaggle_road_csv,0,,Monday,Unknown,Truck,Unknown,2,31-50,Unknown,Changing Lane To The Right,Normal,Dry,Daylight,0,0,1,Minor
KAG_001961,Kaggle_road_csv,0,,Wednesday,Unknown,Truck,Unknown,2,18-30,Under 18,No Priority To Vehicle,Normal,Dry,Daylight,0,0,1,Minor
KAG_001962,Kaggle_road_csv,0,,Wednesday,Unknown,Truck,Unknown,2,18-30,Unknown,No Priority To Vehicle,Normal,Dry,Daylight,0,0,2,Minor
KAG_001963,Kaggle_road_csv,0,,Monday,Unknown,Truck,Unknown,1,18-30,Unknown,Moving Backward,Normal,Dry,Darkness - Lights Lit,0,0,1,Fatal
KAG_001964,Kaggle_road_csv,0,,Friday,Unknown,Truck,Unknown,4,31-50,18-30,Driving Under The Influence Of Drugs,Normal,Dry,Darkness - Lights Lit,0,0,1,Minor
KAG_001965,Kaggle_road_csv,0,,Friday,Unknown,Truck,Unknown,4,31-50,Unknown,No Distancing,Normal,Dry,Darkness - Lights Lit,0,0,1,Minor
KAG_001966,Kaggle_road_csv,0,,Wednesday,Unknown,Truck,Unknown,2,18-30,31-50,Changing Lane To The Left,Normal,Dry,Daylight,0,0,1,Minor
KAG_001967,Kaggle_road_csv,0,,Wednesday,Unknown,Truck,Unknown,2,18-30,Unknown,No Priority To Vehicle,Raining,Wet Or Damp,Daylight,0,0,1,Minor
KAG_001968,Kaggle_road_csv,0,,Friday,Unknown,Truck,Unknown,2,31-50,Under 18,Changing Lane To The Left,Normal,Dry,Daylight,0,0,2,Serious
KAG_001969,Kaggle_road_csv,0,,Monday,Unknown,Truck,Unknown,2,31-50,Unknown,No Distancing,Normal,Dry,Daylight,0,0,1,Minor
KAG_001970,Kaggle_road_csv,0,,Friday,Unknown,Truck,Unknown,2,18-30,31-50,No Distancing,Raining,Wet Or Damp,Daylight,0,0,2,Minor
KAG_001971,Kaggle_road_csv,0,,Monday,Unknown,Truck,Unknown,2,18-30,Unknown,No Priority To Vehicle,Raining,Wet Or Damp,Darkness - Lights Lit,0,0,3,Minor
KAG_001972,Kaggle_road_csv,0,,Saturday,Unknown,Truck,Unknown,2,Over 51,Unknown,No Distancing,Normal,Dry,Daylight,0,0,4,Minor
KAG_001973,Kaggle_road_csv,0,,Wednesday,Unknown,Truck,Unknown,3,Under 18,18-30,Changing Lane To The Right,Normal,Dry,Daylight,0,0,1,Minor
KAG_001974,Kaggle_road_csv,0,,Wednesday,Unknown,Truck,Unknown,3,31-50,Over 51,No Distancing,Normal,Dry,Daylight,0,0,1,Minor
KAG_001975,Kaggle_road_csv,0,,Wednesday,Unknown,Truck,Unknown,3,Unknown,31-50,Overtaking,Normal,Dry,Daylight,0,0,1,Minor
KAG_001976,Kaggle_road_csv,0,,Thursday,Unknown,Truck,Unknown,2,31-50,Unknown,Driving To The Left,Normal,Dry,Daylight,0,0,1,Minor
KAG_001977,Kaggle_road_csv,0,,Monday,Unknown,Truck,Unknown,2,Unknown,18-30,Changing Lane To The Right,Normal,Wet Or Damp,Daylight,0,0,1,Minor
KAG_001978,Kaggle_road_csv,0,,Monday,Unknown,Truck,Unknown,2,31-50,31-50,Changing Lane To The Right,Normal,Wet Or Damp,Daylight,0,0,1,Minor
KAG_001979,Kaggle_road_csv,0,,Tuesday,Unknown,Truck,Unknown,2,31-50,Unknown,Moving Backward,Normal,Dry,Daylight,0,0,1,Minor
KAG_001980,Kaggle_road_csv,0,,Tuesday,Unknown,Truck,Unknown,2,Under 18,Over 51,Changing Lane To The Right,Raining,Wet Or Damp,Daylight,0,0,4,Minor
KAG_001981,Kaggle_road_csv,0,,Friday,Unknown,Truck,Unknown,2,Unknown,31-50,No Distancing,Raining,Wet Or Damp,Daylight,0,0,1,Minor
KAG_001982,Kaggle_road_csv,0,,Thursday,Unknown,Truck,Unknown,4,31-50,Unknown,No Priority To Vehicle,Normal,Wet Or Damp,Daylight,0,0,1,Minor
KAG_001983,Kaggle_road_csv,0,,Wednesday,Unknown,Truck,Unknown,2,Under 18,Unknown,Changing Lane To The Left,Normal,Wet Or Damp,Darkness - Lights Lit,0,0,1,Minor
KAG_001984,Kaggle_road_csv,0,,Wednesday,Unknown,Truck,Unknown,2,31-50,Under 18,Changing Lane To The Left,Normal,Wet Or Damp,Darkness - Lights Lit,0,0,1,Minor
KAG_001985,Kaggle_road_csv,0,,Monday,Unknown,Truck,Unknown,2,18-30,Unknown,Driving Under The Influence Of Drugs,Normal,Wet Or Damp,Daylight,0,0,1,Minor
KAG_001986,Kaggle_road_csv,0,,Saturday,Unknown,Truck,Unknown,2,Unknown,Over 51,No Priority To Vehicle,Normal,Dry,Daylight,0,0,3,Minor
KAG_001987,Kaggle_road_csv,0,,Saturday,Unknown,Truck,Unknown,2,31-50,Unknown,Changing Lane To The Right,Normal,Dry,Daylight,0,0,3,Minor
KAG_001988,Kaggle_road_csv,0,,Saturday,Unknown,Truck,Unknown,2,31-50,Unknown,No Distancing,Normal,Dry,Daylight,0,0,3,Minor
KAG_001989,Kaggle_road_csv,0,,Friday,Unknown,Truck,Unknown,3,31-50,31-50,No Priority To Vehicle,Normal,Dry,Daylight,0,0,2,Minor
KAG_001990,Kaggle_road_csv,0,,Friday,Unknown,Truck,Unknown,2,18-30,18-30,No Distancing,Normal,Dry,Daylight,0,0,2,Minor
KAG_001991,Kaggle_road_csv,0,,Monday,Unknown,Truck,Unknown,2,18-30,Unknown,No Priority To Vehicle,Normal,Wet Or Damp,Darkness - Lights Lit,0,0,1,Minor
KAG_001992,Kaggle_road_csv,0,,Wednesday,Unknown,Truck,Unknown,2,18-30,Under 18,No Distancing,Normal,Dry,Daylight,0,0,2,Serious
KAG_001993,Kaggle_road_csv,0,,Wednesday,Unknown,Truck,Unknown,3,18-30,18-30,Driving Carelessly,Normal,Dry,Daylight,0,0,3,Minor
KAG_001994,Kaggle_road_csv,0,,Wednesday,Unknown,Truck,Unknown,2,18-30,Unknown,Driving Carelessly,Normal,Dry,Darkness - Lights Lit,0,0,1,Serious
KAG_001995,Kaggle_road_csv,0,,Thursday,Unknown,Truck,Unknown,2,18-30,18-30,No Distancing,Normal,Dry,Daylight,0,0,1,Minor
KAG_001996,Kaggle_road_csv,0,,Tuesday,Unknown,Truck,Unknown,2,31-50,18-30,Getting Off The Vehicle Improperly,Normal,Wet Or Damp,Daylight,0,0,1,Minor
KAG_001997,Kaggle_road_csv,0,,Tuesday,Unknown,Truck,Unknown,2,Over 51,18-30,No Priority To Pedestrian,Normal,Wet Or Damp,Daylight,0,0,1,Minor
KAG_001998,Kaggle_road_csv,0,,Tuesday,Unknown,Truck,Unknown,1,31-50,18-30,No Distancing,Raining,Wet Or Damp,Daylight,0,0,1,Minor
KAG_001999,Kaggle_road_csv,0,,Thursday,Unknown,Truck,Unknown,2,Unknown,18-30,Driving Carelessly,Normal,Dry,Daylight,0,0,1,Serious
KAG_002000,Kaggle_road_csv,0,,Saturday,Unknown,Truck,Unknown,1,Under 18,Unknown,No Distancing,Raining,Wet Or Damp,Darkness - Lights Lit,0,0,1,Minor
KAG_002001,Kaggle_road_csv,0,,Wednesday,Unknown,Truck,Unknown,2,Unknown,Unknown,No Priority To Vehicle,Normal,Dry,Daylight,0,0,1,Minor
KAG_002002,Kaggle_road_csv,0,,Tuesday,Unknown,Truck,Unknown,2,31-50,Unknown,Driving Carelessly,Normal,Dry,Daylight,0,0,5,Minor
KAG_002003,Kaggle_road_csv,0,,Tuesday,Unknown,Truck,Unknown,2,Unknown,31-50,Changing Lane To The Right,Normal,Dry,Daylight,0,0,2,Minor
KAG_002004,Kaggle_road_csv,0,,Tuesday,Unknown,Truck,Unknown,2,18-30,31-50,Moving Backward,Normal,Dry,Daylight,0,0,2,Minor
KAG_002005,Kaggle_road_csv,0,,Wednesday,Unknown,Truck,Unknown,2,Unknown,18-30,Driving Under The Influence Of Drugs,Other,Wet Or Damp,Daylight,0,0,2,Minor
KAG_002006,Kaggle_road_csv,0,,Thursday,Unknown,Truck,Unknown,3,18-30,18-30,Drunk Driving,Normal,Dry,Daylight,0,0,2,Minor
KAG_002007,Kaggle_road_csv,0,,Thursday,Unknown,Truck,Unknown,3,18-30,Unknown,Changing Lane To The Left,Normal,Dry,Daylight,0,0,2,Minor
KAG_002008,Kaggle_road_csv,0,,Monday,Unknown,Truck,Unknown,2,18-30,Under 18,Changing Lane To The Left,Normal,Dry,Daylight,0,0,1,Minor
KAG_002009,Kaggle_road_csv,0,,Wednesday,Unknown,Truck,Unknown,2,31-50,Unknown,Overtaking,Normal,Dry,Daylight,0,0,1,Minor
KAG_002010,Kaggle_road_csv,0,,Saturday,Unknown,Truck,Unknown,2,Under 18,18-30,Other,Normal,Dry,Daylight,0,0,1,Minor
KAG_002011,Kaggle_road_csv,0,,Saturday,Unknown,Truck,Unknown,2,Over 51,Unknown,Changing Lane To The Right,Normal,Dry,Daylight,0,0,3,Fatal
KAG_002012,Kaggle_road_csv,0,,Friday,Unknown,Truck,Unknown,3,31-50,18-30,No Priority To Vehicle,Normal,Dry,Daylight,0,0,3,Minor
KAG_002013,Kaggle_road_csv,0,,Friday,Unknown,Truck,Unknown,3,31-50,Unknown,No Distancing,Normal,Dry,Daylight,0,0,3,Minor
KAG_002014,Kaggle_road_csv,0,,Wednesday,Unknown,Truck,Unknown,2,31-50,31-50,No Distancing,Other,Wet Or Damp,Daylight,0,0,1,Minor
KAG_002015,Kaggle_road_csv,0,,Monday,Unknown,Truck,Unknown,2,Under 18,Unknown,Overloading,Normal,Dry,Daylight,0,0,2,Minor
KAG_002016,Kaggle_road_csv,0,,Saturday,Unknown,Truck,Unknown,2,18-30,Under 18,Other,Normal,Dry,Darkness - Lights Lit,0,0,2,Serious
KAG_002017,Kaggle_road_csv,0,,Friday,Unknown,Truck,Unknown,3,18-30,Over 51,Driving Carelessly,Normal,Dry,Daylight,0,0,1,Minor
KAG_002018,Kaggle_road_csv,0,,Friday,Unknown,Truck,Unknown,2,18-30,18-30,Other,Normal,Dry,Daylight,0,0,1,Minor
KAG_002019,Kaggle_road_csv,0,,Saturday,Unknown,Truck,Unknown,2,Unknown,18-30,Overtaking,Normal,Dry,Darkness - Lights Lit,0,0,1,Serious
KAG_002020,Kaggle_road_csv,0,,Thursday,Unknown,Truck,Unknown,1,18-30,Unknown,Driving To The Left,Normal,Wet Or Damp,Darkness - Lights Lit,0,0,1,Serious
KAG_002021,Kaggle_road_csv,0,,Friday,Unknown,Truck,Unknown,2,Unknown,Unknown,No Priority To Vehicle,Normal,Dry,Darkness - Lights Lit,0,0,1,Minor
KAG_002022,Kaggle_road_csv,0,,Friday,Unknown,Truck,Unknown,1,31-50,Unknown,Driving Carelessly,Unknown,Dry,Daylight,0,0,1,Minor
KAG_002023,Kaggle_road_csv,0,,Monday,Unknown,Truck,Unknown,2,Unknown,Under 18,No Priority To Vehicle,Raining,Wet Or Damp,Darkness - Lights Lit,0,0,2,Minor
KAG_002024,Kaggle_road_csv,0,,Monday,Unknown,Truck,Unknown,2,31-50,Over 51,Changing Lane To The Right,Raining,Wet Or Damp,Darkness - Lights Lit,0,0,2,Minor
KAG_002025,Kaggle_road_csv,0,,Monday,Unknown,Truck,Unknown,2,31-50,Under 18,Changing Lane To The Left,Normal,Dry,Daylight,0,0,1,Minor
KAG_002026,Kaggle_road_csv,0,,Sunday,Unknown,Truck,Unknown,2,31-50,Over 51,No Distancing,Normal,Dry,Daylight,0,0,1,Minor
KAG_002027,Kaggle_road_csv,0,,Sunday,Unknown,Truck,Unknown,2,18-30,18-30,Changing Lane To The Left,Raining,Wet Or Damp,Daylight,0,0,3,Minor
KAG_002028,Kaggle_road_csv,0,,Sunday,Unknown,Truck,Unknown,2,Over 51,Unknown,No Distancing,Raining,Wet Or Damp,Daylight,0,0,3,Minor
KAG_002029,Kaggle_road_csv,0,,Saturday,Unknown,Truck,Unknown,2,Over 51,Unknown,Changing Lane To The Right,Raining,Wet Or Damp,Daylight,0,0,1,Minor
KAG_002030,Kaggle_road_csv,0,,Monday,Unknown,Truck,Unknown,2,Under 18,Unknown,Overturning,Windy,Dry,Daylight,0,0,1,Minor
KAG_002031,Kaggle_road_csv,0,,Friday,Unknown,Truck,Unknown,2,Over 51,Unknown,Moving Backward,Normal,Dry,Daylight,0,0,2,Minor
KAG_002032,Kaggle_road_csv,0,,Tuesday,Unknown,Truck,Unknown,1,Under 18,Unknown,Driving Carelessly,Normal,Dry,Daylight,0,0,1,Minor
KAG_002033,Kaggle_road_csv,0,,Saturday,Unknown,Truck,Unknown,2,18-30,Unknown,Changing Lane To The Right,Normal,Dry,Daylight,0,0,1,Minor
KAG_002034,Kaggle_road_csv,0,,Friday,Unknown,Truck,Unknown,3,Unknown,31-50,No Distancing,Raining,Wet Or Damp,Daylight,0,0,1,Minor
KAG_002035,Kaggle_road_csv,0,,Friday,Unknown,Truck,Unknown,2,18-30,31-50,Turnover,Normal,Dry,Darkness - Lights Lit,0,0,4,Minor
KAG_002036,Kaggle_road_csv,0,,Friday,Unknown,Truck,Unknown,2,31-50,31-50,Driving To The Left,Normal,Wet Or Damp,Darkness - Lights Lit,0,0,1,Minor
KAG_002037,Kaggle_road_csv,0,,Thursday,Unknown,Truck,Unknown,2,Over 51,18-30,Changing Lane To The Right,Raining,Wet Or Damp,Daylight,0,0,1,Minor
KAG_002038,Kaggle_road_csv,0,,Friday,Unknown,Truck,Unknown,1,18-30,Under 18,Driving Carelessly,Normal,Wet Or Damp,Daylight,0,0,1,Minor
KAG_002039,Kaggle_road_csv,0,,Wednesday,Unknown,Truck,Unknown,3,18-30,18-30,Changing Lane To The Right,Normal,Dry,Daylight,0,0,1,Serious
KAG_002040,Kaggle_road_csv,0,,Thursday,Unknown,Truck,Unknown,2,31-50,Unknown,Changing Lane To The Right,Normal,Dry,Darkness - Lights Lit,0,0,1,Serious
KAG_002041,Kaggle_road_csv,0,,Saturday,Unknown,Truck,Unknown,2,Under 18,31-50,Changing Lane To The Right,Normal,Dry,Daylight,0,0,1,Minor
KAG_002042,Kaggle_road_csv,0,,Friday,Unknown,Truck,Unknown,3,Over 51,18-30,No Distancing,Normal,Dry,Daylight,0,0,1,Minor
KAG_002043,Kaggle_road_csv,0,,Friday,Unknown,Truck,Unknown,3,18-30,Unknown,Other,Normal,Dry,Daylight,0,0,1,Minor
KAG_002044,Kaggle_road_csv,0,,Monday,Unknown,Truck,Unknown,3,31-50,Under 18,Changing Lane To The Right,Raining,Wet Or Damp,Daylight,0,0,5,Minor
KAG_002045,Kaggle_road_csv,0,,Saturday,Unknown,Truck,Unknown,2,31-50,31-50,Moving Backward,Other,Wet Or Damp,Darkness - Lights Lit,0,0,2,Minor
KAG_002046,Kaggle_road_csv,0,,Tuesday,Unknown,Truck,Unknown,2,18-30,18-30,Other,Normal,Dry,Darkness - Lights Lit,0,0,2,Minor
KAG_002047,Kaggle_road_csv,0,,Thursday,Unknown,Truck,Unknown,2,31-50,18-30,No Priority To Pedestrian,Normal,Wet Or Damp,Daylight,0,0,1,Minor
KAG_002048,Kaggle_road_csv,0,,Monday,Unknown,Truck,Unknown,2,Under 18,Under 18,Driving Carelessly,Other,Wet Or Damp,Darkness - Lights Lit,0,0,1,Minor
KAG_002049,Kaggle_road_csv,0,,Friday,Unknown,Truck,Unknown,1,31-50,Unknown,Changing Lane To The Left,Other,Wet Or Damp,Darkness - Lights Lit,0,0,1,Minor
KAG_002050,Kaggle_road_csv,0,,Friday,Unknown,Truck,Unknown,2,18-30,Over 51,Changing Lane To The Right,Normal,Dry,Darkness - Lights Lit,0,0,1,Minor
KAG_002051,Kaggle_road_csv,0,,Saturday,Unknown,Truck,Unknown,2,Unknown,Over 51,Changing Lane To The Right,Raining,Wet Or Damp,Daylight,0,0,1,Minor
KAG_002052,Kaggle_road_csv,0,,Saturday,Unknown,Truck,Unknown,2,18-30,Unknown,No Distancing,Raining,Wet Or Damp,Daylight,0,0,1,Minor
KAG_002053,Kaggle_road_csv,0,,Monday,Unknown,Truck,Unknown,2,Over 51,18-30,No Distancing,Raining,Wet Or Damp,Daylight,0,0,2,Minor
KAG_002054,Kaggle_road_csv,0,,Wednesday,Unknown,Truck,Unknown,2,18-30,31-50,No Distancing,Normal,Dry,Darkness - Lights Lit,0,0,1,Minor
KAG_002055,Kaggle_road_csv,0,,Sunday,Unknown,Truck,Unknown,2,31-50,Over 51,Changing Lane To The Left,Normal,Dry,Daylight,0,0,1,Minor
KAG_002056,Kaggle_road_csv,0,,Sunday,Unknown,Truck,Unknown,2,31-50,18-30,Overtaking,Normal,Dry,Daylight,0,0,1,Serious
KAG_002057,Kaggle_road_csv,0,,Sunday,Unknown,Truck,Unknown,2,Under 18,31-50,No Priority To Pedestrian,Other,Dry,Daylight,0,0,1,Serious
KAG_002058,Kaggle_road_csv,0,,Wednesday,Unknown,Truck,Unknown,3,18-30,Unknown,Changing Lane To The Left,Raining,Dry,Daylight,0,0,2,Serious
KAG_002059,Kaggle_road_csv,0,,Monday,Unknown,Truck,Unknown,3,31-50,18-30,Changing Lane To The Left,Normal,Dry,Daylight,0,0,1,Serious
KAG_002060,Kaggle_road_csv,0,,Thursday,Unknown,Truck,Unknown,2,Unknown,Unknown,No Distancing,Unknown,Dry,Daylight,0,0,1,Minor
KAG_002061,Kaggle_road_csv,0,,Friday,Unknown,Truck,Unknown,2,31-50,Over 51,Changing Lane To The Right,Normal,Dry,Daylight,0,0,4,Minor
KAG_002062,Kaggle_road_csv,0,,Friday,Unknown,Truck,Unknown,2,31-50,Unknown,Driving Carelessly,Normal,Dry,Daylight,0,0,4,Minor
KAG_002063,Kaggle_road_csv,0,,Saturday,Unknown,Truck,Unknown,2,Unknown,31-50,Driving To The Left,Normal,Dry,Daylight,0,0,1,Minor
KAG_002064,Kaggle_road_csv,0,,Saturday,Unknown,Truck,Unknown,2,31-50,Unknown,Changing Lane To The Right,Normal,Wet Or Damp,Daylight,0,0,2,Minor
KAG_002065,Kaggle_road_csv,0,,Thursday,Unknown,Truck,Unknown,2,31-50,18-30,Driving Carelessly,Normal,Dry,Darkness - Lights Lit,0,0,1,Minor
KAG_002066,Kaggle_road_csv,0,,Monday,Unknown,Truck,Unknown,2,Under 18,31-50,Overturning,Raining,Wet Or Damp,Daylight,0,0,2,Minor
KAG_002067,Kaggle_road_csv,0,,Monday,Unknown,Truck,Unknown,2,Under 18,Unknown,No Distancing,Raining,Wet Or Damp,Daylight,0,0,2,Minor
KAG_002068,Kaggle_road_csv,0,,Monday,Unknown,Truck,Unknown,2,31-50,18-30,Driving Carelessly,Raining,Wet Or Damp,Daylight,0,0,2,Minor
KAG_002069,Kaggle_road_csv,0,,Tuesday,Unknown,Truck,Unknown,2,Unknown,31-50,Changing Lane To The Left,Normal,Dry,Daylight,0,0,1,Minor
KAG_002070,Kaggle_road_csv,0,,Saturday,Unknown,Truck,Unknown,3,Over 51,Unknown,Changing Lane To The Left,Normal,Wet Or Damp,Daylight,0,0,4,Minor
KAG_002071,Kaggle_road_csv,0,,Monday,Unknown,Truck,Unknown,2,31-50,Unknown,Changing Lane To The Left,Normal,Dry,Daylight,0,0,1,Minor
KAG_002072,Kaggle_road_csv,0,,Sunday,Unknown,Truck,Unknown,1,18-30,31-50,No Distancing,Normal,Wet Or Damp,Daylight,0,0,1,Minor
KAG_002073,Kaggle_road_csv,0,,Sunday,Unknown,Truck,Unknown,2,Unknown,31-50,Changing Lane To The Right,Normal,Dry,Darkness - Lights Lit,0,0,1,Minor
KAG_002074,Kaggle_road_csv,0,,Friday,Unknown,Truck,Unknown,1,Unknown,Over 51,No Priority To Vehicle,Normal,Dry,Daylight,0,0,1,Minor
KAG_002075,Kaggle_road_csv,0,,Friday,Unknown,Truck,Unknown,2,Unknown,Unknown,No Distancing,Normal,Dry,Daylight,0,0,1,Minor
KAG_002076,Kaggle_road_csv,0,,Thursday,Unknown,Truck,Unknown,3,31-50,Under 18,Changing Lane To The Left,Normal,Dry,Daylight,0,0,1,Minor
KAG_002077,Kaggle_road_csv,0,,Friday,Unknown,Truck,Unknown,2,31-50,18-30,Changing Lane To The Right,Normal,Dry,Daylight,0,0,3,Minor
KAG_002078,Kaggle_road_csv,0,,Friday,Unknown,Truck,Unknown,2,31-50,Unknown,Changing Lane To The Left,Normal,Dry,Darkness - Lights Lit,0,0,4,Minor
KAG_002079,Kaggle_road_csv,0,,Friday,Unknown,Truck,Unknown,2,31-50,Unknown,No Distancing,Normal,Dry,Daylight,0,0,1,Minor
KAG_002080,Kaggle_road_csv,0,,Monday,Unknown,Truck,Unknown,2,18-30,18-30,Changing Lane To The Left,Normal,Dry,Daylight,0,0,1,Minor
KAG_002081,Kaggle_road_csv,0,,Monday,Unknown,Truck,Unknown,2,Unknown,31-50,Driving Carelessly,Normal,Dry,Daylight,0,0,1,Minor
KAG_002082,Kaggle_road_csv,0,,Sunday,Unknown,Truck,Unknown,2,Unknown,31-50,Driving Under The Influence Of Drugs,Normal,Dry,Daylight,0,0,1,Minor
KAG_002083,Kaggle_road_csv,0,,Monday,Unknown,Truck,Unknown,2,Under 18,18-30,Moving Backward,Normal,Dry,Daylight,0,0,2,Minor
KAG_002084,Kaggle_road_csv,0,,Monday,Unknown,Truck,Unknown,2,18-30,31-50,Changing Lane To The Left,Normal,Dry,Daylight,0,0,2,Minor
KAG_002085,Kaggle_road_csv,0,,Monday,Unknown,Truck,Unknown,3,Over 51,31-50,Driving Under The Influence Of Drugs,Normal,Dry,Daylight,0,0,1,Minor
KAG_002086,Kaggle_road_csv,0,,Wednesday,Unknown,Truck,Unknown,3,Unknown,Unknown,Changing Lane To The Left,Unknown,Dry,Daylight,0,0,3,Minor
KAG_002087,Kaggle_road_csv,0,,Wednesday,Unknown,Truck,Unknown,2,18-30,Over 51,Changing Lane To The Left,Normal,Dry,Daylight,0,0,1,Minor
KAG_002088,Kaggle_road_csv,0,,Friday,Unknown,Truck,Unknown,2,Unknown,Unknown,Moving Backward,Unknown,Dry,Daylight,0,0,2,Minor
KAG_002089,Kaggle_road_csv,0,,Friday,Unknown,Truck,Unknown,2,18-30,18-30,No Priority To Vehicle,Unknown,Dry,Daylight,0,0,2,Minor
KAG_002090,Kaggle_road_csv,0,,Friday,Unknown,Truck,Unknown,2,18-30,18-30,No Priority To Vehicle,Unknown,Dry,Daylight,0,0,2,Minor
KAG_002091,Kaggle_road_csv,0,,Sunday,Unknown,Truck,Unknown,2,31-50,31-50,No Distancing,Normal,Dry,Daylight,0,0,1,Minor
KAG_002092,Kaggle_road_csv,0,,Monday,Unknown,Truck,Unknown,2,Under 18,18-30,Driving Carelessly,Normal,Dry,Daylight,0,0,6,Minor
KAG_002093,Kaggle_road_csv,0,,Monday,Unknown,Truck,Unknown,2,Under 18,18-30,No Distancing,Normal,Dry,Daylight,0,0,6,Minor
KAG_002094,Kaggle_road_csv,0,,Tuesday,Unknown,Truck,Unknown,2,31-50,Unknown,No Distancing,Normal,Dry,Daylight,0,0,2,Minor
KAG_002095,Kaggle_road_csv,0,,Monday,Unknown,Truck,Unknown,2,Under 18,31-50,Changing Lane To The Left,Normal,Dry,Darkness - Lights Lit,0,0,1,Minor
KAG_002096,Kaggle_road_csv,0,,Saturday,Unknown,Truck,Unknown,2,31-50,31-50,Changing Lane To The Right,Normal,Dry,Daylight,0,0,1,Minor
KAG_002097,Kaggle_road_csv,0,,Wednesday,Unknown,Truck,Unknown,2,Unknown,31-50,No Priority To Vehicle,Normal,Dry,Daylight,0,0,1,Minor
KAG_002098,Kaggle_road_csv,0,,Friday,Unknown,Truck,Unknown,2,18-30,31-50,Changing Lane To The Right,Normal,Dry,Daylight,0,0,1,Minor
KAG_002099,Kaggle_road_csv,0,,Friday,Unknown,Truck,Unknown,2,18-30,Under 18,Changing Lane To The Right,Normal,Dry,Darkness - Lights Lit,0,0,2,Minor
KAG_002100,Kaggle_road_csv,0,,Wednesday,Unknown,Truck,Unknown,3,31-50,31-50,Changing Lane To The Left,Normal,Dry,Daylight,0,0,1,Minor
KAG_002101,Kaggle_road_csv,0,,Saturday,Unknown,Truck,Unknown,2,31-50,Unknown,No Priority To Vehicle,Normal,Dry,Daylight,0,0,2,Minor
KAG_002102,Kaggle_road_csv,0,,Wednesday,Unknown,Truck,Unknown,2,Unknown,Unknown,Changing Lane To The Left,Normal,Dry,Daylight,0,0,1,Minor
KAG_002103,Kaggle_road_csv,0,,Monday,Unknown,Truck,Unknown,2,31-50,Unknown,Driving Carelessly,Normal,Wet Or Damp,Daylight,0,0,2,Minor
KAG_002104,Kaggle_road_csv,0,,Wednesday,Unknown,Truck,Unknown,4,Unknown,18-30,No Priority To Vehicle,Normal,Dry,Daylight,0,0,5,Minor
KAG_002105,Kaggle_road_csv,0,,Wednesday,Unknown,Truck,Unknown,4,Unknown,Under 18,No Distancing,Normal,Dry,Daylight,0,0,5,Minor
KAG_002106,Kaggle_road_csv,0,,Wednesday,Unknown,Truck,Unknown,4,Over 51,Under 18,Moving Backward,Normal,Dry,Daylight,0,0,5,Minor
KAG_002107,Kaggle_road_csv,0,,Tuesday,Unknown,Truck,Unknown,2,Unknown,Unknown,Moving Backward,Normal,Dry,Daylight,0,0,1,Minor
KAG_002108,Kaggle_road_csv,0,,Tuesday,Unknown,Truck,Unknown,2,18-30,18-30,Changing Lane To The Left,Normal,Dry,Daylight,0,0,1,Minor
KAG_002109,Kaggle_road_csv,0,,Thursday,Unknown,Truck,Unknown,1,Over 51,Unknown,Changing Lane To The Right,Normal,Dry,Daylight,0,0,1,Minor
KAG_002110,Kaggle_road_csv,0,,Thursday,Unknown,Truck,Unknown,3,18-30,Unknown,No Distancing,Normal,Dry,Daylight,0,0,1,Minor
KAG_002111,Kaggle_road_csv,0,,Friday,Unknown,Truck,Unknown,2,18-30,18-30,Changing Lane To The Right,Normal,Dry,Daylight,0,0,1,Minor
KAG_002112,Kaggle_road_csv,0,,Thursday,Unknown,Truck,Unknown,2,31-50,Over 51,Driving Carelessly,Normal,Dry,Daylight,0,0,3,Minor
KAG_002113,Kaggle_road_csv,0,,Thursday,Unknown,Truck,Unknown,2,31-50,18-30,Moving Backward,Normal,Dry,Daylight,0,0,3,Minor
KAG_002114,Kaggle_road_csv,0,,Thursday,Unknown,Truck,Unknown,2,Over 51,Over 51,No Distancing,Normal,Dry,Daylight,0,0,1,Minor
KAG_002115,Kaggle_road_csv,0,,Sunday,Unknown,Truck,Unknown,2,18-30,18-30,Moving Backward,Normal,Dry,Daylight,0,0,1,Minor
KAG_002116,Kaggle_road_csv,0,,Friday,Unknown,Truck,Unknown,1,31-50,18-30,Changing Lane To The Right,Normal,Dry,Daylight,0,0,1,Minor
KAG_002117,Kaggle_road_csv,0,,Sunday,Unknown,Truck,Unknown,2,Unknown,Over 51,Moving Backward,Normal,Dry,Darkness - Lights Lit,0,0,3,Minor
KAG_002118,Kaggle_road_csv,0,,Sunday,Unknown,Truck,Unknown,2,31-50,Under 18,Changing Lane To The Right,Normal,Dry,Darkness - Lights Lit,0,0,3,Minor
KAG_002119,Kaggle_road_csv,0,,Friday,Unknown,Truck,Unknown,1,31-50,18-30,Moving Backward,Normal,Dry,Daylight,0,0,1,Minor
KAG_002120,Kaggle_road_csv,0,,Friday,Unknown,Truck,Unknown,2,Over 51,18-30,Changing Lane To The Left,Normal,Dry,Daylight,0,0,1,Minor
KAG_002121,Kaggle_road_csv,0,,Monday,Unknown,Truck,Unknown,1,31-50,Unknown,Changing Lane To The Right,Unknown,Dry,Daylight,0,0,1,Minor
KAG_002122,Kaggle_road_csv,0,,Monday,Unknown,Truck,Unknown,3,Unknown,Unknown,No Distancing,Normal,Dry,Daylight,0,0,1,Minor
KAG_002123,Kaggle_road_csv,0,,Monday,Unknown,Truck,Unknown,3,18-30,31-50,Changing Lane To The Right,Normal,Dry,Daylight,0,0,1,Minor
KAG_002124,Kaggle_road_csv,0,,Saturday,Unknown,Truck,Unknown,2,Over 51,18-30,No Priority To Vehicle,Raining,Wet Or Damp,Daylight,0,0,1,Minor
KAG_002125,Kaggle_road_csv,0,,Monday,Unknown,Truck,Unknown,1,31-50,Unknown,Turnover,Normal,Dry,Daylight,0,0,1,Minor
KAG_002126,Kaggle_road_csv,0,,Tuesday,Unknown,Truck,Unknown,1,18-30,Under 18,No Distancing,Normal,Dry,Daylight,0,0,1,Minor
KAG_002127,Kaggle_road_csv,0,,Monday,Unknown,Truck,Unknown,3,31-50,18-30,Changing Lane To The Left,Normal,Wet Or Damp,Daylight,0,0,1,Minor
KAG_002128,Kaggle_road_csv,0,,Saturday,Unknown,Truck,Unknown,2,31-50,Unknown,No Priority To Vehicle,Normal,Dry,Daylight,0,0,1,Minor
KAG_002129,Kaggle_road_csv,0,,Monday,Unknown,Truck,Unknown,2,18-30,Under 18,Overspeed,Normal,Dry,Daylight,0,0,2,Minor
KAG_002130,Kaggle_road_csv,0,,Saturday,Unknown,Truck,Unknown,3,31-50,18-30,Overspeed,Normal,Dry,Daylight,0,0,1,Serious
KAG_002131,Kaggle_road_csv,0,,Thursday,Unknown,Truck,Unknown,2,18-30,Over 51,No Distancing,Normal,Dry,Darkness - Lights Lit,0,0,1,Minor
KAG_002132,Kaggle_road_csv,0,,Thursday,Unknown,Truck,Unknown,2,18-30,18-30,No Priority To Vehicle,Normal,Dry,Darkness - Lights Lit,0,0,1,Minor
KAG_002133,Kaggle_road_csv,0,,Tuesday,Unknown,Truck,Unknown,2,31-50,18-30,Changing Lane To The Left,Normal,Dry,Daylight,0,0,1,Minor
KAG_002134,Kaggle_road_csv,0,,Friday,Unknown,Truck,Unknown,2,18-30,18-30,Driving Carelessly,Normal,Dry,Daylight,0,0,2,Minor
KAG_002135,Kaggle_road_csv,0,,Wednesday,Unknown,Truck,Unknown,2,31-50,Unknown,No Priority To Pedestrian,Normal,Dry,Daylight,0,0,1,Minor
KAG_002136,Kaggle_road_csv,0,,Saturday,Unknown,Truck,Unknown,2,Over 51,Unknown,Changing Lane To The Left,Normal,Dry,Daylight,0,0,1,Minor
KAG_002137,Kaggle_road_csv,0,,Saturday,Unknown,Truck,Unknown,2,Over 51,31-50,Changing Lane To The Left,Normal,Dry,Daylight,0,0,1,Minor
KAG_002138,Kaggle_road_csv,0,,Monday,Unknown,Truck,Unknown,2,Over 51,Unknown,No Distancing,Normal,Wet Or Damp,Daylight,0,0,1,Minor
KAG_002139,Kaggle_road_csv,0,,Monday,Unknown,Truck,Unknown,2,18-30,Over 51,Changing Lane To The Right,Normal,Dry,Daylight,0,0,1,Minor
KAG_002140,Kaggle_road_csv,0,,Monday,Unknown,Truck,Unknown,2,31-50,18-30,Changing Lane To The Right,Normal,Dry,Daylight,0,0,1,Minor
KAG_002141,Kaggle_road_csv,0,,Wednesday,Unknown,Truck,Unknown,2,18-30,18-30,Overturning,Normal,Dry,Daylight,0,0,1,Minor
KAG_002142,Kaggle_road_csv,0,,Wednesday,Unknown,Truck,Unknown,2,18-30,Unknown,No Distancing,Normal,Dry,Daylight,0,0,1,Minor
KAG_002143,Kaggle_road_csv,0,,Thursday,Unknown,Truck,Unknown,2,18-30,31-50,No Priority To Pedestrian,Normal,Dry,Daylight,0,0,1,Minor
KAG_002144,Kaggle_road_csv,0,,Friday,Unknown,Truck,Unknown,2,31-50,Under 18,Drunk Driving,Normal,Wet Or Damp,Daylight,0,0,1,Minor
KAG_002145,Kaggle_road_csv,0,,Friday,Unknown,Truck,Unknown,2,Unknown,Under 18,Driving Carelessly,Raining,Wet Or Damp,Daylight,0,0,2,Serious
KAG_002146,Kaggle_road_csv,0,,Sunday,Unknown,Truck,Unknown,2,18-30,18-30,Changing Lane To The Left,Normal,Dry,Darkness - Lights Lit,0,0,1,Minor
KAG_002147,Kaggle_road_csv,0,,Friday,Unknown,Truck,Unknown,2,18-30,Unknown,No Distancing,Normal,Dry,Daylight,0,0,1,Minor
KAG_002148,Kaggle_road_csv,0,,Friday,Unknown,Truck,Unknown,2,18-30,31-50,No Distancing,Normal,Dry,Daylight,0,0,1,Minor
KAG_002149,Kaggle_road_csv,0,,Saturday,Unknown,Truck,Unknown,3,31-50,Unknown,Changing Lane To The Right,Normal,Dry,Daylight,0,0,2,Minor
KAG_002150,Kaggle_road_csv,0,,Saturday,Unknown,Truck,Unknown,3,Unknown,18-30,No Distancing,Normal,Dry,Daylight,0,0,2,Minor
KAG_002151,Kaggle_road_csv,0,,Tuesday,Unknown,Truck,Unknown,1,31-50,31-50,Overturning,Normal,Dry,Daylight,0,0,1,Serious
KAG_002152,Kaggle_road_csv,0,,Friday,Unknown,Truck,Unknown,1,31-50,18-30,Overtaking,Normal,Dry,Daylight,0,0,1,Minor
KAG_002153,Kaggle_road_csv,0,,Wednesday,Unknown,Truck,Unknown,2,Unknown,Unknown,Changing Lane To The Right,Normal,Dry,Daylight,0,0,1,Minor
KAG_002154,Kaggle_road_csv,0,,Wednesday,Unknown,Truck,Unknown,2,Over 51,18-30,No Distancing,Normal,Dry,Daylight,0,0,1,Minor
KAG_002155,Kaggle_road_csv,0,,Thursday,Unknown,Truck,Unknown,3,18-30,Unknown,No Distancing,Normal,Dry,Daylight,0,0,4,Minor
KAG_002156,Kaggle_road_csv,0,,Thursday,Unknown,Truck,Unknown,3,18-30,31-50,Changing Lane To The Left,Normal,Dry,Daylight,0,0,4,Minor
KAG_002157,Kaggle_road_csv,0,,Saturday,Unknown,Truck,Unknown,2,18-30,Unknown,No Distancing,Normal,Dry,Darkness - Lights Lit,0,0,1,Minor
KAG_002158,Kaggle_road_csv,0,,Tuesday,Unknown,Truck,Unknown,2,31-50,Unknown,Driving To The Left,Normal,Dry,Daylight,0,0,1,Serious
KAG_002159,Kaggle_road_csv,0,,Tuesday,Unknown,Truck,Unknown,2,Unknown,Unknown,Changing Lane To The Right,Normal,Dry,Daylight,0,0,1,Serious
KAG_002160,Kaggle_road_csv,0,,Friday,Unknown,Truck,Unknown,2,Over 51,31-50,Driving Carelessly,Normal,Dry,Daylight,0,0,1,Minor
KAG_002161,Kaggle_road_csv,0,,Sunday,Unknown,Truck,Unknown,3,31-50,Unknown,Overtaking,Normal,Dry,Darkness - Lights Lit,0,0,1,Minor
KAG_002162,Kaggle_road_csv,0,,Monday,Unknown,Truck,Unknown,2,Unknown,Unknown,No Distancing,Normal,Dry,Daylight,0,0,1,Minor
KAG_002163,Kaggle_road_csv,0,,Wednesday,Unknown,Truck,Unknown,1,18-30,Unknown,Moving Backward,Other,Wet Or Damp,Darkness - Lights Lit,0,0,1,Minor
KAG_002164,Kaggle_road_csv,0,,Monday,Unknown,Truck,Unknown,2,31-50,Unknown,No Priority To Vehicle,Raining,Wet Or Damp,Daylight,0,0,5,Minor
KAG_002165,Kaggle_road_csv,0,,Monday,Unknown,Truck,Unknown,2,18-30,Under 18,No Distancing,Raining,Wet Or Damp,Daylight,0,0,5,Minor
KAG_002166,Kaggle_road_csv,0,,Friday,Unknown,Truck,Unknown,2,31-50,Under 18,No Priority To Vehicle,Normal,Dry,Daylight,0,0,1,Minor
KAG_002167,Kaggle_road_csv,0,,Friday,Unknown,Truck,Unknown,2,18-30,Under 18,Moving Backward,Other,Dry,Daylight,0,0,2,Minor
KAG_002168,Kaggle_road_csv,0,,Sunday,Unknown,Truck,Unknown,2,31-50,18-30,No Priority To Pedestrian,Normal,Dry,Daylight,0,0,1,Minor
KAG_002169,Kaggle_road_csv,0,,Sunday,Unknown,Truck,Unknown,2,Unknown,Under 18,No Distancing,Normal,Dry,Daylight,0,0,1,Minor
KAG_002170,Kaggle_road_csv,0,,Friday,Unknown,Truck,Unknown,2,18-30,Unknown,Changing Lane To The Left,Other,Dry,Daylight,0,0,2,Minor
KAG_002171,Kaggle_road_csv,0,,Friday,Unknown,Truck,Unknown,2,31-50,Over 51,No Distancing,Unknown,Dry,Darkness - Lights Lit,0,0,2,Minor
KAG_002172,Kaggle_road_csv,0,,Saturday,Unknown,Truck,Unknown,2,31-50,Unknown,No Distancing,Normal,Dry,Daylight,0,0,1,Minor
KAG_002173,Kaggle_road_csv,0,,Sunday,Unknown,Truck,Unknown,2,31-50,18-30,Changing Lane To The Right,Normal,Dry,Daylight,0,0,2,Minor
KAG_002174,Kaggle_road_csv,0,,Wednesday,Unknown,Truck,Unknown,2,Unknown,18-30,Moving Backward,Normal,Dry,Daylight,0,0,1,Minor
KAG_002175,Kaggle_road_csv,0,,Wednesday,Unknown,Truck,Unknown,3,18-30,18-30,Moving Backward,Normal,Dry,Daylight,0,0,2,Minor
KAG_002176,Kaggle_road_csv,0,,Friday,Unknown,Truck,Unknown,1,Unknown,Over 51,Driving Carelessly,Normal,Dry,Darkness - Lights Lit,0,0,1,Minor
KAG_002177,Kaggle_road_csv,0,,Wednesday,Unknown,Truck,Unknown,2,31-50,Unknown,No Priority To Vehicle,Normal,Wet Or Damp,Darkness - Lights Lit,0,0,1,Minor
KAG_002178,Kaggle_road_csv,0,,Monday,Unknown,Truck,Unknown,2,18-30,18-30,Moving Backward,Raining And Windy,Wet Or Damp,Daylight,0,0,1,Minor
KAG_002179,Kaggle_road_csv,0,,Tuesday,Unknown,Truck,Unknown,1,Unknown,31-50,Changing Lane To The Left,Raining,Wet Or Damp,Darkness - Lights Lit,0,0,1,Serious
KAG_002180,Kaggle_road_csv,0,,Wednesday,Unknown,Truck,Unknown,2,Unknown,Unknown,Moving Backward,Normal,Dry,Daylight,0,0,1,Minor
KAG_002181,Kaggle_road_csv,0,,Saturday,Unknown,Truck,Unknown,2,31-50,Unknown,No Distancing,Normal,Dry,Darkness - Lights Unlit,0,0,2,Serious
KAG_002182,Kaggle_road_csv,0,,Tuesday,Unknown,Truck,Unknown,2,18-30,Unknown,No Distancing,Normal,Dry,Daylight,0,0,2,Minor
KAG_002183,Kaggle_road_csv,0,,Monday,Unknown,Truck,Unknown,1,31-50,18-30,Overloading,Normal,Wet Or Damp,Darkness - Lights Lit,0,0,1,Minor
KAG_002184,Kaggle_road_csv,0,,Friday,Unknown,Truck,Unknown,1,18-30,Unknown,Driving Carelessly,Raining,Wet Or Damp,Darkness - Lights Lit,0,0,1,Minor
KAG_002185,Kaggle_road_csv,0,,Wednesday,Unknown,Truck,Unknown,4,31-50,Unknown,No Distancing,Normal,Dry,Daylight,0,0,2,Minor
KAG_002186,Kaggle_road_csv,0,,Wednesday,Unknown,Truck,Unknown,2,31-50,Under 18,Getting Off The Vehicle Improperly,Raining,Wet Or Damp,Daylight,0,0,1,Minor
KAG_002187,Kaggle_road_csv,0,,Sunday,Unknown,Truck,Unknown,2,18-30,31-50,Driving Carelessly,Normal,Wet Or Damp,Daylight,0,0,1,Minor
KAG_002188,Kaggle_road_csv,0,,Wednesday,Unknown,Truck,Unknown,2,31-50,31-50,Changing Lane To The Right,Normal,Wet Or Damp,Daylight,0,0,1,Serious
KAG_002189,Kaggle_road_csv,0,,Saturday,Unknown,Truck,Unknown,2,18-30,Over 51,No Distancing,Normal,Dry,Darkness - Lights Lit,0,0,3,Minor
KAG_002190,Kaggle_road_csv,0,,Saturday,Unknown,Truck,Unknown,2,18-30,Unknown,Moving Backward,Normal,Dry,Darkness - Lights Lit,0,0,3,Minor
KAG_002191,Kaggle_road_csv,0,,Saturday,Unknown,Truck,Unknown,1,31-50,Unknown,No Distancing,Normal,Wet Or Damp,Darkness - Lights Lit,0,0,1,Serious
KAG_002192,Kaggle_road_csv,0,,Wednesday,Unknown,Truck,Unknown,3,31-50,Unknown,Driving Carelessly,Normal,Wet Or Damp,Darkness - Lights Lit,0,0,1,Serious
KAG_002193,Kaggle_road_csv,0,,Thursday,Unknown,Truck,Unknown,2,Unknown,Unknown,Changing Lane To The Right,Other,Wet Or Damp,Darkness - Lights Lit,0,0,1,Minor
KAG_002194,Kaggle_road_csv,0,,Wednesday,Unknown,Truck,Unknown,1,Under 18,Unknown,Changing Lane To The Right,Normal,Wet Or Damp,Daylight,0,0,1,Minor
KAG_002195,Kaggle_road_csv,0,,Wednesday,Unknown,Truck,Unknown,2,Over 51,Unknown,Drunk Driving,Normal,Dry,Daylight,0,0,1,Minor
KAG_002196,Kaggle_road_csv,0,,Tuesday,Unknown,Truck,Unknown,1,Under 18,Unknown,Changing Lane To The Left,Normal,Wet Or Damp,Darkness - Lights Lit,0,0,2,Minor
KAG_002197,Kaggle_road_csv,0,,Monday,Unknown,Truck,Unknown,1,Over 51,Under 18,No Priority To Pedestrian,Raining,Wet Or Damp,Daylight,0,0,3,Minor
KAG_002198,Kaggle_road_csv,0,,Tuesday,Unknown,Truck,Unknown,2,31-50,Unknown,Moving Backward,Normal,Dry,Daylight,0,0,1,Serious
KAG_002199,Kaggle_road_csv,0,,Tuesday,Unknown,Truck,Unknown,2,31-50,Unknown,Overtaking,Normal,Dry,Daylight,0,0,1,Serious
KAG_002200,Kaggle_road_csv,0,,Wednesday,Unknown,Truck,Unknown,2,18-30,18-30,Overloading,Other,Dry,Darkness - Lights Lit,0,0,1,Minor
KAG_002201,Kaggle_road_csv,0,,Thursday,Unknown,Truck,Unknown,2,Unknown,Unknown,Other,Snow,Snow,Daylight,0,0,5,Minor
KAG_002202,Kaggle_road_csv,0,,Thursday,Unknown,Truck,Unknown,2,18-30,Over 51,No Priority To Pedestrian,Snow,Snow,Daylight,0,0,5,Minor
KAG_002203,Kaggle_road_csv,0,,Friday,Unknown,Truck,Unknown,2,18-30,18-30,Changing Lane To The Right,Normal,Dry,Daylight,0,0,1,Minor
KAG_002204,Kaggle_road_csv,0,,Sunday,Unknown,Truck,Unknown,2,31-50,Unknown,Changing Lane To The Right,Normal,Wet Or Damp,Darkness - Lights Lit,0,0,1,Minor
KAG_002205,Kaggle_road_csv,0,,Sunday,Unknown,Truck,Unknown,2,18-30,31-50,Overtaking,Normal,Wet Or Damp,Darkness - Lights Lit,0,0,1,Minor
KAG_002206,Kaggle_road_csv,0,,Tuesday,Unknown,Truck,Unknown,2,Over 51,Unknown,Other,Other,Dry,Daylight,0,0,1,Minor
KAG_002207,Kaggle_road_csv,0,,Monday,Unknown,Truck,Unknown,1,Under 18,Unknown,Moving Backward,Other,Wet Or Damp,Darkness - Lights Lit,0,0,2,Minor
KAG_002208,Kaggle_road_csv,0,,Thursday,Unknown,Truck,Unknown,3,18-30,Under 18,No Priority To Pedestrian,Raining,Wet Or Damp,Darkness - Lights Lit,0,0,1,Serious
KAG_002209,Kaggle_road_csv,0,,Tuesday,Unknown,Truck,Unknown,2,18-30,18-30,Overloading,Normal,Dry,Daylight,0,0,1,Minor
KAG_002210,Kaggle_road_csv,0,,Tuesday,Unknown,Truck,Unknown,2,31-50,Unknown,Other,Normal,Dry,Daylight,0,0,1,Minor
KAG_002211,Kaggle_road_csv,0,,Sunday,Unknown,Truck,Unknown,2,31-50,Unknown,No Priority To Vehicle,Unknown,Dry,Darkness - Lights Lit,0,0,1,Minor
KAG_002212,Kaggle_road_csv,0,,Saturday,Unknown,Truck,Unknown,3,31-50,Over 51,Moving Backward,Normal,Dry,Daylight,0,0,1,Minor
KAG_002213,Kaggle_road_csv,0,,Saturday,Unknown,Truck,Unknown,3,31-50,Unknown,Changing Lane To The Right,Normal,Dry,Daylight,0,0,1,Minor
KAG_002214,Kaggle_road_csv,0,,Monday,Unknown,Truck,Unknown,2,31-50,18-30,No Priority To Pedestrian,Normal,Dry,Daylight,0,0,1,Minor
KAG_002215,Kaggle_road_csv,0,,Thursday,Unknown,Truck,Unknown,2,31-50,Unknown,No Priority To Pedestrian,Normal,Dry,Darkness - Lights Lit,0,0,1,Minor
KAG_002216,Kaggle_road_csv,0,,Wednesday,Unknown,Truck,Unknown,3,31-50,18-30,No Priority To Pedestrian,Normal,Dry,Daylight,0,0,1,Minor
KAG_002217,Kaggle_road_csv,0,,Monday,Unknown,Truck,Unknown,2,31-50,Unknown,No Priority To Vehicle,Raining,Wet Or Damp,Daylight,0,0,1,Minor
KAG_002218,Kaggle_road_csv,0,,Wednesday,Unknown,Truck,Unknown,2,18-30,Unknown,Driving Carelessly,Normal,Dry,Daylight,0,0,3,Minor
KAG_002219,Kaggle_road_csv,0,,Wednesday,Unknown,Truck,Unknown,2,31-50,31-50,Driving At High Speed,Normal,Dry,Daylight,0,0,1,Minor
KAG_002220,Kaggle_road_csv,0,,Sunday,Unknown,Truck,Unknown,1,18-30,31-50,No Distancing,Normal,Dry,Daylight,0,0,1,Serious
KAG_002221,Kaggle_road_csv,0,,Thursday,Unknown,Truck,Unknown,2,18-30,31-50,Driving At High Speed,Normal,Dry,Daylight,0,0,1,Minor
KAG_002222,Kaggle_road_csv,0,,Thursday,Unknown,Truck,Unknown,2,18-30,Unknown,Unknown,Normal,Dry,Daylight,0,0,1,Minor
KAG_002223,Kaggle_road_csv,0,,Monday,Unknown,Truck,Unknown,2,18-30,Unknown,No Priority To Pedestrian,Normal,Dry,Daylight,0,0,1,Minor
KAG_002224,Kaggle_road_csv,0,,Wednesday,Unknown,Truck,Unknown,2,18-30,Under 18,No Priority To Vehicle,Normal,Dry,Darkness - Lights Lit,0,0,1,Minor
KAG_002225,Kaggle_road_csv,0,,Wednesday,Unknown,Truck,Unknown,2,Under 18,18-30,No Distancing,Normal,Dry,Darkness - Lights Lit,0,0,1,Minor
KAG_002226,Kaggle_road_csv,0,,Wednesday,Unknown,Truck,Unknown,2,31-50,Under 18,Changing Lane To The Right,Normal,Wet Or Damp,Daylight,0,0,1,Minor
KAG_002227,Kaggle_road_csv,0,,Saturday,Unknown,Truck,Unknown,2,31-50,18-30,No Priority To Pedestrian,Normal,Dry,Darkness - Lights Lit,0,0,1,Serious
KAG_002228,Kaggle_road_csv,0,,Thursday,Unknown,Truck,Unknown,1,18-30,18-30,No Distancing,Normal,Dry,Daylight,0,0,1,Minor
KAG_002229,Kaggle_road_csv,0,,Monday,Unknown,Truck,Unknown,2,31-50,Under 18,Other,Normal,Dry,Daylight,0,0,1,Minor
KAG_002230,Kaggle_road_csv,0,,Thursday,Unknown,Truck,Unknown,2,31-50,Unknown,Driving Carelessly,Normal,Dry,Daylight,0,0,1,Minor
KAG_002231,Kaggle_road_csv,0,,Monday,Unknown,Truck,Unknown,4,18-30,Over 51,Changing Lane To The Left,Normal,Dry,Daylight,0,0,1,Minor
KAG_002232,Kaggle_road_csv,0,,Sunday,Unknown,Truck,Unknown,2,31-50,Unknown,Other,Normal,Dry,Daylight,0,0,1,Minor
KAG_002233,Kaggle_road_csv,0,,Sunday,Unknown,Truck,Unknown,2,31-50,18-30,No Distancing,Normal,Dry,Daylight,0,0,1,Minor
KAG_002234,Kaggle_road_csv,0,,Tuesday,Unknown,Truck,Unknown,2,18-30,18-30,No Priority To Vehicle,Normal,Dry,Daylight,0,0,1,Minor
KAG_002235,Kaggle_road_csv,0,,Saturday,Unknown,Truck,Unknown,2,18-30,18-30,No Distancing,Normal,Dry,Daylight,0,0,2,Minor
KAG_002236,Kaggle_road_csv,0,,Sunday,Unknown,Truck,Unknown,3,18-30,Under 18,Driving Carelessly,Normal,Dry,Daylight,0,0,1,Minor
KAG_002237,Kaggle_road_csv,0,,Wednesday,Unknown,Truck,Unknown,1,18-30,31-50,Changing Lane To The Right,Normal,Dry,Darkness - Lights Lit,0,0,2,Serious
KAG_002238,Kaggle_road_csv,0,,Wednesday,Unknown,Truck,Unknown,2,Over 51,Unknown,Changing Lane To The Left,Normal,Dry,Daylight,0,0,1,Minor
KAG_002239,Kaggle_road_csv,0,,Thursday,Unknown,Truck,Unknown,3,18-30,31-50,Changing Lane To The Left,Normal,Dry,Daylight,0,0,2,Minor
KAG_002240,Kaggle_road_csv,0,,Thursday,Unknown,Truck,Unknown,3,31-50,Unknown,No Priority To Vehicle,Normal,Dry,Daylight,0,0,2,Minor
KAG_002241,Kaggle_road_csv,0,,Friday,Unknown,Truck,Unknown,4,Over 51,31-50,Changing Lane To The Right,Normal,Dry,Daylight,0,0,4,Minor
KAG_002242,Kaggle_road_csv,0,,Saturday,Unknown,Truck,Unknown,1,31-50,18-30,No Priority To Pedestrian,Normal,Dry,Daylight,0,0,1,Minor
KAG_002243,Kaggle_road_csv,0,,Friday,Unknown,Truck,Unknown,3,31-50,18-30,Changing Lane To The Left,Normal,Dry,Daylight,0,0,1,Minor
KAG_002244,Kaggle_road_csv,0,,Tuesday,Unknown,Truck,Unknown,2,Over 51,Unknown,No Priority To Vehicle,Normal,Dry,Daylight,0,0,1,Minor
KAG_002245,Kaggle_road_csv,0,,Sunday,Unknown,Truck,Unknown,2,31-50,Unknown,No Priority To Vehicle,Normal,Dry,Darkness - Lights Lit,0,0,1,Serious
KAG_002246,Kaggle_road_csv,0,,Wednesday,Unknown,Truck,Unknown,2,31-50,Under 18,Driving Carelessly,Normal,Dry,Daylight,0,0,2,Serious
KAG_002247,Kaggle_road_csv,0,,Wednesday,Unknown,Truck,Unknown,2,Under 18,Unknown,Driving Carelessly,Normal,Dry,Daylight,0,0,1,Minor
KAG_002248,Kaggle_road_csv,0,,Saturday,Unknown,Truck,Unknown,2,18-30,Unknown,Driving Carelessly,Normal,Dry,Daylight,0,0,2,Minor
KAG_002249,Kaggle_road_csv,0,,Monday,Unknown,Truck,Unknown,2,18-30,Unknown,Driving Carelessly,Normal,Dry,Daylight,0,0,1,Minor
KAG_002250,Kaggle_road_csv,0,,Monday,Unknown,Truck,Unknown,2,18-30,31-50,Overtaking,Normal,Dry,Daylight,0,0,1,Minor
KAG_002251,Kaggle_road_csv,0,,Sunday,Unknown,Truck,Unknown,2,Under 18,Unknown,No Distancing,Normal,Dry,Daylight,0,0,1,Minor
KAG_002252,Kaggle_road_csv,0,,Sunday,Unknown,Truck,Unknown,2,18-30,Unknown,Overtaking,Normal,Dry,Daylight,0,0,2,Minor
KAG_002253,Kaggle_road_csv,0,,Thursday,Unknown,Truck,Unknown,1,31-50,18-30,Overtaking,Normal,Dry,Daylight,0,0,1,Serious
KAG_002254,Kaggle_road_csv,0,,Thursday,Unknown,Truck,Unknown,2,18-30,18-30,Moving Backward,Normal,Dry,Daylight,0,0,1,Minor
KAG_002255,Kaggle_road_csv,0,,Friday,Unknown,Truck,Unknown,2,Over 51,Unknown,No Priority To Pedestrian,Normal,Dry,Daylight,0,0,1,Minor
KAG_002256,Kaggle_road_csv,0,,Friday,Unknown,Truck,Unknown,2,31-50,18-30,No Distancing,Normal,Dry,Daylight,0,0,1,Serious
KAG_002257,Kaggle_road_csv,0,,Sunday,Unknown,Truck,Unknown,2,18-30,Under 18,No Distancing,Normal,Dry,Daylight,0,0,1,Minor
KAG_002258,Kaggle_road_csv,0,,Thursday,Unknown,Truck,Unknown,2,18-30,18-30,No Priority To Pedestrian,Normal,Dry,Daylight,0,0,1,Minor
KAG_002259,Kaggle_road_csv,0,,Tuesday,Unknown,Truck,Unknown,3,18-30,Over 51,No Priority To Pedestrian,Normal,Dry,Darkness - Lights Lit,0,0,1,Minor
KAG_002260,Kaggle_road_csv,0,,Monday,Unknown,Truck,Unknown,2,18-30,31-50,Driving Carelessly,Normal,Dry,Daylight,0,0,1,Minor
KAG_002261,Kaggle_road_csv,0,,Thursday,Unknown,Truck,Unknown,2,18-30,31-50,Overtaking,Normal,Dry,Daylight,0,0,1,Minor
KAG_002262,Kaggle_road_csv,0,,Thursday,Unknown,Truck,Unknown,2,Over 51,18-30,No Priority To Vehicle,Normal,Dry,Darkness - Lights Lit,0,0,2,Minor
KAG_002263,Kaggle_road_csv,0,,Thursday,Unknown,Truck,Unknown,2,31-50,Over 51,Changing Lane To The Right,Normal,Dry,Darkness - Lights Lit,0,0,2,Minor
KAG_002264,Kaggle_road_csv,0,,Tuesday,Unknown,Truck,Unknown,3,18-30,18-30,No Distancing,Normal,Dry,Darkness - Lights Lit,0,0,1,Minor
KAG_002265,Kaggle_road_csv,0,,Monday,Unknown,Truck,Unknown,2,Over 51,Over 51,Moving Backward,Normal,Dry,Daylight,0,0,1,Minor
KAG_002266,Kaggle_road_csv,0,,Tuesday,Unknown,Truck,Unknown,2,Unknown,Under 18,Changing Lane To The Right,Normal,Dry,Darkness - Lights Lit,0,0,1,Serious
KAG_002267,Kaggle_road_csv,0,,Friday,Unknown,Truck,Unknown,2,18-30,31-50,Overloading,Normal,Dry,Darkness - Lights Lit,0,0,1,Serious
KAG_002268,Kaggle_road_csv,0,,Thursday,Unknown,Truck,Unknown,2,31-50,18-30,Other,Normal,Dry,Daylight,0,0,2,Minor
KAG_002269,Kaggle_road_csv,0,,Monday,Unknown,Truck,Unknown,1,Unknown,Unknown,Changing Lane To The Left,Normal,Dry,Darkness - No Lighting,0,0,1,Minor
KAG_002270,Kaggle_road_csv,0,,Thursday,Unknown,Truck,Unknown,2,Under 18,18-30,Changing Lane To The Right,Normal,Dry,Daylight,0,0,2,Minor
KAG_002271,Kaggle_road_csv,0,,Thursday,Unknown,Truck,Unknown,2,18-30,Unknown,Changing Lane To The Left,Normal,Dry,Daylight,0,0,1,Minor
KAG_002272,Kaggle_road_csv,0,,Friday,Unknown,Truck,Unknown,2,18-30,Unknown,Changing Lane To The Right,Raining,Wet Or Damp,Daylight,0,0,1,Minor
KAG_002273,Kaggle_road_csv,0,,Friday,Unknown,Truck,Unknown,3,18-30,31-50,Other,Raining,Wet Or Damp,Daylight,0,0,1,Minor
KAG_002274,Kaggle_road_csv,0,,Wednesday,Unknown,Truck,Unknown,2,18-30,Unknown,Changing Lane To The Right,Normal,Wet Or Damp,Darkness - Lights Lit,0,0,1,Minor
KAG_002275,Kaggle_road_csv,0,,Wednesday,Unknown,Truck,Unknown,2,31-50,Unknown,Changing Lane To The Left,Raining,Wet Or Damp,Daylight,0,0,1,Minor
KAG_002276,Kaggle_road_csv,0,,Wednesday,Unknown,Truck,Unknown,2,31-50,31-50,No Priority To Pedestrian,Raining,Wet Or Damp,Daylight,0,0,1,Minor
KAG_002277,Kaggle_road_csv,0,,Wednesday,Unknown,Truck,Unknown,2,31-50,18-30,Driving Carelessly,Raining,Wet Or Damp,Darkness - Lights Lit,0,0,1,Minor
KAG_002278,Kaggle_road_csv,0,,Sunday,Unknown,Truck,Unknown,2,31-50,Unknown,No Priority To Vehicle,Normal,Dry,Daylight,0,0,1,Minor
KAG_002279,Kaggle_road_csv,0,,Sunday,Unknown,Truck,Unknown,2,Over 51,Under 18,No Priority To Pedestrian,Normal,Dry,Daylight,0,0,1,Minor
KAG_002280,Kaggle_road_csv,0,,Tuesday,Unknown,Truck,Unknown,1,31-50,Unknown,Changing Lane To The Right,Raining,Wet Or Damp,Darkness - Lights Lit,0,0,1,Minor
KAG_002281,Kaggle_road_csv,0,,Saturday,Unknown,Truck,Unknown,2,18-30,18-30,Changing Lane To The Left,Cloudy,Dry,Daylight,0,0,2,Minor
KAG_002282,Kaggle_road_csv,0,,Friday,Unknown,Truck,Unknown,2,31-50,Unknown,Changing Lane To The Right,Normal,Dry,Daylight,0,0,1,Minor
KAG_002283,Kaggle_road_csv,0,,Tuesday,Unknown,Truck,Unknown,2,18-30,18-30,Moving Backward,Normal,Dry,Darkness - Lights Lit,0,0,1,Minor
KAG_002284,Kaggle_road_csv,0,,Tuesday,Unknown,Truck,Unknown,2,Over 51,31-50,No Distancing,Normal,Dry,Daylight,0,0,1,Minor
KAG_002285,Kaggle_road_csv,0,,Monday,Unknown,Truck,Unknown,2,31-50,31-50,No Priority To Pedestrian,Normal,Wet Or Damp,Darkness - Lights Lit,0,0,1,Minor
KAG_002286,Kaggle_road_csv,0,,Monday,Unknown,Truck,Unknown,1,Over 51,Unknown,Changing Lane To The Right,Normal,Wet Or Damp,Daylight,0,0,2,Minor
KAG_002287,Kaggle_road_csv,0,,Saturday,Unknown,Truck,Unknown,2,18-30,Unknown,No Priority To Vehicle,Normal,Wet Or Damp,Darkness - Lights Lit,0,0,1,Minor
KAG_002288,Kaggle_road_csv,0,,Monday,Unknown,Truck,Unknown,1,Over 51,Over 51,No Distancing,Normal,Dry,Daylight,0,0,1,Serious
KAG_002289,Kaggle_road_csv,0,,Saturday,Unknown,Truck,Unknown,3,31-50,31-50,No Distancing,Normal,Wet Or Damp,Daylight,0,0,6,Minor
KAG_002290,Kaggle_road_csv,0,,Saturday,Unknown,Truck,Unknown,3,31-50,18-30,Driving Carelessly,Normal,Wet Or Damp,Daylight,0,0,6,Minor
KAG_002291,Kaggle_road_csv,0,,Saturday,Unknown,Truck,Unknown,3,31-50,Over 51,No Priority To Pedestrian,Normal,Wet Or Damp,Daylight,0,0,6,Minor
KAG_002292,Kaggle_road_csv,0,,Thursday,Unknown,Truck,Unknown,2,31-50,Over 51,No Priority To Vehicle,Raining,Wet Or Damp,Darkness - Lights Lit,0,0,2,Minor
KAG_002293,Kaggle_road_csv,0,,Tuesday,Unknown,Truck,Unknown,3,Over 51,Unknown,Driving Carelessly,Normal,Wet Or Damp,Darkness - No Lighting,0,0,1,Minor
KAG_002294,Kaggle_road_csv,0,,Tuesday,Unknown,Truck,Unknown,3,18-30,18-30,Driving Carelessly,Normal,Wet Or Damp,Darkness - No Lighting,0,0,1,Minor
KAG_002295,Kaggle_road_csv,0,,Tuesday,Unknown,Truck,Unknown,3,31-50,Unknown,Driving Carelessly,Normal,Wet Or Damp,Darkness - No Lighting,0,0,1,Minor
KAG_002296,Kaggle_road_csv,0,,Thursday,Unknown,Truck,Unknown,2,31-50,31-50,Changing Lane To The Right,Normal,Wet Or Damp,Daylight,0,0,1,Minor
KAG_002297,Kaggle_road_csv,0,,Thursday,Unknown,Truck,Unknown,1,31-50,Over 51,Changing Lane To The Right,Normal,Wet Or Damp,Daylight,0,0,1,Minor
KAG_002298,Kaggle_road_csv,0,,Friday,Unknown,Truck,Unknown,1,18-30,31-50,Driving To The Left,Normal,Dry,Darkness - Lights Lit,0,0,1,Serious
KAG_002299,Kaggle_road_csv,0,,Friday,Unknown,Truck,Unknown,2,Under 18,31-50,Other,Normal,Dry,Daylight,0,0,2,Serious
KAG_002300,Kaggle_road_csv,0,,Thursday,Unknown,Truck,Unknown,2,18-30,Unknown,Changing Lane To The Right,Normal,Wet Or Damp,Daylight,0,0,1,Minor
KAG_002301,Kaggle_road_csv,0,,Tuesday,Unknown,Truck,Unknown,2,18-30,31-50,Driving To The Left,Raining,Wet Or Damp,Darkness - Lights Lit,0,0,1,Minor
KAG_002302,Kaggle_road_csv,0,,Friday,Unknown,Truck,Unknown,2,Over 51,18-30,Moving Backward,Normal,Dry,Daylight,0,0,1,Minor
KAG_002303,Kaggle_road_csv,0,,Monday,Unknown,Truck,Unknown,2,18-30,Unknown,Changing Lane To The Left,Other,Wet Or Damp,Daylight,0,0,1,Minor
KAG_002304,Kaggle_road_csv,0,,Thursday,Unknown,Truck,Unknown,3,31-50,Unknown,Changing Lane To The Right,Normal,Wet Or Damp,Darkness - Lights Lit,0,0,2,Minor
KAG_002305,Kaggle_road_csv,0,,Thursday,Unknown,Truck,Unknown,2,18-30,Over 51,No Priority To Vehicle,Normal,Dry,Daylight,0,0,1,Minor
KAG_002306,Kaggle_road_csv,0,,Sunday,Unknown,Truck,Unknown,2,18-30,Unknown,No Priority To Vehicle,Normal,Dry,Darkness - Lights Lit,0,0,1,Minor
KAG_002307,Kaggle_road_csv,0,,Sunday,Unknown,Truck,Unknown,2,31-50,Unknown,Moving Backward,Normal,Dry,Darkness - Lights Lit,0,0,1,Minor
KAG_002308,Kaggle_road_csv,0,,Wednesday,Unknown,Truck,Unknown,1,31-50,18-30,Turnover,Normal,Wet Or Damp,Daylight,0,0,1,Minor
KAG_002309,Kaggle_road_csv,0,,Thursday,Unknown,Truck,Unknown,2,18-30,31-50,Other,Normal,Dry,Darkness - Lights Lit,0,0,2,Minor
KAG_002310,Kaggle_road_csv,0,,Friday,Unknown,Truck,Unknown,1,18-30,Unknown,No Priority To Pedestrian,Normal,Dry,Daylight,0,0,1,Minor
KAG_002311,Kaggle_road_csv,0,,Friday,Unknown,Truck,Unknown,2,18-30,Unknown,No Distancing,Raining,Wet Or Damp,Daylight,0,0,1,Minor
KAG_002312,Kaggle_road_csv,0,,Sunday,Unknown,Truck,Unknown,2,31-50,31-50,Changing Lane To The Left,Normal,Dry,Daylight,0,0,2,Minor
KAG_002313,Kaggle_road_csv,0,,Tuesday,Unknown,Truck,Unknown,3,18-30,31-50,Moving Backward,Normal,Dry,Daylight,0,0,1,Minor
KAG_002314,Kaggle_road_csv,0,,Friday,Unknown,Truck,Unknown,3,31-50,Under 18,No Priority To Pedestrian,Raining,Wet Or Damp,Daylight,0,0,2,Minor
KAG_002315,Kaggle_road_csv,0,,Friday,Unknown,Truck,Unknown,1,Unknown,31-50,No Priority To Vehicle,Normal,Dry,Darkness - No Lighting,0,0,2,Minor
KAG_002316,Kaggle_road_csv,0,,Friday,Unknown,Truck,Unknown,1,Unknown,Under 18,Driving Carelessly,Normal,Dry,Darkness - No Lighting,0,0,2,Minor
KAG_002317,Kaggle_road_csv,0,,Monday,Unknown,Truck,Unknown,2,18-30,18-30,Changing Lane To The Right,Normal,Dry,Daylight,0,0,1,Minor
KAG_002318,Kaggle_road_csv,0,,Wednesday,Unknown,Truck,Unknown,2,18-30,Unknown,Moving Backward,Normal,Dry,Daylight,0,0,1,Minor
KAG_002319,Kaggle_road_csv,0,,Sunday,Unknown,Truck,Unknown,2,18-30,31-50,Driving Carelessly,Normal,Dry,Darkness - Lights Lit,0,0,7,Minor
KAG_002320,Kaggle_road_csv,0,,Monday,Unknown,Truck,Unknown,2,31-50,Unknown,Moving Backward,Normal,Dry,Daylight,0,0,3,Serious
KAG_002321,Kaggle_road_csv,0,,Friday,Unknown,Truck,Unknown,1,Over 51,18-30,Moving Backward,Normal,Dry,Daylight,0,0,1,Minor
KAG_002322,Kaggle_road_csv,0,,Monday,Unknown,Truck,Unknown,2,Over 51,Under 18,Overturning,Normal,Dry,Daylight,0,0,1,Minor
KAG_002323,Kaggle_road_csv,0,,Saturday,Unknown,Truck,Unknown,2,18-30,31-50,No Priority To Pedestrian,Normal,Dry,Daylight,0,0,1,Minor
KAG_002324,Kaggle_road_csv,0,,Thursday,Unknown,Truck,Unknown,2,18-30,Unknown,No Distancing,Normal,Dry,Daylight,0,0,1,Minor
KAG_002325,Kaggle_road_csv,0,,Thursday,Unknown,Truck,Unknown,2,Over 51,Unknown,No Distancing,Normal,Dry,Daylight,0,0,1,Minor
KAG_002326,Kaggle_road_csv,0,,Tuesday,Unknown,Truck,Unknown,2,18-30,Unknown,Changing Lane To The Left,Raining,Wet Or Damp,Darkness - Lights Lit,0,0,1,Minor
KAG_002327,Kaggle_road_csv,0,,Sunday,Unknown,Truck,Unknown,1,18-30,Under 18,Changing Lane To The Right,Normal,Dry,Daylight,0,0,1,Serious
KAG_002328,Kaggle_road_csv,0,,Wednesday,Unknown,Truck,Unknown,2,18-30,31-50,Changing Lane To The Right,Normal,Dry,Daylight,0,0,1,Minor
KAG_002329,Kaggle_road_csv,0,,Thursday,Unknown,Truck,Unknown,3,31-50,Under 18,No Priority To Vehicle,Normal,Dry,Daylight,0,0,3,Minor
KAG_002330,Kaggle_road_csv,0,,Monday,Unknown,Truck,Unknown,2,31-50,Unknown,No Priority To Vehicle,Normal,Wet Or Damp,Daylight,0,0,3,Minor
KAG_002331,Kaggle_road_csv,0,,Wednesday,Unknown,Truck,Unknown,2,31-50,Unknown,Changing Lane To The Right,Normal,Dry,Daylight,0,0,1,Minor
KAG_002332,Kaggle_road_csv,0,,Wednesday,Unknown,Truck,Unknown,2,18-30,31-50,No Priority To Vehicle,Normal,Dry,Daylight,0,0,1,Minor
KAG_002333,Kaggle_road_csv,0,,Sunday,Unknown,Truck,Unknown,1,18-30,Unknown,Changing Lane To The Left,Normal,Dry,Daylight,0,0,4,Minor
KAG_002334,Kaggle_road_csv,0,,Wednesday,Unknown,Truck,Unknown,3,18-30,31-50,No Distancing,Normal,Dry,Daylight,0,0,1,Serious
KAG_002335,Kaggle_road_csv,0,,Wednesday,Unknown,Truck,Unknown,3,31-50,Over 51,Changing Lane To The Left,Normal,Dry,Daylight,0,0,1,Serious
KAG_002336,Kaggle_road_csv,0,,Sunday,Unknown,Truck,Unknown,4,31-50,Unknown,No Distancing,Normal,Dry,Daylight,0,0,7,Minor
KAG_002337,Kaggle_road_csv,0,,Sunday,Unknown,Truck,Unknown,1,Over 51,18-30,No Priority To Pedestrian,Normal,Dry,Daylight,0,0,1,Minor
KAG_002338,Kaggle_road_csv,0,,Sunday,Unknown,Truck,Unknown,3,Under 18,18-30,Getting Off The Vehicle Improperly,Normal,Dry,Daylight,0,0,6,Minor
KAG_002339,Kaggle_road_csv,0,,Monday,Unknown,Truck,Unknown,2,18-30,Unknown,No Distancing,Normal,Dry,Daylight,0,0,1,Minor
KAG_002340,Kaggle_road_csv,0,,Sunday,Unknown,Truck,Unknown,2,18-30,Unknown,Changing Lane To The Right,Normal,Wet Or Damp,Daylight,0,0,1,Minor
KAG_002341,Kaggle_road_csv,0,,Friday,Unknown,Truck,Unknown,3,31-50,Unknown,Driving At High Speed,Normal,Dry,Daylight,0,0,1,Minor
KAG_002342,Kaggle_road_csv,0,,Friday,Unknown,Truck,Unknown,3,31-50,18-30,No Distancing,Normal,Dry,Daylight,0,0,2,Minor
KAG_002343,Kaggle_road_csv,0,,Saturday,Unknown,Truck,Unknown,2,18-30,31-50,Driving Carelessly,Normal,Wet Or Damp,Daylight,0,0,2,Minor
KAG_002344,Kaggle_road_csv,0,,Saturday,Unknown,Truck,Unknown,2,31-50,Unknown,Driving Under The Influence Of Drugs,Normal,Wet Or Damp,Daylight,0,0,2,Minor
KAG_002345,Kaggle_road_csv,0,,Wednesday,Unknown,Truck,Unknown,2,31-50,Unknown,Overturning,Raining,Wet Or Damp,Daylight,0,0,2,Minor
KAG_002346,Kaggle_road_csv,0,,Thursday,Unknown,Truck,Unknown,2,18-30,Unknown,No Distancing,Normal,Dry,Daylight,0,0,1,Minor
KAG_002347,Kaggle_road_csv,0,,Monday,Unknown,Truck,Unknown,2,18-30,Over 51,Moving Backward,Raining,Wet Or Damp,Daylight,0,0,1,Minor
KAG_002348,Kaggle_road_csv,0,,Tuesday,Unknown,Truck,Unknown,2,31-50,Unknown,Getting Off The Vehicle Improperly,Normal,Dry,Daylight,0,0,2,Minor
KAG_002349,Kaggle_road_csv,0,,Friday,Unknown,Truck,Unknown,2,Under 18,Unknown,No Priority To Vehicle,Normal,Dry,Daylight,0,0,1,Minor
KAG_002350,Kaggle_road_csv,0,,Monday,Unknown,Truck,Unknown,2,18-30,31-50,Driving Carelessly,Normal,Dry,Daylight,0,0,1,Minor
KAG_002351,Kaggle_road_csv,0,,Wednesday,Unknown,Truck,Unknown,1,31-50,31-50,Changing Lane To The Right,Normal,Wet Or Damp,Daylight,0,0,1,Minor
KAG_002352,Kaggle_road_csv,0,,Tuesday,Unknown,Truck,Unknown,2,18-30,31-50,No Priority To Vehicle,Other,Wet Or Damp,Daylight,0,0,3,Minor
KAG_002353,Kaggle_road_csv,0,,Saturday,Unknown,Truck,Unknown,2,18-30,Unknown,Driving Carelessly,Normal,Dry,Daylight,0,0,1,Minor
KAG_002354,Kaggle_road_csv,0,,Sunday,Unknown,Truck,Unknown,2,31-50,18-30,Driving Carelessly,Normal,Dry,Darkness - Lights Lit,0,0,2,Minor
KAG_002355,Kaggle_road_csv,0,,Tuesday,Unknown,Truck,Unknown,2,Over 51,31-50,Driving Carelessly,Normal,Dry,Darkness - Lights Lit,0,0,4,Minor
KAG_002356,Kaggle_road_csv,0,,Friday,Unknown,Truck,Unknown,2,31-50,Unknown,Overtaking,Normal,Dry,Darkness - Lights Lit,0,0,1,Serious
KAG_002357,Kaggle_road_csv,0,,Sunday,Unknown,Truck,Unknown,2,18-30,Unknown,No Distancing,Normal,Dry,Daylight,0,0,1,Minor
KAG_002358,Kaggle_road_csv,0,,Tuesday,Unknown,Truck,Unknown,3,31-50,Unknown,No Distancing,Normal,Dry,Daylight,0,0,3,Minor
KAG_002359,Kaggle_road_csv,0,,Thursday,Unknown,Truck,Unknown,2,18-30,31-50,No Distancing,Normal,Dry,Daylight,0,0,1,Serious
KAG_002360,Kaggle_road_csv,0,,Thursday,Unknown,Truck,Unknown,2,Under 18,Unknown,Changing Lane To The Left,Normal,Dry,Daylight,0,0,1,Serious
KAG_002361,Kaggle_road_csv,0,,Friday,Unknown,Truck,Unknown,3,31-50,31-50,No Distancing,Normal,Dry,Daylight,0,0,5,Serious
KAG_002362,Kaggle_road_csv,0,,Friday,Unknown,Truck,Unknown,3,31-50,Over 51,No Distancing,Normal,Dry,Daylight,0,0,5,Serious
KAG_002363,Kaggle_road_csv,0,,Tuesday,Unknown,Truck,Unknown,2,Under 18,18-30,No Distancing,Normal,Wet Or Damp,Daylight,0,0,1,Minor
KAG_002364,Kaggle_road_csv,0,,Tuesday,Unknown,Truck,Unknown,2,Over 51,Unknown,Getting Off The Vehicle Improperly,Normal,Wet Or Damp,Daylight,0,0,1,Minor
KAG_002365,Kaggle_road_csv,0,,Monday,Unknown,Truck,Unknown,2,18-30,31-50,Moving Backward,Normal,Wet Or Damp,Darkness - Lights Lit,0,0,3,Minor
KAG_002366,Kaggle_road_csv,0,,Friday,Unknown,Truck,Unknown,3,Unknown,18-30,Changing Lane To The Left,Normal,Dry,Daylight,0,0,1,Serious
KAG_002367,Kaggle_road_csv,0,,Tuesday,Unknown,Truck,Unknown,2,18-30,18-30,Moving Backward,Normal,Dry,Daylight,0,0,1,Serious
KAG_002368,Kaggle_road_csv,0,,Wednesday,Unknown,Truck,Unknown,2,31-50,Unknown,Moving Backward,Raining,Wet Or Damp,Darkness - Lights Lit,0,0,1,Minor
KAG_002369,Kaggle_road_csv,0,,Friday,Unknown,Truck,Unknown,1,18-30,Unknown,Changing Lane To The Right,Normal,Dry,Daylight,0,0,1,Minor
KAG_002370,Kaggle_road_csv,0,,Wednesday,Unknown,Truck,Unknown,2,31-50,31-50,No Priority To Vehicle,Normal,Dry,Daylight,0,0,1,Minor
KAG_002371,Kaggle_road_csv,0,,Sunday,Unknown,Truck,Unknown,2,31-50,31-50,Turnover,Normal,Dry,Daylight,0,0,1,Minor
KAG_002372,Kaggle_road_csv,0,,Sunday,Unknown,Truck,Unknown,2,18-30,Unknown,No Distancing,Normal,Dry,Daylight,0,0,1,Minor
KAG_002373,Kaggle_road_csv,0,,Friday,Unknown,Truck,Unknown,2,Unknown,18-30,Changing Lane To The Right,Normal,Dry,Darkness - Lights Lit,0,0,1,Minor
KAG_002374,Kaggle_road_csv,0,,Friday,Unknown,Truck,Unknown,2,18-30,Unknown,No Distancing,Normal,Dry,Darkness - Lights Lit,0,0,1,Minor
KAG_002375,Kaggle_road_csv,0,,Friday,Unknown,Truck,Unknown,1,31-50,31-50,Changing Lane To The Left,Normal,Dry,Daylight,0,0,1,Minor
KAG_002376,Kaggle_road_csv,0,,Tuesday,Unknown,Truck,Unknown,2,18-30,Unknown,No Distancing,Normal,Wet Or Damp,Darkness - Lights Lit,0,0,2,Serious
KAG_002377,Kaggle_road_csv,0,,Friday,Unknown,Truck,Unknown,3,Over 51,18-30,No Distancing,Normal,Dry,Daylight,0,0,5,Minor
KAG_002378,Kaggle_road_csv,0,,Friday,Unknown,Truck,Unknown,3,31-50,31-50,No Distancing,Normal,Dry,Daylight,0,0,5,Minor
KAG_002379,Kaggle_road_csv,0,,Sunday,Unknown,Truck,Unknown,1,18-30,Unknown,Overturning,Normal,Dry,Daylight,0,0,1,Serious
KAG_002380,Kaggle_road_csv,0,,Thursday,Unknown,Truck,Unknown,2,18-30,31-50,No Distancing,Normal,Dry,Daylight,0,0,2,Serious
KAG_002381,Kaggle_road_csv,0,,Thursday,Unknown,Truck,Unknown,1,Over 51,Unknown,Changing Lane To The Right,Normal,Wet Or Damp,Darkness - Lights Lit,0,0,1,Minor
KAG_002382,Kaggle_road_csv,0,,Tuesday,Unknown,Truck,Unknown,3,18-30,Unknown,Changing Lane To The Left,Normal,Dry,Daylight,0,0,3,Minor
KAG_002383,Kaggle_road_csv,0,,Wednesday,Unknown,Truck,Unknown,2,18-30,18-30,Overloading,Normal,Dry,Daylight,0,0,3,Minor
KAG_002384,Kaggle_road_csv,0,,Wednesday,Unknown,Truck,Unknown,2,18-30,Over 51,Other,Normal,Dry,Daylight,0,0,3,Minor
KAG_002385,Kaggle_road_csv,0,,Monday,Unknown,Truck,Unknown,2,31-50,Under 18,Changing Lane To The Left,Raining,Wet Or Damp,Daylight,0,0,1,Minor
KAG_002386,Kaggle_road_csv,0,,Monday,Unknown,Truck,Unknown,2,31-50,Unknown,No Priority To Pedestrian,Raining,Wet Or Damp,Daylight,0,0,1,Minor
KAG_002387,Kaggle_road_csv,0,,Wednesday,Unknown,Truck,Unknown,2,31-50,18-30,Improper Parking,Normal,Dry,Daylight,0,0,1,Minor
KAG_002388,Kaggle_road_csv,0,,Monday,Unknown,Truck,Unknown,1,Over 51,31-50,Other,Normal,Wet Or Damp,Daylight,0,0,1,Fatal
KAG_002389,Kaggle_road_csv,0,,Tuesday,Unknown,Truck,Unknown,3,31-50,Unknown,Changing Lane To The Left,Raining,Wet Or Damp,Darkness - No Lighting,0,0,1,Minor
KAG_002390,Kaggle_road_csv,0,,Tuesday,Unknown,Truck,Unknown,3,31-50,Under 18,No Priority To Pedestrian,Raining,Wet Or Damp,Darkness - No Lighting,0,0,1,Minor
KAG_002391,Kaggle_road_csv,0,,Sunday,Unknown,Truck,Unknown,2,18-30,Unknown,No Priority To Pedestrian,Normal,Wet Or Damp,Daylight,0,0,1,Minor
KAG_002392,Kaggle_road_csv,0,,Friday,Unknown,Truck,Unknown,2,18-30,18-30,Driving Carelessly,Normal,Dry,Darkness - Lights Lit,0,0,1,Minor
KAG_002393,Kaggle_road_csv,0,,Thursday,Unknown,Truck,Unknown,2,Under 18,18-30,No Priority To Vehicle,Cloudy,Wet Or Damp,Daylight,0,0,1,Serious
KAG_002394,Kaggle_road_csv,0,,Thursday,Unknown,Truck,Unknown,2,31-50,31-50,Driving At High Speed,Raining,Wet Or Damp,Darkness - Lights Lit,0,0,1,Minor
KAG_002395,Kaggle_road_csv,0,,Friday,Unknown,Truck,Unknown,2,31-50,31-50,Changing Lane To The Right,Normal,Dry,Darkness - Lights Lit,0,0,1,Serious
KAG_002396,Kaggle_road_csv,0,,Thursday,Unknown,Truck,Unknown,2,18-30,Unknown,Overtaking,Normal,Wet Or Damp,Darkness - Lights Lit,0,0,1,Serious
KAG_002397,Kaggle_road_csv,0,,Monday,Unknown,Truck,Unknown,3,18-30,Unknown,Unknown,Normal,Wet Or Damp,Daylight,0,0,1,Minor
KAG_002398,Kaggle_road_csv,0,,Tuesday,Unknown,Truck,Unknown,2,18-30,31-50,Changing Lane To The Right,Normal,Wet Or Damp,Darkness - Lights Lit,0,0,2,Minor
KAG_002399,Kaggle_road_csv,0,,Wednesday,Unknown,Truck,Unknown,2,Over 51,Unknown,Changing Lane To The Left,Normal,Dry,Daylight,0,0,2,Minor
KAG_002400,Kaggle_road_csv,0,,Wednesday,Unknown,Truck,Unknown,2,31-50,18-30,Changing Lane To The Right,Normal,Dry,Daylight,0,0,2,Minor
KAG_002401,Kaggle_road_csv,0,,Wednesday,Unknown,Truck,Unknown,2,Under 18,Under 18,No Distancing,Normal,Dry,Daylight,0,0,1,Minor
KAG_002402,Kaggle_road_csv,0,,Wednesday,Unknown,Truck,Unknown,2,31-50,Unknown,Moving Backward,Normal,Dry,Daylight,0,0,1,Minor
KAG_002403,Kaggle_road_csv,0,,Monday,Unknown,Truck,Unknown,2,Under 18,18-30,Changing Lane To The Left,Normal,Wet Or Damp,Daylight,0,0,1,Minor
KAG_002404,Kaggle_road_csv,0,,Friday,Unknown,Truck,Unknown,2,Under 18,31-50,Driving Carelessly,Normal,Wet Or Damp,Darkness - Lights Lit,0,0,1,Minor
KAG_002405,Kaggle_road_csv,0,,Saturday,Unknown,Truck,Unknown,4,Under 18,31-50,Other,Normal,Dry,Darkness - Lights Lit,0,0,1,Minor
KAG_002406,Kaggle_road_csv,0,,Saturday,Unknown,Truck,Unknown,4,Unknown,18-30,Changing Lane To The Right,Normal,Dry,Darkness - Lights Lit,0,0,1,Minor
KAG_002407,Kaggle_road_csv,0,,Thursday,Unknown,Truck,Unknown,2,18-30,31-50,Overturning,Normal,Dry,Darkness - Lights Lit,0,0,1,Minor
KAG_002408,Kaggle_road_csv,0,,Wednesday,Unknown,Truck,Unknown,2,18-30,Unknown,No Priority To Vehicle,Normal,Dry,Daylight,0,0,1,Minor
KAG_002409,Kaggle_road_csv,0,,Saturday,Unknown,Truck,Unknown,2,31-50,31-50,Driving Carelessly,Normal,Dry,Daylight,0,0,1,Minor
KAG_002410,Kaggle_road_csv,0,,Saturday,Unknown,Truck,Unknown,2,18-30,18-30,No Distancing,Normal,Dry,Daylight,0,0,1,Minor
KAG_002411,Kaggle_road_csv,0,,Sunday,Unknown,Truck,Unknown,2,Under 18,Under 18,No Priority To Vehicle,Normal,Dry,Daylight,0,0,1,Minor
KAG_002412,Kaggle_road_csv,0,,Wednesday,Unknown,Truck,Unknown,1,Over 51,31-50,No Priority To Pedestrian,Normal,Dry,Daylight,0,0,1,Serious
KAG_002413,Kaggle_road_csv,0,,Friday,Unknown,Truck,Unknown,3,Unknown,18-30,Changing Lane To The Right,Other,Wet Or Damp,Daylight,0,0,1,Minor
KAG_002414,Kaggle_road_csv,0,,Friday,Unknown,Truck,Unknown,2,18-30,Unknown,Driving Carelessly,Unknown,Dry,Daylight,0,0,1,Minor
KAG_002415,Kaggle_road_csv,0,,Tuesday,Unknown,Truck,Unknown,2,18-30,31-50,Changing Lane To The Right,Normal,Dry,Daylight,0,0,1,Minor
KAG_002416,Kaggle_road_csv,0,,Tuesday,Unknown,Truck,Unknown,3,31-50,18-30,Changing Lane To The Left,Normal,Dry,Daylight,0,0,3,Serious
KAG_002417,Kaggle_road_csv,0,,Tuesday,Unknown,Truck,Unknown,3,Under 18,18-30,Moving Backward,Normal,Dry,Daylight,0,0,3,Serious
KAG_002418,Kaggle_road_csv,0,,Sunday,Unknown,Truck,Unknown,3,31-50,Unknown,No Priority To Vehicle,Normal,Dry,Daylight,0,0,2,Minor
KAG_002419,Kaggle_road_csv,0,,Saturday,Unknown,Truck,Unknown,3,18-30,18-30,Moving Backward,Normal,Dry,Darkness - Lights Lit,0,0,3,Minor
KAG_002420,Kaggle_road_csv,0,,Saturday,Unknown,Truck,Unknown,3,18-30,Unknown,Moving Backward,Normal,Dry,Darkness - Lights Lit,0,0,3,Minor
KAG_002421,Kaggle_road_csv,0,,Sunday,Unknown,Truck,Unknown,2,Over 51,31-50,No Priority To Pedestrian,Normal,Dry,Daylight,0,0,1,Minor
KAG_002422,Kaggle_road_csv,0,,Sunday,Unknown,Truck,Unknown,2,18-30,31-50,Moving Backward,Cloudy,Dry,Daylight,0,0,1,Minor
KAG_002423,Kaggle_road_csv,0,,Monday,Unknown,Truck,Unknown,2,18-30,Unknown,No Priority To Vehicle,Normal,Dry,Daylight,0,0,2,Minor
KAG_002424,Kaggle_road_csv,0,,Monday,Unknown,Truck,Unknown,2,31-50,31-50,Changing Lane To The Right,Normal,Dry,Daylight,0,0,2,Minor
KAG_002425,Kaggle_road_csv,0,,Thursday,Unknown,Truck,Unknown,2,31-50,31-50,No Distancing,Normal,Dry,Daylight,0,0,1,Minor
KAG_002426,Kaggle_road_csv,0,,Thursday,Unknown,Truck,Unknown,2,31-50,18-30,Changing Lane To The Left,Normal,Dry,Daylight,0,0,1,Minor
KAG_002427,Kaggle_road_csv,0,,Tuesday,Unknown,Truck,Unknown,3,18-30,18-30,No Priority To Vehicle,Normal,Dry,Daylight,0,0,2,Minor
KAG_002428,Kaggle_road_csv,0,,Friday,Unknown,Truck,Unknown,2,Over 51,Over 51,No Priority To Pedestrian,Normal,Dry,Daylight,0,0,1,Serious
KAG_002429,Kaggle_road_csv,0,,Friday,Unknown,Truck,Unknown,2,Unknown,31-50,Changing Lane To The Left,Normal,Dry,Daylight,0,0,1,Serious
KAG_002430,Kaggle_road_csv,0,,Sunday,Unknown,Truck,Unknown,2,31-50,31-50,Changing Lane To The Left,Normal,Dry,Daylight,0,0,1,Minor
KAG_002431,Kaggle_road_csv,0,,Friday,Unknown,Truck,Unknown,2,31-50,31-50,Changing Lane To The Left,Normal,Wet Or Damp,Daylight,0,0,1,Minor
KAG_002432,Kaggle_road_csv,0,,Saturday,Unknown,Truck,Unknown,2,18-30,31-50,Driving Carelessly,Normal,Dry,Daylight,0,0,2,Serious
KAG_002433,Kaggle_road_csv,0,,Sunday,Unknown,Truck,Unknown,1,31-50,18-30,No Priority To Pedestrian,Normal,Dry,Daylight,0,0,1,Serious
KAG_002434,Kaggle_road_csv,0,,Wednesday,Unknown,Truck,Unknown,3,18-30,Unknown,Getting Off The Vehicle Improperly,Normal,Wet Or Damp,Daylight,0,0,4,Minor
KAG_002435,Kaggle_road_csv,0,,Wednesday,Unknown,Truck,Unknown,3,Under 18,31-50,No Distancing,Normal,Wet Or Damp,Daylight,0,0,4,Minor
KAG_002436,Kaggle_road_csv,0,,Monday,Unknown,Truck,Unknown,2,18-30,31-50,No Priority To Pedestrian,Normal,Wet Or Damp,Daylight,0,0,1,Minor
KAG_002437,Kaggle_road_csv,0,,Wednesday,Unknown,Truck,Unknown,2,18-30,18-30,Driving To The Left,Normal,Dry,Daylight,0,0,1,Serious
KAG_002438,Kaggle_road_csv,0,,Thursday,Unknown,Truck,Unknown,3,Under 18,31-50,No Priority To Pedestrian,Normal,Dry,Daylight,0,0,1,Minor
KAG_002439,Kaggle_road_csv,0,,Thursday,Unknown,Truck,Unknown,3,Over 51,Unknown,Changing Lane To The Right,Normal,Dry,Daylight,0,0,1,Minor
KAG_002440,Kaggle_road_csv,0,,Monday,Unknown,Truck,Unknown,3,Unknown,Over 51,Driving Carelessly,Normal,Dry,Daylight,0,0,1,Minor
KAG_002441,Kaggle_road_csv,0,,Monday,Unknown,Truck,Unknown,3,18-30,31-50,Changing Lane To The Left,Normal,Dry,Daylight,0,0,3,Minor
KAG_002442,Kaggle_road_csv,0,,Monday,Unknown,Truck,Unknown,3,31-50,Unknown,Overturning,Normal,Dry,Daylight,0,0,3,Minor
KAG_002443,Kaggle_road_csv,0,,Monday,Unknown,Truck,Unknown,3,31-50,Unknown,No Distancing,Normal,Dry,Daylight,0,0,3,Minor
KAG_002444,Kaggle_road_csv,0,,Saturday,Unknown,Truck,Unknown,2,18-30,31-50,No Distancing,Normal,Dry,Daylight,0,0,1,Minor
KAG_002445,Kaggle_road_csv,0,,Thursday,Unknown,Truck,Unknown,2,31-50,Unknown,Changing Lane To The Left,Normal,Dry,Daylight,0,0,1,Minor
KAG_002446,Kaggle_road_csv,0,,Saturday,Unknown,Truck,Unknown,2,31-50,31-50,No Distancing,Normal,Dry,Daylight,0,0,1,Minor
KAG_002447,Kaggle_road_csv,0,,Thursday,Unknown,Truck,Unknown,2,18-30,Over 51,No Distancing,Normal,Dry,Daylight,0,0,1,Minor
KAG_002448,Kaggle_road_csv,0,,Saturday,Unknown,Truck,Unknown,2,18-30,18-30,No Distancing,Normal,Dry,Daylight,0,0,1,Minor
KAG_002449,Kaggle_road_csv,0,,Thursday,Unknown,Truck,Unknown,3,18-30,Under 18,No Distancing,Normal,Dry,Daylight,0,0,1,Minor
KAG_002450,Kaggle_road_csv,0,,Saturday,Unknown,Truck,Unknown,1,Under 18,18-30,Driving Carelessly,Normal,Dry,Darkness - Lights Lit,0,0,2,Serious
KAG_002451,Kaggle_road_csv,0,,Saturday,Unknown,Truck,Unknown,2,31-50,Under 18,Driving Carelessly,Normal,Dry,Daylight,0,0,2,Minor
KAG_002452,Kaggle_road_csv,0,,Sunday,Unknown,Truck,Unknown,2,18-30,Over 51,Driving Carelessly,Raining,Wet Or Damp,Daylight,0,0,4,Fatal
KAG_002453,Kaggle_road_csv,0,,Saturday,Unknown,Truck,Unknown,1,31-50,Unknown,No Priority To Vehicle,Normal,Dry,Daylight,0,0,1,Minor
KAG_002454,Kaggle_road_csv,0,,Saturday,Unknown,Truck,Unknown,1,31-50,Over 51,Changing Lane To The Right,Normal,Dry,Daylight,0,0,1,Minor
KAG_002455,Kaggle_road_csv,0,,Saturday,Unknown,Truck,Unknown,2,31-50,18-30,No Priority To Vehicle,Raining,Wet Or Damp,Daylight,0,0,1,Minor
KAG_002456,Kaggle_road_csv,0,,Tuesday,Unknown,Truck,Unknown,3,31-50,18-30,Changing Lane To The Left,Normal,Dry,Daylight,0,0,1,Minor
KAG_002457,Kaggle_road_csv,0,,Wednesday,Unknown,Truck,Unknown,2,18-30,Unknown,No Distancing,Normal,Dry,Daylight,0,0,1,Minor
KAG_002458,Kaggle_road_csv,0,,Wednesday,Unknown,Truck,Unknown,2,31-50,Under 18,Changing Lane To The Right,Normal,Dry,Daylight,0,0,1,Minor
KAG_002459,Kaggle_road_csv,0,,Tuesday,Unknown,Truck,Unknown,1,Unknown,18-30,Changing Lane To The Left,Normal,Dry,Daylight,0,0,1,Minor
KAG_002460,Kaggle_road_csv,0,,Tuesday,Unknown,Truck,Unknown,2,Over 51,Under 18,Changing Lane To The Right,Raining,Wet Or Damp,Daylight,0,0,4,Minor
KAG_002461,Kaggle_road_csv,0,,Tuesday,Unknown,Truck,Unknown,2,18-30,Unknown,Driving Under The Influence Of Drugs,Raining,Wet Or Damp,Daylight,0,0,4,Minor
KAG_002462,Kaggle_road_csv,0,,Thursday,Unknown,Truck,Unknown,1,Over 51,Unknown,Changing Lane To The Left,Normal,Dry,Daylight,0,0,1,Minor
KAG_002463,Kaggle_road_csv,0,,Monday,Unknown,Truck,Unknown,1,Under 18,31-50,Overturning,Normal,Dry,Daylight,0,0,1,Serious
KAG_002464,Kaggle_road_csv,0,,Sunday,Unknown,Truck,Unknown,2,18-30,Under 18,No Distancing,Normal,Dry,Darkness - Lights Lit,0,0,1,Minor
KAG_002465,Kaggle_road_csv,0,,Saturday,Unknown,Truck,Unknown,1,Over 51,18-30,No Distancing,Normal,Dry,Daylight,0,0,1,Minor
KAG_002466,Kaggle_road_csv,0,,Monday,Unknown,Truck,Unknown,2,18-30,31-50,Driving Carelessly,Normal,Dry,Daylight,0,0,1,Serious
KAG_002467,Kaggle_road_csv,0,,Friday,Unknown,Truck,Unknown,2,31-50,31-50,Moving Backward,Normal,Dry,Daylight,0,0,1,Serious
KAG_002468,Kaggle_road_csv,0,,Monday,Unknown,Truck,Unknown,3,18-30,Unknown,Overturning,Raining,Wet Or Damp,Daylight,0,0,2,Serious
KAG_002469,Kaggle_road_csv,0,,Monday,Unknown,Truck,Unknown,3,31-50,18-30,Driving Under The Influence Of Drugs,Raining,Wet Or Damp,Daylight,0,0,2,Serious
KAG_002470,Kaggle_road_csv,0,,Saturday,Unknown,Truck,Unknown,2,Under 18,18-30,Changing Lane To The Right,Normal,Dry,Daylight,0,0,1,Serious
KAG_002471,Kaggle_road_csv,0,,Thursday,Unknown,Truck,Unknown,1,18-30,Unknown,Driving Carelessly,Normal,Wet Or Damp,Darkness - Lights Lit,0,0,1,Serious
KAG_002472,Kaggle_road_csv,0,,Thursday,Unknown,Truck,Unknown,2,Over 51,18-30,Changing Lane To The Left,Normal,Dry,Daylight,0,0,2,Minor
KAG_002473,Kaggle_road_csv,0,,Friday,Unknown,Truck,Unknown,2,31-50,18-30,No Priority To Vehicle,Normal,Dry,Darkness - Lights Lit,0,0,1,Minor
KAG_002474,Kaggle_road_csv,0,,Monday,Unknown,Truck,Unknown,2,Over 51,18-30,Changing Lane To The Left,Normal,Dry,Daylight,0,0,1,Minor
KAG_002475,Kaggle_road_csv,0,,Monday,Unknown,Truck,Unknown,2,18-30,31-50,No Priority To Vehicle,Normal,Dry,Daylight,0,0,1,Minor
KAG_002476,Kaggle_road_csv,0,,Thursday,Unknown,Truck,Unknown,2,Over 51,Unknown,No Distancing,Normal,Dry,Daylight,0,0,1,Minor
KAG_002477,Kaggle_road_csv,0,,Thursday,Unknown,Truck,Unknown,2,Over 51,31-50,Driving To The Left,Normal,Dry,Daylight,0,0,1,Minor
KAG_002478,Kaggle_road_csv,0,,Saturday,Unknown,Truck,Unknown,1,31-50,Under 18,Driving Carelessly,Normal,Dry,Darkness - Lights Lit,0,0,1,Minor
KAG_002479,Kaggle_road_csv,0,,Thursday,Unknown,Truck,Unknown,2,18-30,Unknown,No Distancing,Raining,Wet Or Damp,Daylight,0,0,1,Minor
KAG_002480,Kaggle_road_csv,0,,Thursday,Unknown,Truck,Unknown,2,31-50,18-30,Driving Carelessly,Raining,Wet Or Damp,Daylight,0,0,1,Minor
KAG_002481,Kaggle_road_csv,0,,Friday,Unknown,Truck,Unknown,2,31-50,Unknown,No Priority To Vehicle,Raining,Wet Or Damp,Daylight,0,0,1,Minor
KAG_002482,Kaggle_road_csv,0,,Wednesday,Unknown,Truck,Unknown,1,Over 51,31-50,No Distancing,Raining,Wet Or Damp,Daylight,0,0,1,Serious
KAG_002483,Kaggle_road_csv,0,,Friday,Unknown,Truck,Unknown,1,18-30,Unknown,Changing Lane To The Right,Normal,Dry,Darkness - Lights Lit,0,0,1,Serious
KAG_002484,Kaggle_road_csv,0,,Monday,Unknown,Truck,Unknown,2,18-30,Under 18,No Distancing,Raining,Wet Or Damp,Darkness - Lights Unlit,0,0,1,Minor
KAG_002485,Kaggle_road_csv,0,,Tuesday,Unknown,Truck,Unknown,2,18-30,31-50,Changing Lane To The Left,Normal,Dry,Daylight,0,0,1,Minor
KAG_002486,Kaggle_road_csv,0,,Tuesday,Unknown,Truck,Unknown,1,18-30,Unknown,Moving Backward,Normal,Dry,Daylight,0,0,1,Minor
KAG_002487,Kaggle_road_csv,0,,Monday,Unknown,Truck,Unknown,3,31-50,Under 18,No Distancing,Normal,Dry,Darkness - Lights Lit,0,0,1,Minor
KAG_002488,Kaggle_road_csv,0,,Saturday,Unknown,Truck,Unknown,1,31-50,Over 51,Driving Carelessly,Windy,Wet Or Damp,Darkness - Lights Lit,0,0,1,Minor
KAG_002489,Kaggle_road_csv,0,,Tuesday,Unknown,Truck,Unknown,2,Over 51,Under 18,Driving Under The Influence Of Drugs,Normal,Wet Or Damp,Darkness - Lights Lit,0,0,1,Minor
KAG_002490,Kaggle_road_csv,0,,Tuesday,Unknown,Truck,Unknown,2,31-50,18-30,No Distancing,Normal,Wet Or Damp,Darkness - Lights Lit,0,0,1,Minor
KAG_002491,Kaggle_road_csv,0,,Tuesday,Unknown,Truck,Unknown,2,18-30,Unknown,Changing Lane To The Right,Raining,Wet Or Damp,Darkness - Lights Lit,0,0,1,Minor
KAG_002492,Kaggle_road_csv,0,,Thursday,Unknown,Truck,Unknown,2,31-50,Unknown,No Distancing,Cloudy,Wet Or Damp,Darkness - Lights Lit,0,0,1,Minor
KAG_002493,Kaggle_road_csv,0,,Monday,Unknown,Truck,Unknown,2,Over 51,18-30,Changing Lane To The Right,Raining,Wet Or Damp,Daylight,0,0,2,Minor
KAG_002494,Kaggle_road_csv,0,,Thursday,Unknown,Truck,Unknown,2,Over 51,Unknown,Driving Carelessly,Normal,Dry,Daylight,0,0,2,Minor
KAG_002495,Kaggle_road_csv,0,,Thursday,Unknown,Truck,Unknown,2,18-30,18-30,Changing Lane To The Left,Other,Snow,Darkness - Lights Lit,0,0,1,Minor
KAG_002496,Kaggle_road_csv,0,,Tuesday,Unknown,Truck,Unknown,3,31-50,31-50,No Distancing,Normal,Dry,Daylight,0,0,1,Minor
KAG_002497,Kaggle_road_csv,0,,Wednesday,Unknown,Truck,Unknown,2,18-30,31-50,Changing Lane To The Right,Normal,Dry,Darkness - Lights Lit,0,0,1,Minor
KAG_002498,Kaggle_road_csv,0,,Friday,Unknown,Truck,Unknown,2,18-30,31-50,No Distancing,Normal,Dry,Daylight,0,0,1,Minor
KAG_002499,Kaggle_road_csv,0,,Tuesday,Unknown,Truck,Unknown,1,Over 51,Unknown,Overturning,Normal,Dry,Daylight,0,0,1,Serious
KAG_002500,Kaggle_road_csv,0,,Thursday,Unknown,Truck,Unknown,1,31-50,31-50,Moving Backward,Normal,Wet Or Damp,Darkness - Lights Lit,0,0,1,Minor
KAG_002501,Kaggle_road_csv,0,,Monday,Unknown,Truck,Unknown,1,18-30,Unknown,Changing Lane To The Right,Normal,Dry,Daylight,0,0,2,Minor
KAG_002502,Kaggle_road_csv,0,,Tuesday,Unknown,Truck,Unknown,1,Over 51,Under 18,No Priority To Vehicle,Normal,Dry,Daylight,0,0,1,Minor
KAG_002503,Kaggle_road_csv,0,,Friday,Unknown,Truck,Unknown,3,Over 51,18-30,Changing Lane To The Right,Normal,Dry,Daylight,0,0,2,Fatal
KAG_002504,Kaggle_road_csv,0,,Monday,Unknown,Truck,Unknown,2,Unknown,18-30,No Distancing,Normal,Dry,Daylight,0,0,1,Serious
KAG_002505,Kaggle_road_csv,0,,Friday,Unknown,Truck,Unknown,3,31-50,Unknown,No Distancing,Normal,Dry,Daylight,0,0,1,Minor
KAG_002506,Kaggle_road_csv,0,,Friday,Unknown,Truck,Unknown,3,31-50,Unknown,Changing Lane To The Right,Normal,Dry,Daylight,0,0,1,Minor
KAG_002507,Kaggle_road_csv,0,,Thursday,Unknown,Truck,Unknown,4,Unknown,18-30,Changing Lane To The Left,Normal,Dry,Daylight,0,0,1,Minor
KAG_002508,Kaggle_road_csv,0,,Wednesday,Unknown,Truck,Unknown,2,18-30,Unknown,No Priority To Pedestrian,Normal,Dry,Daylight,0,0,1,Minor
KAG_002509,Kaggle_road_csv,0,,Wednesday,Unknown,Truck,Unknown,2,31-50,Unknown,Changing Lane To The Left,Other,Dry,Daylight,0,0,1,Minor
KAG_002510,Kaggle_road_csv,0,,Wednesday,Unknown,Truck,Unknown,2,18-30,18-30,Moving Backward,Raining,Wet Or Damp,Darkness - Lights Lit,0,0,1,Minor
KAG_002511,Kaggle_road_csv,0,,Wednesday,Unknown,Truck,Unknown,2,31-50,Unknown,Overtaking,Raining,Wet Or Damp,Darkness - Lights Lit,0,0,1,Minor
KAG_002512,Kaggle_road_csv,0,,Wednesday,Unknown,Truck,Unknown,2,31-50,18-30,No Priority To Vehicle,Normal,Dry,Daylight,0,0,1,Minor
KAG_002513,Kaggle_road_csv,0,,Wednesday,Unknown,Truck,Unknown,2,18-30,31-50,Moving Backward,Normal,Dry,Daylight,0,0,1,Minor
KAG_002514,Kaggle_road_csv,0,,Wednesday,Unknown,Truck,Unknown,2,31-50,Over 51,No Distancing,Normal,Dry,Daylight,0,0,1,Serious
KAG_002515,Kaggle_road_csv,0,,Friday,Unknown,Truck,Unknown,2,18-30,18-30,No Distancing,Normal,Dry,Darkness - Lights Lit,0,0,1,Minor
KAG_002516,Kaggle_road_csv,0,,Sunday,Unknown,Truck,Unknown,1,Under 18,31-50,Overloading,Normal,Wet Or Damp,Daylight,0,0,1,Serious
KAG_002517,Kaggle_road_csv,0,,Friday,Unknown,Truck,Unknown,2,31-50,18-30,Changing Lane To The Left,Normal,Dry,Daylight,0,0,1,Minor
KAG_002518,Kaggle_road_csv,0,,Thursday,Unknown,Truck,Unknown,2,Over 51,31-50,No Priority To Pedestrian,Normal,Dry,Daylight,0,0,1,Minor
KAG_002519,Kaggle_road_csv,0,,Sunday,Unknown,Truck,Unknown,2,Over 51,18-30,Changing Lane To The Left,Normal,Dry,Daylight,0,0,1,Minor
KAG_002520,Kaggle_road_csv,0,,Sunday,Unknown,Truck,Unknown,2,31-50,18-30,No Priority To Vehicle,Normal,Dry,Daylight,0,0,1,Minor
KAG_002521,Kaggle_road_csv,0,,Saturday,Unknown,Truck,Unknown,2,18-30,Under 18,No Distancing,Normal,Dry,Daylight,0,0,2,Minor
KAG_002522,Kaggle_road_csv,0,,Monday,Unknown,Truck,Unknown,1,18-30,Unknown,No Priority To Vehicle,Normal,Dry,Daylight,0,0,1,Minor
KAG_002523,Kaggle_road_csv,0,,Sunday,Unknown,Truck,Unknown,4,Under 18,31-50,Changing Lane To The Left,Normal,Dry,Daylight,0,0,5,Minor
KAG_002524,Kaggle_road_csv,0,,Monday,Unknown,Truck,Unknown,3,18-30,Unknown,No Distancing,Normal,Dry,Daylight,0,0,1,Serious
KAG_002525,Kaggle_road_csv,0,,Saturday,Unknown,Truck,Unknown,2,18-30,Unknown,No Distancing,Normal,Dry,Darkness - Lights Lit,0,0,3,Minor
KAG_002526,Kaggle_road_csv,0,,Saturday,Unknown,Truck,Unknown,2,18-30,18-30,No Priority To Vehicle,Normal,Dry,Darkness - Lights Lit,0,0,3,Minor
KAG_002527,Kaggle_road_csv,0,,Wednesday,Unknown,Truck,Unknown,2,31-50,Unknown,No Priority To Pedestrian,Raining,Wet Or Damp,Daylight,0,0,1,Minor
KAG_002528,Kaggle_road_csv,0,,Sunday,Unknown,Truck,Unknown,4,31-50,Unknown,Driving Carelessly,Raining,Wet Or Damp,Daylight,0,0,1,Minor
KAG_002529,Kaggle_road_csv,0,,Sunday,Unknown,Truck,Unknown,4,Unknown,Unknown,Overtaking,Raining,Wet Or Damp,Daylight,0,0,1,Minor
KAG_002530,Kaggle_road_csv,0,,Thursday,Unknown,Truck,Unknown,2,18-30,Unknown,Changing Lane To The Left,Normal,Dry,Daylight,0,0,1,Minor
KAG_002531,Kaggle_road_csv,0,,Thursday,Unknown,Truck,Unknown,2,31-50,Unknown,No Priority To Pedestrian,Normal,Dry,Daylight,0,0,1,Minor
KAG_002532,Kaggle_road_csv,0,,Tuesday,Unknown,Truck,Unknown,1,Over 51,Under 18,Overtaking,Normal,Dry,Daylight,0,0,1,Minor
KAG_002533,Kaggle_road_csv,0,,Wednesday,Unknown,Truck,Unknown,2,31-50,31-50,Overturning,Normal,Dry,Daylight,0,0,1,Minor
KAG_002534,Kaggle_road_csv,0,,Wednesday,Unknown,Truck,Unknown,2,31-50,Unknown,Driving Carelessly,Normal,Dry,Daylight,0,0,1,Minor
KAG_002535,Kaggle_road_csv,0,,Wednesday,Unknown,Truck,Unknown,2,31-50,18-30,No Distancing,Normal,Dry,Daylight,0,0,1,Minor
KAG_002536,Kaggle_road_csv,0,,Friday,Unknown,Truck,Unknown,2,31-50,Unknown,No Distancing,Normal,Dry,Daylight,0,0,1,Minor
KAG_002537,Kaggle_road_csv,0,,Friday,Unknown,Truck,Unknown,3,31-50,18-30,Driving Carelessly,Normal,Dry,Daylight,0,0,3,Minor
KAG_002538,Kaggle_road_csv,0,,Tuesday,Unknown,Truck,Unknown,1,18-30,Unknown,Other,Normal,Dry,Daylight,0,0,1,Serious
KAG_002539,Kaggle_road_csv,0,,Tuesday,Unknown,Truck,Unknown,2,18-30,18-30,No Distancing,Normal,Dry,Daylight,0,0,1,Minor
KAG_002540,Kaggle_road_csv,0,,Tuesday,Unknown,Truck,Unknown,6,18-30,Unknown,Other,Normal,Dry,Daylight,0,0,2,Serious
KAG_002541,Kaggle_road_csv,0,,Tuesday,Unknown,Truck,Unknown,6,31-50,Unknown,Other,Normal,Dry,Daylight,0,0,2,Serious
KAG_002542,Kaggle_road_csv,0,,Thursday,Unknown,Truck,Unknown,1,31-50,18-30,Turnover,Normal,Dry,Daylight,0,0,1,Minor
KAG_002543,Kaggle_road_csv,0,,Tuesday,Unknown,Truck,Unknown,1,31-50,18-30,Driving To The Left,Normal,Dry,Daylight,0,0,1,Minor
KAG_002544,Kaggle_road_csv,0,,Tuesday,Unknown,Truck,Unknown,1,31-50,Unknown,Driving Carelessly,Normal,Dry,Daylight,0,0,2,Serious
KAG_002545,Kaggle_road_csv,0,,Sunday,Unknown,Truck,Unknown,2,18-30,31-50,Changing Lane To The Right,Normal,Dry,Daylight,0,0,1,Serious
KAG_002546,Kaggle_road_csv,0,,Saturday,Unknown,Truck,Unknown,2,Over 51,31-50,Driving Carelessly,Normal,Dry,Daylight,0,0,1,Serious
KAG_002547,Kaggle_road_csv,0,,Friday,Unknown,Truck,Unknown,1,18-30,Unknown,Other,Normal,Dry,Daylight,0,0,1,Minor
KAG_002548,Kaggle_road_csv,0,,Saturday,Unknown,Truck,Unknown,1,18-30,31-50,Changing Lane To The Left,Normal,Dry,Daylight,0,0,1,Minor
KAG_002549,Kaggle_road_csv,0,,Tuesday,Unknown,Truck,Unknown,1,18-30,Under 18,Moving Backward,Raining,Wet Or Damp,Daylight,0,0,1,Minor
KAG_002550,Kaggle_road_csv,0,,Saturday,Unknown,Truck,Unknown,2,Over 51,Under 18,Moving Backward,Raining,Wet Or Damp,Daylight,0,0,2,Minor
KAG_002551,Kaggle_road_csv,0,,Saturday,Unknown,Truck,Unknown,2,Over 51,Unknown,No Distancing,Raining,Wet Or Damp,Daylight,0,0,2,Minor
KAG_002552,Kaggle_road_csv,0,,Thursday,Unknown,Truck,Unknown,1,18-30,18-30,No Priority To Pedestrian,Normal,Dry,Daylight,0,0,1,Minor
KAG_002553,Kaggle_road_csv,0,,Monday,Unknown,Truck,Unknown,2,31-50,Unknown,Other,Raining,Wet Or Damp,Daylight,0,0,2,Minor
KAG_002554,Kaggle_road_csv,0,,Monday,Unknown,Truck,Unknown,1,18-30,Unknown,No Distancing,Raining,Wet Or Damp,Daylight,0,0,2,Minor
KAG_002555,Kaggle_road_csv,0,,Monday,Unknown,Truck,Unknown,1,18-30,Over 51,No Priority To Pedestrian,Raining,Wet Or Damp,Daylight,0,0,2,Minor
KAG_002556,Kaggle_road_csv,0,,Wednesday,Unknown,Truck,Unknown,2,Over 51,31-50,No Distancing,Normal,Dry,Daylight,0,0,2,Minor
KAG_002557,Kaggle_road_csv,0,,Sunday,Unknown,Truck,Unknown,2,31-50,18-30,Moving Backward,Raining,Wet Or Damp,Daylight,0,0,4,Minor
KAG_002558,Kaggle_road_csv,0,,Friday,Unknown,Truck,Unknown,1,18-30,Under 18,Changing Lane To The Left,Normal,Dry,Daylight,0,0,1,Minor
KAG_002559,Kaggle_road_csv,0,,Thursday,Unknown,Truck,Unknown,2,18-30,Under 18,Driving At High Speed,Normal,Dry,Daylight,0,0,1,Minor
KAG_002560,Kaggle_road_csv,0,,Monday,Unknown,Truck,Unknown,2,Under 18,Over 51,Changing Lane To The Left,Normal,Dry,Daylight,0,0,1,Minor
KAG_002561,Kaggle_road_csv,0,,Monday,Unknown,Truck,Unknown,2,31-50,31-50,No Distancing,Normal,Dry,Daylight,0,0,1,Minor
KAG_002562,Kaggle_road_csv,0,,Wednesday,Unknown,Truck,Unknown,2,18-30,Unknown,Moving Backward,Normal,Dry,Daylight,0,0,1,Minor
KAG_002563,Kaggle_road_csv,0,,Saturday,Unknown,Truck,Unknown,2,18-30,Under 18,Changing Lane To The Left,Normal,Dry,Daylight,0,0,1,Serious
KAG_002564,Kaggle_road_csv,0,,Wednesday,Unknown,Truck,Unknown,2,Unknown,31-50,Driving Carelessly,Normal,Dry,Daylight,0,0,1,Minor
KAG_002565,Kaggle_road_csv,0,,Saturday,Unknown,Truck,Unknown,6,18-30,Unknown,Changing Lane To The Left,Normal,Dry,Darkness - Lights Lit,0,0,2,Minor
KAG_002566,Kaggle_road_csv,0,,Tuesday,Unknown,Truck,Unknown,4,Over 51,Unknown,Moving Backward,Normal,Dry,Daylight,0,0,2,Minor
KAG_002567,Kaggle_road_csv,0,,Tuesday,Unknown,Truck,Unknown,3,Over 51,18-30,Driving Carelessly,Normal,Dry,Daylight,0,0,1,Minor
KAG_002568,Kaggle_road_csv,0,,Thursday,Unknown,Truck,Unknown,1,Over 51,31-50,Changing Lane To The Left,Normal,Dry,Daylight,0,0,2,Serious
KAG_002569,Kaggle_road_csv,0,,Monday,Unknown,Truck,Unknown,3,18-30,Unknown,Changing Lane To The Left,Normal,Dry,Daylight,0,0,2,Minor
KAG_002570,Kaggle_road_csv,0,,Wednesday,Unknown,Truck,Unknown,1,18-30,31-50,Changing Lane To The Left,Normal,Dry,Daylight,0,0,1,Minor
KAG_002571,Kaggle_road_csv,0,,Friday,Unknown,Truck,Unknown,3,18-30,Unknown,Changing Lane To The Right,Normal,Dry,Daylight,0,0,1,Minor
KAG_002572,Kaggle_road_csv,0,,Friday,Unknown,Truck,Unknown,3,18-30,Unknown,Changing Lane To The Right,Normal,Dry,Daylight,0,0,1,Minor
KAG_002573,Kaggle_road_csv,0,,Thursday,Unknown,Truck,Unknown,2,31-50,31-50,Other,Normal,Dry,Daylight,0,0,2,Minor
KAG_002574,Kaggle_road_csv,0,,Monday,Unknown,Truck,Unknown,2,18-30,18-30,No Priority To Vehicle,Raining,Wet Or Damp,Darkness - Lights Lit,0,0,3,Minor
KAG_002575,Kaggle_road_csv,0,,Monday,Unknown,Truck,Unknown,2,18-30,Unknown,Changing Lane To The Left,Raining,Wet Or Damp,Darkness - Lights Lit,0,0,3,Minor
KAG_002576,Kaggle_road_csv,0,,Thursday,Unknown,Truck,Unknown,1,18-30,Over 51,No Priority To Vehicle,Normal,Dry,Daylight,0,0,1,Minor
KAG_002577,Kaggle_road_csv,0,,Saturday,Unknown,Truck,Unknown,2,18-30,Over 51,Changing Lane To The Right,Normal,Dry,Daylight,0,0,1,Minor
KAG_002578,Kaggle_road_csv,0,,Sunday,Unknown,Truck,Unknown,2,Over 51,Unknown,Driving Carelessly,Normal,Dry,Daylight,0,0,1,Minor
KAG_002579,Kaggle_road_csv,0,,Friday,Unknown,Truck,Unknown,2,31-50,31-50,No Priority To Vehicle,Normal,Dry,Daylight,0,0,1,Minor
KAG_002580,Kaggle_road_csv,0,,Tuesday,Unknown,Truck,Unknown,2,18-30,18-30,Driving Carelessly,Normal,Dry,Daylight,0,0,1,Minor
KAG_002581,Kaggle_road_csv,0,,Saturday,Unknown,Truck,Unknown,3,31-50,31-50,Changing Lane To The Left,Normal,Dry,Daylight,0,0,3,Minor
KAG_002582,Kaggle_road_csv,0,,Thursday,Unknown,Truck,Unknown,2,18-30,Over 51,Changing Lane To The Left,Normal,Dry,Daylight,0,0,1,Minor
KAG_002583,Kaggle_road_csv,0,,Sunday,Unknown,Truck,Unknown,2,31-50,Unknown,Driving To The Left,Normal,Dry,Daylight,0,0,1,Minor
KAG_002584,Kaggle_road_csv,0,,Sunday,Unknown,Truck,Unknown,2,31-50,Unknown,No Distancing,Normal,Dry,Daylight,0,0,1,Minor
KAG_002585,Kaggle_road_csv,0,,Wednesday,Unknown,Truck,Unknown,2,31-50,18-30,Changing Lane To The Left,Normal,Dry,Daylight,0,0,1,Minor
KAG_002586,Kaggle_road_csv,0,,Monday,Unknown,Truck,Unknown,2,31-50,31-50,Driving Under The Influence Of Drugs,Normal,Dry,Darkness - Lights Lit,0,0,1,Minor
KAG_002587,Kaggle_road_csv,0,,Thursday,Unknown,Truck,Unknown,1,31-50,18-30,No Priority To Vehicle,Normal,Dry,Daylight,0,0,4,Minor
KAG_002588,Kaggle_road_csv,0,,Wednesday,Unknown,Truck,Unknown,1,Over 51,18-30,Changing Lane To The Left,Normal,Dry,Daylight,0,0,1,Minor
KAG_002589,Kaggle_road_csv,0,,Wednesday,Unknown,Truck,Unknown,2,31-50,Under 18,Overtaking,Normal,Wet Or Damp,Darkness - Lights Lit,0,0,1,Serious
KAG_002590,Kaggle_road_csv,0,,Wednesday,Unknown,Truck,Unknown,2,31-50,Under 18,Changing Lane To The Left,Normal,Wet Or Damp,Darkness - Lights Lit,0,0,1,Serious
KAG_002591,Kaggle_road_csv,0,,Sunday,Unknown,Truck,Unknown,1,Over 51,Unknown,Driving Under The Influence Of Drugs,Normal,Dry,Daylight,0,0,2,Minor
KAG_002592,Kaggle_road_csv,0,,Thursday,Unknown,Truck,Unknown,3,18-30,18-30,Driving Under The Influence Of Drugs,Normal,Dry,Daylight,0,0,1,Minor
KAG_002593,Kaggle_road_csv,0,,Sunday,Unknown,Truck,Unknown,2,Over 51,Over 51,Driving Carelessly,Normal,Dry,Darkness - Lights Lit,0,0,1,Minor
KAG_002594,Kaggle_road_csv,0,,Monday,Unknown,Truck,Unknown,1,31-50,Unknown,Changing Lane To The Right,Normal,Dry,Daylight,0,0,1,Minor
KAG_002595,Kaggle_road_csv,0,,Monday,Unknown,Truck,Unknown,3,31-50,18-30,Overtaking,Normal,Dry,Darkness - Lights Unlit,0,0,1,Minor
KAG_002596,Kaggle_road_csv,0,,Friday,Unknown,Truck,Unknown,3,31-50,Unknown,Moving Backward,Normal,Dry,Daylight,0,0,1,Minor
KAG_002597,Kaggle_road_csv,0,,Friday,Unknown,Truck,Unknown,3,18-30,Under 18,Getting Off The Vehicle Improperly,Normal,Dry,Daylight,0,0,1,Minor
KAG_002598,Kaggle_road_csv,0,,Monday,Unknown,Truck,Unknown,2,Under 18,Over 51,Changing Lane To The Left,Normal,Dry,Daylight,0,0,1,Minor
KAG_002599,Kaggle_road_csv,0,,Monday,Unknown,Truck,Unknown,2,Over 51,Unknown,No Priority To Vehicle,Normal,Dry,Daylight,0,0,1,Minor
KAG_002600,Kaggle_road_csv,0,,Saturday,Unknown,Truck,Unknown,1,31-50,Unknown,Changing Lane To The Right,Normal,Wet Or Damp,Daylight,0,0,1,Minor
KAG_002601,Kaggle_road_csv,0,,Sunday,Unknown,Truck,Unknown,1,18-30,18-30,Changing Lane To The Right,Normal,Dry,Darkness - Lights Lit,0,0,3,Minor
KAG_002602,Kaggle_road_csv,0,,Friday,Unknown,Truck,Unknown,2,31-50,Over 51,No Priority To Vehicle,Raining,Wet Or Damp,Darkness - Lights Lit,0,0,1,Serious
KAG_002603,Kaggle_road_csv,0,,Thursday,Unknown,Truck,Unknown,1,Under 18,Unknown,Moving Backward,Normal,Wet Or Damp,Darkness - Lights Lit,0,0,2,Serious
KAG_002604,Kaggle_road_csv,0,,Friday,Unknown,Truck,Unknown,1,18-30,31-50,Changing Lane To The Right,Raining,Wet Or Damp,Darkness - Lights Lit,0,0,4,Minor
KAG_002605,Kaggle_road_csv,0,,Saturday,Unknown,Truck,Unknown,1,18-30,Unknown,Driving To The Left,Normal,Dry,Daylight,0,0,1,Minor
KAG_002606,Kaggle_road_csv,0,,Friday,Unknown,Truck,Unknown,1,Under 18,31-50,Moving Backward,Raining,Wet Or Damp,Daylight,0,0,1,Minor
KAG_002607,Kaggle_road_csv,0,,Saturday,Unknown,Truck,Unknown,2,Under 18,Over 51,Driving Carelessly,Raining,Wet Or Damp,Darkness - Lights Lit,0,0,1,Minor
KAG_002608,Kaggle_road_csv,0,,Tuesday,Unknown,Truck,Unknown,2,18-30,Unknown,Driving Under The Influence Of Drugs,Normal,Wet Or Damp,Darkness - Lights Lit,0,0,1,Minor
KAG_002609,Kaggle_road_csv,0,,Monday,Unknown,Truck,Unknown,2,18-30,18-30,No Priority To Vehicle,Normal,Dry,Daylight,0,0,2,Minor
KAG_002610,Kaggle_road_csv,0,,Saturday,Unknown,Truck,Unknown,2,18-30,31-50,No Priority To Vehicle,Raining,Wet Or Damp,Darkness - Lights Lit,0,0,1,Minor
KAG_002611,Kaggle_road_csv,0,,Saturday,Unknown,Truck,Unknown,2,18-30,31-50,No Distancing,Raining,Wet Or Damp,Darkness - Lights Lit,0,0,1,Minor
KAG_002612,Kaggle_road_csv,0,,Wednesday,Unknown,Truck,Unknown,2,31-50,31-50,Changing Lane To The Left,Raining,Wet Or Damp,Daylight,0,0,3,Minor
KAG_002613,Kaggle_road_csv,0,,Wednesday,Unknown,Truck,Unknown,2,31-50,18-30,No Priority To Pedestrian,Raining,Wet Or Damp,Daylight,0,0,3,Minor
KAG_002614,Kaggle_road_csv,0,,Tuesday,Unknown,Truck,Unknown,2,Over 51,31-50,No Distancing,Normal,Wet Or Damp,Darkness - Lights Lit,0,0,1,Minor
KAG_002615,Kaggle_road_csv,0,,Thursday,Unknown,Truck,Unknown,2,18-30,Unknown,Changing Lane To The Right,Windy,Wet Or Damp,Darkness - Lights Lit,0,0,1,Minor
KAG_002616,Kaggle_road_csv,0,,Thursday,Unknown,Truck,Unknown,2,31-50,Unknown,Overtaking,Windy,Wet Or Damp,Darkness - Lights Lit,0,0,1,Minor
KAG_002617,Kaggle_road_csv,0,,Thursday,Unknown,Truck,Unknown,2,31-50,Under 18,Moving Backward,Raining,Wet Or Damp,Darkness - Lights Lit,0,0,1,Minor
KAG_002618,Kaggle_road_csv,0,,Friday,Unknown,Truck,Unknown,2,18-30,18-30,Driving Carelessly,Raining,Wet Or Damp,Darkness - Lights Lit,0,0,3,Serious
KAG_002619,Kaggle_road_csv,0,,Tuesday,Unknown,Truck,Unknown,6,Unknown,Over 51,No Distancing,Normal,Dry,Daylight,0,0,1,Minor
KAG_002620,Kaggle_road_csv,0,,Tuesday,Unknown,Truck,Unknown,6,Unknown,31-50,Changing Lane To The Left,Normal,Dry,Daylight,0,0,1,Minor
KAG_002621,Kaggle_road_csv,0,,Tuesday,Unknown,Truck,Unknown,2,18-30,Unknown,Moving Backward,Raining,Wet Or Damp,Darkness - No Lighting,0,0,1,Minor
KAG_002622,Kaggle_road_csv,0,,Tuesday,Unknown,Truck,Unknown,2,31-50,18-30,Driving To The Left,Normal,Wet Or Damp,Darkness - Lights Lit,0,0,2,Minor
KAG_002623,Kaggle_road_csv,0,,Thursday,Unknown,Truck,Unknown,2,31-50,Unknown,Driving At High Speed,Raining,Wet Or Damp,Daylight,0,0,3,Minor
KAG_002624,Kaggle_road_csv,0,,Thursday,Unknown,Truck,Unknown,2,18-30,31-50,Turnover,Normal,Dry,Daylight,0,0,1,Minor
KAG_002625,Kaggle_road_csv,0,,Monday,Unknown,Truck,Unknown,2,18-30,31-50,No Distancing,Normal,Wet Or Damp,Darkness - Lights Lit,0,0,1,Minor
KAG_002626,Kaggle_road_csv,0,,Friday,Unknown,Truck,Unknown,2,18-30,Under 18,No Distancing,Raining,Wet Or Damp,Darkness - Lights Lit,0,0,2,Minor
KAG_002627,Kaggle_road_csv,0,,Saturday,Unknown,Truck,Unknown,2,Over 51,Unknown,No Priority To Vehicle,Raining,Wet Or Damp,Darkness - Lights Lit,0,0,2,Minor
KAG_002628,Kaggle_road_csv,0,,Saturday,Unknown,Truck,Unknown,2,Over 51,18-30,Moving Backward,Raining,Wet Or Damp,Darkness - Lights Lit,0,0,2,Minor
KAG_002629,Kaggle_road_csv,0,,Tuesday,Unknown,Truck,Unknown,2,18-30,Over 51,Driving Under The Influence Of Drugs,Normal,Dry,Darkness - Lights Lit,0,0,1,Minor
KAG_002630,Kaggle_road_csv,0,,Sunday,Unknown,Truck,Unknown,2,Under 18,Unknown,Overspeed,Normal,Wet Or Damp,Darkness - Lights Lit,0,0,2,Serious
KAG_002631,Kaggle_road_csv,0,,Monday,Unknown,Truck,Unknown,3,31-50,31-50,Changing Lane To The Right,Normal,Dry,Daylight,0,0,1,Minor
KAG_002632,Kaggle_road_csv,0,,Thursday,Unknown,Truck,Unknown,2,18-30,Unknown,Changing Lane To The Right,Other,Wet Or Damp,Daylight,0,0,1,Minor
KAG_002633,Kaggle_road_csv,0,,Saturday,Unknown,Truck,Unknown,1,18-30,18-30,Moving Backward,Normal,Dry,Daylight,0,0,1,Minor
KAG_002634,Kaggle_road_csv,0,,Thursday,Unknown,Truck,Unknown,4,18-30,18-30,No Distancing,Normal,Wet Or Damp,Darkness - Lights Lit,0,0,2,Minor
KAG_002635,Kaggle_road_csv,0,,Monday,Unknown,Truck,Unknown,4,18-30,Under 18,No Distancing,Normal,Dry,Daylight,0,0,1,Minor
KAG_002636,Kaggle_road_csv,0,,Saturday,Unknown,Truck,Unknown,3,31-50,18-30,No Distancing,Snow,Snow,Daylight,0,0,2,Minor
KAG_002637,Kaggle_road_csv,0,,Saturday,Unknown,Truck,Unknown,3,Over 51,Unknown,Drunk Driving,Snow,Snow,Daylight,0,0,2,Minor
KAG_002638,Kaggle_road_csv,0,,Saturday,Unknown,Truck,Unknown,3,Over 51,Unknown,Moving Backward,Snow,Snow,Daylight,0,0,2,Minor
KAG_002639,Kaggle_road_csv,0,,Saturday,Unknown,Truck,Unknown,3,18-30,Over 51,Changing Lane To The Left,Snow,Snow,Daylight,0,0,2,Minor
KAG_002640,Kaggle_road_csv,0,,Wednesday,Unknown,Truck,Unknown,4,Unknown,31-50,No Distancing,Normal,Snow,Daylight,0,0,2,Minor
KAG_002641,Kaggle_road_csv,0,,Sunday,Unknown,Truck,Unknown,2,18-30,31-50,Driving Carelessly,Snow,Wet Or Damp,Daylight,0,0,1,Minor
KAG_002642,Kaggle_road_csv,0,,Friday,Unknown,Truck,Unknown,2,18-30,Over 51,Changing Lane To The Right,Normal,Dry,Darkness - Lights Lit,0,0,1,Minor
KAG_002643,Kaggle_road_csv,0,,Sunday,Unknown,Truck,Unknown,2,Unknown,Unknown,Changing Lane To The Right,Normal,Dry,Darkness - Lights Lit,0,0,1,Serious
KAG_002644,Kaggle_road_csv,0,,Sunday,Unknown,Truck,Unknown,2,18-30,Over 51,Driving Carelessly,Normal,Dry,Darkness - Lights Lit,0,0,1,Serious
KAG_002645,Kaggle_road_csv,0,,Thursday,Unknown,Truck,Unknown,2,18-30,18-30,Driving Carelessly,Normal,Wet Or Damp,Darkness - Lights Lit,0,0,2,Minor
KAG_002646,Kaggle_road_csv,0,,Monday,Unknown,Truck,Unknown,2,18-30,18-30,Moving Backward,Normal,Dry,Darkness - No Lighting,0,0,2,Minor
KAG_002647,Kaggle_road_csv,0,,Monday,Unknown,Truck,Unknown,2,18-30,Under 18,Changing Lane To The Right,Normal,Dry,Darkness - No Lighting,0,0,2,Minor
KAG_002648,Kaggle_road_csv,0,,Sunday,Unknown,Truck,Unknown,2,31-50,31-50,No Distancing,Raining,Wet Or Damp,Daylight,0,0,2,Minor
KAG_002649,Kaggle_road_csv,0,,Tuesday,Unknown,Truck,Unknown,2,31-50,Unknown,No Priority To Vehicle,Normal,Dry,Daylight,0,0,1,Minor
KAG_002650,Kaggle_road_csv,0,,Saturday,Unknown,Truck,Unknown,2,31-50,18-30,Driving Carelessly,Normal,Dry,Darkness - Lights Lit,0,0,1,Minor
KAG_002651,Kaggle_road_csv,0,,Friday,Unknown,Truck,Unknown,2,18-30,Unknown,No Distancing,Normal,Dry,Daylight,0,0,1,Minor
KAG_002652,Kaggle_road_csv,0,,Saturday,Unknown,Truck,Unknown,2,18-30,31-50,Driving Carelessly,Normal,Dry,Daylight,0,0,1,Minor
KAG_002653,Kaggle_road_csv,0,,Saturday,Unknown,Truck,Unknown,2,31-50,Over 51,No Distancing,Normal,Dry,Daylight,0,0,1,Minor
KAG_002654,Kaggle_road_csv,0,,Tuesday,Unknown,Truck,Unknown,1,18-30,Unknown,Driving Carelessly,Windy,Wet Or Damp,Darkness - Lights Lit,0,0,1,Serious
KAG_002655,Kaggle_road_csv,0,,Tuesday,Unknown,Truck,Unknown,2,Over 51,Unknown,No Priority To Vehicle,Normal,Dry,Daylight,0,0,1,Serious
KAG_002656,Kaggle_road_csv,0,,Saturday,Unknown,Truck,Unknown,2,31-50,31-50,Changing Lane To The Left,Normal,Dry,Daylight,0,0,2,Minor
KAG_002657,Kaggle_road_csv,0,,Monday,Unknown,Truck,Unknown,2,31-50,18-30,Moving Backward,Cloudy,Dry,Daylight,0,0,1,Minor
KAG_002658,Kaggle_road_csv,0,,Friday,Unknown,Truck,Unknown,2,31-50,31-50,Driving Under The Influence Of Drugs,Normal,Dry,Daylight,0,0,1,Minor
KAG_002659,Kaggle_road_csv,0,,Friday,Unknown,Truck,Unknown,2,18-30,18-30,Changing Lane To The Right,Normal,Dry,Daylight,0,0,1,Minor
KAG_002660,Kaggle_road_csv,0,,Friday,Unknown,Truck,Unknown,3,18-30,18-30,Moving Backward,Normal,Wet Or Damp,Daylight,0,0,1,Minor
KAG_002661,Kaggle_road_csv,0,,Friday,Unknown,Truck,Unknown,3,31-50,Unknown,No Distancing,Normal,Wet Or Damp,Daylight,0,0,1,Minor
KAG_002662,Kaggle_road_csv,0,,Friday,Unknown,Truck,Unknown,3,18-30,Unknown,No Distancing,Normal,Wet Or Damp,Daylight,0,0,1,Minor
KAG_002663,Kaggle_road_csv,0,,Sunday,Unknown,Truck,Unknown,1,Unknown,Unknown,Changing Lane To The Right,Normal,Dry,Darkness - Lights Lit,0,0,1,Minor
KAG_002664,Kaggle_road_csv,0,,Saturday,Unknown,Truck,Unknown,1,31-50,Over 51,Turnover,Normal,Dry,Daylight,0,0,1,Minor
KAG_002665,Kaggle_road_csv,0,,Sunday,Unknown,Truck,Unknown,3,18-30,31-50,Driving At High Speed,Normal,Dry,Daylight,0,0,2,Minor
KAG_002666,Kaggle_road_csv,0,,Friday,Unknown,Truck,Unknown,2,18-30,18-30,No Distancing,Normal,Dry,Darkness - Lights Lit,0,0,1,Minor
KAG_002667,Kaggle_road_csv,0,,Tuesday,Unknown,Truck,Unknown,1,18-30,Unknown,Overtaking,Normal,Dry,Daylight,0,0,1,Serious
KAG_002668,Kaggle_road_csv,0,,Wednesday,Unknown,Truck,Unknown,1,31-50,Unknown,No Priority To Vehicle,Normal,Dry,Darkness - Lights Lit,0,0,1,Minor
KAG_002669,Kaggle_road_csv,0,,Monday,Unknown,Truck,Unknown,3,31-50,18-30,Changing Lane To The Left,Normal,Dry,Daylight,0,0,1,Minor
KAG_002670,Kaggle_road_csv,0,,Monday,Unknown,Truck,Unknown,3,31-50,Unknown,No Distancing,Normal,Dry,Daylight,0,0,1,Minor
KAG_002671,Kaggle_road_csv,0,,Wednesday,Unknown,Truck,Unknown,1,Over 51,18-30,Changing Lane To The Left,Raining,Wet Or Damp,Darkness - Lights Lit,0,0,1,Fatal
KAG_002672,Kaggle_road_csv,0,,Tuesday,Unknown,Truck,Unknown,4,18-30,Unknown,Changing Lane To The Right,Normal,Wet Or Damp,Daylight,0,0,6,Serious
KAG_002673,Kaggle_road_csv,0,,Tuesday,Unknown,Truck,Unknown,4,Under 18,Unknown,Driving At High Speed,Normal,Wet Or Damp,Daylight,0,0,6,Serious
KAG_002674,Kaggle_road_csv,0,,Tuesday,Unknown,Truck,Unknown,4,31-50,Unknown,Changing Lane To The Right,Normal,Wet Or Damp,Daylight,0,0,6,Serious
KAG_002675,Kaggle_road_csv,0,,Friday,Unknown,Truck,Unknown,3,18-30,Unknown,No Priority To Vehicle,Normal,Dry,Darkness - Lights Lit,0,0,5,Serious
KAG_002676,Kaggle_road_csv,0,,Monday,Unknown,Truck,Unknown,2,18-30,18-30,Driving Under The Influence Of Drugs,Normal,Dry,Daylight,0,0,1,Minor
KAG_002677,Kaggle_road_csv,0,,Wednesday,Unknown,Truck,Unknown,1,Over 51,18-30,No Distancing,Raining,Wet Or Damp,Daylight,0,0,1,Minor
KAG_002678,Kaggle_road_csv,0,,Monday,Unknown,Truck,Unknown,3,Over 51,Under 18,Changing Lane To The Right,Normal,Dry,Daylight,0,0,2,Minor
KAG_002679,Kaggle_road_csv,0,,Sunday,Unknown,Truck,Unknown,4,18-30,31-50,Moving Backward,Normal,Dry,Daylight,0,0,1,Minor
KAG_002680,Kaggle_road_csv,0,,Sunday,Unknown,Truck,Unknown,4,18-30,31-50,Changing Lane To The Right,Normal,Dry,Daylight,0,0,1,Minor
KAG_002681,Kaggle_road_csv,0,,Sunday,Unknown,Truck,Unknown,4,Unknown,31-50,Changing Lane To The Right,Normal,Dry,Daylight,0,0,1,Minor
KAG_002682,Kaggle_road_csv,0,,Sunday,Unknown,Truck,Unknown,2,18-30,Over 51,Moving Backward,Normal,Dry,Daylight,0,0,1,Serious
KAG_002683,Kaggle_road_csv,0,,Wednesday,Unknown,Truck,Unknown,3,31-50,18-30,Changing Lane To The Left,Raining,Wet Or Damp,Daylight,0,0,1,Minor
KAG_002684,Kaggle_road_csv,0,,Wednesday,Unknown,Truck,Unknown,2,18-30,18-30,Moving Backward,Normal,Dry,Daylight,0,0,2,Minor
KAG_002685,Kaggle_road_csv,0,,Wednesday,Unknown,Truck,Unknown,2,18-30,31-50,No Distancing,Normal,Dry,Daylight,0,0,2,Minor
KAG_002686,Kaggle_road_csv,0,,Friday,Unknown,Truck,Unknown,2,31-50,31-50,Changing Lane To The Right,Normal,Dry,Daylight,0,0,1,Serious
KAG_002687,Kaggle_road_csv,0,,Friday,Unknown,Truck,Unknown,2,31-50,Under 18,No Distancing,Normal,Dry,Daylight,0,0,1,Serious
KAG_002688,Kaggle_road_csv,0,,Saturday,Unknown,Truck,Unknown,2,Under 18,Under 18,Changing Lane To The Right,Normal,Dry,Darkness - Lights Lit,0,0,3,Minor
KAG_002689,Kaggle_road_csv,0,,Saturday,Unknown,Truck,Unknown,1,Under 18,Unknown,Driving Carelessly,Normal,Dry,Daylight,0,0,2,Serious
KAG_002690,Kaggle_road_csv,0,,Wednesday,Unknown,Truck,Unknown,2,Unknown,Over 51,Changing Lane To The Right,Normal,Dry,Daylight,0,0,1,Minor
KAG_002691,Kaggle_road_csv,0,,Wednesday,Unknown,Truck,Unknown,2,Over 51,Unknown,Changing Lane To The Left,Normal,Dry,Daylight,0,0,2,Minor
KAG_002692,Kaggle_road_csv,0,,Friday,Unknown,Truck,Unknown,2,Unknown,Unknown,Driving Carelessly,Normal,Dry,Daylight,0,0,1,Minor
KAG_002693,Kaggle_road_csv,0,,Wednesday,Unknown,Truck,Unknown,2,31-50,Unknown,No Distancing,Normal,Dry,Daylight,0,0,3,Minor
KAG_002694,Kaggle_road_csv,0,,Wednesday,Unknown,Truck,Unknown,2,18-30,18-30,Moving Backward,Normal,Dry,Daylight,0,0,3,Minor
KAG_002695,Kaggle_road_csv,0,,Friday,Unknown,Truck,Unknown,3,31-50,18-30,Driving Under The Influence Of Drugs,Normal,Dry,Daylight,0,0,4,Minor
KAG_002696,Kaggle_road_csv,0,,Friday,Unknown,Truck,Unknown,3,Under 18,Unknown,Changing Lane To The Right,Normal,Dry,Daylight,0,0,4,Minor
KAG_002697,Kaggle_road_csv,0,,Friday,Unknown,Truck,Unknown,2,Under 18,18-30,Driving Under The Influence Of Drugs,Normal,Dry,Daylight,0,0,1,Minor
KAG_002698,Kaggle_road_csv,0,,Tuesday,Unknown,Truck,Unknown,2,31-50,31-50,Changing Lane To The Left,Normal,Dry,Daylight,0,0,1,Minor
KAG_002699,Kaggle_road_csv,0,,Sunday,Unknown,Truck,Unknown,1,31-50,31-50,Moving Backward,Normal,Dry,Daylight,0,0,1,Minor
KAG_002700,Kaggle_road_csv,0,,Sunday,Unknown,Truck,Unknown,2,18-30,31-50,Moving Backward,Raining,Wet Or Damp,Daylight,0,0,4,Minor
KAG_002701,Kaggle_road_csv,0,,Tuesday,Unknown,Truck,Unknown,2,18-30,Unknown,Moving Backward,Normal,Dry,Daylight,0,0,2,Minor
KAG_002702,Kaggle_road_csv,0,,Tuesday,Unknown,Truck,Unknown,2,18-30,Over 51,Changing Lane To The Right,Raining,Wet Or Damp,Daylight,0,0,1,Minor
KAG_002703,Kaggle_road_csv,0,,Monday,Unknown,Truck,Unknown,2,Under 18,18-30,Moving Backward,Raining,Wet Or Damp,Daylight,0,0,1,Minor
KAG_002704,Kaggle_road_csv,0,,Monday,Unknown,Truck,Unknown,2,Unknown,Unknown,Getting Off The Vehicle Improperly,Raining,Wet Or Damp,Daylight,0,0,1,Minor
KAG_002705,Kaggle_road_csv,0,,Friday,Unknown,Truck,Unknown,2,31-50,Unknown,No Priority To Vehicle,Normal,Wet Or Damp,Daylight,0,0,3,Minor
KAG_002706,Kaggle_road_csv,0,,Monday,Unknown,Truck,Unknown,2,18-30,Under 18,No Priority To Pedestrian,Cloudy,Dry,Darkness - No Lighting,0,0,1,Minor
KAG_002707,Kaggle_road_csv,0,,Friday,Unknown,Truck,Unknown,2,18-30,Unknown,No Distancing,Raining,Wet Or Damp,Daylight,0,0,2,Minor
KAG_002708,Kaggle_road_csv,0,,Friday,Unknown,Truck,Unknown,2,Over 51,18-30,No Priority To Vehicle,Raining,Wet Or Damp,Daylight,0,0,2,Minor
KAG_002709,Kaggle_road_csv,0,,Monday,Unknown,Truck,Unknown,2,18-30,18-30,Other,Normal,Dry,Daylight,0,0,1,Minor
KAG_002710,Kaggle_road_csv,0,,Friday,Unknown,Truck,Unknown,3,Under 18,Under 18,Driving Carelessly,Normal,Dry,Daylight,0,0,1,Serious
KAG_002711,Kaggle_road_csv,0,,Friday,Unknown,Truck,Unknown,1,18-30,Unknown,No Priority To Pedestrian,Normal,Wet Or Damp,Daylight,0,0,2,Minor
KAG_002712,Kaggle_road_csv,0,,Monday,Unknown,Truck,Unknown,2,Over 51,Unknown,Overtaking,Normal,Dry,Daylight,0,0,1,Minor
KAG_002713,Kaggle_road_csv,0,,Monday,Unknown,Truck,Unknown,2,31-50,Unknown,Overloading,Normal,Dry,Daylight,0,0,1,Minor
KAG_002714,Kaggle_road_csv,0,,Sunday,Unknown,Truck,Unknown,2,31-50,Under 18,Other,Normal,Dry,Daylight,0,0,1,Minor
KAG_002715,Kaggle_road_csv,0,,Wednesday,Unknown,Truck,Unknown,2,31-50,Over 51,No Distancing,Raining,Wet Or Damp,Darkness - No Lighting,0,0,1,Minor
KAG_002716,Kaggle_road_csv,0,,Friday,Unknown,Truck,Unknown,3,18-30,Unknown,Changing Lane To The Right,Normal,Dry,Daylight,0,0,2,Minor
KAG_002717,Kaggle_road_csv,0,,Friday,Unknown,Truck,Unknown,3,18-30,Under 18,No Priority To Pedestrian,Normal,Dry,Daylight,0,0,2,Minor
KAG_002718,Kaggle_road_csv,0,,Saturday,Unknown,Truck,Unknown,2,18-30,31-50,Improper Parking,Normal,Dry,Daylight,0,0,1,Minor
KAG_002719,Kaggle_road_csv,0,,Friday,Unknown,Truck,Unknown,1,31-50,31-50,Changing Lane To The Left,Normal,Dry,Daylight,0,0,1,Serious
KAG_002720,Kaggle_road_csv,0,,Friday,Unknown,Truck,Unknown,2,31-50,18-30,Overspeed,Normal,Dry,Darkness - Lights Lit,0,0,1,Minor
KAG_002721,Kaggle_road_csv,0,,Sunday,Unknown,Truck,Unknown,2,18-30,18-30,Changing Lane To The Right,Normal,Dry,Darkness - Lights Lit,0,0,5,Minor
KAG_002722,Kaggle_road_csv,0,,Sunday,Unknown,Truck,Unknown,2,Under 18,Over 51,Changing Lane To The Left,Normal,Dry,Daylight,0,0,1,Minor
KAG_002723,Kaggle_road_csv,0,,Wednesday,Unknown,Truck,Unknown,2,31-50,Unknown,No Distancing,Raining,Wet Or Damp,Darkness - Lights Lit,0,0,1,Minor
KAG_002724,Kaggle_road_csv,0,,Tuesday,Unknown,Truck,Unknown,2,31-50,31-50,Changing Lane To The Right,Normal,Dry,Darkness - Lights Lit,0,0,1,Minor
KAG_002725,Kaggle_road_csv,0,,Sunday,Unknown,Truck,Unknown,2,31-50,Unknown,No Distancing,Normal,Dry,Daylight,0,0,1,Minor
KAG_002726,Kaggle_road_csv,0,,Sunday,Unknown,Truck,Unknown,2,31-50,Under 18,Changing Lane To The Right,Normal,Dry,Daylight,0,0,1,Minor
KAG_002727,Kaggle_road_csv,0,,Friday,Unknown,Truck,Unknown,2,18-30,Over 51,Other,Normal,Dry,Darkness - Lights Lit,0,0,1,Minor
KAG_002728,Kaggle_road_csv,0,,Friday,Unknown,Truck,Unknown,2,Under 18,Under 18,No Distancing,Normal,Dry,Darkness - Lights Lit,0,0,1,Minor
KAG_002729,Kaggle_road_csv,0,,Friday,Unknown,Truck,Unknown,3,18-30,18-30,Changing Lane To The Right,Raining,Wet Or Damp,Darkness - Lights Lit,0,0,1,Minor
KAG_002730,Kaggle_road_csv,0,,Monday,Unknown,Truck,Unknown,2,Over 51,31-50,Driving At High Speed,Normal,Wet Or Damp,Darkness - Lights Lit,0,0,2,Minor
KAG_002731,Kaggle_road_csv,0,,Sunday,Unknown,Truck,Unknown,2,31-50,18-30,Changing Lane To The Left,Normal,Wet Or Damp,Darkness - Lights Lit,0,0,5,Minor
KAG_002732,Kaggle_road_csv,0,,Thursday,Unknown,Truck,Unknown,2,Unknown,Unknown,No Priority To Pedestrian,Raining,Wet Or Damp,Darkness - Lights Lit,0,0,1,Minor
KAG_002733,Kaggle_road_csv,0,,Friday,Unknown,Truck,Unknown,2,Under 18,31-50,Driving Carelessly,Normal,Wet Or Damp,Darkness - Lights Lit,0,0,1,Minor
KAG_002734,Kaggle_road_csv,0,,Monday,Unknown,Truck,Unknown,2,Over 51,Unknown,Changing Lane To The Right,Normal,Dry,Daylight,0,0,2,Minor
KAG_002735,Kaggle_road_csv,0,,Wednesday,Unknown,Truck,Unknown,2,31-50,Unknown,Changing Lane To The Right,Normal,Wet Or Damp,Darkness - Lights Lit,0,0,1,Minor
KAG_002736,Kaggle_road_csv,0,,Wednesday,Unknown,Truck,Unknown,2,Under 18,Unknown,Moving Backward,Cloudy,Wet Or Damp,Darkness - Lights Lit,0,0,1,Minor
KAG_002737,Kaggle_road_csv,0,,Sunday,Unknown,Truck,Unknown,2,Unknown,18-30,Changing Lane To The Left,Normal,Dry,Darkness - Lights Lit,0,0,1,Minor
KAG_002738,Kaggle_road_csv,0,,Saturday,Unknown,Truck,Unknown,1,Over 51,Unknown,Driving Carelessly,Other,Wet Or Damp,Darkness - Lights Lit,0,0,1,Minor
KAG_002739,Kaggle_road_csv,0,,Wednesday,Unknown,Truck,Unknown,2,Under 18,18-30,No Distancing,Raining,Wet Or Damp,Darkness - Lights Lit,0,0,2,Minor
KAG_002740,Kaggle_road_csv,0,,Tuesday,Unknown,Truck,Unknown,1,31-50,Unknown,Overturning,Normal,Wet Or Damp,Darkness - Lights Lit,0,0,2,Minor
KAG_002741,Kaggle_road_csv,0,,Monday,Unknown,Truck,Unknown,2,18-30,18-30,No Priority To Pedestrian,Normal,Dry,Darkness - Lights Lit,0,0,1,Minor
KAG_002742,Kaggle_road_csv,0,,Friday,Unknown,Truck,Unknown,2,31-50,18-30,Other,Normal,Dry,Darkness - Lights Lit,0,0,2,Minor
KAG_002743,Kaggle_road_csv,0,,Saturday,Unknown,Truck,Unknown,3,Over 51,18-30,Other,Raining,Wet Or Damp,Darkness - Lights Lit,0,0,1,Minor
KAG_002744,Kaggle_road_csv,0,,Wednesday,Unknown,Truck,Unknown,2,18-30,31-50,No Distancing,Normal,Dry,Darkness - Lights Lit,0,0,2,Minor
KAG_002745,Kaggle_road_csv,0,,Friday,Unknown,Truck,Unknown,1,31-50,Unknown,Changing Lane To The Right,Normal,Dry,Darkness - Lights Lit,0,0,1,Minor
KAG_002746,Kaggle_road_csv,0,,Monday,Unknown,Truck,Unknown,2,Over 51,Unknown,No Priority To Vehicle,Raining,Wet Or Damp,Daylight,0,0,2,Minor
KAG_002747,Kaggle_road_csv,0,,Monday,Unknown,Truck,Unknown,2,31-50,31-50,Changing Lane To The Left,Raining,Wet Or Damp,Daylight,0,0,1,Minor
KAG_002748,Kaggle_road_csv,0,,Saturday,Unknown,Truck,Unknown,2,18-30,Over 51,Driving To The Left,Raining,Wet Or Damp,Darkness - Lights Lit,0,0,2,Minor
KAG_002749,Kaggle_road_csv,0,,Saturday,Unknown,Truck,Unknown,1,Over 51,31-50,Driving Carelessly,Raining,Wet Or Damp,Darkness - No Lighting,0,0,1,Serious
KAG_002750,Kaggle_road_csv,0,,Thursday,Unknown,Truck,Unknown,1,31-50,31-50,Driving Carelessly,Raining,Wet Or Damp,Darkness - Lights Lit,0,0,2,Serious
KAG_002751,Kaggle_road_csv,0,,Thursday,Unknown,Truck,Unknown,1,31-50,31-50,Changing Lane To The Right,Normal,Dry,Darkness - Lights Lit,0,0,1,Serious
KAG_002752,Kaggle_road_csv,0,,Tuesday,Unknown,Truck,Unknown,3,18-30,Unknown,Changing Lane To The Right,Normal,Dry,Daylight,0,0,3,Minor
KAG_002753,Kaggle_road_csv,0,,Tuesday,Unknown,Truck,Unknown,3,31-50,Under 18,Changing Lane To The Right,Normal,Dry,Daylight,0,0,3,Minor
KAG_002754,Kaggle_road_csv,0,,Wednesday,Unknown,Truck,Unknown,3,18-30,Over 51,Other,Normal,Dry,Daylight,0,0,1,Serious
KAG_002755,Kaggle_road_csv,0,,Friday,Unknown,Truck,Unknown,3,Over 51,31-50,No Priority To Vehicle,Windy,Wet Or Damp,Daylight,0,0,1,Minor
KAG_002756,Kaggle_road_csv,0,,Friday,Unknown,Truck,Unknown,3,31-50,Unknown,Other,Windy,Wet Or Damp,Daylight,0,0,1,Minor
KAG_002757,Kaggle_road_csv,0,,Thursday,Unknown,Truck,Unknown,2,31-50,Unknown,Driving At High Speed,Cloudy,Dry,Darkness - No Lighting,0,0,1,Minor
KAG_002758,Kaggle_road_csv,0,,Friday,Unknown,Truck,Unknown,2,Over 51,Unknown,Moving Backward,Normal,Wet Or Damp,Darkness - Lights Lit,0,0,2,Minor
KAG_002759,Kaggle_road_csv,0,,Friday,Unknown,Truck,Unknown,2,31-50,Under 18,No Distancing,Normal,Wet Or Damp,Darkness - Lights Lit,0,0,2,Minor
KAG_002760,Kaggle_road_csv,0,,Thursday,Unknown,Truck,Unknown,2,Over 51,31-50,No Distancing,Normal,Dry,Daylight,0,0,1,Minor
KAG_002761,Kaggle_road_csv,0,,Friday,Unknown,Truck,Unknown,2,31-50,Unknown,Moving Backward,Normal,Dry,Darkness - Lights Lit,0,0,1,Serious
KAG_002762,Kaggle_road_csv,0,,Friday,Unknown,Truck,Unknown,2,Unknown,18-30,No Priority To Pedestrian,Normal,Dry,Darkness - Lights Lit,0,0,1,Serious
KAG_002763,Kaggle_road_csv,0,,Monday,Unknown,Truck,Unknown,2,31-50,Unknown,Driving Carelessly,Normal,Wet Or Damp,Darkness - Lights Unlit,0,0,2,Minor
KAG_002764,Kaggle_road_csv,0,,Wednesday,Unknown,Truck,Unknown,2,31-50,18-30,Changing Lane To The Right,Windy,Wet Or Damp,Darkness - Lights Lit,0,0,1,Minor
KAG_002765,Kaggle_road_csv,0,,Thursday,Unknown,Truck,Unknown,2,Over 51,Unknown,No Distancing,Raining,Wet Or Damp,Darkness - Lights Lit,0,0,1,Serious
KAG_002766,Kaggle_road_csv,0,,Saturday,Unknown,Truck,Unknown,1,Unknown,18-30,Changing Lane To The Left,Normal,Dry,Darkness - Lights Lit,0,0,1,Minor
KAG_002767,Kaggle_road_csv,0,,Sunday,Unknown,Truck,Unknown,2,Over 51,18-30,No Distancing,Normal,Dry,Daylight,0,0,2,Minor
KAG_002768,Kaggle_road_csv,0,,Sunday,Unknown,Truck,Unknown,2,31-50,Unknown,Changing Lane To The Left,Normal,Dry,Daylight,0,0,2,Minor
KAG_002769,Kaggle_road_csv,0,,Friday,Unknown,Truck,Unknown,2,31-50,Unknown,No Priority To Pedestrian,Normal,Dry,Darkness - Lights Lit,0,0,1,Minor
KAG_002770,Kaggle_road_csv,0,,Friday,Unknown,Truck,Unknown,2,18-30,31-50,Changing Lane To The Left,Normal,Dry,Darkness - Lights Lit,0,0,1,Minor
KAG_002771,Kaggle_road_csv,0,,Thursday,Unknown,Truck,Unknown,2,18-30,18-30,Driving Carelessly,Normal,Wet Or Damp,Daylight,0,0,1,Minor
KAG_002772,Kaggle_road_csv,0,,Monday,Unknown,Truck,Unknown,1,18-30,31-50,Changing Lane To The Left,Normal,Wet Or Damp,Daylight,0,0,1,Serious
KAG_002773,Kaggle_road_csv,0,,Friday,Unknown,Truck,Unknown,2,31-50,Unknown,Moving Backward,Normal,Dry,Daylight,0,0,1,Serious
KAG_002774,Kaggle_road_csv,0,,Friday,Unknown,Truck,Unknown,4,Over 51,18-30,Moving Backward,Normal,Dry,Daylight,0,0,5,Minor
KAG_002775,Kaggle_road_csv,0,,Friday,Unknown,Truck,Unknown,1,18-30,31-50,Overturning,Normal,Dry,Daylight,0,0,1,Minor
KAG_002776,Kaggle_road_csv,0,,Friday,Unknown,Truck,Unknown,2,18-30,Unknown,No Distancing,Raining,Wet Or Damp,Daylight,0,0,1,Minor
KAG_002777,Kaggle_road_csv,0,,Saturday,Unknown,Truck,Unknown,2,18-30,Unknown,No Distancing,Normal,Dry,Darkness - Lights Lit,0,0,1,Minor
KAG_002778,Kaggle_road_csv,0,,Friday,Unknown,Truck,Unknown,2,Under 18,18-30,Changing Lane To The Left,Normal,Dry,Darkness - Lights Lit,0,0,1,Minor
KAG_002779,Kaggle_road_csv,0,,Friday,Unknown,Truck,Unknown,2,Under 18,Over 51,Changing Lane To The Right,Normal,Dry,Daylight,0,0,1,Minor
KAG_002780,Kaggle_road_csv,0,,Monday,Unknown,Truck,Unknown,3,31-50,Under 18,No Distancing,Normal,Dry,Darkness - Lights Lit,0,0,3,Minor
KAG_002781,Kaggle_road_csv,0,,Monday,Unknown,Truck,Unknown,3,31-50,18-30,Overtaking,Normal,Dry,Darkness - Lights Lit,0,0,3,Minor
KAG_002782,Kaggle_road_csv,0,,Tuesday,Unknown,Truck,Unknown,3,18-30,Unknown,Other,Normal,Dry,Darkness - Lights Lit,0,0,3,Minor
KAG_002783,Kaggle_road_csv,0,,Sunday,Unknown,Truck,Unknown,2,31-50,Unknown,No Priority To Vehicle,Cloudy,Dry,Daylight,0,0,1,Minor
KAG_002784,Kaggle_road_csv,0,,Wednesday,Unknown,Truck,Unknown,2,31-50,Under 18,Driving Carelessly,Normal,Dry,Darkness - Lights Lit,0,0,1,Minor
KAG_002785,Kaggle_road_csv,0,,Thursday,Unknown,Truck,Unknown,3,18-30,31-50,Changing Lane To The Left,Normal,Dry,Daylight,0,0,1,Minor
KAG_002786,Kaggle_road_csv,0,,Wednesday,Unknown,Truck,Unknown,2,18-30,31-50,Moving Backward,Normal,Dry,Daylight,0,0,1,Minor
KAG_002787,Kaggle_road_csv,0,,Friday,Unknown,Truck,Unknown,2,31-50,Under 18,Driving Carelessly,Normal,Dry,Daylight,0,0,1,Minor
KAG_002788,Kaggle_road_csv,0,,Friday,Unknown,Truck,Unknown,2,31-50,18-30,Driving Under The Influence Of Drugs,Normal,Dry,Daylight,0,0,1,Minor
KAG_002789,Kaggle_road_csv,0,,Tuesday,Unknown,Truck,Unknown,1,Unknown,Unknown,No Priority To Pedestrian,Raining,Wet Or Damp,Daylight,0,0,1,Serious
KAG_002790,Kaggle_road_csv,0,,Wednesday,Unknown,Truck,Unknown,2,31-50,18-30,Changing Lane To The Left,Raining,Wet Or Damp,Daylight,0,0,1,Minor
KAG_002791,Kaggle_road_csv,0,,Friday,Unknown,Truck,Unknown,2,18-30,18-30,Moving Backward,Normal,Wet Or Damp,Daylight,0,0,1,Minor
KAG_002792,Kaggle_road_csv,0,,Tuesday,Unknown,Truck,Unknown,1,18-30,18-30,Overtaking,Normal,Dry,Daylight,0,0,1,Serious
KAG_002793,Kaggle_road_csv,0,,Thursday,Unknown,Truck,Unknown,2,18-30,18-30,Changing Lane To The Left,Normal,Dry,Daylight,0,0,1,Serious
KAG_002794,Kaggle_road_csv,0,,Monday,Unknown,Truck,Unknown,3,18-30,Unknown,Overturning,Normal,Dry,Daylight,0,0,1,Minor
KAG_002795,Kaggle_road_csv,0,,Sunday,Unknown,Truck,Unknown,3,18-30,Unknown,No Distancing,Normal,Dry,Daylight,0,0,1,Minor
KAG_002796,Kaggle_road_csv,0,,Friday,Unknown,Truck,Unknown,3,Under 18,31-50,Overtaking,Normal,Dry,Daylight,0,0,3,Minor
KAG_002797,Kaggle_road_csv,0,,Thursday,Unknown,Truck,Unknown,2,18-30,31-50,Driving Carelessly,Normal,Dry,Daylight,0,0,1,Minor
KAG_002798,Kaggle_road_csv,0,,Wednesday,Unknown,Truck,Unknown,2,18-30,Unknown,Moving Backward,Normal,Dry,Daylight,0,0,1,Minor
KAG_002799,Kaggle_road_csv,0,,Friday,Unknown,Truck,Unknown,2,31-50,31-50,Changing Lane To The Right,Normal,Dry,Daylight,0,0,1,Minor
KAG_002800,Kaggle_road_csv,0,,Saturday,Unknown,Truck,Unknown,1,Over 51,31-50,Changing Lane To The Right,Normal,Dry,Daylight,0,0,1,Serious
KAG_002801,Kaggle_road_csv,0,,Thursday,Unknown,Truck,Unknown,3,31-50,31-50,Changing Lane To The Left,Normal,Dry,Daylight,0,0,1,Minor
KAG_002802,Kaggle_road_csv,0,,Friday,Unknown,Truck,Unknown,3,31-50,18-30,No Distancing,Normal,Dry,Daylight,0,0,1,Minor
KAG_002803,Kaggle_road_csv,0,,Sunday,Unknown,Truck,Unknown,2,Over 51,18-30,Driving Carelessly,Normal,Dry,Daylight,0,0,1,Minor
KAG_002804,Kaggle_road_csv,0,,Monday,Unknown,Truck,Unknown,2,18-30,Unknown,Changing Lane To The Left,Normal,Dry,Daylight,0,0,1,Minor
KAG_002805,Kaggle_road_csv,0,,Thursday,Unknown,Truck,Unknown,3,18-30,Unknown,Driving Carelessly,Normal,Dry,Daylight,0,0,1,Minor
KAG_002806,Kaggle_road_csv,0,,Saturday,Unknown,Truck,Unknown,2,31-50,18-30,No Priority To Vehicle,Normal,Dry,Daylight,0,0,1,Minor
KAG_002807,Kaggle_road_csv,0,,Saturday,Unknown,Truck,Unknown,2,18-30,18-30,Driving Carelessly,Normal,Dry,Daylight,0,0,2,Minor
KAG_002808,Kaggle_road_csv,0,,Friday,Unknown,Truck,Unknown,2,31-50,Under 18,No Priority To Vehicle,Raining,Wet Or Damp,Daylight,0,0,4,Fatal
KAG_002809,Kaggle_road_csv,0,,Sunday,Unknown,Truck,Unknown,2,Over 51,Over 51,Moving Backward,Raining,Wet Or Damp,Daylight,0,0,4,Fatal
KAG_002810,Kaggle_road_csv,0,,Wednesday,Unknown,Truck,Unknown,2,Over 51,Unknown,No Priority To Vehicle,Other,Wet Or Damp,Darkness - Lights Lit,0,0,1,Minor
KAG_002811,Kaggle_road_csv,0,,Wednesday,Unknown,Truck,Unknown,2,18-30,Unknown,No Distancing,Normal,Dry,Daylight,0,0,1,Minor
KAG_002812,Kaggle_road_csv,0,,Friday,Unknown,Truck,Unknown,3,18-30,18-30,Changing Lane To The Left,Normal,Dry,Daylight,0,0,1,Minor
KAG_002813,Kaggle_road_csv,0,,Friday,Unknown,Truck,Unknown,2,Over 51,Under 18,Driving Carelessly,Normal,Dry,Daylight,0,0,1,Minor
KAG_002814,Kaggle_road_csv,0,,Friday,Unknown,Truck,Unknown,1,31-50,Unknown,Driving Under The Influence Of Drugs,Normal,Dry,Daylight,0,0,1,Minor
KAG_002815,Kaggle_road_csv,0,,Friday,Unknown,Truck,Unknown,1,18-30,Unknown,Overtaking,Normal,Dry,Daylight,0,0,1,Minor
KAG_002816,Kaggle_road_csv,0,,Tuesday,Unknown,Truck,Unknown,1,18-30,18-30,No Priority To Vehicle,Normal,Dry,Daylight,0,0,1,Minor
KAG_002817,Kaggle_road_csv,0,,Wednesday,Unknown,Truck,Unknown,2,31-50,Under 18,No Priority To Vehicle,Raining,Wet Or Damp,Daylight,0,0,4,Minor
KAG_002818,Kaggle_road_csv,0,,Wednesday,Unknown,Truck,Unknown,2,31-50,Unknown,No Priority To Vehicle,Raining,Wet Or Damp,Daylight,0,0,4,Minor
KAG_002819,Kaggle_road_csv,0,,Thursday,Unknown,Truck,Unknown,2,18-30,Unknown,No Distancing,Normal,Dry,Daylight,0,0,1,Minor
KAG_002820,Kaggle_road_csv,0,,Friday,Unknown,Truck,Unknown,2,31-50,Unknown,Changing Lane To The Left,Normal,Dry,Darkness - Lights Lit,0,0,1,Minor
KAG_002821,Kaggle_road_csv,0,,Thursday,Unknown,Truck,Unknown,2,31-50,31-50,Moving Backward,Normal,Wet Or Damp,Daylight,0,0,1,Minor
KAG_002822,Kaggle_road_csv,0,,Monday,Unknown,Truck,Unknown,2,31-50,18-30,Driving To The Left,Normal,Dry,Daylight,0,0,2,Minor
KAG_002823,Kaggle_road_csv,0,,Monday,Unknown,Truck,Unknown,2,Over 51,18-30,No Distancing,Normal,Dry,Daylight,0,0,1,Serious
KAG_002824,Kaggle_road_csv,0,,Monday,Unknown,Truck,Unknown,2,Over 51,Unknown,Driving To The Left,Normal,Dry,Daylight,0,0,1,Serious
KAG_002825,Kaggle_road_csv,0,,Wednesday,Unknown,Truck,Unknown,3,31-50,Unknown,Moving Backward,Raining,Wet Or Damp,Daylight,0,0,2,Serious
KAG_002826,Kaggle_road_csv,0,,Saturday,Unknown,Truck,Unknown,3,18-30,18-30,Moving Backward,Raining,Wet Or Damp,Daylight,0,0,2,Serious
KAG_002827,Kaggle_road_csv,0,,Saturday,Unknown,Truck,Unknown,1,18-30,18-30,Overtaking,Normal,Dry,Daylight,0,0,1,Serious
KAG_002828,Kaggle_road_csv,0,,Monday,Unknown,Truck,Unknown,2,18-30,Unknown,Driving Carelessly,Normal,Dry,Daylight,0,0,1,Minor
KAG_002829,Kaggle_road_csv,0,,Tuesday,Unknown,Truck,Unknown,1,Over 51,Unknown,Changing Lane To The Right,Normal,Dry,Darkness - Lights Lit,0,0,2,Minor
KAG_002830,Kaggle_road_csv,0,,Saturday,Unknown,Truck,Unknown,2,31-50,18-30,No Distancing,Normal,Dry,Daylight,0,0,1,Serious
KAG_002831,Kaggle_road_csv,0,,Monday,Unknown,Truck,Unknown,2,Over 51,Under 18,Changing Lane To The Right,Normal,Dry,Daylight,0,0,2,Minor
KAG_002832,Kaggle_road_csv,0,,Wednesday,Unknown,Truck,Unknown,2,31-50,Unknown,Driving Carelessly,Normal,Dry,Darkness - Lights Lit,0,0,3,Serious
KAG_002833,Kaggle_road_csv,0,,Tuesday,Unknown,Truck,Unknown,2,31-50,18-30,Changing Lane To The Right,Normal,Dry,Darkness - Lights Lit,0,0,3,Serious
KAG_002834,Kaggle_road_csv,0,,Friday,Unknown,Truck,Unknown,2,31-50,31-50,No Priority To Vehicle,Normal,Dry,Darkness - Lights Lit,0,0,1,Minor
KAG_002835,Kaggle_road_csv,0,,Sunday,Unknown,Truck,Unknown,2,18-30,31-50,No Priority To Vehicle,Normal,Dry,Daylight,0,0,1,Minor
KAG_002836,Kaggle_road_csv,0,,Friday,Unknown,Truck,Unknown,3,18-30,31-50,No Distancing,Normal,Dry,Daylight,0,0,1,Minor
KAG_002837,Kaggle_road_csv,0,,Tuesday,Unknown,Truck,Unknown,2,18-30,Over 51,Driving Under The Influence Of Drugs,Normal,Dry,Daylight,0,0,3,Minor
KAG_002838,Kaggle_road_csv,0,,Thursday,Unknown,Truck,Unknown,2,31-50,Under 18,Changing Lane To The Right,Normal,Dry,Daylight,0,0,3,Minor
KAG_002839,Kaggle_road_csv,0,,Tuesday,Unknown,Truck,Unknown,2,31-50,Unknown,Moving Backward,Normal,Dry,Daylight,0,0,1,Minor
KAG_002840,Kaggle_road_csv,0,,Sunday,Unknown,Truck,Unknown,2,18-30,Unknown,No Distancing,Raining,Wet Or Damp,Daylight,0,0,1,Minor
KAG_002841,Kaggle_road_csv,0,,Tuesday,Unknown,Truck,Unknown,2,Under 18,Unknown,Changing Lane To The Left,Raining,Wet Or Damp,Darkness - Lights Lit,0,0,1,Minor
KAG_002842,Kaggle_road_csv,0,,Tuesday,Unknown,Truck,Unknown,2,31-50,31-50,No Priority To Pedestrian,Raining,Wet Or Damp,Darkness - Lights Lit,0,0,1,Minor
KAG_002843,Kaggle_road_csv,0,,Tuesday,Unknown,Truck,Unknown,2,18-30,Unknown,No Distancing,Raining,Wet Or Damp,Daylight,0,0,2,Minor
KAG_002844,Kaggle_road_csv,0,,Saturday,Unknown,Truck,Unknown,2,18-30,Unknown,Overturning,Raining,Wet Or Damp,Daylight,0,0,2,Minor
KAG_002845,Kaggle_road_csv,0,,Friday,Unknown,Truck,Unknown,1,18-30,Unknown,Changing Lane To The Left,Normal,Dry,Daylight,0,0,1,Minor
KAG_002846,Kaggle_road_csv,0,,Thursday,Unknown,Truck,Unknown,2,31-50,Unknown,Changing Lane To The Right,Normal,Wet Or Damp,Darkness - Lights Lit,0,0,5,Minor
KAG_002847,Kaggle_road_csv,0,,Sunday,Unknown,Truck,Unknown,2,Unknown,Unknown,Changing Lane To The Right,Raining,Wet Or Damp,Darkness - Lights Lit,0,0,1,Minor
KAG_002848,Kaggle_road_csv,0,,Saturday,Unknown,Truck,Unknown,2,31-50,18-30,No Distancing,Unknown,Wet Or Damp,Darkness - Lights Lit,0,0,1,Minor
KAG_002849,Kaggle_road_csv,0,,Saturday,Unknown,Truck,Unknown,2,Under 18,Under 18,Driving Carelessly,Raining,Wet Or Damp,Darkness - Lights Unlit,0,0,1,Minor
KAG_002850,Kaggle_road_csv,0,,Monday,Unknown,Truck,Unknown,3,31-50,18-30,No Distancing,Normal,Wet Or Damp,Darkness - Lights Lit,0,0,1,Minor
KAG_002851,Kaggle_road_csv,0,,Saturday,Unknown,Truck,Unknown,1,18-30,Over 51,Changing Lane To The Right,Normal,Wet Or Damp,Darkness - Lights Lit,0,0,1,Minor
KAG_002852,Kaggle_road_csv,0,,Thursday,Unknown,Truck,Unknown,2,31-50,Over 51,Driving Under The Influence Of Drugs,Raining,Wet Or Damp,Daylight,0,0,2,Minor
KAG_002853,Kaggle_road_csv,0,,Wednesday,Unknown,Truck,Unknown,1,18-30,18-30,No Distancing,Normal,Dry,Darkness - Lights Lit,0,0,1,Fatal
KAG_002854,Kaggle_road_csv,0,,Friday,Unknown,Truck,Unknown,2,31-50,Unknown,Changing Lane To The Right,Raining,Wet Or Damp,Daylight,0,0,1,Minor
KAG_002855,Kaggle_road_csv,0,,Friday,Unknown,Truck,Unknown,2,31-50,18-30,Moving Backward,Other,Snow,Darkness - Lights Lit,0,0,1,Minor
KAG_002856,Kaggle_road_csv,0,,Thursday,Unknown,Truck,Unknown,2,31-50,Unknown,Driving Carelessly,Other,Snow,Darkness - Lights Lit,0,0,1,Minor
KAG_002857,Kaggle_road_csv,0,,Saturday,Unknown,Truck,Unknown,1,Under 18,Unknown,No Priority To Vehicle,Normal,Dry,Daylight,0,0,1,Serious
KAG_002858,Kaggle_road_csv,0,,Thursday,Unknown,Truck,Unknown,2,31-50,Unknown,Moving Backward,Normal,Wet Or Damp,Daylight,0,0,1,Minor
KAG_002859,Kaggle_road_csv,0,,Saturday,Unknown,Truck,Unknown,1,Under 18,31-50,Driving Carelessly,Normal,Wet Or Damp,Darkness - Lights Lit,0,0,1,Minor
KAG_002860,Kaggle_road_csv,0,,Wednesday,Unknown,Truck,Unknown,1,18-30,Unknown,No Distancing,Normal,Dry,Daylight,0,0,2,Minor
KAG_002861,Kaggle_road_csv,0,,Tuesday,Unknown,Truck,Unknown,1,Under 18,18-30,No Distancing,Unknown,Dry,Darkness - Lights Lit,0,0,2,Serious
KAG_002862,Kaggle_road_csv,0,,Monday,Unknown,Truck,Unknown,1,31-50,31-50,No Priority To Vehicle,Normal,Wet Or Damp,Daylight,0,0,1,Minor
KAG_002863,Kaggle_road_csv,0,,Wednesday,Unknown,Truck,Unknown,3,31-50,Unknown,No Priority To Vehicle,Normal,Dry,Daylight,0,0,1,Minor
KAG_002864,Kaggle_road_csv,0,,Wednesday,Unknown,Truck,Unknown,2,31-50,18-30,Moving Backward,Normal,Dry,Daylight,0,0,1,Minor
KAG_002865,Kaggle_road_csv,0,,Wednesday,Unknown,Truck,Unknown,2,18-30,18-30,Overtaking,Normal,Dry,Daylight,0,0,1,Minor
KAG_002866,Kaggle_road_csv,0,,Wednesday,Unknown,Truck,Unknown,4,18-30,Unknown,Changing Lane To The Right,Normal,Dry,Daylight,0,0,1,Minor
KAG_002867,Kaggle_road_csv,0,,Monday,Unknown,Truck,Unknown,2,31-50,Unknown,Moving Backward,Other,Dry,Daylight,0,0,1,Minor
KAG_002868,Kaggle_road_csv,0,,Friday,Unknown,Truck,Unknown,1,Under 18,31-50,Moving Backward,Normal,Dry,Darkness - Lights Lit,0,0,4,Fatal
KAG_002869,Kaggle_road_csv,0,,Friday,Unknown,Truck,Unknown,1,31-50,Over 51,Getting Off The Vehicle Improperly,Normal,Dry,Darkness - Lights Lit,0,0,4,Fatal
KAG_002870,Kaggle_road_csv,0,,Saturday,Unknown,Truck,Unknown,3,18-30,Unknown,No Priority To Vehicle,Normal,Dry,Daylight,0,0,1,Minor
KAG_002871,Kaggle_road_csv,0,,Sunday,Unknown,Truck,Unknown,2,31-50,Unknown,No Distancing,Normal,Dry,Daylight,0,0,1,Minor
KAG_002872,Kaggle_road_csv,0,,Friday,Unknown,Truck,Unknown,2,18-30,Unknown,Changing Lane To The Right,Normal,Dry,Daylight,0,0,1,Minor
KAG_002873,Kaggle_road_csv,0,,Tuesday,Unknown,Truck,Unknown,2,18-30,18-30,No Priority To Vehicle,Normal,Dry,Daylight,0,0,1,Minor
KAG_002874,Kaggle_road_csv,0,,Tuesday,Unknown,Truck,Unknown,2,31-50,31-50,No Priority To Pedestrian,Normal,Dry,Daylight,0,0,1,Minor
KAG_002875,Kaggle_road_csv,0,,Sunday,Unknown,Truck,Unknown,4,18-30,31-50,Other,Normal,Dry,Daylight,0,0,5,Minor
KAG_002876,Kaggle_road_csv,0,,Sunday,Unknown,Truck,Unknown,4,31-50,31-50,Driving To The Left,Normal,Dry,Daylight,0,0,5,Minor
KAG_002877,Kaggle_road_csv,0,,Monday,Unknown,Truck,Unknown,2,Unknown,18-30,No Priority To Pedestrian,Normal,Dry,Daylight,0,0,2,Serious
KAG_002878,Kaggle_road_csv,0,,Friday,Unknown,Truck,Unknown,2,18-30,Over 51,Driving Carelessly,Normal,Dry,Daylight,0,0,2,Serious
KAG_002879,Kaggle_road_csv,0,,Saturday,Unknown,Truck,Unknown,2,Over 51,Unknown,Changing Lane To The Left,Normal,Dry,Daylight,0,0,2,Minor
KAG_002880,Kaggle_road_csv,0,,Wednesday,Unknown,Truck,Unknown,2,31-50,31-50,No Priority To Vehicle,Normal,Dry,Daylight,0,0,2,Minor
KAG_002881,Kaggle_road_csv,0,,Wednesday,Unknown,Truck,Unknown,2,Over 51,Under 18,Changing Lane To The Right,Normal,Dry,Daylight,0,0,2,Minor
KAG_002882,Kaggle_road_csv,0,,Tuesday,Unknown,Truck,Unknown,2,Over 51,31-50,No Distancing,Normal,Dry,Daylight,0,0,1,Serious
KAG_002883,Kaggle_road_csv,0,,Thursday,Unknown,Truck,Unknown,2,Over 51,Unknown,No Distancing,Normal,Dry,Daylight,0,0,1,Minor
KAG_002884,Kaggle_road_csv,0,,Thursday,Unknown,Truck,Unknown,1,18-30,Unknown,Changing Lane To The Right,Raining,Wet Or Damp,Daylight,0,0,1,Minor
KAG_002885,Kaggle_road_csv,0,,Saturday,Unknown,Truck,Unknown,2,18-30,18-30,Changing Lane To The Right,Normal,Dry,Daylight,0,0,1,Minor
KAG_002886,Kaggle_road_csv,0,,Wednesday,Unknown,Truck,Unknown,2,Over 51,Unknown,No Distancing,Normal,Dry,Daylight,0,0,1,Minor
KAG_002887,Kaggle_road_csv,0,,Friday,Unknown,Truck,Unknown,2,31-50,18-30,Driving At High Speed,Normal,Dry,Daylight,0,0,1,Minor
KAG_002888,Kaggle_road_csv,0,,Friday,Unknown,Truck,Unknown,1,18-30,Unknown,No Priority To Vehicle,Normal,Dry,Daylight,0,0,1,Minor
KAG_002889,Kaggle_road_csv,0,,Friday,Unknown,Truck,Unknown,2,18-30,18-30,No Priority To Pedestrian,Normal,Dry,Daylight,0,0,1,Minor
KAG_002890,Kaggle_road_csv,0,,Friday,Unknown,Truck,Unknown,2,31-50,Unknown,Moving Backward,Normal,Dry,Daylight,0,0,3,Minor
KAG_002891,Kaggle_road_csv,0,,Saturday,Unknown,Truck,Unknown,3,18-30,Unknown,No Distancing,Normal,Dry,Daylight,0,0,3,Minor
KAG_002892,Kaggle_road_csv,0,,Wednesday,Unknown,Truck,Unknown,3,Under 18,Unknown,No Distancing,Normal,Dry,Daylight,0,0,3,Minor
KAG_002893,Kaggle_road_csv,0,,Wednesday,Unknown,Truck,Unknown,1,31-50,18-30,Changing Lane To The Right,Normal,Dry,Darkness - Lights Lit,0,0,1,Serious
KAG_002894,Kaggle_road_csv,0,,Tuesday,Unknown,Truck,Unknown,2,Over 51,18-30,Driving Carelessly,Normal,Dry,Daylight,0,0,1,Minor
KAG_002895,Kaggle_road_csv,0,,Friday,Unknown,Truck,Unknown,6,18-30,Unknown,Driving Carelessly,Normal,Dry,Daylight,0,0,2,Serious
KAG_002896,Kaggle_road_csv,0,,Friday,Unknown,Truck,Unknown,2,31-50,31-50,Changing Lane To The Right,Normal,Dry,Daylight,0,0,2,Minor
KAG_002897,Kaggle_road_csv,0,,Sunday,Unknown,Truck,Unknown,2,18-30,Unknown,Driving Carelessly,Normal,Dry,Daylight,0,0,2,Minor
KAG_002898,Kaggle_road_csv,0,,Sunday,Unknown,Truck,Unknown,1,18-30,31-50,Driving Carelessly,Normal,Dry,Daylight,0,0,1,Minor
KAG_002899,Kaggle_road_csv,0,,Sunday,Unknown,Truck,Unknown,2,Over 51,Unknown,Changing Lane To The Right,Normal,Dry,Daylight,0,0,1,Serious
KAG_002900,Kaggle_road_csv,0,,Tuesday,Unknown,Truck,Unknown,2,31-50,Under 18,Driving Carelessly,Normal,Dry,Daylight,0,0,1,Serious
KAG_002901,Kaggle_road_csv,0,,Sunday,Unknown,Truck,Unknown,2,31-50,Unknown,No Distancing,Normal,Dry,Daylight,0,0,1,Minor
KAG_002902,Kaggle_road_csv,0,,Sunday,Unknown,Truck,Unknown,1,31-50,31-50,Moving Backward,Normal,Dry,Daylight,0,0,1,Minor
KAG_002903,Kaggle_road_csv,0,,Friday,Unknown,Truck,Unknown,2,Unknown,31-50,Driving At High Speed,Normal,Dry,Daylight,0,0,1,Serious
KAG_002904,Kaggle_road_csv,0,,Friday,Unknown,Truck,Unknown,2,31-50,18-30,Changing Lane To The Right,Normal,Dry,Daylight,0,0,1,Minor
KAG_002905,Kaggle_road_csv,0,,Thursday,Unknown,Truck,Unknown,2,18-30,Unknown,No Priority To Pedestrian,Normal,Dry,Daylight,0,0,1,Minor
KAG_002906,Kaggle_road_csv,0,,Friday,Unknown,Truck,Unknown,2,18-30,Unknown,Driving Carelessly,Raining,Wet Or Damp,Daylight,0,0,2,Minor
KAG_002907,Kaggle_road_csv,0,,Thursday,Unknown,Truck,Unknown,3,Over 51,31-50,Changing Lane To The Left,Normal,Dry,Daylight,0,0,2,Minor
KAG_002908,Kaggle_road_csv,0,,Thursday,Unknown,Truck,Unknown,3,18-30,Unknown,No Priority To Vehicle,Normal,Dry,Daylight,0,0,2,Minor
KAG_002909,Kaggle_road_csv,0,,Wednesday,Unknown,Truck,Unknown,3,18-30,18-30,Changing Lane To The Right,Normal,Dry,Daylight,0,0,2,Minor
KAG_002910,Kaggle_road_csv,0,,Monday,Unknown,Truck,Unknown,2,18-30,31-50,Turnover,Raining,Wet Or Damp,Daylight,0,0,2,Minor
KAG_002911,Kaggle_road_csv,0,,Sunday,Unknown,Truck,Unknown,2,31-50,Unknown,No Distancing,Raining,Wet Or Damp,Daylight,0,0,2,Minor
KAG_002912,Kaggle_road_csv,0,,Sunday,Unknown,Truck,Unknown,1,Unknown,Unknown,No Distancing,Raining,Wet Or Damp,Daylight,0,0,2,Minor
KAG_002913,Kaggle_road_csv,0,,Tuesday,Unknown,Truck,Unknown,2,31-50,18-30,Changing Lane To The Left,Normal,Dry,Daylight,0,0,2,Minor
KAG_002914,Kaggle_road_csv,0,,Tuesday,Unknown,Truck,Unknown,2,31-50,18-30,No Distancing,Normal,Dry,Darkness - Lights Lit,0,0,1,Minor
KAG_002915,Kaggle_road_csv,0,,Monday,Unknown,Truck,Unknown,2,31-50,Unknown,Moving Backward,Normal,Dry,Darkness - Lights Lit,0,0,1,Minor
KAG_002916,Kaggle_road_csv,0,,Saturday,Unknown,Truck,Unknown,2,Over 51,Unknown,Driving Carelessly,Raining,Wet Or Damp,Daylight,0,0,4,Minor
KAG_002917,Kaggle_road_csv,0,,Wednesday,Unknown,Truck,Unknown,2,18-30,Under 18,No Priority To Vehicle,Normal,Dry,Daylight,0,0,1,Minor
KAG_002918,Kaggle_road_csv,0,,Monday,Unknown,Truck,Unknown,2,18-30,Unknown,No Priority To Pedestrian,Normal,Wet Or Damp,Daylight,0,0,1,Serious
KAG_002919,Kaggle_road_csv,0,,Friday,Unknown,Truck,Unknown,2,18-30,31-50,Changing Lane To The Right,Normal,Dry,Daylight,0,0,1,Minor
KAG_002920,Kaggle_road_csv,0,,Monday,Unknown,Truck,Unknown,2,31-50,Unknown,No Priority To Pedestrian,Normal,Dry,Daylight,0,0,1,Minor
KAG_002921,Kaggle_road_csv,0,,Thursday,Unknown,Truck,Unknown,1,31-50,Over 51,Changing Lane To The Left,Normal,Dry,Daylight,0,0,1,Serious
KAG_002922,Kaggle_road_csv,0,,Wednesday,Unknown,Truck,Unknown,6,18-30,Unknown,Driving Carelessly,Normal,Dry,Darkness - Lights Lit,0,0,2,Minor
KAG_002923,Kaggle_road_csv,0,,Wednesday,Unknown,Truck,Unknown,6,Over 51,Unknown,No Distancing,Normal,Dry,Darkness - Lights Lit,0,0,2,Minor
KAG_002924,Kaggle_road_csv,0,,Thursday,Unknown,Truck,Unknown,4,31-50,31-50,Changing Lane To The Right,Normal,Dry,Daylight,0,0,2,Minor
KAG_002925,Kaggle_road_csv,0,,Friday,Unknown,Truck,Unknown,4,31-50,Unknown,Changing Lane To The Right,Normal,Dry,Daylight,0,0,2,Minor
KAG_002926,Kaggle_road_csv,0,,Tuesday,Unknown,Truck,Unknown,2,Over 51,31-50,No Distancing,Normal,Dry,Daylight,0,0,1,Minor
KAG_002927,Kaggle_road_csv,0,,Tuesday,Unknown,Truck,Unknown,3,31-50,Unknown,Changing Lane To The Left,Normal,Dry,Daylight,0,0,2,Minor
KAG_002928,Kaggle_road_csv,0,,Monday,Unknown,Truck,Unknown,3,31-50,Unknown,No Distancing,Normal,Dry,Daylight,0,0,1,Minor
KAG_002929,Kaggle_road_csv,0,,Thursday,Unknown,Truck,Unknown,3,18-30,Under 18,No Distancing,Normal,Dry,Daylight,0,0,1,Minor
KAG_002930,Kaggle_road_csv,0,,Thursday,Unknown,Truck,Unknown,2,Over 51,Unknown,Changing Lane To The Left,Normal,Dry,Daylight,0,0,1,Minor
KAG_002931,Kaggle_road_csv,0,,Thursday,Unknown,Truck,Unknown,2,31-50,18-30,Moving Backward,Normal,Dry,Daylight,0,0,1,Minor
KAG_002932,Kaggle_road_csv,0,,Saturday,Unknown,Truck,Unknown,2,Over 51,Unknown,Driving Carelessly,Normal,Dry,Daylight,0,0,1,Serious
KAG_002933,Kaggle_road_csv,0,,Sunday,Unknown,Truck,Unknown,2,Over 51,Over 51,Changing Lane To The Left,Normal,Dry,Daylight,0,0,3,Minor
KAG_002934,Kaggle_road_csv,0,,Sunday,Unknown,Truck,Unknown,2,31-50,Over 51,No Priority To Vehicle,Normal,Dry,Daylight,0,0,3,Minor
KAG_002935,Kaggle_road_csv,0,,Sunday,Unknown,Truck,Unknown,1,31-50,18-30,Driving Carelessly,Normal,Dry,Daylight,0,0,1,Minor
KAG_002936,Kaggle_road_csv,0,,Friday,Unknown,Truck,Unknown,2,31-50,18-30,No Priority To Pedestrian,Normal,Dry,Daylight,0,0,1,Minor
KAG_002937,Kaggle_road_csv,0,,Monday,Unknown,Truck,Unknown,2,31-50,18-30,No Priority To Vehicle,Normal,Dry,Daylight,0,0,1,Minor
KAG_002938,Kaggle_road_csv,0,,Saturday,Unknown,Truck,Unknown,2,18-30,Unknown,No Distancing,Normal,Dry,Daylight,0,0,1,Minor
KAG_002939,Kaggle_road_csv,0,,Tuesday,Unknown,Truck,Unknown,2,18-30,18-30,Moving Backward,Normal,Dry,Daylight,0,0,1,Minor
KAG_002940,Kaggle_road_csv,0,,Saturday,Unknown,Truck,Unknown,2,31-50,Unknown,No Priority To Vehicle,Normal,Dry,Daylight,0,0,1,Minor
KAG_002941,Kaggle_road_csv,0,,Saturday,Unknown,Truck,Unknown,2,18-30,18-30,No Priority To Vehicle,Normal,Dry,Daylight,0,0,1,Minor
KAG_002942,Kaggle_road_csv,0,,Wednesday,Unknown,Truck,Unknown,2,18-30,Unknown,Moving Backward,Normal,Dry,Darkness - Lights Lit,0,0,1,Minor
KAG_002943,Kaggle_road_csv,0,,Friday,Unknown,Truck,Unknown,2,18-30,Under 18,No Priority To Vehicle,Normal,Wet Or Damp,Darkness - Lights Lit,0,0,1,Serious
KAG_002944,Kaggle_road_csv,0,,Friday,Unknown,Truck,Unknown,2,18-30,Under 18,Driving At High Speed,Normal,Wet Or Damp,Darkness - Lights Lit,0,0,1,Serious
KAG_002945,Kaggle_road_csv,0,,Sunday,Unknown,Truck,Unknown,2,31-50,18-30,No Distancing,Normal,Dry,Daylight,0,0,1,Serious
KAG_002946,Kaggle_road_csv,0,,Sunday,Unknown,Truck,Unknown,2,18-30,Under 18,Getting Off The Vehicle Improperly,Normal,Dry,Daylight,0,0,1,Fatal
KAG_002947,Kaggle_road_csv,0,,Saturday,Unknown,Truck,Unknown,2,31-50,31-50,Driving Under The Influence Of Drugs,Normal,Dry,Daylight,0,0,1,Minor
KAG_002948,Kaggle_road_csv,0,,Saturday,Unknown,Truck,Unknown,3,Under 18,Unknown,Driving Under The Influence Of Drugs,Normal,Dry,Daylight,0,0,1,Minor
KAG_002949,Kaggle_road_csv,0,,Tuesday,Unknown,Truck,Unknown,2,18-30,31-50,Moving Backward,Normal,Dry,Darkness - Lights Lit,0,0,1,Minor
KAG_002950,Kaggle_road_csv,0,,Sunday,Unknown,Truck,Unknown,1,31-50,Unknown,No Priority To Vehicle,Normal,Dry,Daylight,0,0,1,Minor
KAG_002951,Kaggle_road_csv,0,,Monday,Unknown,Truck,Unknown,1,Over 51,Unknown,Changing Lane To The Right,Normal,Dry,Darkness - No Lighting,0,0,4,Serious
KAG_002952,Kaggle_road_csv,0,,Sunday,Unknown,Truck,Unknown,1,31-50,31-50,Changing Lane To The Left,Normal,Dry,Darkness - No Lighting,0,0,4,Serious
KAG_002953,Kaggle_road_csv,0,,Sunday,Unknown,Truck,Unknown,3,Over 51,Unknown,Changing Lane To The Right,Normal,Dry,Darkness - Lights Unlit,0,0,1,Minor
KAG_002954,Kaggle_road_csv,0,,Tuesday,Unknown,Truck,Unknown,2,31-50,Unknown,No Priority To Vehicle,Normal,Dry,Daylight,0,0,1,Minor
KAG_002955,Kaggle_road_csv,0,,Wednesday,Unknown,Truck,Unknown,1,31-50,31-50,No Priority To Vehicle,Normal,Dry,Daylight,0,0,1,Minor
KAG_002956,Kaggle_road_csv,0,,Thursday,Unknown,Truck,Unknown,2,18-30,Unknown,Driving Under The Influence Of Drugs,Normal,Dry,Darkness - Lights Lit,0,0,3,Minor
KAG_002957,Kaggle_road_csv,0,,Wednesday,Unknown,Truck,Unknown,1,Over 51,31-50,No Priority To Vehicle,Normal,Dry,Daylight,0,0,1,Serious
KAG_002958,Kaggle_road_csv,0,,Thursday,Unknown,Truck,Unknown,1,31-50,18-30,No Distancing,Normal,Dry,Darkness - Lights Lit,0,0,3,Minor
KAG_002959,Kaggle_road_csv,0,,Thursday,Unknown,Truck,Unknown,1,18-30,31-50,Driving To The Left,Normal,Dry,Daylight,0,0,1,Minor
KAG_002960,Kaggle_road_csv,0,,Wednesday,Unknown,Truck,Unknown,2,31-50,31-50,Driving Carelessly,Raining,Wet Or Damp,Darkness - Lights Lit,0,0,1,Minor
KAG_002961,Kaggle_road_csv,0,,Friday,Unknown,Truck,Unknown,1,18-30,Unknown,Driving Under The Influence Of Drugs,Normal,Wet Or Damp,Darkness - Lights Lit,0,0,2,Serious
KAG_002962,Kaggle_road_csv,0,,Thursday,Unknown,Truck,Unknown,2,Under 18,18-30,Moving Backward,Normal,Dry,Darkness - Lights Lit,0,0,2,Minor
KAG_002963,Kaggle_road_csv,0,,Tuesday,Unknown,Truck,Unknown,2,18-30,Unknown,Changing Lane To The Left,Normal,Dry,Darkness - Lights Lit,0,0,2,Minor
KAG_002964,Kaggle_road_csv,0,,Saturday,Unknown,Truck,Unknown,2,Over 51,18-30,Changing Lane To The Left,Normal,Dry,Darkness - Lights Lit,0,0,2,Minor
KAG_002965,Kaggle_road_csv,0,,Saturday,Unknown,Truck,Unknown,2,31-50,18-30,No Priority To Pedestrian,Normal,Dry,Darkness - Lights Lit,0,0,2,Minor
KAG_002966,Kaggle_road_csv,0,,Thursday,Unknown,Truck,Unknown,2,18-30,31-50,Changing Lane To The Right,Raining,Wet Or Damp,Darkness - Lights Lit,0,0,1,Minor
KAG_002967,Kaggle_road_csv,0,,Thursday,Unknown,Truck,Unknown,2,31-50,31-50,Moving Backward,Normal,Dry,Darkness - Lights Lit,0,0,1,Minor
KAG_002968,Kaggle_road_csv,0,,Thursday,Unknown,Truck,Unknown,2,18-30,Unknown,Overloading,Normal,Dry,Daylight,0,0,2,Minor
KAG_002969,Kaggle_road_csv,0,,Monday,Unknown,Truck,Unknown,2,18-30,Unknown,Other,Normal,Wet Or Damp,Darkness - Lights Lit,0,0,1,Minor
KAG_002970,Kaggle_road_csv,0,,Thursday,Unknown,Truck,Unknown,2,31-50,18-30,Changing Lane To The Right,Raining,Wet Or Damp,Daylight,0,0,3,Minor
KAG_002971,Kaggle_road_csv,0,,Monday,Unknown,Truck,Unknown,2,18-30,18-30,No Priority To Vehicle,Raining,Wet Or Damp,Darkness - No Lighting,0,0,1,Minor
KAG_002972,Kaggle_road_csv,0,,Thursday,Unknown,Truck,Unknown,2,18-30,18-30,Driving Carelessly,Normal,Wet Or Damp,Daylight,0,0,1,Serious
KAG_002973,Kaggle_road_csv,0,,Wednesday,Unknown,Truck,Unknown,2,31-50,Unknown,Driving Carelessly,Normal,Dry,Daylight,0,0,1,Minor
KAG_002974,Kaggle_road_csv,0,,Friday,Unknown,Truck,Unknown,2,31-50,Over 51,Changing Lane To The Left,Normal,Dry,Daylight,0,0,1,Minor
KAG_002975,Kaggle_road_csv,0,,Saturday,Unknown,Truck,Unknown,2,Over 51,31-50,Changing Lane To The Right,Normal,Wet Or Damp,Darkness - Lights Lit,0,0,1,Minor
KAG_002976,Kaggle_road_csv,0,,Tuesday,Unknown,Truck,Unknown,2,18-30,Unknown,Driving At High Speed,Windy,Wet Or Damp,Darkness - Lights Lit,0,0,1,Minor
KAG_002977,Kaggle_road_csv,0,,Friday,Unknown,Truck,Unknown,2,31-50,18-30,Other,Raining,Wet Or Damp,Daylight,0,0,2,Minor
KAG_002978,Kaggle_road_csv,0,,Monday,Unknown,Truck,Unknown,1,18-30,18-30,No Distancing,Windy,Wet Or Damp,Darkness - Lights Lit,0,0,1,Minor
KAG_002979,Kaggle_road_csv,0,,Thursday,Unknown,Truck,Unknown,6,18-30,31-50,Driving To The Left,Normal,Dry,Daylight,0,0,1,Minor
KAG_002980,Kaggle_road_csv,0,,Thursday,Unknown,Truck,Unknown,2,31-50,31-50,Driving At High Speed,Raining,Wet Or Damp,Daylight,0,0,2,Minor
KAG_002981,Kaggle_road_csv,0,,Thursday,Unknown,Truck,Unknown,2,31-50,31-50,Changing Lane To The Right,Raining,Wet Or Damp,Darkness - No Lighting,0,0,1,Minor
KAG_002982,Kaggle_road_csv,0,,Monday,Unknown,Truck,Unknown,2,18-30,18-30,No Priority To Vehicle,Normal,Wet Or Damp,Darkness - Lights Lit,0,0,2,Minor
KAG_002983,Kaggle_road_csv,0,,Thursday,Unknown,Truck,Unknown,2,18-30,31-50,No Priority To Pedestrian,Normal,Wet Or Damp,Daylight,0,0,2,Minor
KAG_002984,Kaggle_road_csv,0,,Saturday,Unknown,Truck,Unknown,2,Over 51,31-50,Changing Lane To The Left,Raining,Wet Or Damp,Daylight,0,0,3,Minor
KAG_002985,Kaggle_road_csv,0,,Saturday,Unknown,Truck,Unknown,2,Over 51,18-30,Overturning,Raining,Wet Or Damp,Daylight,0,0,3,Minor
KAG_002986,Kaggle_road_csv,0,,Saturday,Unknown,Truck,Unknown,2,18-30,Unknown,Driving Carelessly,Raining,Wet Or Damp,Daylight,0,0,3,Minor
KAG_002987,Kaggle_road_csv,0,,Sunday,Unknown,Truck,Unknown,2,Over 51,31-50,No Distancing,Normal,Dry,Darkness - Lights Lit,0,0,3,Minor
KAG_002988,Kaggle_road_csv,0,,Sunday,Unknown,Truck,Unknown,2,Over 51,18-30,No Distancing,Normal,Dry,Darkness - Lights Lit,0,0,3,Minor
KAG_002989,Kaggle_road_csv,0,,Sunday,Unknown,Truck,Unknown,2,31-50,Unknown,No Distancing,Normal,Dry,Darkness - Lights Lit,0,0,3,Minor
KAG_002990,Kaggle_road_csv,0,,Friday,Unknown,Truck,Unknown,1,Over 51,31-50,Changing Lane To The Right,Normal,Dry,Darkness - Lights Lit,0,0,1,Minor
KAG_002991,Kaggle_road_csv,0,,Friday,Unknown,Truck,Unknown,2,18-30,18-30,No Priority To Pedestrian,Raining,Wet Or Damp,Darkness - Lights Lit,0,0,2,Minor
KAG_002992,Kaggle_road_csv,0,,Sunday,Unknown,Truck,Unknown,2,18-30,31-50,Other,Normal,Dry,Darkness - Lights Lit,0,0,1,Minor
KAG_002993,Kaggle_road_csv,0,,Wednesday,Unknown,Truck,Unknown,2,18-30,31-50,Moving Backward,Normal,Wet Or Damp,Darkness - No Lighting,0,0,2,Serious
KAG_002994,Kaggle_road_csv,0,,Wednesday,Unknown,Truck,Unknown,3,31-50,Unknown,No Distancing,Normal,Dry,Daylight,0,0,1,Minor
KAG_002995,Kaggle_road_csv,0,,Sunday,Unknown,Truck,Unknown,2,Unknown,Unknown,Driving Carelessly,Other,Wet Or Damp,Daylight,0,0,1,Minor
KAG_002996,Kaggle_road_csv,0,,Thursday,Unknown,Truck,Unknown,2,31-50,18-30,Changing Lane To The Right,Raining,Wet Or Damp,Darkness - Lights Lit,0,0,2,Minor
KAG_002997,Kaggle_road_csv,0,,Sunday,Unknown,Truck,Unknown,3,31-50,18-30,Driving Carelessly,Snow,Snow,Daylight,0,0,2,Minor
KAG_002998,Kaggle_road_csv,0,,Saturday,Unknown,Truck,Unknown,2,31-50,Unknown,Overtaking,Normal,Wet Or Damp,Darkness - Lights Lit,0,0,6,Minor
KAG_002999,Kaggle_road_csv,0,,Friday,Unknown,Truck,Unknown,2,18-30,18-30,Driving To The Left,Normal,Wet Or Damp,Darkness - Lights Lit,0,0,6,Minor
KAG_003000,Kaggle_road_csv,0,,Monday,Unknown,Truck,Unknown,2,18-30,31-50,Overtaking,Normal,Wet Or Damp,Darkness - Lights Lit,0,0,6,Minor
KAG_003001,Kaggle_road_csv,0,,Saturday,Unknown,Truck,Unknown,2,31-50,Under 18,Moving Backward,Cloudy,Wet Or Damp,Darkness - Lights Lit,0,0,2,Minor
KAG_003002,Kaggle_road_csv,0,,Saturday,Unknown,Truck,Unknown,2,18-30,18-30,Driving Carelessly,Normal,Dry,Daylight,0,0,1,Minor
KAG_003003,Kaggle_road_csv,0,,Monday,Unknown,Truck,Unknown,1,31-50,Unknown,No Distancing,Normal,Wet Or Damp,Darkness - Lights Lit,0,0,1,Minor
KAG_003004,Kaggle_road_csv,0,,Thursday,Unknown,Truck,Unknown,2,18-30,31-50,No Distancing,Windy,Wet Or Damp,Daylight,0,0,1,Minor
KAG_003005,Kaggle_road_csv,0,,Wednesday,Unknown,Truck,Unknown,2,18-30,Over 51,Moving Backward,Windy,Wet Or Damp,Daylight,0,0,1,Minor
KAG_003006,Kaggle_road_csv,0,,Friday,Unknown,Truck,Unknown,2,31-50,Unknown,Driving Carelessly,Normal,Wet Or Damp,Darkness - Lights Lit,0,0,2,Minor
KAG_003007,Kaggle_road_csv,0,,Sunday,Unknown,Truck,Unknown,3,Unknown,31-50,Changing Lane To The Left,Normal,Dry,Daylight,0,0,3,Minor
KAG_003008,Kaggle_road_csv,0,,Sunday,Unknown,Truck,Unknown,3,Over 51,18-30,No Priority To Vehicle,Normal,Dry,Daylight,0,0,3,Minor
KAG_003009,Kaggle_road_csv,0,,Sunday,Unknown,Truck,Unknown,3,18-30,18-30,Changing Lane To The Right,Normal,Dry,Daylight,0,0,3,Minor
KAG_003010,Kaggle_road_csv,0,,Tuesday,Unknown,Truck,Unknown,2,18-30,18-30,No Distancing,Normal,Dry,Daylight,0,0,1,Minor
KAG_003011,Kaggle_road_csv,0,,Sunday,Unknown,Truck,Unknown,3,18-30,Unknown,Changing Lane To The Left,Normal,Dry,Darkness - Lights Lit,0,0,3,Minor
KAG_003012,Kaggle_road_csv,0,,Monday,Unknown,Truck,Unknown,3,31-50,Unknown,Changing Lane To The Left,Unknown,Dry,Daylight,0,0,4,Serious
KAG_003013,Kaggle_road_csv,0,,Monday,Unknown,Truck,Unknown,3,Unknown,Under 18,No Distancing,Unknown,Dry,Daylight,0,0,4,Serious
KAG_003014,Kaggle_road_csv,0,,Tuesday,Unknown,Truck,Unknown,2,Under 18,Over 51,No Priority To Pedestrian,Normal,Wet Or Damp,Darkness - Lights Lit,0,0,1,Minor
KAG_003015,Kaggle_road_csv,0,,Tuesday,Unknown,Truck,Unknown,2,Under 18,Over 51,Changing Lane To The Left,Fog Or Mist,Wet Or Damp,Daylight,0,0,1,Minor
KAG_003016,Kaggle_road_csv,0,,Tuesday,Unknown,Truck,Unknown,2,31-50,Under 18,Driving Carelessly,Fog Or Mist,Wet Or Damp,Daylight,0,0,1,Minor
KAG_003017,Kaggle_road_csv,0,,Friday,Unknown,Truck,Unknown,2,Over 51,31-50,No Distancing,Normal,Dry,Daylight,0,0,1,Serious
KAG_003018,Kaggle_road_csv,0,,Friday,Unknown,Truck,Unknown,2,18-30,Unknown,No Priority To Vehicle,Normal,Dry,Daylight,0,0,2,Minor
KAG_003019,Kaggle_road_csv,0,,Saturday,Unknown,Truck,Unknown,3,Under 18,18-30,Getting Off The Vehicle Improperly,Normal,Wet Or Damp,Daylight,0,0,1,Minor
KAG_003020,Kaggle_road_csv,0,,Monday,Unknown,Truck,Unknown,1,Over 51,Over 51,No Distancing,Normal,Dry,Daylight,0,0,1,Minor
KAG_003021,Kaggle_road_csv,0,,Sunday,Unknown,Truck,Unknown,2,Unknown,18-30,No Distancing,Normal,Dry,Daylight,0,0,1,Minor
KAG_003022,Kaggle_road_csv,0,,Sunday,Unknown,Truck,Unknown,2,18-30,31-50,Changing Lane To The Left,Normal,Dry,Daylight,0,0,1,Minor
KAG_003023,Kaggle_road_csv,0,,Thursday,Unknown,Truck,Unknown,1,31-50,Unknown,Other,Normal,Dry,Darkness - Lights Lit,0,0,1,Minor
KAG_003024,Kaggle_road_csv,0,,Wednesday,Unknown,Truck,Unknown,1,18-30,18-30,No Priority To Vehicle,Raining,Wet Or Damp,Darkness - Lights Lit,0,0,1,Fatal
KAG_003025,Kaggle_road_csv,0,,Wednesday,Unknown,Truck,Unknown,4,18-30,Unknown,Changing Lane To The Left,Normal,Wet Or Damp,Daylight,0,0,6,Serious
KAG_003026,Kaggle_road_csv,0,,Friday,Unknown,Truck,Unknown,4,Over 51,Unknown,Overtaking,Normal,Wet Or Damp,Daylight,0,0,6,Serious
KAG_003027,Kaggle_road_csv,0,,Thursday,Unknown,Truck,Unknown,4,18-30,31-50,Changing Lane To The Left,Normal,Wet Or Damp,Daylight,0,0,6,Serious
KAG_003028,Kaggle_road_csv,0,,Friday,Unknown,Truck,Unknown,3,31-50,18-30,No Priority To Pedestrian,Normal,Dry,Darkness - Lights Lit,0,0,5,Serious
KAG_003029,Kaggle_road_csv,0,,Saturday,Unknown,Truck,Unknown,3,Under 18,18-30,Moving Backward,Normal,Dry,Darkness - Lights Lit,0,0,5,Serious
KAG_003030,Kaggle_road_csv,0,,Wednesday,Unknown,Truck,Unknown,3,18-30,Unknown,No Distancing,Normal,Dry,Darkness - Lights Lit,0,0,5,Serious
KAG_003031,Kaggle_road_csv,0,,Wednesday,Unknown,Truck,Unknown,2,Under 18,Unknown,Driving Carelessly,Normal,Dry,Daylight,0,0,1,Minor
KAG_003032,Kaggle_road_csv,0,,Tuesday,Unknown,Truck,Unknown,3,Over 51,Unknown,No Priority To Vehicle,Normal,Dry,Daylight,0,0,1,Minor
KAG_003033,Kaggle_road_csv,0,,Wednesday,Unknown,Truck,Unknown,2,31-50,Under 18,Changing Lane To The Left,Normal,Dry,Daylight,0,0,1,Minor
KAG_003034,Kaggle_road_csv,0,,Thursday,Unknown,Truck,Unknown,3,Under 18,Unknown,Changing Lane To The Right,Normal,Dry,Daylight,0,0,2,Minor
KAG_003035,Kaggle_road_csv,0,,Sunday,Unknown,Truck,Unknown,2,18-30,Unknown,No Distancing,Normal,Wet Or Damp,Daylight,0,0,3,Minor
KAG_003036,Kaggle_road_csv,0,,Monday,Unknown,Truck,Unknown,4,18-30,31-50,No Priority To Pedestrian,Normal,Dry,Daylight,0,0,1,Minor
KAG_003037,Kaggle_road_csv,0,,Monday,Unknown,Truck,Unknown,1,31-50,Unknown,No Priority To Vehicle,Normal,Dry,Daylight,0,0,1,Minor
KAG_003038,Kaggle_road_csv,0,,Monday,Unknown,Truck,Unknown,4,31-50,31-50,No Priority To Vehicle,Normal,Dry,Daylight,0,0,2,Minor
KAG_003039,Kaggle_road_csv,0,,Sunday,Unknown,Truck,Unknown,3,18-30,18-30,Getting Off The Vehicle Improperly,Raining,Wet Or Damp,Daylight,0,0,1,Minor
KAG_003040,Kaggle_road_csv,0,,Sunday,Unknown,Truck,Unknown,2,31-50,31-50,Changing Lane To The Left,Normal,Dry,Daylight,0,0,2,Minor
KAG_003041,Kaggle_road_csv,0,,Saturday,Unknown,Truck,Unknown,2,18-30,Unknown,Driving Under The Influence Of Drugs,Normal,Dry,Daylight,0,0,2,Minor
KAG_003042,Kaggle_road_csv,0,,Friday,Unknown,Truck,Unknown,2,Under 18,Unknown,Overturning,Normal,Dry,Daylight,0,0,1,Fatal
KAG_003043,Kaggle_road_csv,0,,Sunday,Unknown,Truck,Unknown,2,31-50,31-50,Moving Backward,Normal,Dry,Daylight,0,0,1,Serious
KAG_003044,Kaggle_road_csv,0,,Wednesday,Unknown,Truck,Unknown,2,31-50,Under 18,No Priority To Vehicle,Normal,Dry,Daylight,0,0,1,Serious
KAG_003045,Kaggle_road_csv,0,,Wednesday,Unknown,Truck,Unknown,2,31-50,Under 18,No Priority To Vehicle,Normal,Dry,Darkness - Lights Lit,0,0,3,Minor
KAG_003046,Kaggle_road_csv,0,,Wednesday,Unknown,Truck,Unknown,2,18-30,31-50,Changing Lane To The Right,Normal,Dry,Daylight,0,0,2,Fatal
KAG_003047,Kaggle_road_csv,0,,Tuesday,Unknown,Truck,Unknown,2,18-30,18-30,Changing Lane To The Left,Normal,Dry,Daylight,0,0,1,Minor
KAG_003048,Kaggle_road_csv,0,,Tuesday,Unknown,Truck,Unknown,1,31-50,Over 51,Moving Backward,Normal,Dry,Daylight,0,0,1,Minor
KAG_003049,Kaggle_road_csv,0,,Friday,Unknown,Truck,Unknown,2,18-30,Unknown,No Priority To Vehicle,Normal,Dry,Daylight,0,0,1,Minor
KAG_003050,Kaggle_road_csv,0,,Sunday,Unknown,Truck,Unknown,4,18-30,Unknown,Driving Under The Influence Of Drugs,Normal,Dry,Daylight,0,0,1,Minor
KAG_003051,Kaggle_road_csv,0,,Monday,Unknown,Truck,Unknown,4,18-30,18-30,Driving Carelessly,Normal,Dry,Daylight,0,0,1,Minor
KAG_003052,Kaggle_road_csv,0,,Monday,Unknown,Truck,Unknown,3,Over 51,18-30,No Priority To Vehicle,Normal,Dry,Daylight,0,0,4,Minor
KAG_003053,Kaggle_road_csv,0,,Friday,Unknown,Truck,Unknown,3,31-50,Unknown,No Priority To Vehicle,Normal,Dry,Daylight,0,0,4,Minor
KAG_003054,Kaggle_road_csv,0,,Friday,Unknown,Truck,Unknown,3,31-50,Under 18,No Priority To Vehicle,Normal,Dry,Daylight,0,0,4,Minor
KAG_003055,Kaggle_road_csv,0,,Saturday,Unknown,Truck,Unknown,3,Over 51,Over 51,Changing Lane To The Left,Normal,Dry,Daylight,0,0,4,Minor
KAG_003056,Kaggle_road_csv,0,,Thursday,Unknown,Truck,Unknown,2,Over 51,Unknown,No Priority To Vehicle,Normal,Dry,Daylight,0,0,1,Minor
KAG_003057,Kaggle_road_csv,0,,Thursday,Unknown,Truck,Unknown,2,18-30,Unknown,Driving Carelessly,Normal,Dry,Daylight,0,0,1,Minor
KAG_003058,Kaggle_road_csv,0,,Friday,Unknown,Truck,Unknown,2,31-50,Unknown,No Priority To Vehicle,Normal,Dry,Darkness - Lights Lit,0,0,1,Serious
KAG_003059,Kaggle_road_csv,0,,Saturday,Unknown,Truck,Unknown,2,18-30,18-30,Driving Carelessly,Normal,Dry,Daylight,0,0,2,Minor
KAG_003060,Kaggle_road_csv,0,,Sunday,Unknown,Truck,Unknown,2,31-50,18-30,Driving Carelessly,Normal,Dry,Daylight,0,0,2,Minor
KAG_003061,Kaggle_road_csv,0,,Friday,Unknown,Truck,Unknown,2,31-50,31-50,Driving Carelessly,Normal,Dry,Daylight,0,0,1,Minor
KAG_003062,Kaggle_road_csv,0,,Tuesday,Unknown,Truck,Unknown,2,Under 18,Over 51,No Priority To Vehicle,Raining,Wet Or Damp,Daylight,0,0,1,Minor
KAG_003063,Kaggle_road_csv,0,,Friday,Unknown,Truck,Unknown,3,18-30,Unknown,Moving Backward,Normal,Dry,Daylight,0,0,2,Minor
KAG_003064,Kaggle_road_csv,0,,Tuesday,Unknown,Truck,Unknown,1,31-50,Unknown,No Priority To Vehicle,Normal,Dry,Daylight,0,0,1,Minor
KAG_003065,Kaggle_road_csv,0,,Tuesday,Unknown,Truck,Unknown,2,Over 51,31-50,Changing Lane To The Right,Normal,Wet Or Damp,Daylight,0,0,3,Minor
KAG_003066,Kaggle_road_csv,0,,Saturday,Unknown,Truck,Unknown,2,18-30,Under 18,No Priority To Pedestrian,Cloudy,Dry,Darkness - No Lighting,0,0,1,Minor
KAG_003067,Kaggle_road_csv,0,,Friday,Unknown,Truck,Unknown,2,31-50,Under 18,Changing Lane To The Left,Cloudy,Dry,Darkness - No Lighting,0,0,1,Minor
KAG_003068,Kaggle_road_csv,0,,Sunday,Unknown,Truck,Unknown,1,Under 18,31-50,Driving Carelessly,Normal,Dry,Daylight,0,0,1,Fatal
KAG_003069,Kaggle_road_csv,0,,Friday,Unknown,Truck,Unknown,2,18-30,Unknown,Driving To The Left,Normal,Dry,Daylight,0,0,2,Minor
KAG_003070,Kaggle_road_csv,0,,Friday,Unknown,Truck,Unknown,2,18-30,31-50,Changing Lane To The Left,Normal,Dry,Daylight,0,0,2,Minor
KAG_003071,Kaggle_road_csv,0,,Wednesday,Unknown,Truck,Unknown,2,31-50,18-30,No Distancing,Normal,Dry,Daylight,0,0,1,Minor
KAG_003072,Kaggle_road_csv,0,,Thursday,Unknown,Truck,Unknown,2,31-50,Over 51,Overtaking,Normal,Dry,Darkness - Lights Lit,0,0,1,Fatal
KAG_003073,Kaggle_road_csv,0,,Friday,Unknown,Truck,Unknown,3,Under 18,Unknown,Changing Lane To The Right,Normal,Dry,Daylight,0,0,1,Serious
KAG_003074,Kaggle_road_csv,0,,Friday,Unknown,Truck,Unknown,2,Unknown,Unknown,No Distancing,Normal,Dry,Daylight,0,0,1,Minor
KAG_003075,Kaggle_road_csv,0,,Tuesday,Unknown,Truck,Unknown,1,18-30,Unknown,Moving Backward,Normal,Dry,Daylight,0,0,1,Minor
KAG_003076,Kaggle_road_csv,0,,Monday,Unknown,Truck,Unknown,1,18-30,Unknown,No Priority To Pedestrian,Normal,Wet Or Damp,Daylight,0,0,2,Minor
KAG_003077,Kaggle_road_csv,0,,Thursday,Unknown,Truck,Unknown,2,31-50,Unknown,No Priority To Vehicle,Normal,Dry,Daylight,0,0,1,Minor
KAG_003078,Kaggle_road_csv,0,,Monday,Unknown,Truck,Unknown,2,Over 51,31-50,No Distancing,Raining,Wet Or Damp,Darkness - No Lighting,0,0,1,Minor
KAG_003079,Kaggle_road_csv,0,,Monday,Unknown,Truck,Unknown,2,18-30,31-50,Changing Lane To The Left,Normal,Dry,Darkness - Lights Lit,0,0,5,Minor
KAG_003080,Kaggle_road_csv,0,,Wednesday,Unknown,Truck,Unknown,3,31-50,18-30,Overtaking,Normal,Dry,Daylight,0,0,1,Minor
KAG_003081,Kaggle_road_csv,0,,Tuesday,Unknown,Truck,Unknown,2,18-30,Unknown,No Distancing,Normal,Dry,Daylight,0,0,1,Minor
KAG_003082,Kaggle_road_csv,0,,Monday,Unknown,Truck,Unknown,2,18-30,Over 51,Changing Lane To The Right,Normal,Dry,Daylight,0,0,1,Minor
KAG_003083,Kaggle_road_csv,0,,Wednesday,Unknown,Truck,Unknown,2,Under 18,31-50,Driving Carelessly,Normal,Wet Or Damp,Darkness - Lights Lit,0,0,1,Serious
KAG_003084,Kaggle_road_csv,0,,Friday,Unknown,Truck,Unknown,2,31-50,Under 18,No Distancing,Normal,Dry,Daylight,0,0,1,Minor
KAG_003085,Kaggle_road_csv,0,,Friday,Unknown,Truck,Unknown,2,Over 51,18-30,No Priority To Vehicle,Normal,Wet Or Damp,Darkness - Lights Lit,0,0,3,Minor
KAG_003086,Kaggle_road_csv,0,,Wednesday,Unknown,Truck,Unknown,2,18-30,Over 51,No Priority To Pedestrian,Normal,Dry,Darkness - Lights Lit,0,0,1,Minor
KAG_003087,Kaggle_road_csv,0,,Saturday,Unknown,Truck,Unknown,1,Over 51,31-50,Driving Carelessly,Raining And Windy,Wet Or Damp,Daylight,0,0,1,Minor
KAG_003088,Kaggle_road_csv,0,,Thursday,Unknown,Truck,Unknown,3,18-30,Unknown,Changing Lane To The Right,Raining,Wet Or Damp,Darkness - Lights Lit,0,0,1,Minor
KAG_003089,Kaggle_road_csv,0,,Friday,Unknown,Truck,Unknown,2,31-50,Unknown,Changing Lane To The Left,Normal,Dry,Darkness - Lights Lit,0,0,1,Minor
KAG_003090,Kaggle_road_csv,0,,Thursday,Unknown,Truck,Unknown,2,31-50,31-50,No Distancing,Normal,Wet Or Damp,Darkness - Lights Lit,0,0,1,Minor
KAG_003091,Kaggle_road_csv,0,,Thursday,Unknown,Truck,Unknown,2,31-50,Unknown,No Distancing,Normal,Wet Or Damp,Darkness - Lights Lit,0,0,1,Minor
KAG_003092,Kaggle_road_csv,0,,Monday,Unknown,Truck,Unknown,2,Over 51,18-30,No Priority To Pedestrian,Normal,Wet Or Damp,Daylight,0,0,1,Serious
KAG_003093,Kaggle_road_csv,0,,Thursday,Unknown,Truck,Unknown,1,31-50,31-50,Changing Lane To The Right,Normal,Dry,Daylight,0,0,1,Serious
KAG_003094,Kaggle_road_csv,0,,Wednesday,Unknown,Truck,Unknown,2,18-30,31-50,No Priority To Pedestrian,Cloudy,Wet Or Damp,Darkness - Lights Lit,0,0,1,Minor
KAG_003095,Kaggle_road_csv,0,,Friday,Unknown,Truck,Unknown,1,Over 51,18-30,Other,Windy,Wet Or Damp,Darkness - Lights Lit,0,0,1,Minor
KAG_003096,Kaggle_road_csv,0,,Friday,Unknown,Truck,Unknown,2,31-50,31-50,Moving Backward,Raining,Wet Or Damp,Daylight,0,0,1,Minor
KAG_003097,Kaggle_road_csv,0,,Friday,Unknown,Truck,Unknown,2,Unknown,Under 18,Driving Carelessly,Normal,Dry,Darkness - Lights Lit,0,0,1,Minor
KAG_003098,Kaggle_road_csv,0,,Tuesday,Unknown,Truck,Unknown,3,18-30,Unknown,Changing Lane To The Right,Raining,Wet Or Damp,Darkness - Lights Lit,0,0,1,Minor
KAG_003099,Kaggle_road_csv,0,,Friday,Unknown,Truck,Unknown,2,18-30,18-30,Driving Carelessly,Normal,Dry,Darkness - Lights Lit,0,0,2,Minor
KAG_003100,Kaggle_road_csv,0,,Thursday,Unknown,Truck,Unknown,2,Over 51,31-50,Changing Lane To The Right,Raining,Wet Or Damp,Daylight,0,0,1,Minor
KAG_003101,Kaggle_road_csv,0,,Thursday,Unknown,Truck,Unknown,1,31-50,Unknown,Other,Raining,Wet Or Damp,Darkness - Lights Lit,0,0,1,Serious
KAG_003102,Kaggle_road_csv,0,,Saturday,Unknown,Truck,Unknown,2,31-50,18-30,Overtaking,Normal,Dry,Darkness - Lights Lit,0,0,2,Minor
KAG_003103,Kaggle_road_csv,0,,Saturday,Unknown,Truck,Unknown,1,18-30,Unknown,No Priority To Vehicle,Raining,Wet Or Damp,Darkness - Lights Lit,0,0,2,Serious
KAG_003104,Kaggle_road_csv,0,,Sunday,Unknown,Truck,Unknown,2,31-50,Unknown,Driving To The Left,Normal,Dry,Daylight,0,0,1,Minor
KAG_003105,Kaggle_road_csv,0,,Tuesday,Unknown,Truck,Unknown,2,31-50,31-50,Moving Backward,Normal,Dry,Daylight,0,0,1,Minor
KAG_003106,Kaggle_road_csv,0,,Wednesday,Unknown,Truck,Unknown,2,31-50,Under 18,No Distancing,Normal,Dry,Daylight,0,0,1,Minor
KAG_003107,Kaggle_road_csv,0,,Thursday,Unknown,Truck,Unknown,2,18-30,Unknown,Moving Backward,Normal,Dry,Daylight,0,0,1,Minor
KAG_003108,Kaggle_road_csv,0,,Thursday,Unknown,Truck,Unknown,3,31-50,Under 18,No Priority To Pedestrian,Normal,Wet Or Damp,Daylight,0,0,4,Minor
KAG_003109,Kaggle_road_csv,0,,Wednesday,Unknown,Truck,Unknown,2,Over 51,18-30,No Priority To Pedestrian,Cloudy,Dry,Darkness - No Lighting,0,0,1,Minor
KAG_003110,Kaggle_road_csv,0,,Wednesday,Unknown,Truck,Unknown,2,31-50,Unknown,Moving Backward,Cloudy,Dry,Darkness - No Lighting,0,0,1,Minor
KAG_003111,Kaggle_road_csv,0,,Saturday,Unknown,Truck,Unknown,2,18-30,Under 18,No Priority To Pedestrian,Normal,Wet Or Damp,Daylight,0,0,1,Minor
KAG_003112,Kaggle_road_csv,0,,Friday,Unknown,Truck,Unknown,1,18-30,Unknown,Changing Lane To The Right,Normal,Dry,Darkness - Lights Lit,0,0,1,Minor
KAG_003113,Kaggle_road_csv,0,,Friday,Unknown,Truck,Unknown,2,31-50,Unknown,No Distancing,Normal,Dry,Darkness - Lights Lit,0,0,1,Serious
KAG_003114,Kaggle_road_csv,0,,Saturday,Unknown,Truck,Unknown,2,18-30,Unknown,Changing Lane To The Right,Other,Wet Or Damp,Darkness - Lights Lit,0,0,3,Minor
KAG_003115,Kaggle_road_csv,0,,Wednesday,Unknown,Truck,Unknown,2,Over 51,Under 18,No Priority To Vehicle,Other,Wet Or Damp,Darkness - Lights Lit,0,0,3,Minor
KAG_003116,Kaggle_road_csv,0,,Wednesday,Unknown,Truck,Unknown,2,31-50,31-50,Changing Lane To The Left,Other,Wet Or Damp,Darkness - Lights Lit,0,0,3,Minor
KAG_003117,Kaggle_road_csv,0,,Saturday,Unknown,Truck,Unknown,1,31-50,Under 18,No Distancing,Raining,Wet Or Damp,Daylight,0,0,1,Minor
KAG_003118,Kaggle_road_csv,0,,Friday,Unknown,Truck,Unknown,2,31-50,Unknown,Changing Lane To The Left,Windy,Wet Or Damp,Darkness - Lights Lit,0,0,1,Minor
KAG_003119,Kaggle_road_csv,0,,Friday,Unknown,Truck,Unknown,1,18-30,Unknown,Changing Lane To The Left,Normal,Dry,Daylight,0,0,1,Fatal
KAG_003120,Kaggle_road_csv,0,,Friday,Unknown,Truck,Unknown,2,18-30,31-50,Moving Backward,Raining,Wet Or Damp,Darkness - Lights Lit,0,0,1,Serious
KAG_003121,Kaggle_road_csv,0,,Sunday,Unknown,Truck,Unknown,2,31-50,Under 18,Changing Lane To The Left,Normal,Dry,Daylight,0,0,3,Minor
KAG_003122,Kaggle_road_csv,0,,Saturday,Unknown,Truck,Unknown,2,Under 18,Under 18,Getting Off The Vehicle Improperly,Raining,Wet Or Damp,Darkness - Lights Lit,0,0,1,Minor
KAG_003123,Kaggle_road_csv,0,,Friday,Unknown,Truck,Unknown,2,Under 18,18-30,No Distancing,Normal,Dry,Daylight,0,0,2,Minor
KAG_003124,Kaggle_road_csv,0,,Friday,Unknown,Truck,Unknown,2,31-50,Unknown,Changing Lane To The Left,Normal,Dry,Daylight,0,0,2,Minor
KAG_003125,Kaggle_road_csv,0,,Monday,Unknown,Truck,Unknown,1,31-50,31-50,No Distancing,Normal,Dry,Daylight,0,0,1,Minor
KAG_003126,Kaggle_road_csv,0,,Monday,Unknown,Truck,Unknown,1,31-50,Unknown,No Priority To Pedestrian,Normal,Dry,Daylight,0,0,1,Minor
KAG_003127,Kaggle_road_csv,0,,Tuesday,Unknown,Truck,Unknown,3,18-30,18-30,No Priority To Vehicle,Normal,Dry,Daylight,0,0,1,Minor
KAG_003128,Kaggle_road_csv,0,,Sunday,Unknown,Truck,Unknown,2,31-50,18-30,Changing Lane To The Left,Normal,Wet Or Damp,Daylight,0,0,2,Serious
KAG_003129,Kaggle_road_csv,0,,Tuesday,Unknown,Truck,Unknown,2,18-30,Unknown,No Distancing,Other,Wet Or Damp,Darkness - Lights Lit,0,0,1,Minor
KAG_003130,Kaggle_road_csv,0,,Friday,Unknown,Truck,Unknown,1,31-50,31-50,Moving Backward,Normal,Wet Or Damp,Daylight,0,0,1,Serious
KAG_003131,Kaggle_road_csv,0,,Friday,Unknown,Truck,Unknown,2,31-50,Over 51,No Distancing,Normal,Dry,Daylight,0,0,1,Serious
KAG_003132,Kaggle_road_csv,0,,Friday,Unknown,Truck,Unknown,4,18-30,Unknown,Moving Backward,Normal,Dry,Daylight,0,0,5,Minor
KAG_003133,Kaggle_road_csv,0,,Tuesday,Unknown,Truck,Unknown,2,Unknown,18-30,No Priority To Pedestrian,Normal,Dry,Darkness - Lights Lit,0,0,1,Minor
KAG_003134,Kaggle_road_csv,0,,Thursday,Unknown,Truck,Unknown,2,Under 18,Unknown,No Priority To Vehicle,Normal,Dry,Daylight,0,0,1,Minor
KAG_003135,Kaggle_road_csv,0,,Thursday,Unknown,Truck,Unknown,2,18-30,Unknown,Changing Lane To The Left,Normal,Dry,Daylight,0,0,1,Minor
KAG_003136,Kaggle_road_csv,0,,Tuesday,Unknown,Truck,Unknown,3,18-30,18-30,Overtaking,Normal,Dry,Daylight,0,0,3,Serious
KAG_003137,Kaggle_road_csv,0,,Monday,Unknown,Truck,Unknown,3,18-30,Unknown,Moving Backward,Normal,Dry,Darkness - Lights Lit,0,0,3,Minor
KAG_003138,Kaggle_road_csv,0,,Monday,Unknown,Truck,Unknown,3,Over 51,Under 18,No Distancing,Normal,Dry,Darkness - Lights Lit,0,0,3,Minor
KAG_003139,Kaggle_road_csv,0,,Friday,Unknown,Truck,Unknown,3,Unknown,18-30,No Distancing,Normal,Dry,Darkness - Lights Lit,0,0,3,Minor
KAG_003140,Kaggle_road_csv,0,,Thursday,Unknown,Truck,Unknown,2,18-30,31-50,Driving Carelessly,Cloudy,Dry,Daylight,0,0,1,Minor
KAG_003141,Kaggle_road_csv,0,,Monday,Unknown,Truck,Unknown,2,18-30,Unknown,Driving Under The Influence Of Drugs,Cloudy,Dry,Daylight,0,0,1,Minor
KAG_003142,Kaggle_road_csv,0,,Monday,Unknown,Truck,Unknown,2,18-30,18-30,No Priority To Pedestrian,Normal,Dry,Daylight,0,0,2,Minor
KAG_003143,Kaggle_road_csv,0,,Friday,Unknown,Truck,Unknown,3,18-30,31-50,Moving Backward,Normal,Dry,Daylight,0,0,1,Minor
KAG_003144,Kaggle_road_csv,0,,Friday,Unknown,Truck,Unknown,2,31-50,Unknown,Driving Carelessly,Normal,Dry,Daylight,0,0,1,Minor
KAG_003145,Kaggle_road_csv,0,,Saturday,Unknown,Truck,Unknown,2,18-30,18-30,No Distancing,Normal,Dry,Daylight,0,0,1,Minor
KAG_003146,Kaggle_road_csv,0,,Tuesday,Unknown,Truck,Unknown,3,18-30,18-30,No Distancing,Normal,Dry,Daylight,0,0,2,Minor
KAG_003147,Kaggle_road_csv,0,,Sunday,Unknown,Truck,Unknown,2,Over 51,31-50,Changing Lane To The Left,Normal,Dry,Daylight,0,0,1,Serious
KAG_003148,Kaggle_road_csv,0,,Sunday,Unknown,Truck,Unknown,2,Under 18,18-30,Changing Lane To The Right,Normal,Wet Or Damp,Daylight,0,0,1,Minor
KAG_003149,Kaggle_road_csv,0,,Thursday,Unknown,Truck,Unknown,3,18-30,Over 51,Overturning,Normal,Wet Or Damp,Daylight,0,0,4,Minor
KAG_003150,Kaggle_road_csv,0,,Thursday,Unknown,Truck,Unknown,2,Over 51,Unknown,Changing Lane To The Left,Normal,Wet Or Damp,Daylight,0,0,1,Minor
KAG_003151,Kaggle_road_csv,0,,Saturday,Unknown,Truck,Unknown,2,Over 51,18-30,Changing Lane To The Right,Normal,Dry,Daylight,0,0,1,Serious
KAG_003152,Kaggle_road_csv,0,,Friday,Unknown,Truck,Unknown,3,31-50,Unknown,Moving Backward,Normal,Dry,Daylight,0,0,1,Minor
KAG_003153,Kaggle_road_csv,0,,Sunday,Unknown,Truck,Unknown,2,18-30,18-30,Changing Lane To The Right,Raining,Wet Or Damp,Daylight,0,0,2,Minor
KAG_003154,Kaggle_road_csv,0,,Sunday,Unknown,Truck,Unknown,2,31-50,Over 51,No Priority To Vehicle,Raining,Wet Or Damp,Daylight,0,0,2,Minor
KAG_003155,Kaggle_road_csv,0,,Friday,Unknown,Truck,Unknown,3,18-30,Unknown,Moving Backward,Normal,Dry,Daylight,0,0,3,Minor
KAG_003156,Kaggle_road_csv,0,,Thursday,Unknown,Truck,Unknown,2,Over 51,18-30,No Priority To Vehicle,Normal,Dry,Daylight,0,0,1,Minor
KAG_003157,Kaggle_road_csv,0,,Thursday,Unknown,Truck,Unknown,2,31-50,Over 51,Moving Backward,Normal,Dry,Daylight,0,0,1,Minor
KAG_003158,Kaggle_road_csv,0,,Sunday,Unknown,Truck,Unknown,2,31-50,Unknown,Getting Off The Vehicle Improperly,Normal,Dry,Daylight,0,0,1,Minor
KAG_003159,Kaggle_road_csv,0,,Sunday,Unknown,Truck,Unknown,2,18-30,31-50,Changing Lane To The Left,Normal,Dry,Daylight,0,0,1,Minor
KAG_003160,Kaggle_road_csv,0,,Sunday,Unknown,Truck,Unknown,3,Unknown,31-50,No Priority To Vehicle,Normal,Dry,Daylight,0,0,1,Minor
KAG_003161,Kaggle_road_csv,0,,Wednesday,Unknown,Truck,Unknown,2,31-50,18-30,Changing Lane To The Left,Normal,Dry,Daylight,0,0,1,Minor
KAG_003162,Kaggle_road_csv,0,,Thursday,Unknown,Truck,Unknown,2,18-30,Unknown,Moving Backward,Normal,Dry,Daylight,0,0,1,Minor
KAG_003163,Kaggle_road_csv,0,,Thursday,Unknown,Truck,Unknown,3,18-30,Under 18,Driving Carelessly,Normal,Dry,Daylight,0,0,1,Minor
KAG_003164,Kaggle_road_csv,0,,Tuesday,Unknown,Truck,Unknown,1,31-50,31-50,Driving Carelessly,Normal,Dry,Darkness - Lights Lit,0,0,1,Fatal
KAG_003165,Kaggle_road_csv,0,,Tuesday,Unknown,Truck,Unknown,2,Over 51,18-30,Driving Carelessly,Raining,Wet Or Damp,Daylight,0,0,4,Fatal
KAG_003166,Kaggle_road_csv,0,,Saturday,Unknown,Truck,Unknown,2,18-30,Unknown,Moving Backward,Raining,Wet Or Damp,Daylight,0,0,2,Minor
KAG_003167,Kaggle_road_csv,0,,Tuesday,Unknown,Truck,Unknown,2,18-30,Under 18,Moving Backward,Normal,Dry,Daylight,0,0,1,Minor
KAG_003168,Kaggle_road_csv,0,,Saturday,Unknown,Truck,Unknown,1,31-50,Unknown,Changing Lane To The Left,Normal,Dry,Daylight,0,0,1,Minor
KAG_003169,Kaggle_road_csv,0,,Saturday,Unknown,Truck,Unknown,1,18-30,Unknown,No Distancing,Normal,Dry,Daylight,0,0,1,Serious
KAG_003170,Kaggle_road_csv,0,,Thursday,Unknown,Truck,Unknown,2,18-30,Unknown,Driving Carelessly,Raining,Wet Or Damp,Daylight,0,0,4,Minor
KAG_003171,Kaggle_road_csv,0,,Wednesday,Unknown,Truck,Unknown,2,31-50,Unknown,Changing Lane To The Right,Raining,Wet Or Damp,Daylight,0,0,4,Minor
KAG_003172,Kaggle_road_csv,0,,Tuesday,Unknown,Truck,Unknown,1,31-50,31-50,Overtaking,Normal,Dry,Daylight,0,0,1,Serious
KAG_003173,Kaggle_road_csv,0,,Friday,Unknown,Truck,Unknown,2,18-30,Unknown,Driving Carelessly,Normal,Dry,Daylight,0,0,1,Minor
KAG_003174,Kaggle_road_csv,0,,Friday,Unknown,Truck,Unknown,2,18-30,Unknown,Driving Carelessly,Normal,Wet Or Damp,Darkness - Lights Lit,0,0,2,Minor
KAG_003175,Kaggle_road_csv,0,,Wednesday,Unknown,Truck,Unknown,2,31-50,Unknown,No Distancing,Normal,Dry,Daylight,0,0,1,Minor
KAG_003176,Kaggle_road_csv,0,,Sunday,Unknown,Truck,Unknown,2,18-30,Unknown,Driving Under The Influence Of Drugs,Normal,Dry,Darkness - Lights Lit,0,0,1,Minor
SCRAPED_000001,News_Paper,2021,December,Friday,Maharashtra,Car,Tractor,Unknown,Unknown,Unknown,Head On Collision,Unknown,Unknown,Unknown,4,0,4,Fatal
SCRAPED_000002,News_Paper,2021,December,Friday,Jharkhand,Pick Up,Truck,Unknown,Unknown,Unknown,Head On Collision,Unknown,Unknown,Unknown,6,18,24,Fatal
SCRAPED_000003,News_Paper,2022,January,Saturday,Rajasthan,Two Wheeler,Truck,Unknown,Unknown,Unknown,Others,Unknown,Unknown,Unknown,1,0,1,Fatal
SCRAPED_000004,News_Paper,2022,January,Saturday,Bihar,Two Wheeler,Truck,Unknown,Unknown,Unknown,Others,Unknown,Unknown,Unknown,3,0,3,Fatal
SCRAPED_000005,News_Paper,2022,January,Saturday,Uttar Pradesh,Bus,Truck,Unknown,Unknown,Unknown,Others,Unknown,Unknown,Unknown,2,2,4,Fatal
SCRAPED_000006,News_Paper,2022,January,Sunday,Karnataka,Two Wheeler,Truck,Unknown,Unknown,Over 51,With Parked Vehicle,Unknown,Unknown,Unknown,1,0,1,Fatal
SCRAPED_000007,News_Paper,2022,January,Sunday,Maharashtra,Truck,Tractor,Unknown,Unknown,Unknown,Hit From Side,Unknown,Unknown,Unknown,2,6,8,Fatal
SCRAPED_000008,News_Paper,2022,January,Monday,Gujarat,Car,Truck,Unknown,Unknown,Unknown,Head On Collision,Unknown,Unknown,Unknown,2,0,2,Fatal
SCRAPED_000009,News_Paper,2022,January,Monday,Maharashtra,Car,Truck,Unknown,Unknown,31-50,Hit From Back,Unknown,Unknown,Unknown,1,0,1,Fatal
SCRAPED_000010,News_Paper,2022,January,Tuesday,Uttarakhand,Two Wheeler,Truck,Unknown,Unknown,Unknown,Others,Unknown,Unknown,Unknown,2,1,3,Fatal
SCRAPED_000011,News_Paper,2022,January,Thursday,Andhra Pradesh,Two Wheeler,Lorry,Unknown,Unknown,Under 18,Others,Unknown,Unknown,Unknown,1,1,2,Fatal
SCRAPED_000012,News_Paper,2022,January,Friday,Karnataka,Suv,Truck,Unknown,Unknown,Unknown,Hit From Back,Unknown,Unknown,Unknown,4,0,4,Fatal
SCRAPED_000013,News_Paper,2022,January,Friday,Gujarat,Suv,Truck,Unknown,Unknown,18-30,Hit From Back,Unknown,Unknown,Unknown,1,0,1,Fatal
SCRAPED_000014,News_Paper,2022,January,Saturday,Andhra Pradesh,Two Wheeler,Tractor,Unknown,Unknown,Unknown,Others,Unknown,Unknown,Unknown,1,0,1,Fatal
SCRAPED_000015,News_Paper,2022,January,Sunday,Maharashtra,Bus,Truck,Unknown,Unknown,Over 51,Head On Collision,Unknown,Unknown,Unknown,4,14,18,Fatal
SCRAPED_000016,News_Paper,2022,January,Monday,Karnataka,Two Wheeler,Truck,Unknown,Unknown,Unknown,Others,Unknown,Unknown,Unknown,6,0,6,Fatal
SCRAPED_000017,News_Paper,2022,January,Monday,Maharashtra,Two Wheeler,Truck,Unknown,Unknown,18-30,Hit From Back,Unknown,Unknown,Unknown,1,1,2,Fatal
SCRAPED_000018,News_Paper,2022,January,Sunday,Karnataka,Two Wheeler,Truck,Unknown,Unknown,Unknown,Hit And Run,Unknown,Unknown,Unknown,2,1,3,Fatal
SCRAPED_000019,News_Paper,2022,January,Sunday,Rajasthan,Two Wheeler,Truck,Unknown,Unknown,18-30,Others,Unknown,Unknown,Unknown,1,1,2,Fatal
SCRAPED_000020,News_Paper,2022,January,Sunday,Maharashtra,Two Wheeler,Truck,Unknown,Unknown,31-50,Others,Unknown,Unknown,Unknown,1,0,1,Fatal
SCRAPED_000021,News_Paper,2022,January,Wednesday,Haryana,Car,Truck,Unknown,Unknown,18-30,With Parked Vehicle,Unknown,Unknown,Unknown,1,0,1,Fatal
SCRAPED_000022,News_Paper,2022,January,Thursday,Karnataka,Two Wheeler,Truck,Unknown,Unknown,Under 18,Others,Unknown,Unknown,Unknown,1,1,2,Fatal
SCRAPED_000023,News_Paper,2022,January,Friday,Maharashtra,Bus,Truck,Unknown,Unknown,Unknown,Head On Collision,Unknown,Unknown,Unknown,2,12,14,Fatal
SCRAPED_000024,News_Paper,2022,January,Friday,West Bengal,Tractor,Nil,Unknown,Unknown,Unknown,Vehicle Overturn,Unknown,Unknown,Unknown,1,0,1,Fatal
SCRAPED_000025,News_Paper,2022,January,Sunday,Madhya Pradesh,Tractor,Nil,Unknown,Unknown,Unknown,Run Off Road,Unknown,Unknown,Unknown,3,0,3,Fatal
SCRAPED_000026,News_Paper,2022,January,Monday,Uttar Pradesh,Truck,Canal,Unknown,Unknown,31-50,Vehicle Overturn,Unknown,Unknown,Unknown,1,1,2,Fatal
SCRAPED_000027,News_Paper,2022,January,Sunday,Maharashtra,Two Wheeler,Truck,Unknown,Unknown,31-50,Others,Unknown,Unknown,Unknown,1,2,3,Fatal
SCRAPED_000028,News_Paper,2022,January,Tuesday,Uttar Pradesh,Two Wheeler,Truck,Unknown,Unknown,31-50,Hit From Side,Unknown,Unknown,Unknown,1,1,2,Fatal
SCRAPED_000029,News_Paper,2022,January,Saturday,Maharashtra,Two Wheeler,Truck,Unknown,Unknown,Unknown,Head On Collision,Unknown,Unknown,Unknown,2,1,3,Fatal
SCRAPED_000030,News_Paper,2022,January,Thursday,Rajasthan,Truck,Truck,Unknown,Unknown,18-30,Head On Collision,Unknown,Unknown,Unknown,3,0,3,Fatal
SCRAPED_000031,News_Paper,2022,January,Tuesday,Maharashtra,Car,Tractor,Unknown,Unknown,Unknown,Hit From Back,Unknown,Unknown,Unknown,3,1,4,Fatal
SCRAPED_000032,News_Paper,2022,January,Wednesday,Rajasthan,Bus,Truck,Unknown,Unknown,Unknown,Head On Collision,Unknown,Unknown,Unknown,2,5,7,Fatal
SCRAPED_000033,News_Paper,2022,January,Wednesday,Madhya Pradesh,Pedestrian,Truck,Unknown,Unknown,31-50,Hit And Run,Unknown,Unknown,Unknown,1,0,1,Fatal
SCRAPED_000034,News_Paper,2022,January,Friday,Gujarat,Two Wheeler,Truck,Unknown,Unknown,Over 51,Hit From Back,Unknown,Unknown,Unknown,1,1,2,Fatal
SCRAPED_000035,News_Paper,2022,January,Friday,Karnataka,Pedestrian,Truck,Unknown,Unknown,18-30,Hit And Run,Unknown,Unknown,Unknown,1,0,1,Fatal
SCRAPED_000036,News_Paper,2022,January,Saturday,Odisha,Bus,Truck,Unknown,Unknown,Unknown,Hit From Back,Unknown,Unknown,Unknown,6,20,26,Fatal
SCRAPED_000037,News_Paper,2022,January,Friday,Gujarat,Two Wheeler,Truck,Unknown,Unknown,18-30,Others,Unknown,Unknown,Unknown,1,1,2,Fatal
SCRAPED_000038,News_Paper,2022,January,Saturday,Goa,Two Wheeler,Truck,Unknown,Unknown,Unknown,Others,Unknown,Unknown,Unknown,2,0,2,Fatal
SCRAPED_000039,News_Paper,2022,January,Sunday,Maharashtra,Two Wheeler,Truck,Unknown,Unknown,Unknown,Others,Unknown,Unknown,Unknown,5,5,10,Fatal
SCRAPED_000040,News_Paper,2022,January,Saturday,Madhya Pradesh,Two Wheeler,Truck,Unknown,Unknown,18-30,Others,Unknown,Unknown,Unknown,1,2,3,Fatal
SCRAPED_000041,News_Paper,2022,January,Saturday,Maharashtra,Two Wheeler,Truck,Unknown,Unknown,18-30,With Parked Vehicle,Unknown,Unknown,Unknown,1,0,1,Fatal
SCRAPED_000042,News_Paper,2022,January,Sunday,Tamil Nadu,Car,Truck,Unknown,Unknown,31-50,Others,Unknown,Unknown,Unknown,1,1,2,Fatal
SCRAPED_000043,News_Paper,2022,January,Sunday,West Bengal,Bicycle,Truck,Unknown,Unknown,31-50,Others,Unknown,Unknown,Unknown,1,0,1,Fatal
SCRAPED_000044,News_Paper,2022,January,Sunday,Madhya Pradesh,Two Wheeler,Truck,Unknown,Unknown,18-30,Hit From Back,Unknown,Unknown,Unknown,1,0,1,Fatal
SCRAPED_000045,News_Paper,2022,January,Monday,Punjab,Auto Rickshaw,Truck,Unknown,Unknown,31-50,With Parked Vehicle,Unknown,Unknown,Unknown,1,2,3,Fatal
SCRAPED_000046,News_Paper,2022,January,Tuesday,Madhya Pradesh,Pedestrian,Truck,Unknown,Unknown,31-50,Hit And Run,Unknown,Unknown,Unknown,1,0,1,Fatal
SCRAPED_000047,News_Paper,2022,January,Thursday,Andhra Pradesh,Car,Truck,Unknown,Unknown,Unknown,Others,Unknown,Unknown,Unknown,2,1,3,Fatal
SCRAPED_000048,News_Paper,2022,January,Thursday,Maharashtra,Car,Tractor,Unknown,Unknown,Unknown,Hit From Side,Unknown,Unknown,Unknown,2,2,4,Fatal
SCRAPED_000049,News_Paper,2022,January,Thursday,Andhra Pradesh,Car,Tractor,Unknown,Unknown,Unknown,Hit From Back,Unknown,Unknown,Unknown,2,1,3,Fatal
SCRAPED_000050,News_Paper,2022,January,Wednesday,Andhra Pradesh,Two Wheeler,Lorry,Unknown,Unknown,Unknown,Others,Unknown,Unknown,Unknown,2,0,2,Fatal
SCRAPED_000051,News_Paper,2022,January,Friday,Telangana,Pick Up,Truck,Unknown,Unknown,Unknown,Others,Unknown,Unknown,Unknown,4,8,12,Fatal
SCRAPED_000052,News_Paper,2022,January,Sunday,Tamil Nadu,Truck,Truck,Unknown,Unknown,18-30,Head On Collision,Unknown,Unknown,Unknown,1,5,6,Fatal
SCRAPED_000053,News_Paper,2022,January,Saturday,Tamil Nadu,Two Wheeler,Lorry,Unknown,Unknown,Unknown,Hit From Back,Unknown,Unknown,Unknown,2,0,2,Fatal
SCRAPED_000054,News_Paper,2022,January,Monday,Rajasthan,Two Wheeler,Truck,Unknown,Unknown,Unknown,Head On Collision,Unknown,Unknown,Unknown,1,0,1,Fatal
SCRAPED_000055,News_Paper,2022,February,Tuesday,Madhya Pradesh,Car,Truck,Unknown,Unknown,Unknown,Others,Unknown,Unknown,Unknown,1,3,4,Fatal
SCRAPED_000056,News_Paper,2022,January,Monday,Gujarat,Two Wheeler,Truck,Unknown,Unknown,18-30,Hit From Back,Unknown,Unknown,Unknown,1,1,2,Fatal
SCRAPED_000057,News_Paper,2022,February,Tuesday,Karnataka,Car,Truck,Unknown,Unknown,Unknown,Others,Unknown,Unknown,Unknown,2,2,4,Fatal
SCRAPED_000058,News_Paper,2022,February,Thursday,Rajasthan,Suv,Truck,Unknown,Unknown,Unknown,Others,Unknown,Unknown,Unknown,3,1,4,Fatal
SCRAPED_000059,News_Paper,2022,February,Thursday,Kerala,Two Wheeler,Truck,Unknown,Unknown,31-50,Hit From Back,Unknown,Unknown,Unknown,1,0,1,Fatal
SCRAPED_000060,News_Paper,2022,February,Wednesday,Gujarat,Truck,Truck,Unknown,Unknown,31-50,Others,Unknown,Unknown,Unknown,1,1,2,Fatal
SCRAPED_000061,News_Paper,2022,February,Thursday,Rajasthan,Two Wheeler,Tractor,Unknown,Unknown,Unknown,Others,Unknown,Unknown,Unknown,1,2,3,Fatal
SCRAPED_000062,News_Paper,2022,February,Thursday,Rajasthan,Car,Truck,Unknown,Unknown,Unknown,Head On Collision,Unknown,Unknown,Unknown,3,0,3,Fatal
SCRAPED_000063,News_Paper,2022,February,Thursday,Tamil Nadu,Two Wheeler,Truck,Unknown,Unknown,31-50,Hit From Back,Unknown,Unknown,Unknown,1,1,2,Fatal
SCRAPED_000064,News_Paper,2022,February,Thursday,Tamil Nadu,Pedestrian,Truck,Unknown,Unknown,Over 51,Hit And Run,Unknown,Unknown,Unknown,1,0,1,Fatal
SCRAPED_000065,News_Paper,2022,February,Friday,Uttar Pradesh,Car,Truck,Unknown,Unknown,Unknown,Hit From Side,Unknown,Unknown,Unknown,3,1,4,Fatal
SCRAPED_000066,News_Paper,2022,February,Sunday,Andhra Pradesh,Car,Truck,Unknown,Unknown,Unknown,Others,Unknown,Unknown,Unknown,9,0,9,Fatal
SCRAPED_000067,News_Paper,2022,February,Saturday,Madhya Pradesh,Two Wheeler,Tractor,Unknown,Unknown,31-50,Others,Unknown,Unknown,Unknown,1,1,2,Fatal
SCRAPED_000068,News_Paper,2022,February,Saturday,Maharashtra,Car,Truck,Unknown,Unknown,Unknown,With Parked Vehicle,Unknown,Unknown,Unknown,3,2,5,Fatal
SCRAPED_000069,News_Paper,2022,February,Sunday,Maharashtra,Bicycle,Truck,Unknown,Unknown,Under 18,Hit From Back,Unknown,Unknown,Unknown,1,1,2,Fatal
SCRAPED_000070,News_Paper,2022,February,Tuesday,Tamil Nadu,Van,Truck,Unknown,Unknown,Unknown,With Parked Vehicle,Unknown,Unknown,Unknown,3,10,13,Fatal
SCRAPED_000071,News_Paper,2022,February,Tuesday,Madhya Pradesh,Two Wheeler,Truck,Unknown,Unknown,Unknown,Head On Collision,Unknown,Unknown,Unknown,2,0,2,Fatal
SCRAPED_000072,News_Paper,2022,February,Tuesday,Andhra Pradesh,Two Wheeler,Lorry,Unknown,Unknown,Unknown,With Parked Vehicle,Unknown,Unknown,Unknown,2,0,2,Fatal
SCRAPED_000073,News_Paper,2022,February,Friday,Jharkhand,Car,Truck,Unknown,Unknown,Unknown,With Parked Vehicle,Unknown,Unknown,Unknown,4,2,6,Fatal
SCRAPED_000074,News_Paper,2022,February,Thursday,Gujarat,Car,Truck,Unknown,Unknown,Unknown,With Parked Vehicle,Unknown,Unknown,Unknown,2,3,5,Fatal
SCRAPED_000075,News_Paper,2022,February,Friday,Gujarat,Car,Truck,Unknown,Unknown,Unknown,With Parked Vehicle,Unknown,Unknown,Unknown,2,3,5,Fatal
SCRAPED_000076,News_Paper,2022,February,Monday,Jharkhand,Two Wheeler,Truck,Unknown,Unknown,Unknown,Others,Unknown,Unknown,Unknown,3,0,3,Fatal
SCRAPED_000077,News_Paper,2022,February,Tuesday,Maharashtra,Car,Truck,Unknown,Unknown,Unknown,Hit From Back,Unknown,Unknown,Unknown,4,0,4,Fatal
SCRAPED_000078,News_Paper,2022,February,Monday,Uttar Pradesh,Suv,Truck,Unknown,Unknown,Unknown,With Parked Vehicle,Unknown,Unknown,Unknown,2,5,7,Fatal
SCRAPED_000079,News_Paper,2022,February,Wednesday,Uttar Pradesh,Car,Truck,Unknown,Unknown,Unknown,With Parked Vehicle,Unknown,Unknown,Unknown,6,0,6,Fatal
SCRAPED_000080,News_Paper,2022,February,Monday,West Bengal,Pedestrian,Truck,Unknown,Unknown,31-50,Hit And Run,Unknown,Unknown,Unknown,1,0,1,Fatal
SCRAPED_000081,News_Paper,2022,February,Tuesday,Madhya Pradesh,Two Wheeler,Truck,Unknown,Unknown,Unknown,Others,Unknown,Unknown,Unknown,4,5,9,Fatal
SCRAPED_000082,News_Paper,2022,February,Wednesday,Tamil Nadu,Car,Truck,Unknown,Unknown,Unknown,Head On Collision,Unknown,Unknown,Unknown,2,1,3,Fatal
SCRAPED_000083,News_Paper,2022,February,Friday,Tamil Nadu,Car,Truck,Unknown,Unknown,Unknown,Hit From Back,Unknown,Unknown,Unknown,4,1,5,Fatal
SCRAPED_000084,News_Paper,2022,February,Wednesday,Haryana,Two Wheeler,Tractor,Unknown,Unknown,31-50,Head On Collision,Unknown,Unknown,Unknown,1,0,1,Fatal
SCRAPED_000085,News_Paper,2022,February,Saturday,Delhi,Car,Truck,Unknown,Unknown,Unknown,Others,Unknown,Unknown,Unknown,2,3,5,Fatal
SCRAPED_000086,News_Paper,2022,February,Sunday,Madhya Pradesh,Car,Tractor,Unknown,Unknown,Unknown,Head On Collision,Unknown,Unknown,Unknown,2,1,3,Fatal
SCRAPED_000087,News_Paper,2022,February,Monday,Bihar,Two Wheeler,Truck,Unknown,Unknown,31-50,Others,Unknown,Unknown,Unknown,1,0,1,Fatal
SCRAPED_000088,News_Paper,2022,February,Wednesday,Madhya Pradesh,Two Wheeler,Truck,Unknown,Unknown,31-50,Head On Collision,Unknown,Unknown,Unknown,1,0,1,Fatal
SCRAPED_000089,News_Paper,2022,February,Thursday,Maharashtra,Two Wheeler,Truck,Unknown,Unknown,Unknown,Hit From Back,Unknown,Unknown,Unknown,2,0,2,Fatal
SCRAPED_000090,News_Paper,2022,February,Saturday,Uttar Pradesh,Car,Truck,Unknown,Unknown,Unknown,With Parked Vehicle,Unknown,Unknown,Unknown,5,1,6,Fatal
SCRAPED_000091,News_Paper,2022,February,Sunday,Delhi,Two Wheeler,Truck,Unknown,Unknown,Over 51,Hit From Side,Unknown,Unknown,Unknown,1,1,2,Fatal
SCRAPED_000092,News_Paper,2022,February,Saturday,Punjab,Pedestrian,Truck,Unknown,Unknown,31-50,Hit And Run,Unknown,Unknown,Unknown,1,0,1,Fatal
SCRAPED_000093,News_Paper,2022,February,Monday,Tamil Nadu,Car,Truck,Unknown,Unknown,31-50,Hit From Back,Unknown,Unknown,Unknown,1,0,1,Fatal
SCRAPED_000094,News_Paper,2022,February,Sunday,Maharashtra,Two Wheeler,Truck,Unknown,Unknown,18-30,Others,Unknown,Unknown,Unknown,1,0,1,Fatal
SCRAPED_000095,News_Paper,2022,March,Tuesday,Maharashtra,Truck,Wall,Unknown,Unknown,Unknown,Fixed Object Collision,Unknown,Unknown,Unknown,1,22,23,Fatal
SCRAPED_000096,News_Paper,2022,February,Monday,Maharashtra,Car,Truck,Unknown,Unknown,31-50,Hit From Back,Unknown,Unknown,Unknown,1,3,4,Fatal
SCRAPED_000097,News_Paper,2022,February,Monday,Madhya Pradesh,Two Wheeler,Truck,Unknown,Unknown,Under 18,Head On Collision,Unknown,Unknown,Unknown,1,2,3,Fatal
SCRAPED_000098,News_Paper,2022,March,Tuesday,Uttar Pradesh,Auto Rickshaw,Truck,Unknown,Unknown,Unknown,Hit From Side,Unknown,Unknown,Unknown,1,6,7,Fatal
SCRAPED_000099,News_Paper,2022,February,Monday,Maharashtra,Car,Truck,Unknown,Unknown,18-30,Hit From Back,Unknown,Unknown,Unknown,1,2,3,Fatal
SCRAPED_000100,News_Paper,2022,March,Wednesday,Kerala,Two Wheeler,Truck,Unknown,Unknown,18-30,Hit From Back,Unknown,Unknown,Unknown,1,1,2,Fatal
SCRAPED_000101,News_Paper,2022,March,Wednesday,Kerala,Car,Truck,Unknown,Unknown,Unknown,Others,Unknown,Unknown,Unknown,2,3,5,Fatal
SCRAPED_000102,News_Paper,2022,March,Wednesday,Haryana,Car,Truck,Unknown,Unknown,Unknown,With Parked Vehicle,Unknown,Unknown,Unknown,5,0,5,Fatal
SCRAPED_000103,News_Paper,2022,March,Thursday,Uttarakhand,Two Wheeler,Truck,Unknown,Unknown,31-50,Hit From Back,Unknown,Unknown,Unknown,1,1,2,Fatal
SCRAPED_000104,News_Paper,2022,March,Friday,Chhattisgarh,Truck,Nil,Unknown,Unknown,Unknown,Run Off Road,Unknown,Unknown,Unknown,4,0,4,Fatal
SCRAPED_000105,News_Paper,2022,March,Friday,Maharashtra,Two Wheeler,Truck,Unknown,Unknown,Under 18,Head On Collision,Unknown,Unknown,Unknown,1,2,3,Fatal
SCRAPED_000106,News_Paper,2022,March,Sunday,Tamil Nadu,Van,Truck,Unknown,Unknown,Unknown,With Parked Vehicle,Unknown,Unknown,Unknown,2,7,9,Fatal
SCRAPED_000107,News_Paper,2022,March,Saturday,Rajasthan,Car,Truck,Unknown,Unknown,18-30,Others,Unknown,Unknown,Unknown,1,1,2,Fatal
SCRAPED_000108,News_Paper,2022,March,Saturday,Rajasthan,Tractor,Truck,Unknown,Unknown,31-50,Others,Unknown,Unknown,Unknown,1,2,3,Fatal
SCRAPED_000109,News_Paper,2022,March,Sunday,Maharashtra,Truck,Nil,Unknown,Unknown,Unknown,Run Off Road,Unknown,Unknown,Unknown,4,15,19,Fatal
SCRAPED_000110,News_Paper,2022,March,Sunday,Andhra Pradesh,Pedestrian,Lorry,Unknown,Unknown,18-30,Hit And Run,Unknown,Unknown,Unknown,2,1,3,Fatal
SCRAPED_000111,News_Paper,2022,March,Sunday,Uttar Pradesh,Tractor,Nil,Unknown,Unknown,Unknown,Run Off Road,Unknown,Unknown,Unknown,4,1,5,Fatal
SCRAPED_000112,News_Paper,2022,March,Sunday,Uttar Pradesh,Tractor,Nil,Unknown,Unknown,Unknown,Fixed Object Collision,Unknown,Unknown,Unknown,2,0,2,Fatal
SCRAPED_000113,News_Paper,2022,March,Tuesday,Tamil Nadu,Two Wheeler,Truck,Unknown,Unknown,Unknown,Others,Unknown,Unknown,Unknown,4,0,4,Fatal
SCRAPED_000114,News_Paper,2022,March,Tuesday,Maharashtra,Pedestrian,Truck,Unknown,Unknown,Under 18,Hit And Run,Unknown,Unknown,Unknown,1,0,1,Fatal
SCRAPED_000115,News_Paper,2022,March,Tuesday,Maharashtra,Pedestrian,Truck,Unknown,Unknown,Over 51,Hit And Run,Unknown,Unknown,Unknown,1,0,1,Fatal
SCRAPED_000116,News_Paper,2022,March,Thursday,Tamil Nadu,Two Wheeler,Truck,Unknown,Unknown,Unknown,Hit From Back,Unknown,Unknown,Unknown,2,0,2,Fatal
SCRAPED_000117,News_Paper,2022,March,Tuesday,Uttar Pradesh,Two Wheeler,Truck,Unknown,Unknown,31-50,Hit From Back,Unknown,Unknown,Unknown,1,1,2,Fatal
SCRAPED_000118,News_Paper,2022,March,Wednesday,Andhra Pradesh,Lorry,Bus,Unknown,Unknown,Unknown,Others,Unknown,Unknown,Unknown,1,0,1,Fatal
SCRAPED_000119,News_Paper,2022,March,Wednesday,Rajasthan,Two Wheeler,Truck,Unknown,Unknown,Unknown,Others,Unknown,Unknown,Unknown,2,0,2,Fatal
SCRAPED_000120,News_Paper,2022,March,Wednesday,Andhra Pradesh,Two Wheeler,Lorry,Unknown,Unknown,18-30,Others,Unknown,Unknown,Unknown,1,0,1,Fatal
SCRAPED_000121,News_Paper,2022,March,Friday,Maharashtra,Truck,Truck,Unknown,Unknown,18-30,Hit From Back,Unknown,Unknown,Unknown,1,1,2,Fatal
SCRAPED_000122,News_Paper,2022,March,Friday,Karnataka,Tractor,Nil,Unknown,Unknown,Unknown,Run Off Road,Unknown,Unknown,Unknown,4,16,20,Fatal
SCRAPED_000123,News_Paper,2022,March,Friday,Madhya Pradesh,Two Wheeler,Truck,Unknown,Unknown,18-30,Hit From Back,Unknown,Unknown,Unknown,1,0,1,Fatal
SCRAPED_000124,News_Paper,2022,March,Saturday,Chhattisgarh,Car,Truck,Unknown,Unknown,Unknown,Head On Collision,Unknown,Unknown,Unknown,3,0,3,Fatal
SCRAPED_000125,News_Paper,2022,March,Friday,Andhra Pradesh,Two Wheeler,Lorry,Unknown,Unknown,Unknown,Head On Collision,Unknown,Unknown,Unknown,3,0,3,Fatal
SCRAPED_000126,News_Paper,2022,March,Saturday,West Bengal,Pedestrian,Truck,Unknown,Unknown,Over 51,Hit And Run,Unknown,Unknown,Unknown,1,0,1,Fatal
SCRAPED_000127,News_Paper,2022,March,Saturday,West Bengal,Two Wheeler,Truck,Unknown,Unknown,31-50,Hit From Back,Unknown,Unknown,Unknown,1,0,1,Fatal
SCRAPED_000128,News_Paper,2022,March,Sunday,Andhra Pradesh,Two Wheeler,Lorry,Unknown,Unknown,31-50,Hit From Back,Unknown,Unknown,Unknown,1,1,2,Fatal
SCRAPED_000129,News_Paper,2022,March,Monday,Kerala,Car,Truck,Unknown,Unknown,Under 18,With Parked Vehicle,Unknown,Unknown,Unknown,1,2,3,Fatal
SCRAPED_000130,News_Paper,2022,March,Monday,West Bengal,Pedestrian,Truck,Unknown,Unknown,Unknown,Hit And Run,Unknown,Unknown,Unknown,3,5,8,Fatal
SCRAPED_000131,News_Paper,2022,March,Tuesday,Chhattisgarh,Tractor,Truck,Unknown,Unknown,Unknown,Head On Collision,Unknown,Unknown,Unknown,5,17,22,Fatal
SCRAPED_000132,News_Paper,2022,March,Wednesday,Haryana,Car,Truck,Unknown,Unknown,Unknown,Head On Collision,Unknown,Unknown,Unknown,2,10,12,Fatal
SCRAPED_000133,News_Paper,2022,March,Wednesday,Uttar Pradesh,Car,Truck,Unknown,Unknown,Unknown,Hit From Back,Unknown,Unknown,Unknown,3,0,3,Fatal
SCRAPED_000134,News_Paper,2022,March,Tuesday,Karnataka,Bus,Truck,Unknown,Unknown,18-30,With Parked Vehicle,Unknown,Unknown,Unknown,1,7,8,Fatal
SCRAPED_000135,News_Paper,2022,March,Thursday,Kerala,Pedestrian,Truck,Unknown,Unknown,Unknown,Hit And Run,Unknown,Unknown,Unknown,3,1,4,Fatal
SCRAPED_000136,News_Paper,2022,March,Thursday,Karnataka,Two Wheeler,Truck,Unknown,Unknown,18-30,Others,Unknown,Unknown,Unknown,1,2,3,Fatal
SCRAPED_000137,News_Paper,2022,March,Saturday,Haryana,Pedestrian,Truck,Unknown,Unknown,Unknown,Hit And Run,Unknown,Unknown,Unknown,2,0,2,Fatal
SCRAPED_000138,News_Paper,2022,March,Saturday,Rajasthan,Car,Truck,Unknown,Unknown,Unknown,With Parked Vehicle,Unknown,Unknown,Unknown,3,3,6,Fatal
SCRAPED_000139,News_Paper,2022,March,Sunday,Kerala,Two Wheeler,Truck,Unknown,Unknown,Unknown,Hit From Back,Unknown,Unknown,Unknown,2,0,2,Fatal
SCRAPED_000140,News_Paper,2022,March,Saturday,Maharashtra,Truck,Truck,Unknown,Unknown,18-30,Head On Collision,Unknown,Unknown,Unknown,1,0,1,Fatal
SCRAPED_000141,News_Paper,2022,March,Sunday,Uttar Pradesh,Car,Truck,Unknown,Unknown,Unknown,Head On Collision,Unknown,Unknown,Unknown,3,1,4,Fatal
SCRAPED_000142,News_Paper,2022,March,Tuesday,Maharashtra,Two Wheeler,Truck,Unknown,Unknown,31-50,Others,Unknown,Unknown,Unknown,1,4,5,Fatal
SCRAPED_000143,News_Paper,2022,March,Monday,Rajasthan,Car,Truck,Unknown,Unknown,31-50,Head On Collision,Unknown,Unknown,Unknown,1,0,1,Fatal
SCRAPED_000144,News_Paper,2022,March,Wednesday,Andhra Pradesh,Bus,Truck,Unknown,Unknown,Unknown,Others,Unknown,Unknown,Unknown,1,34,35,Fatal
SCRAPED_000145,News_Paper,2022,March,Monday,Tamil Nadu,Pedestrian,Tractor,Unknown,Unknown,Over 51,Hit And Run,Unknown,Unknown,Unknown,1,0,1,Fatal
SCRAPED_000146,News_Paper,2022,March,Monday,Maharashtra,Two Wheeler,Truck,Unknown,Unknown,18-30,Hit From Back,Unknown,Unknown,Unknown,1,1,2,Fatal
SCRAPED_000147,News_Paper,2022,March,Tuesday,Andhra Pradesh,Car,Lorry,Unknown,Unknown,Unknown,With Parked Vehicle,Unknown,Unknown,Unknown,2,3,5,Fatal
SCRAPED_000148,News_Paper,2022,March,Wednesday,Uttar Pradesh,Pick Up,Truck,Unknown,Unknown,Unknown,With Parked Vehicle,Unknown,Unknown,Unknown,5,1,6,Fatal
SCRAPED_000149,News_Paper,2022,April,Friday,Andhra Pradesh,Bus,Truck,Unknown,Unknown,Unknown,Others,Unknown,Unknown,Unknown,2,2,4,Fatal
SCRAPED_000150,News_Paper,2022,March,Thursday,West Bengal,Truck,Unidentified,Unknown,Unknown,18-30,Others,Unknown,Unknown,Unknown,1,1,2,Fatal
SCRAPED_000151,News_Paper,2022,April,Saturday,Odisha,Bus,Truck,Unknown,Unknown,Unknown,Others,Unknown,Unknown,Unknown,1,15,16,Fatal
SCRAPED_000152,News_Paper,2022,April,Saturday,Tamil Nadu,Truck,Gorge,Unknown,Unknown,Unknown,Vehicle Overturn,Unknown,Unknown,Unknown,7,14,21,Fatal
SCRAPED_000153,News_Paper,2022,April,Friday,Karnataka,Car,Truck,Unknown,Unknown,Unknown,Hit From Back,Unknown,Unknown,Unknown,2,1,3,Fatal
SCRAPED_000154,News_Paper,2022,April,Saturday,Andhra Pradesh,Two Wheeler,Lorry,Unknown,Unknown,Unknown,Head On Collision,Unknown,Unknown,Unknown,1,1,2,Fatal
SCRAPED_000155,News_Paper,2022,April,Sunday,Tamil Nadu,Van,Truck,Unknown,Unknown,18-30,Hit From Back,Unknown,Unknown,Unknown,1,7,8,Fatal
SCRAPED_000156,News_Paper,2022,April,Tuesday,Gujarat,Two Wheeler,Truck,Unknown,Unknown,Unknown,Hit From Back,Unknown,Unknown,Unknown,3,0,3,Fatal
SCRAPED_000157,News_Paper,2022,April,Tuesday,Uttarakhand,Truck,Gorge,Unknown,Unknown,Unknown,Vehicle Overturn,Unknown,Unknown,Unknown,3,0,3,Fatal
SCRAPED_000158,News_Paper,2022,April,Tuesday,Uttar Pradesh,Car,Truck,Unknown,Unknown,Unknown,Head On Collision,Unknown,Unknown,Unknown,1,2,3,Fatal
SCRAPED_000159,News_Paper,2022,April,Tuesday,Maharashtra,Two Wheeler,Truck,Unknown,Unknown,Unknown,Hit From Back,Unknown,Unknown,Unknown,2,0,2,Fatal
SCRAPED_000160,News_Paper,2022,April,Tuesday,Tamil Nadu,Two Wheeler,Truck,Unknown,Unknown,Unknown,Hit From Back,Unknown,Unknown,Unknown,2,0,2,Fatal
SCRAPED_000161,News_Paper,2022,April,Wednesday,Tamil Nadu,Pedestrian,Truck,Unknown,Unknown,Over 51,Hit And Run,Unknown,Unknown,Unknown,1,0,1,Fatal
SCRAPED_000162,News_Paper,2022,April,Tuesday,Karnataka,Car,Truck,Unknown,Unknown,Unknown,Head On Collision,Unknown,Unknown,Unknown,3,2,5,Fatal
SCRAPED_000163,News_Paper,2022,April,Tuesday,Madhya Pradesh,Pedestrian,Truck,Unknown,Unknown,Unknown,Hit And Run,Unknown,Unknown,Unknown,2,3,5,Fatal
SCRAPED_000164,News_Paper,2022,April,Thursday,Andhra Pradesh,Car,Tractor,Unknown,Unknown,31-50,Hit From Back,Unknown,Unknown,Unknown,1,4,5,Fatal
SCRAPED_000165,News_Paper,2022,April,Wednesday,Gujarat,Two Wheeler,Truck,Unknown,Unknown,31-50,Others,Unknown,Unknown,Unknown,1,0,1,Fatal
SCRAPED_000166,News_Paper,2022,April,Thursday,Madhya Pradesh,Two Wheeler,Truck,Unknown,Unknown,Unknown,Hit From Back,Unknown,Unknown,Unknown,3,0,3,Fatal
SCRAPED_000167,News_Paper,2022,April,Saturday,Maharashtra,Car,Truck,Unknown,Unknown,Unknown,Hit From Back,Unknown,Unknown,Unknown,4,0,4,Fatal
SCRAPED_000168,News_Paper,2022,April,Thursday,Madhya Pradesh,Two Wheeler,Truck,Unknown,Unknown,Unknown,Others,Unknown,Unknown,Unknown,3,0,3,Fatal
SCRAPED_000169,News_Paper,2022,April,Saturday,Gujarat,Two Wheeler,Truck,Unknown,Unknown,Under 18,Hit From Back,Unknown,Unknown,Unknown,1,1,2,Fatal
SCRAPED_000170,News_Paper,2022,April,Saturday,Karnataka,Two Wheeler,Truck,Unknown,Unknown,Over 51,Hit From Back,Unknown,Unknown,Unknown,1,0,1,Fatal
SCRAPED_000171,News_Paper,2022,April,Saturday,Uttar Pradesh,Two Wheeler,Tractor,Unknown,Unknown,Unknown,Head On Collision,Unknown,Unknown,Unknown,3,4,7,Fatal
SCRAPED_000172,News_Paper,2022,April,Friday,Maharashtra,Pedestrian,Truck,Unknown,Unknown,Over 51,Hit And Run,Unknown,Unknown,Unknown,1,0,1,Fatal
SCRAPED_000173,News_Paper,2022,April,Saturday,Maharashtra,Two Wheeler,Truck,Unknown,Unknown,31-50,Others,Unknown,Unknown,Unknown,1,0,1,Fatal
SCRAPED_000174,News_Paper,2022,April,Tuesday,Uttar Pradesh,Van,Truck,Unknown,Unknown,Unknown,With Parked Vehicle,Unknown,Unknown,Unknown,3,0,3,Fatal
SCRAPED_000175,News_Paper,2022,April,Monday,Madhya Pradesh,Two Wheeler,Truck,Unknown,Unknown,31-50,Others,Unknown,Unknown,Unknown,1,2,3,Fatal
SCRAPED_000176,News_Paper,2022,April,Tuesday,Rajasthan,Bus,Tractor,Unknown,Unknown,Unknown,Head On Collision,Unknown,Unknown,Unknown,3,20,23,Fatal
SCRAPED_000177,News_Paper,2022,April,Monday,Tamil Nadu,Lorry,Truck,Unknown,Unknown,Unknown,Head On Collision,Unknown,Unknown,Unknown,3,0,3,Fatal
SCRAPED_000178,News_Paper,2022,April,Wednesday,Telangana,Two Wheeler,Truck,Unknown,Unknown,Unknown,Hit From Back,Unknown,Unknown,Unknown,2,0,2,Fatal
SCRAPED_000179,News_Paper,2022,April,Tuesday,Madhya Pradesh,Car,Lorry,Unknown,Unknown,Unknown,Hit From Back,Unknown,Unknown,Unknown,2,1,3,Fatal
SCRAPED_000180,News_Paper,2022,April,Tuesday,Uttar Pradesh,Pick Up,Truck,Unknown,Unknown,Unknown,Hit From Back,Unknown,Unknown,Unknown,4,4,8,Fatal
SCRAPED_000181,News_Paper,2022,April,Friday,Rajasthan,Car,Truck,Unknown,Unknown,Unknown,Hit From Back,Unknown,Unknown,Unknown,6,3,9,Fatal
SCRAPED_000182,News_Paper,2022,April,Saturday,Maharashtra,Tractor,Nil,Unknown,Unknown,Under 18,Run Off Road,Unknown,Unknown,Unknown,1,4,5,Fatal
SCRAPED_000183,News_Paper,2022,April,Sunday,Maharashtra,Pedestrian,Truck,Unknown,Unknown,18-30,Hit And Run,Unknown,Unknown,Unknown,1,0,1,Fatal
SCRAPED_000184,News_Paper,2022,April,Tuesday,Rajasthan,Car,Tractor,Unknown,Unknown,Unknown,With Parked Vehicle,Unknown,Unknown,Unknown,11,7,18,Fatal
SCRAPED_000185,News_Paper,2022,April,Sunday,Uttar Pradesh,Van,Truck,Unknown,Unknown,Unknown,Head On Collision,Unknown,Unknown,Unknown,6,11,17,Fatal
SCRAPED_000186,News_Paper,2022,April,Monday,Gujarat,Two Wheeler,Truck,Unknown,Unknown,Unknown,Others,Unknown,Unknown,Unknown,2,0,2,Fatal
SCRAPED_000187,News_Paper,2022,April,Thursday,Gujarat,Two Wheeler,Truck,Unknown,Unknown,Under 18,Others,Unknown,Unknown,Unknown,1,1,2,Fatal
SCRAPED_000188,News_Paper,2022,April,Thursday,Bihar,Two Wheeler,Truck,Unknown,Unknown,31-50,Others,Unknown,Unknown,Unknown,2,0,2,Fatal
SCRAPED_000189,News_Paper,2022,April,Friday,Madhya Pradesh,Two Wheeler,Truck,Unknown,Unknown,31-50,Hit From Back,Unknown,Unknown,Unknown,1,0,1,Fatal
SCRAPED_000190,News_Paper,2022,April,Saturday,Maharashtra,Suv,Truck,Unknown,Unknown,Unknown,Head On Collision,Unknown,Unknown,Unknown,7,0,7,Fatal
SCRAPED_000191,News_Paper,2022,April,Sunday,Telangana,Suv,Truck,Unknown,Unknown,Unknown,With Parked Vehicle,Unknown,Unknown,Unknown,3,4,7,Fatal
SCRAPED_000192,News_Paper,2022,April,Monday,Andhra Pradesh,Van,Truck,Unknown,Unknown,Unknown,Head On Collision,Unknown,Unknown,Unknown,4,8,12,Fatal
SCRAPED_000193,News_Paper,2022,April,Sunday,Maharashtra,Two Wheeler,Truck,Unknown,Unknown,Under 18,Others,Unknown,Unknown,Unknown,1,2,3,Fatal
SCRAPED_000194,News_Paper,2022,April,Wednesday,Maharashtra,Pedestrian,Truck,Unknown,Unknown,Over 51,Hit And Run,Unknown,Unknown,Unknown,1,0,1,Fatal
SCRAPED_000195,News_Paper,2022,April,Thursday,Uttar Pradesh,Two Wheeler,Truck,Unknown,Unknown,Unknown,Head On Collision,Unknown,Unknown,Unknown,2,0,2,Fatal
SCRAPED_000196,News_Paper,2022,May,Sunday,Uttar Pradesh,Pedestrian,Truck,Unknown,Unknown,Unknown,Hit And Run,Unknown,Unknown,Unknown,3,4,7,Fatal
SCRAPED_000197,News_Paper,2022,April,Saturday,Andhra Pradesh,Two Wheeler,Truck,Unknown,Unknown,Over 51,Others,Unknown,Unknown,Unknown,1,0,1,Fatal
SCRAPED_000198,News_Paper,2022,May,Sunday,Haryana,Two Wheeler,Truck,Unknown,Unknown,Unknown,Others,Unknown,Unknown,Unknown,4,0,4,Fatal
SCRAPED_000199,News_Paper,2022,May,Monday,Gujarat,Car,Truck,Unknown,Unknown,Unknown,Hit From Side,Unknown,Unknown,Unknown,5,0,5,Fatal
SCRAPED_000200,News_Paper,2022,May,Sunday,Andhra Pradesh,Two Wheeler,Lorry,Unknown,Unknown,31-50,Others,Unknown,Unknown,Unknown,2,0,2,Fatal
SCRAPED_000201,News_Paper,2022,April,Saturday,Uttar Pradesh,Pedestrian,Truck,Unknown,Unknown,Unknown,Hit And Run,Unknown,Unknown,Unknown,2,0,2,Fatal
SCRAPED_000202,News_Paper,2022,May,Sunday,Goa,Two Wheeler,Truck,Unknown,Unknown,Unknown,Hit From Back,Unknown,Unknown,Unknown,2,0,2,Fatal
SCRAPED_000203,News_Paper,2022,May,Sunday,Mizoram,Truck,Gorge,Unknown,Unknown,Unknown,Vehicle Overturn,Unknown,Unknown,Unknown,3,0,3,Fatal
SCRAPED_000204,News_Paper,2022,May,Sunday,Maharashtra,Two Wheeler,Truck,Unknown,Unknown,31-50,Hit From Back,Unknown,Unknown,Unknown,1,0,1,Fatal
SCRAPED_000205,News_Paper,2022,May,Tuesday,Uttar Pradesh,Car,Tractor,Unknown,Unknown,Unknown,Head On Collision,Unknown,Unknown,Unknown,2,0,2,Fatal
SCRAPED_000206,News_Paper,2022,May,Monday,Maharashtra,Pedestrian,Truck,Unknown,Unknown,18-30,Hit And Run,Unknown,Unknown,Unknown,1,0,1,Fatal
SCRAPED_000207,News_Paper,2022,May,Tuesday,Uttar Pradesh,Auto Rickshaw,Truck,Unknown,Unknown,18-30,Head On Collision,Unknown,Unknown,Unknown,1,0,1,Fatal
SCRAPED_000208,News_Paper,2022,May,Wednesday,Madhya Pradesh,Car,Tractor,Unknown,Unknown,Unknown,Others,Unknown,Unknown,Unknown,2,1,3,Fatal
SCRAPED_000209,News_Paper,2022,May,Friday,Maharashtra,Auto Rickshaw,Truck,Unknown,Unknown,Unknown,Others,Unknown,Unknown,Unknown,6,7,13,Fatal
SCRAPED_000210,News_Paper,2022,May,Friday,Maharashtra,Suv,Truck,Unknown,Unknown,Unknown,Hit From Back,Unknown,Unknown,Unknown,7,1,8,Fatal
SCRAPED_000211,News_Paper,2022,May,Friday,Madhya Pradesh,Pedestrian,Truck,Unknown,Unknown,Over 51,Hit And Run,Unknown,Unknown,Unknown,1,0,1,Fatal
SCRAPED_000212,News_Paper,2022,May,Saturday,Uttar Pradesh,Car,Truck,Unknown,Unknown,31-50,Hit From Back,Unknown,Unknown,Unknown,1,3,4,Fatal
SCRAPED_000213,News_Paper,2022,May,Sunday,Gujarat,Car,Truck,Unknown,Unknown,Unknown,Head On Collision,Unknown,Unknown,Unknown,3,0,3,Fatal
SCRAPED_000214,News_Paper,2022,May,Sunday,Telangana,Van,Lorry,Unknown,Unknown,Unknown,Head On Collision,Unknown,Unknown,Unknown,8,17,25,Fatal
SCRAPED_000215,News_Paper,2022,May,Tuesday,Rajasthan,Tractor,Truck,Unknown,Unknown,Unknown,Hit From Back,Unknown,Unknown,Unknown,4,13,17,Fatal
SCRAPED_000216,News_Paper,2022,May,Tuesday,Madhya Pradesh,Car,Truck,Unknown,Unknown,Over 51,Head On Collision,Unknown,Unknown,Unknown,1,2,3,Fatal
SCRAPED_000217,News_Paper,2022,May,Wednesday,Rajasthan,Car,Truck,Unknown,Unknown,Unknown,With Parked Vehicle,Unknown,Unknown,Unknown,4,0,4,Fatal
SCRAPED_000218,News_Paper,2022,May,Wednesday,Rajasthan,Pedestrian,Truck,Unknown,Unknown,Unknown,Head On Collision,Unknown,Unknown,Unknown,4,2,6,Fatal
SCRAPED_000219,News_Paper,2022,May,Friday,Andhra Pradesh,Two Wheeler,Lorry,Unknown,Unknown,31-50,Hit From Back,Unknown,Unknown,Unknown,1,0,1,Fatal
SCRAPED_000220,News_Paper,2022,May,Saturday,Kerala,Pedestrian,Truck,Unknown,Unknown,18-30,Hit And Run,Unknown,Unknown,Unknown,1,1,2,Fatal
SCRAPED_000221,News_Paper,2022,May,Sunday,Rajasthan,Car,Truck,Unknown,Unknown,Unknown,Others,Unknown,Unknown,Unknown,6,9,15,Fatal
SCRAPED_000222,News_Paper,2022,May,Sunday,Rajasthan,Bus,Truck,Unknown,Unknown,Unknown,Head On Collision,Unknown,Unknown,Unknown,2,4,6,Fatal
SCRAPED_000223,News_Paper,2022,May,Sunday,Rajasthan,Auto Rickshaw,Truck,Unknown,Unknown,Unknown,Others,Unknown,Unknown,Unknown,4,0,4,Fatal
SCRAPED_000224,News_Paper,2022,May,Thursday,Maharashtra,Two Wheeler,Truck,Unknown,Unknown,Unknown,Hit From Back,Unknown,Unknown,Unknown,2,0,2,Fatal
SCRAPED_000225,News_Paper,2022,May,Sunday,Manipur,Truck,Gorge,Unknown,Unknown,Unknown,Vehicle Overturn,Unknown,Unknown,Unknown,2,0,2,Fatal
SCRAPED_000226,News_Paper,2022,May,Tuesday,Haryana,Suv,Truck,Unknown,Unknown,Unknown,With Parked Vehicle,Unknown,Unknown,Unknown,5,11,16,Fatal
SCRAPED_000227,News_Paper,2022,May,Tuesday,Madhya Pradesh,Pedestrian,Truck,Unknown,Unknown,Unknown,Others,Unknown,Unknown,Unknown,3,10,13,Fatal
SCRAPED_000228,News_Paper,2022,May,Tuesday,Maharashtra,Auto Rickshaw,Truck,Unknown,Unknown,Unknown,Others,Unknown,Unknown,Unknown,3,10,13,Fatal
SCRAPED_000229,News_Paper,2022,May,Thursday,Haryana,Pedestrian,Truck,Unknown,Unknown,Unknown,Hit And Run,Unknown,Unknown,Unknown,3,15,18,Fatal
SCRAPED_000230,News_Paper,2022,May,Tuesday,Uttar Pradesh,Bus,Truck,Unknown,Unknown,Unknown,With Parked Vehicle,Unknown,Unknown,Unknown,3,31,34,Fatal
SCRAPED_000231,News_Paper,2022,May,Friday,Uttar Pradesh,Suv,Tractor,Unknown,Unknown,Unknown,Others,Unknown,Unknown,Unknown,6,3,9,Fatal
SCRAPED_000232,News_Paper,2022,May,Friday,Uttar Pradesh,Truck,Truck,Unknown,Unknown,Unknown,Head On Collision,Unknown,Unknown,Unknown,3,9,12,Fatal
SCRAPED_000233,News_Paper,2022,May,Thursday,Rajasthan,Truck,Truck,Unknown,Unknown,Unknown,Head On Collision,Unknown,Unknown,Unknown,1,1,2,Fatal
SCRAPED_000234,News_Paper,2022,May,Friday,Tamil Nadu,Two Wheeler,Truck,Unknown,Unknown,Under 18,Hit From Back,Unknown,Unknown,Unknown,1,2,3,Fatal
SCRAPED_000235,News_Paper,2022,May,Saturday,Gujarat,Truck,Truck,Unknown,Unknown,Unknown,Others,Unknown,Unknown,Unknown,2,2,4,Fatal
SCRAPED_000236,News_Paper,2022,May,Friday,Chhattisgarh,Pick Up,Truck,Unknown,Unknown,Unknown,Hit From Back,Unknown,Unknown,Unknown,4,0,4,Fatal
SCRAPED_000237,News_Paper,2022,May,Sunday,Uttar Pradesh,Suv,Truck,Unknown,Unknown,Unknown,With Parked Vehicle,Unknown,Unknown,Unknown,8,3,11,Fatal
SCRAPED_000238,News_Paper,2022,May,Sunday,Andhra Pradesh,Car,Truck,Unknown,Unknown,Unknown,Others,Unknown,Unknown,Unknown,3,2,5,Fatal
SCRAPED_000239,News_Paper,2022,May,Monday,Bihar,Truck,Nil,Unknown,Unknown,Unknown,Run Off Road,Unknown,Unknown,Unknown,8,10,18,Fatal
SCRAPED_000240,News_Paper,2022,May,Tuesday,Uttar Pradesh,Car,Truck,Unknown,Unknown,Unknown,With Parked Vehicle,Unknown,Unknown,Unknown,5,5,10,Fatal
SCRAPED_000241,News_Paper,2022,May,Tuesday,Karnataka,Lorry,Bus,Unknown,Unknown,Unknown,Others,Unknown,Unknown,Unknown,8,24,32,Fatal
SCRAPED_000242,News_Paper,2022,May,Tuesday,Delhi,Car,Truck,Unknown,Unknown,31-50,With Parked Vehicle,Unknown,Unknown,Unknown,1,1,2,Fatal
SCRAPED_000243,News_Paper,2022,May,Wednesday,Uttar Pradesh,Car,Truck,Unknown,Unknown,Unknown,Head On Collision,Unknown,Unknown,Unknown,4,0,4,Fatal
SCRAPED_000244,News_Paper,2022,May,Tuesday,Haryana,Suv,Truck,Unknown,Unknown,Unknown,Head On Collision,Unknown,Unknown,Unknown,6,17,23,Fatal
SCRAPED_000245,News_Paper,2022,May,Tuesday,Tamil Nadu,Two Wheeler,Truck,Unknown,Unknown,Unknown,Hit From Back,Unknown,Unknown,Unknown,2,0,2,Fatal
SCRAPED_000246,News_Paper,2022,May,Wednesday,Andhra Pradesh,Auto Rickshaw,Lorry,Unknown,Unknown,Unknown,Others,Unknown,Unknown,Unknown,2,0,2,Fatal
SCRAPED_000247,News_Paper,2022,May,Thursday,Andhra Pradesh,Two Wheeler,Lorry,Unknown,Unknown,Unknown,Head On Collision,Unknown,Unknown,Unknown,3,0,3,Fatal
SCRAPED_000248,News_Paper,2022,May,Sunday,Uttar Pradesh,Bus,Truck,Unknown,Unknown,Unknown,Head On Collision,Unknown,Unknown,Unknown,7,9,16,Fatal
SCRAPED_000249,News_Paper,2022,May,Saturday,Uttar Pradesh,Two Wheeler,Truck,Unknown,Unknown,18-30,Head On Collision,Unknown,Unknown,Unknown,1,1,2,Fatal
SCRAPED_000250,News_Paper,2022,May,Friday,Rajasthan,Bus,Truck,Unknown,Unknown,Unknown,With Parked Vehicle,Unknown,Unknown,Unknown,2,15,17,Fatal
SCRAPED_000251,News_Paper,2022,May,Saturday,Gujarat,Two Wheeler,Truck,Unknown,Unknown,Unknown,Hit From Back,Unknown,Unknown,Unknown,4,0,4,Fatal
SCRAPED_000252,News_Paper,2022,May,Saturday,Madhya Pradesh,Car,Truck,Unknown,Unknown,Unknown,Head On Collision,Unknown,Unknown,Unknown,2,1,3,Fatal
SCRAPED_000253,News_Paper,2022,May,Monday,Maharashtra,Pedestrian,Truck,Unknown,Unknown,31-50,Hit And Run,Unknown,Unknown,Unknown,1,4,5,Fatal
SCRAPED_000254,News_Paper,2022,May,Sunday,Andhra Pradesh,Lorry,Truck,Unknown,Unknown,Unknown,With Parked Vehicle,Unknown,Unknown,Unknown,7,18,25,Fatal
SCRAPED_000255,News_Paper,2022,June,Wednesday,Gujarat,Car,Truck,Unknown,Unknown,Unknown,Others,Unknown,Unknown,Unknown,4,0,4,Fatal
SCRAPED_000256,News_Paper,2022,May,Monday,Madhya Pradesh,Suv,Truck,Unknown,Unknown,Unknown,With Parked Vehicle,Unknown,Unknown,Unknown,2,0,2,Fatal
SCRAPED_000257,News_Paper,2022,June,Thursday,Maharashtra,Car,Tractor,Unknown,Unknown,Unknown,With Parked Vehicle,Unknown,Unknown,Unknown,7,9,16,Fatal
SCRAPED_000258,News_Paper,2022,June,Saturday,Maharashtra,Car,Truck,Unknown,Unknown,Unknown,With Parked Vehicle,Unknown,Unknown,Unknown,5,0,5,Fatal
SCRAPED_000259,News_Paper,2022,June,Friday,Maharashtra,Two Wheeler,Truck,Unknown,Unknown,Unknown,Head On Collision,Unknown,Unknown,Unknown,2,0,2,Fatal
SCRAPED_000260,News_Paper,2022,June,Monday,Madhya Pradesh,Tractor,Nil,Unknown,Unknown,Unknown,Run Off Road,Unknown,Unknown,Unknown,2,1,3,Fatal
SCRAPED_000261,News_Paper,2022,June,Monday,Madhya Pradesh,Two Wheeler,Truck,Unknown,Unknown,Unknown,Others,Unknown,Unknown,Unknown,2,0,2,Fatal
SCRAPED_000262,News_Paper,2022,June,Sunday,Delhi,Car,Truck,Unknown,Unknown,31-50,With Parked Vehicle,Unknown,Unknown,Unknown,1,4,5,Fatal
SCRAPED_000263,News_Paper,2022,June,Monday,Rajasthan,Suv,Truck,Unknown,Unknown,Unknown,Head On Collision,Unknown,Unknown,Unknown,8,2,10,Fatal
SCRAPED_000264,News_Paper,2022,June,Wednesday,Madhya Pradesh,Car,Truck,Unknown,Unknown,Unknown,Others,Unknown,Unknown,Unknown,4,0,4,Fatal
SCRAPED_000265,News_Paper,2022,June,Wednesday,Uttar Pradesh,Two Wheeler,Truck,Unknown,Unknown,Unknown,Others,Unknown,Unknown,Unknown,5,0,5,Fatal
SCRAPED_000266,News_Paper,2022,June,Wednesday,Uttarakhand,Two Wheeler,Truck,Unknown,Unknown,Unknown,Hit From Back,Unknown,Unknown,Unknown,2,0,2,Fatal
SCRAPED_000267,News_Paper,2022,June,Wednesday,Maharashtra,Car,Truck,Unknown,Unknown,Unknown,Head On Collision,Unknown,Unknown,Unknown,3,0,3,Fatal
SCRAPED_000268,News_Paper,2022,June,Thursday,Madhya Pradesh,Two Wheeler,Tractor,Unknown,Unknown,31-50,Hit From Back,Unknown,Unknown,Unknown,1,1,2,Fatal
SCRAPED_000269,News_Paper,2022,June,Thursday,Madhya Pradesh,Two Wheeler,Truck,Unknown,Unknown,Unknown,Hit From Back,Unknown,Unknown,Unknown,1,0,1,Fatal
SCRAPED_000270,News_Paper,2022,June,Friday,Maharashtra,Truck,Truck,Unknown,Unknown,31-50,With Parked Vehicle,Unknown,Unknown,Unknown,1,0,1,Fatal
SCRAPED_000271,News_Paper,2022,June,Saturday,Madhya Pradesh,Van,Tractor,Unknown,Unknown,18-30,Hit From Back,Unknown,Unknown,Unknown,1,0,1,Fatal
SCRAPED_000272,News_Paper,2022,June,Sunday,Delhi,Car,Truck,Unknown,Unknown,Unknown,With Parked Vehicle,Unknown,Unknown,Unknown,2,3,5,Fatal
SCRAPED_000273,News_Paper,2022,June,Saturday,Chhattisgarh,Auto Rickshaw,Truck,Unknown,Unknown,Unknown,Others,Unknown,Unknown,Unknown,2,12,14,Fatal
SCRAPED_000274,News_Paper,2022,June,Monday,Andhra Pradesh,Two Wheeler,Lorry,Unknown,Unknown,Unknown,Hit From Back,Unknown,Unknown,Unknown,2,0,2,Fatal
SCRAPED_000275,News_Paper,2022,June,Monday,Bihar,Auto Rickshaw,Truck,Unknown,Unknown,Unknown,Head On Collision,Unknown,Unknown,Unknown,5,7,12,Fatal
SCRAPED_000276,News_Paper,2022,June,Tuesday,Uttar Pradesh,Tractor,Truck,Unknown,Unknown,Unknown,Hit From Back,Unknown,Unknown,Unknown,6,14,20,Fatal
SCRAPED_000277,News_Paper,2022,June,Sunday,Telangana,Car,Truck,Unknown,Unknown,Unknown,Head On Collision,Unknown,Unknown,Unknown,3,0,3,Fatal
SCRAPED_000278,News_Paper,2022,June,Tuesday,Uttar Pradesh,Pedestrian,Tractor,Unknown,Unknown,Unknown,Hit And Run,Unknown,Unknown,Unknown,2,0,2,Fatal
SCRAPED_000279,News_Paper,2022,June,Wednesday,Madhya Pradesh,Bus,Truck,Unknown,Unknown,Unknown,With Parked Vehicle,Unknown,Unknown,Unknown,3,7,10,Fatal
SCRAPED_000280,News_Paper,2022,June,Saturday,Uttar Pradesh,Van,Truck,Unknown,Unknown,Unknown,Head On Collision,Unknown,Unknown,Unknown,7,5,12,Fatal
SCRAPED_000281,News_Paper,2022,June,Monday,Punjab,Car,Truck,Unknown,Unknown,Unknown,With Parked Vehicle,Unknown,Unknown,Unknown,5,2,7,Fatal
SCRAPED_000282,News_Paper,2022,June,Saturday,Madhya Pradesh,Two Wheeler,Truck,Unknown,Unknown,18-30,Others,Unknown,Unknown,Unknown,1,0,1,Fatal
SCRAPED_000283,News_Paper,2022,June,Friday,Himachal Pradesh,Two Wheeler,Truck,Unknown,Unknown,Over 51,Head On Collision,Unknown,Unknown,Unknown,1,0,1,Fatal
SCRAPED_000284,News_Paper,2022,June,Saturday,Himachal Pradesh,Truck,Gorge,Unknown,Unknown,Unknown,Vehicle Overturn,Unknown,Unknown,Unknown,1,0,1,Fatal
SCRAPED_000285,News_Paper,2022,June,Monday,Madhya Pradesh,Two Wheeler,Truck,Unknown,Unknown,Unknown,Head On Collision,Unknown,Unknown,Unknown,2,0,2,Fatal
SCRAPED_000286,News_Paper,2022,June,Sunday,Telangana,Two Wheeler,Lorry,Unknown,Unknown,Unknown,With Parked Vehicle,Unknown,Unknown,Unknown,1,0,1,Fatal
SCRAPED_000287,News_Paper,2022,June,Monday,Karnataka,Two Wheeler,Truck,Unknown,Unknown,31-50,Hit From Back,Unknown,Unknown,Unknown,1,0,1,Fatal
SCRAPED_000288,News_Paper,2022,June,Tuesday,Chandigarh,Bicycle,Truck,Unknown,Unknown,31-50,Others,Unknown,Unknown,Unknown,1,0,1,Fatal
SCRAPED_000289,News_Paper,2022,June,Wednesday,Chhattisgarh,Two Wheeler,Truck,Unknown,Unknown,18-30,Others,Unknown,Unknown,Unknown,1,1,2,Fatal
SCRAPED_000290,News_Paper,2022,June,Thursday,Rajasthan,Two Wheeler,Truck,Unknown,Unknown,31-50,Hit From Back,Unknown,Unknown,Unknown,1,0,1,Fatal
SCRAPED_000291,News_Paper,2022,June,Sunday,Chhattisgarh,Two Wheeler,Truck,Unknown,Unknown,31-50,Head On Collision,Unknown,Unknown,Unknown,1,0,1,Fatal
SCRAPED_000292,News_Paper,2022,June,Sunday,Madhya Pradesh,Two Wheeler,Truck,Unknown,Unknown,18-30,Head On Collision,Unknown,Unknown,Unknown,1,0,1,Fatal
SCRAPED_000293,News_Paper,2022,June,Monday,Rajasthan,Car,Truck,Unknown,Unknown,Unknown,With Parked Vehicle,Unknown,Unknown,Unknown,5,0,5,Fatal
SCRAPED_000294,News_Paper,2022,June,Wednesday,Maharashtra,Pick Up,Truck,Unknown,Unknown,Unknown,Head On Collision,Unknown,Unknown,Unknown,4,0,4,Fatal
SCRAPED_000295,News_Paper,2022,June,Wednesday,Chhattisgarh,Car,Truck,Unknown,Unknown,Unknown,Head On Collision,Unknown,Unknown,Unknown,2,3,5,Fatal
SCRAPED_000296,News_Paper,2022,July,Friday,Uttar Pradesh,Auto Rickshaw,Truck,Unknown,Unknown,Unknown,Head On Collision,Unknown,Unknown,Unknown,6,3,9,Fatal
SCRAPED_000297,News_Paper,2022,July,Saturday,Maharashtra,Suv,Truck,Unknown,Unknown,Unknown,Hit From Back,Unknown,Unknown,Unknown,3,1,4,Fatal
SCRAPED_000298,News_Paper,2022,June,Tuesday,Maharashtra,Two Wheeler,Truck,Unknown,Unknown,Unknown,Hit From Side,Unknown,Unknown,Unknown,3,0,3,Fatal
SCRAPED_000299,News_Paper,2022,July,Friday,Andhra Pradesh,Two Wheeler,Lorry,Unknown,Unknown,31-50,Others,Unknown,Unknown,Unknown,1,0,1,Fatal
SCRAPED_000300,News_Paper,2022,July,Saturday,Nagaland,Auto Rickshaw,Truck,Unknown,Unknown,Unknown,Others,Unknown,Unknown,Unknown,5,3,8,Fatal
SCRAPED_000301,News_Paper,2022,July,Sunday,Maharashtra,Two Wheeler,Truck,Unknown,Unknown,Unknown,Others,Unknown,Unknown,Unknown,3,4,7,Fatal
SCRAPED_000302,News_Paper,2022,July,Tuesday,Himachal Pradesh,Truck,Nil,Unknown,Unknown,Unknown,Run Off Road,Unknown,Unknown,Unknown,3,1,4,Fatal
SCRAPED_000303,News_Paper,2022,July,Monday,Madhya Pradesh,Truck,Truck,Unknown,Unknown,31-50,With Parked Vehicle,Unknown,Unknown,Unknown,1,1,2,Fatal
SCRAPED_000304,News_Paper,2022,July,Monday,Telangana,Car,Truck,Unknown,Unknown,Unknown,Hit From Back,Unknown,Unknown,Unknown,3,0,3,Fatal
SCRAPED_000305,News_Paper,2022,July,Monday,Kerala,Two Wheeler,Truck,Unknown,Unknown,Unknown,Hit From Side,Unknown,Unknown,Unknown,2,1,3,Fatal
SCRAPED_000306,News_Paper,2022,July,Wednesday,Andhra Pradesh,Two Wheeler,Lorry,Unknown,Unknown,Unknown,Others,Unknown,Unknown,Unknown,2,0,2,Fatal
SCRAPED_000307,News_Paper,2022,July,Thursday,Uttar Pradesh,Truck,Truck,Unknown,Unknown,Unknown,Others,Unknown,Unknown,Unknown,2,9,11,Fatal
SCRAPED_000308,News_Paper,2022,July,Friday,Tamil Nadu,Bus,Truck,Unknown,Unknown,Unknown,With Parked Vehicle,Unknown,Unknown,Unknown,6,10,16,Fatal
SCRAPED_000309,News_Paper,2022,July,Thursday,Tamil Nadu,Car,Truck,Unknown,Unknown,Unknown,Others,Unknown,Unknown,Unknown,4,0,4,Fatal
SCRAPED_000310,News_Paper,2022,July,Friday,Gujarat,Two Wheeler,Truck,Unknown,Unknown,Unknown,With Parked Vehicle,Unknown,Unknown,Unknown,3,0,3,Fatal
SCRAPED_000311,News_Paper,2022,July,Friday,Karnataka,Van,Truck,Unknown,Unknown,31-50,Hit From Side,Unknown,Unknown,Unknown,1,0,1,Fatal
SCRAPED_000312,News_Paper,2022,July,Saturday,Rajasthan,Car,Truck,Unknown,Unknown,Unknown,Others,Unknown,Unknown,Unknown,2,2,4,Fatal
SCRAPED_000313,News_Paper,2022,July,Sunday,Rajasthan,Car,Truck,Unknown,Unknown,Unknown,Others,Unknown,Unknown,Unknown,1,5,6,Fatal
SCRAPED_000314,News_Paper,2022,July,Sunday,Rajasthan,Car,Truck,Unknown,Unknown,Unknown,Head On Collision,Unknown,Unknown,Unknown,2,3,5,Fatal
SCRAPED_000315,News_Paper,2022,July,Thursday,Uttar Pradesh,Car,Truck,Unknown,Unknown,Unknown,With Parked Vehicle,Unknown,Unknown,Unknown,2,2,4,Fatal
SCRAPED_000316,News_Paper,2022,July,Sunday,Uttar Pradesh,Two Wheeler,Tractor,Unknown,Unknown,18-30,Head On Collision,Unknown,Unknown,Unknown,1,1,2,Fatal
SCRAPED_000317,News_Paper,2022,July,Tuesday,Odisha,Bus,Truck,Unknown,Unknown,Unknown,Others,Unknown,Unknown,Unknown,1,8,9,Fatal
SCRAPED_000318,News_Paper,2022,July,Monday,Uttar Pradesh,Two Wheeler,Truck,Unknown,Unknown,31-50,Hit From Back,Unknown,Unknown,Unknown,1,1,2,Fatal
SCRAPED_000319,News_Paper,2022,July,Wednesday,Himachal Pradesh,Truck,Gorge,Unknown,Unknown,Unknown,Vehicle Overturn,Unknown,Unknown,Unknown,3,3,6,Fatal
SCRAPED_000320,News_Paper,2022,July,Monday,Tamil Nadu,Car,Truck,Unknown,Unknown,31-50,With Parked Vehicle,Unknown,Unknown,Unknown,1,4,5,Fatal
SCRAPED_000321,News_Paper,2022,July,Monday,Karnataka,Two Wheeler,Truck,Unknown,Unknown,18-30,With Parked Vehicle,Unknown,Unknown,Unknown,1,1,2,Fatal
SCRAPED_000322,News_Paper,2022,July,Wednesday,Telangana,Car,Lorry,Unknown,Unknown,Unknown,With Parked Vehicle,Unknown,Unknown,Unknown,3,0,3,Fatal
SCRAPED_000323,News_Paper,2022,July,Friday,Tamil Nadu,Pedestrian,Truck,Unknown,Unknown,Unknown,Hit And Run,Unknown,Unknown,Unknown,2,0,2,Fatal
SCRAPED_000324,News_Paper,2022,July,Saturday,Uttar Pradesh,Bus,Truck,Unknown,Unknown,Unknown,Head On Collision,Unknown,Unknown,Unknown,5,22,27,Fatal
SCRAPED_000325,News_Paper,2022,July,Saturday,Chhattisgarh,Two Wheeler,Truck,Unknown,Unknown,Unknown,Hit From Back,Unknown,Unknown,Unknown,2,0,2,Fatal
SCRAPED_000326,News_Paper,2022,July,Sunday,Goa,Two Wheeler,Truck,Unknown,Unknown,Over 51,Head On Collision,Unknown,Unknown,Unknown,1,0,1,Fatal
SCRAPED_000327,News_Paper,2022,July,Saturday,Madhya Pradesh,Two Wheeler,Truck,Unknown,Unknown,Unknown,Head On Collision,Unknown,Unknown,Unknown,3,0,3,Fatal
SCRAPED_000328,News_Paper,2022,July,Saturday,Uttar Pradesh,Pedestrian,Truck,Unknown,Unknown,Unknown,Hit And Run,Unknown,Unknown,Unknown,5,1,6,Fatal
SCRAPED_000329,News_Paper,2022,July,Friday,Karnataka,Pedestrian,Truck,Unknown,Unknown,Under 18,Hit And Run,Unknown,Unknown,Unknown,1,0,1,Fatal
SCRAPED_000330,News_Paper,2022,July,Friday,Jammu,Car,Truck,Unknown,Unknown,Unknown,Others,Unknown,Unknown,Unknown,4,15,19,Fatal
SCRAPED_000331,News_Paper,2022,July,Saturday,Bihar,Two Wheeler,Truck,Unknown,Unknown,Unknown,Others,Unknown,Unknown,Unknown,2,1,3,Fatal
SCRAPED_000332,News_Paper,2022,July,Wednesday,Andhra Pradesh,Car,Truck,Unknown,Unknown,Unknown,Hit From Back,Unknown,Unknown,Unknown,3,3,6,Fatal
SCRAPED_000333,News_Paper,2022,July,Wednesday,Tamil Nadu,Two Wheeler,Truck,Unknown,Unknown,Unknown,Head On Collision,Unknown,Unknown,Unknown,2,0,2,Fatal
SCRAPED_000334,News_Paper,2022,July,Friday,Rajasthan,Two Wheeler,Truck,Unknown,Unknown,Unknown,Hit From Back,Unknown,Unknown,Unknown,3,0,3,Fatal
SCRAPED_000335,News_Paper,2022,July,Saturday,Tamil Nadu,Bus,Truck,Unknown,Unknown,Unknown,With Parked Vehicle,Unknown,Unknown,Unknown,2,3,5,Fatal
SCRAPED_000336,News_Paper,2022,July,Saturday,Haryana,Two Wheeler,Truck,Unknown,Unknown,Unknown,Hit From Back,Unknown,Unknown,Unknown,2,1,3,Fatal
SCRAPED_000337,News_Paper,2022,July,Saturday,West Bengal,Bicycle,Truck,Unknown,Unknown,Under 18,Hit From Back,Unknown,Unknown,Unknown,1,0,1,Fatal
SCRAPED_000338,News_Paper,2022,August,Monday,Madhya Pradesh,Two Wheeler,Truck,Unknown,Unknown,18-30,Head On Collision,Unknown,Unknown,Unknown,1,0,1,Fatal
SCRAPED_000339,News_Paper,2022,August,Wednesday,Bihar,Pedestrian,Truck,Unknown,Unknown,Unknown,Hit And Run,Unknown,Unknown,Unknown,5,7,12,Fatal
SCRAPED_000340,News_Paper,2022,August,Wednesday,Punjab,Two Wheeler,Truck,Unknown,Unknown,Unknown,With Parked Vehicle,Unknown,Unknown,Unknown,1,0,1,Fatal
SCRAPED_000341,News_Paper,2022,August,Wednesday,Punjab,Two Wheeler,Truck,Unknown,Unknown,31-50,Others,Unknown,Unknown,Unknown,1,1,2,Fatal
SCRAPED_000342,News_Paper,2022,August,Tuesday,Madhya Pradesh,Car,Truck,Unknown,Unknown,Unknown,Others,Unknown,Unknown,Unknown,1,4,5,Fatal
SCRAPED_000343,News_Paper,2022,August,Thursday,Jammu,Truck,Gorge,Unknown,Unknown,Unknown,Vehicle Overturn,Unknown,Unknown,Unknown,5,12,17,Fatal
SCRAPED_000344,News_Paper,2022,August,Friday,West Bengal,Two Wheeler,Truck,Unknown,Unknown,18-30,With Parked Vehicle,Unknown,Unknown,Unknown,1,1,2,Fatal
SCRAPED_000345,News_Paper,2022,August,Friday,Madhya Pradesh,Pedestrian,Truck,Unknown,Unknown,Under 18,Hit And Run,Unknown,Unknown,Unknown,1,0,1,Fatal
SCRAPED_000346,News_Paper,2022,August,Friday,Maharashtra,Two Wheeler,Truck,Unknown,Unknown,Unknown,Hit From Side,Unknown,Unknown,Unknown,2,0,2,Fatal
SCRAPED_000347,News_Paper,2022,August,Monday,Andhra Pradesh,Car,Lorry,Unknown,Unknown,Unknown,Others,Unknown,Unknown,Unknown,5,0,5,Fatal
SCRAPED_000348,News_Paper,2022,August,Tuesday,Jharkhand,Pedestrian,Truck,Unknown,Unknown,Unknown,Hit And Run,Unknown,Unknown,Unknown,3,1,4,Fatal
SCRAPED_000349,News_Paper,2022,August,Tuesday,West Bengal,Bicycle,Truck,Unknown,Unknown,Unknown,Others,Unknown,Unknown,Unknown,1,0,1,Fatal
SCRAPED_000350,News_Paper,2022,August,Monday,West Bengal,Pedestrian,Truck,Unknown,Unknown,31-50,Hit And Run,Unknown,Unknown,Unknown,1,0,1,Fatal
SCRAPED_000351,News_Paper,2022,August,Wednesday,Uttar Pradesh,Two Wheeler,Truck,Unknown,Unknown,31-50,Others,Unknown,Unknown,Unknown,1,1,2,Fatal
SCRAPED_000352,News_Paper,2022,August,Wednesday,Karnataka,Two Wheeler,Truck,Unknown,Unknown,18-30,Hit From Back,Unknown,Unknown,Unknown,1,1,2,Fatal
SCRAPED_000353,News_Paper,2022,August,Wednesday,Andhra Pradesh,Two Wheeler,Lorry,Unknown,Unknown,Unknown,Others,Unknown,Unknown,Unknown,2,0,2,Fatal
SCRAPED_000354,News_Paper,2022,August,Thursday,Maharashtra,Two Wheeler,Tractor,Unknown,Unknown,18-30,Hit From Back,Unknown,Unknown,Unknown,1,1,2,Fatal
SCRAPED_000355,News_Paper,2022,August,Friday,Madhya Pradesh,Pedestrian,Truck,Unknown,Unknown,Unknown,Hit And Run,Unknown,Unknown,Unknown,2,0,2,Fatal
SCRAPED_000356,News_Paper,2022,August,Sunday,Maharashtra,Car,Truck,Unknown,Unknown,Unknown,Head On Collision,Unknown,Unknown,Unknown,6,0,6,Fatal
SCRAPED_000357,News_Paper,2022,August,Saturday,Gujarat,Car,Truck,Unknown,Unknown,Unknown,Hit From Back,Unknown,Unknown,Unknown,4,0,4,Fatal
SCRAPED_000358,News_Paper,2022,August,Monday,Maharashtra,Car,Truck,Unknown,Unknown,Over 51,Hit From Back,Unknown,Unknown,Unknown,1,0,1,Fatal
SCRAPED_000359,News_Paper,2022,August,Tuesday,Haryana,Suv,Truck,Unknown,Unknown,Unknown,Hit From Side,Unknown,Unknown,Unknown,4,2,6,Fatal
SCRAPED_000360,News_Paper,2022,August,Wednesday,Maharashtra,Bus,Truck,Unknown,Unknown,Unknown,Head On Collision,Unknown,Unknown,Unknown,5,1,6,Fatal
SCRAPED_000361,News_Paper,2022,August,Tuesday,Maharashtra,Two Wheeler,Truck,Unknown,Unknown,31-50,With Parked Vehicle,Unknown,Unknown,Unknown,1,0,1,Fatal
SCRAPED_000362,News_Paper,2022,August,Tuesday,Maharashtra,Two Wheeler,Truck,Unknown,Unknown,31-50,With Parked Vehicle,Unknown,Unknown,Unknown,1,0,1,Fatal
SCRAPED_000363,News_Paper,2022,August,Tuesday,Andhra Pradesh,Car,Lorry,Unknown,Unknown,Unknown,With Parked Vehicle,Unknown,Unknown,Unknown,4,0,4,Fatal
SCRAPED_000364,News_Paper,2022,August,Tuesday,Assam,Two Wheeler,Truck,Unknown,Unknown,18-30,Others,Unknown,Unknown,Unknown,1,3,4,Fatal
SCRAPED_000365,News_Paper,2022,August,Thursday,Rajasthan,Car,Truck,Unknown,Unknown,Unknown,Hit From Back,Unknown,Unknown,Unknown,4,0,4,Fatal
SCRAPED_000366,News_Paper,2022,August,Thursday,Himachal Pradesh,Car,Truck,Unknown,Unknown,Unknown,Head On Collision,Unknown,Unknown,Unknown,2,0,2,Fatal
SCRAPED_000367,News_Paper,2022,August,Saturday,Karnataka,Bus,Truck,Unknown,Unknown,Unknown,Head On Collision,Unknown,Unknown,Unknown,2,10,12,Fatal
SCRAPED_000368,News_Paper,2022,August,Friday,West Bengal,Two Wheeler,Truck,Unknown,Unknown,18-30,Others,Unknown,Unknown,Unknown,1,1,2,Fatal
SCRAPED_000369,News_Paper,2022,August,Saturday,West Bengal,Two Wheeler,Truck,Unknown,Unknown,31-50,Others,Unknown,Unknown,Unknown,1,0,1,Fatal
SCRAPED_000370,News_Paper,2022,August,Sunday,Maharashtra,Two Wheeler,Truck,Unknown,Unknown,Under 18,Hit From Back,Unknown,Unknown,Unknown,1,4,5,Fatal
SCRAPED_000371,News_Paper,2022,August,Monday,Madhya Pradesh,Truck,Truck,Unknown,Unknown,Unknown,Others,Unknown,Unknown,Unknown,4,11,15,Fatal
SCRAPED_000372,News_Paper,2022,August,Sunday,Uttar Pradesh,Suv,Truck,Unknown,Unknown,Unknown,With Parked Vehicle,Unknown,Unknown,Unknown,6,6,12,Fatal
SCRAPED_000373,News_Paper,2022,August,Monday,Rajasthan,Car,Truck,Unknown,Unknown,Unknown,Head On Collision,Unknown,Unknown,Unknown,4,0,4,Fatal
SCRAPED_000374,News_Paper,2022,August,Sunday,Uttar Pradesh,Two Wheeler,Truck,Unknown,Unknown,Unknown,Head On Collision,Unknown,Unknown,Unknown,5,0,5,Fatal
SCRAPED_000375,News_Paper,2022,August,Monday,Haryana,Car,Truck,Unknown,Unknown,18-30,With Parked Vehicle,Unknown,Unknown,Unknown,1,1,2,Fatal
SCRAPED_000376,News_Paper,2022,August,Tuesday,Madhya Pradesh,Auto Rickshaw,Truck,Unknown,Unknown,Unknown,Head On Collision,Unknown,Unknown,Unknown,3,15,18,Fatal
SCRAPED_000377,News_Paper,2022,August,Tuesday,Chhattisgarh,Car,Truck,Unknown,Unknown,Unknown,Head On Collision,Unknown,Unknown,Unknown,2,1,3,Fatal
SCRAPED_000378,News_Paper,2022,August,Thursday,Karnataka,Suv,Truck,Unknown,Unknown,Unknown,Hit From Back,Unknown,Unknown,Unknown,9,14,23,Fatal
SCRAPED_000379,News_Paper,2022,August,Thursday,Tamil Nadu,Two Wheeler,Truck,Unknown,Unknown,Unknown,Head On Collision,Unknown,Unknown,Unknown,2,0,2,Fatal
SCRAPED_000380,News_Paper,2022,August,Friday,Maharashtra,Car,Truck,Unknown,Unknown,Unknown,Hit From Back,Unknown,Unknown,Unknown,2,0,2,Fatal
SCRAPED_000381,News_Paper,2022,August,Thursday,Karnataka,Two Wheeler,Truck,Unknown,Unknown,Unknown,Others,Unknown,Unknown,Unknown,3,1,4,Fatal
SCRAPED_000382,News_Paper,2022,August,Saturday,West Bengal,Car,Truck,Unknown,Unknown,31-50,Hit From Side,Unknown,Unknown,Unknown,1,0,1,Fatal
SCRAPED_000383,News_Paper,2022,August,Saturday,Uttar Pradesh,Tractor,River,Unknown,Unknown,Unknown,Vehicle Overturn,Unknown,Unknown,Unknown,6,14,20,Fatal
SCRAPED_000384,News_Paper,2022,August,Sunday,Maharashtra,Two Wheeler,Truck,Unknown,Unknown,18-30,Head On Collision,Unknown,Unknown,Unknown,1,0,1,Fatal
SCRAPED_000385,News_Paper,2022,August,Sunday,Odisha,Auto Rickshaw,Truck,Unknown,Unknown,Unknown,Head On Collision,Unknown,Unknown,Unknown,5,0,5,Fatal
SCRAPED_000386,News_Paper,2022,August,Tuesday,Uttar Pradesh,Pedestrian,Truck,Unknown,Unknown,Unknown,Hit And Run,Unknown,Unknown,Unknown,2,0,2,Fatal
SCRAPED_000387,News_Paper,2022,August,Wednesday,West Bengal,Two Wheeler,Truck,Unknown,Unknown,18-30,Hit From Back,Unknown,Unknown,Unknown,1,0,1,Fatal
SCRAPED_000388,News_Paper,2022,August,Wednesday,West Bengal,Pedestrian,Truck,Unknown,Unknown,31-50,Hit And Run,Unknown,Unknown,Unknown,1,0,1,Fatal
SCRAPED_000389,News_Paper,2022,August,Wednesday,Himachal Pradesh,Truck,Gorge,Unknown,Unknown,Unknown,Vehicle Overturn,Unknown,Unknown,Unknown,1,4,5,Fatal
SCRAPED_000390,News_Paper,2022,September,Friday,Madhya Pradesh,Two Wheeler,Truck,Unknown,Unknown,Unknown,Others,Unknown,Unknown,Unknown,1,1,2,Fatal
SCRAPED_000391,News_Paper,2022,September,Saturday,Tamil Nadu,Two Wheeler,Truck,Unknown,Unknown,18-30,Others,Unknown,Unknown,Unknown,1,1,2,Fatal
SCRAPED_000392,News_Paper,2022,September,Sunday,Karnataka,Pedestrian,Truck,Unknown,Unknown,Under 18,Hit And Run,Unknown,Unknown,Unknown,1,1,2,Fatal
SCRAPED_000393,News_Paper,2022,September,Monday,Madhya Pradesh,Two Wheeler,Truck,Unknown,Unknown,Unknown,Hit From Back,Unknown,Unknown,Unknown,1,0,1,Fatal
SCRAPED_000394,News_Paper,2022,September,Wednesday,Rajasthan,Car,Truck,Unknown,Unknown,Under 18,Head On Collision,Unknown,Unknown,Unknown,6,0,6,Fatal
SCRAPED_000395,News_Paper,2022,September,Monday,Gujarat,Bus,Truck,Unknown,Unknown,Unknown,With Parked Vehicle,Unknown,Unknown,Unknown,4,11,15,Fatal
SCRAPED_000396,News_Paper,2022,September,Tuesday,Punjab,Pedestrian,Truck,Unknown,Unknown,Over 51,Hit And Run,Unknown,Unknown,Unknown,1,0,1,Fatal
SCRAPED_000397,News_Paper,2022,September,Tuesday,Punjab,Pedestrian,Truck,Unknown,Unknown,Over 51,Hit And Run,Unknown,Unknown,Unknown,1,0,1,Fatal
SCRAPED_000398,News_Paper,2022,September,Tuesday,Uttar Pradesh,Truck,Bus,Unknown,Unknown,Unknown,Others,Unknown,Unknown,Unknown,1,4,5,Fatal
SCRAPED_000399,News_Paper,2022,September,Thursday,Haryana,Car,Tractor,Unknown,Unknown,Unknown,Head On Collision,Unknown,Unknown,Unknown,2,1,3,Fatal
SCRAPED_000400,News_Paper,2022,September,Saturday,Rajasthan,Car,Truck,Unknown,Unknown,Unknown,Others,Unknown,Unknown,Unknown,4,2,6,Fatal
SCRAPED_000401,News_Paper,2022,September,Saturday,Haryana,Two Wheeler,Truck,Unknown,Unknown,Unknown,Hit From Back,Unknown,Unknown,Unknown,2,0,2,Fatal
SCRAPED_000402,News_Paper,2022,September,Saturday,Haryana,Tractor,Nil,Unknown,Unknown,Unknown,Run Off Road,Unknown,Unknown,Unknown,1,1,2,Fatal
SCRAPED_000403,News_Paper,2022,September,Wednesday,Rajasthan,Suv,Truck,Unknown,Unknown,Unknown,Head On Collision,Unknown,Unknown,Unknown,5,12,17,Fatal
SCRAPED_000404,News_Paper,2022,September,Friday,Rajasthan,Two Wheeler,Tractor,Unknown,Unknown,Unknown,Others,Unknown,Unknown,Unknown,3,1,4,Fatal
SCRAPED_000405,News_Paper,2022,September,Thursday,Maharashtra,Two Wheeler,Truck,Unknown,Unknown,31-50,Hit From Back,Unknown,Unknown,Unknown,1,0,1,Fatal
SCRAPED_000406,News_Paper,2022,September,Friday,Gujarat,Car,Truck,Unknown,Unknown,Unknown,Head On Collision,Unknown,Unknown,Unknown,2,0,2,Fatal
SCRAPED_000407,News_Paper,2022,September,Monday,Punjab,Car,Truck,Unknown,Unknown,Unknown,Head On Collision,Unknown,Unknown,Unknown,3,0,3,Fatal
SCRAPED_000408,News_Paper,2022,September,Monday,Punjab,Auto Rickshaw,Truck,Unknown,Unknown,18-30,Head On Collision,Unknown,Unknown,Unknown,1,3,4,Fatal
SCRAPED_000409,News_Paper,2022,September,Tuesday,Rajasthan,Car,Truck,Unknown,Unknown,Unknown,Head On Collision,Unknown,Unknown,Unknown,3,0,3,Fatal
SCRAPED_000410,News_Paper,2022,September,Wednesday,Haryana,Two Wheeler,Tractor,Unknown,Unknown,Unknown,Others,Unknown,Unknown,Unknown,2,1,3,Fatal
SCRAPED_000411,News_Paper,2022,September,Thursday,Uttar Pradesh,Tractor,Truck,Unknown,Unknown,Unknown,Head On Collision,Unknown,Unknown,Unknown,4,20,24,Fatal
SCRAPED_000412,News_Paper,2022,September,Friday,Odisha,Bus,Truck,Unknown,Unknown,Unknown,Head On Collision,Unknown,Unknown,Unknown,4,8,12,Fatal
SCRAPED_000413,News_Paper,2022,September,Thursday,Maharashtra,Two Wheeler,Truck,Unknown,Unknown,18-30,Hit From Back,Unknown,Unknown,Unknown,1,0,1,Fatal
SCRAPED_000414,News_Paper,2022,September,Friday,Uttar Pradesh,Car,Truck,Unknown,Unknown,Under 18,Others,Unknown,Unknown,Unknown,1,2,3,Fatal
SCRAPED_000415,News_Paper,2022,September,Friday,Karnataka,Two Wheeler,Truck,Unknown,Unknown,18-30,Head On Collision,Unknown,Unknown,Unknown,1,0,1,Fatal
SCRAPED_000416,News_Paper,2022,September,Friday,Karnataka,Two Wheeler,Truck,Unknown,Unknown,18-30,Head On Collision,Unknown,Unknown,Unknown,1,0,1,Fatal
SCRAPED_000417,News_Paper,2022,September,Sunday,Tamil Nadu,Bus,Truck,Unknown,Unknown,Unknown,Others,Unknown,Unknown,Unknown,6,0,6,Fatal
SCRAPED_000418,News_Paper,2022,September,Saturday,Maharashtra,Truck,Truck,Unknown,Unknown,31-50,Hit From Side,Unknown,Unknown,Unknown,1,1,2,Fatal
SCRAPED_000419,News_Paper,2022,September,Saturday,Karnataka,Car,Truck,Unknown,Unknown,Unknown,Others,Unknown,Unknown,Unknown,2,2,4,Fatal
SCRAPED_000420,News_Paper,2022,September,Saturday,Haryana,Tractor,Truck,Unknown,Unknown,Unknown,Head On Collision,Unknown,Unknown,Unknown,4,7,11,Fatal
SCRAPED_000421,News_Paper,2022,September,Monday,Maharashtra,Bus,Truck,Unknown,Unknown,Over 51,Head On Collision,Unknown,Unknown,Unknown,1,5,6,Fatal
SCRAPED_000422,News_Paper,2022,September,Saturday,West Bengal,Truck,Truck,Unknown,Unknown,Over 51,With Parked Vehicle,Unknown,Unknown,Unknown,1,0,1,Fatal
SCRAPED_000423,News_Paper,2022,September,Monday,Punjab,Pedestrian,Truck,Unknown,Unknown,Over 51,Hit And Run,Unknown,Unknown,Unknown,1,0,1,Fatal
SCRAPED_000424,News_Paper,2022,September,Monday,Maharashtra,Two Wheeler,Truck,Unknown,Unknown,31-50,Hit From Side,Unknown,Unknown,Unknown,1,1,2,Fatal
SCRAPED_000425,News_Paper,2022,September,Wednesday,Delhi,Pedestrian,Truck,Unknown,Unknown,Unknown,Hit And Run,Unknown,Unknown,Unknown,4,2,6,Fatal
SCRAPED_000426,News_Paper,2022,September,Monday,Haryana,Tractor,Ambulance,Unknown,Unknown,31-50,Hit From Side,Unknown,Unknown,Unknown,2,0,2,Fatal
SCRAPED_000427,News_Paper,2022,September,Tuesday,Maharashtra,Two Wheeler,Truck,Unknown,Unknown,31-50,Others,Unknown,Unknown,Unknown,1,0,1,Fatal
SCRAPED_000428,News_Paper,2022,September,Wednesday,Maharashtra,Two Wheeler,Truck,Unknown,Unknown,Under 18,Others,Unknown,Unknown,Unknown,1,0,1,Fatal
SCRAPED_000429,News_Paper,2022,September,Friday,Uttar Pradesh,Pedestrian,Truck,Unknown,Unknown,Unknown,Hit And Run,Unknown,Unknown,Unknown,2,0,2,Fatal
SCRAPED_000430,News_Paper,2022,September,Friday,Madhya Pradesh,Two Wheeler,Truck,Unknown,Unknown,31-50,Hit From Back,Unknown,Unknown,Unknown,1,2,3,Fatal
SCRAPED_000431,News_Paper,2022,September,Monday,Uttar Pradesh,Tractor,Nil,Unknown,Unknown,Unknown,Run Off Road,Unknown,Unknown,Unknown,10,20,30,Fatal
SCRAPED_000432,News_Paper,2022,September,Sunday,West Bengal,Two Wheeler,Truck,Unknown,Unknown,Unknown,Others,Unknown,Unknown,Unknown,2,1,3,Fatal
SCRAPED_000433,News_Paper,2022,September,Monday,Uttar Pradesh,Pedestrian,Truck,Unknown,Unknown,Unknown,Hit And Run,Unknown,Unknown,Unknown,2,1,3,Fatal
SCRAPED_000434,News_Paper,2022,September,Tuesday,Goa,Suv,Truck,Unknown,Unknown,Unknown,Head On Collision,Unknown,Unknown,Unknown,2,3,5,Fatal
SCRAPED_000435,News_Paper,2022,September,Wednesday,Bihar,Tractor,Truck,Unknown,Unknown,Unknown,Hit From Back,Unknown,Unknown,Unknown,2,34,36,Fatal
SCRAPED_000436,News_Paper,2022,September,Monday,Tamil Nadu,Pedestrian,Tractor,Unknown,Unknown,Under 18,Hit And Run,Unknown,Unknown,Unknown,1,0,1,Fatal
SCRAPED_000437,News_Paper,2022,September,Monday,Tamil Nadu,Two Wheeler,Truck,Unknown,Unknown,Under 18,Others,Unknown,Unknown,Unknown,1,2,3,Fatal
SCRAPED_000438,News_Paper,2022,September,Wednesday,Uttar Pradesh,Bus,Truck,Unknown,Unknown,Unknown,Head On Collision,Unknown,Unknown,Unknown,8,18,26,Fatal
SCRAPED_000439,News_Paper,2022,September,Tuesday,West Bengal,Pedestrian,Truck,Unknown,Unknown,Over 51,Hit And Run,Unknown,Unknown,Unknown,1,0,1,Fatal
SCRAPED_000440,News_Paper,2022,September,Wednesday,Tamil Nadu,Two Wheeler,Truck,Unknown,Unknown,Unknown,Others,Unknown,Unknown,Unknown,2,2,4,Fatal
SCRAPED_000441,News_Paper,2022,September,Thursday,Maharashtra,Two Wheeler,Truck,Unknown,Unknown,18-30,Others,Unknown,Unknown,Unknown,1,3,4,Fatal
SCRAPED_000442,News_Paper,2022,October,Saturday,Uttar Pradesh,Pick Up,Truck,Unknown,Unknown,Unknown,With Parked Vehicle,Unknown,Unknown,Unknown,5,10,15,Fatal
SCRAPED_000443,News_Paper,2022,October,Sunday,Madhya Pradesh,Car,Truck,Unknown,Unknown,Unknown,With Parked Vehicle,Unknown,Unknown,Unknown,4,1,5,Fatal
SCRAPED_000444,News_Paper,2022,October,Saturday,Himachal Pradesh,Car,Truck,Unknown,Unknown,Unknown,Head On Collision,Unknown,Unknown,Unknown,3,1,4,Fatal
SCRAPED_000445,News_Paper,2022,October,Sunday,Maharashtra,Two Wheeler,Truck,Unknown,Unknown,Unknown,Head On Collision,Unknown,Unknown,Unknown,2,1,3,Fatal
SCRAPED_000446,News_Paper,2022,October,Tuesday,Gujarat,Auto Rickshaw,Truck,Unknown,Unknown,Unknown,Head On Collision,Unknown,Unknown,Unknown,10,7,17,Fatal
SCRAPED_000447,News_Paper,2022,October,Tuesday,Haryana,Two Wheeler,Truck,Unknown,Unknown,Unknown,Hit From Side,Unknown,Unknown,Unknown,2,0,2,Fatal
SCRAPED_000448,News_Paper,2022,October,Monday,Karnataka,Bus,Truck,Unknown,Unknown,Unknown,With Parked Vehicle,Unknown,Unknown,Unknown,2,26,28,Fatal
SCRAPED_000449,News_Paper,2022,October,Saturday,Madhya Pradesh,Car,Truck,Unknown,Unknown,Unknown,Hit From Side,Unknown,Unknown,Unknown,1,1,2,Fatal
SCRAPED_000450,News_Paper,2022,October,Tuesday,Uttar Pradesh,Pedestrian,Truck,Unknown,Unknown,Unknown,Hit And Run,Unknown,Unknown,Unknown,2,4,6,Fatal
SCRAPED_000451,News_Paper,2022,October,Monday,Gujarat,Two Wheeler,Truck,Unknown,Unknown,18-30,Hit From Back,Unknown,Unknown,Unknown,1,1,2,Fatal
SCRAPED_000452,News_Paper,2022,October,Sunday,Haryana,Two Wheeler,Truck,Unknown,Unknown,31-50,Head On Collision,Unknown,Unknown,Unknown,1,0,1,Fatal
SCRAPED_000453,News_Paper,2022,October,Wednesday,Bihar,Pedestrian,Truck,Unknown,Unknown,Unknown,Hit And Run,Unknown,Unknown,Unknown,1,0,1,Fatal
SCRAPED_000454,News_Paper,2022,October,Wednesday,Bihar,Pedestrian,Truck,Unknown,Unknown,Unknown,Hit And Run,Unknown,Unknown,Unknown,1,0,1,Fatal
SCRAPED_000455,News_Paper,2022,October,Wednesday,Bihar,Two Wheeler,Truck,Unknown,Unknown,Unknown,Hit From Back,Unknown,Unknown,Unknown,2,0,2,Fatal
SCRAPED_000456,News_Paper,2022,October,Wednesday,Chhattisgarh,Two Wheeler,Tractor,Unknown,Unknown,Unknown,Head On Collision,Unknown,Unknown,Unknown,2,0,2,Fatal
SCRAPED_000457,News_Paper,2022,October,Wednesday,Jharkhand,Pedestrian,Truck,Unknown,Unknown,Unknown,Hit And Run,Unknown,Unknown,Unknown,6,2,8,Fatal
SCRAPED_000458,News_Paper,2022,October,Saturday,Maharashtra,Bus,Truck,Unknown,Unknown,Unknown,Head On Collision,Unknown,Unknown,Unknown,12,18,30,Fatal
SCRAPED_000459,News_Paper,2022,October,Sunday,Jharkhand,Suv,Truck,Unknown,Unknown,Unknown,Others,Unknown,Unknown,Unknown,2,6,8,Fatal
SCRAPED_000460,News_Paper,2022,October,Sunday,Karnataka,Two Wheeler,Truck,Unknown,Unknown,31-50,Hit From Back,Unknown,Unknown,Unknown,1,0,1,Fatal
SCRAPED_000461,News_Paper,2022,October,Tuesday,Kerala,Two Wheeler,Truck,Unknown,Unknown,Over 51,Hit From Back,Unknown,Unknown,Unknown,1,0,1,Fatal
SCRAPED_000462,News_Paper,2022,October,Tuesday,Uttar Pradesh,Bus,Truck,Unknown,Unknown,18-30,Hit From Back,Unknown,Unknown,Unknown,1,69,70,Fatal
SCRAPED_000463,News_Paper,2022,October,Tuesday,Maharashtra,Two Wheeler,Truck,Unknown,Unknown,Unknown,Hit From Side,Unknown,Unknown,Unknown,2,0,2,Fatal
SCRAPED_000464,News_Paper,2022,October,Friday,Uttar Pradesh,Car,Truck,Unknown,Unknown,Unknown,Head On Collision,Unknown,Unknown,Unknown,4,0,4,Fatal
SCRAPED_000465,News_Paper,2022,October,Thursday,Maharashtra,Tractor,Canal,Unknown,Unknown,Unknown,Vehicle Overturn,Unknown,Unknown,Unknown,3,6,9,Fatal
SCRAPED_000466,News_Paper,2022,October,Thursday,Haryana,Van,Truck,Unknown,Unknown,Unknown,With Parked Vehicle,Unknown,Unknown,Unknown,2,0,2,Fatal
SCRAPED_000467,News_Paper,2022,October,Friday,Rajasthan,Car,Truck,Unknown,Unknown,31-50,Others,Unknown,Unknown,Unknown,1,2,3,Fatal
SCRAPED_000468,News_Paper,2022,October,Saturday,Kerala,Truck,Nil,Unknown,Unknown,31-50,Run Off Road,Unknown,Unknown,Unknown,1,0,1,Fatal
SCRAPED_000469,News_Paper,2022,October,Sunday,Karnataka,Bus,Truck,Unknown,Unknown,Unknown,Others,Unknown,Unknown,Unknown,9,12,21,Fatal
SCRAPED_000470,News_Paper,2022,October,Saturday,Andhra Pradesh,Pedestrian,Lorry,Unknown,Unknown,Over 51,Hit And Run,Unknown,Unknown,Unknown,1,0,1,Fatal
SCRAPED_000471,News_Paper,2022,October,Monday,Punjab,Two Wheeler,Tractor,Unknown,Unknown,Unknown,Others,Unknown,Unknown,Unknown,1,0,1,Fatal
SCRAPED_000472,News_Paper,2022,October,Tuesday,West Bengal,Truck,Nil,Unknown,Unknown,Unknown,Run Off Road,Unknown,Unknown,Unknown,3,6,9,Fatal
SCRAPED_000473,News_Paper,2022,October,Tuesday,Gujarat,Bus,Truck,Unknown,Unknown,Unknown,Hit From Back,Unknown,Unknown,Unknown,6,13,19,Fatal
SCRAPED_000474,News_Paper,2022,October,Tuesday,Uttar Pradesh,Suv,Tractor,Unknown,Unknown,Unknown,Head On Collision,Unknown,Unknown,Unknown,2,3,5,Fatal
SCRAPED_000475,News_Paper,2022,October,Wednesday,Jammu,Truck,Nil,Unknown,Unknown,Unknown,Run Off Road,Unknown,Unknown,Unknown,2,10,12,Fatal
SCRAPED_000476,News_Paper,2022,October,Sunday,Maharashtra,Two Wheeler,Truck,Unknown,Unknown,Over 51,With Parked Vehicle,Unknown,Unknown,Unknown,1,0,1,Fatal
SCRAPED_000477,News_Paper,2022,October,Wednesday,Goa,Two Wheeler,Truck,Unknown,Unknown,18-30,Head On Collision,Unknown,Unknown,Unknown,1,0,1,Fatal
SCRAPED_000478,News_Paper,2022,October,Wednesday,West Bengal,Two Wheeler,Truck,Unknown,Unknown,Unknown,Hit And Run,Unknown,Unknown,Unknown,2,0,2,Fatal
SCRAPED_000479,News_Paper,2022,October,Friday,Madhya Pradesh,Bus,Truck,Unknown,Unknown,Unknown,Head On Collision,Unknown,Unknown,Unknown,15,40,55,Fatal
SCRAPED_000480,News_Paper,2022,October,Sunday,Uttar Pradesh,Bus,Truck,Unknown,Unknown,Unknown,Head On Collision,Unknown,Unknown,Unknown,5,41,46,Fatal
SCRAPED_000481,News_Paper,2022,October,Saturday,Tamil Nadu,Truck,Truck,Unknown,Unknown,31-50,With Parked Vehicle,Unknown,Unknown,Unknown,1,0,1,Fatal
SCRAPED_000482,News_Paper,2022,October,Friday,Gujarat,Two Wheeler,Truck,Unknown,Unknown,31-50,Hit From Back,Unknown,Unknown,Unknown,1,0,1,Fatal
SCRAPED_000483,News_Paper,2022,October,Wednesday,Bihar,Bus,Truck,Unknown,Unknown,Unknown,With Parked Vehicle,Unknown,Unknown,Unknown,2,20,22,Fatal
SCRAPED_000484,News_Paper,2022,October,Thursday,Jharkhand,Truck,Bus,Unknown,Unknown,Unknown,With Parked Vehicle,Unknown,Unknown,Unknown,1,1,2,Fatal
SCRAPED_000485,News_Paper,2022,October,Wednesday,Maharashtra,Truck,Nil,Unknown,Unknown,18-30,Run Off Road,Unknown,Unknown,Unknown,1,23,24,Fatal
SCRAPED_000486,News_Paper,2022,October,Tuesday,Maharashtra,Two Wheeler,Truck,Unknown,Unknown,Unknown,Hit From Side,Unknown,Unknown,Unknown,1,2,3,Fatal
SCRAPED_000487,News_Paper,2022,October,Wednesday,Maharashtra,Pedestrian,Truck,Unknown,Unknown,Over 51,Hit And Run,Unknown,Unknown,Unknown,1,0,1,Fatal
SCRAPED_000488,News_Paper,2022,October,Thursday,Chhattisgarh,Two Wheeler,Truck,Unknown,Unknown,Over 51,Hit From Side,Unknown,Unknown,Unknown,1,0,1,Fatal
SCRAPED_000489,News_Paper,2022,October,Thursday,Madhya Pradesh,Two Wheeler,Tractor,Unknown,Unknown,Unknown,Others,Unknown,Unknown,Unknown,1,0,1,Fatal
SCRAPED_000490,News_Paper,2022,October,Saturday,Bihar,Car,Truck,Unknown,Unknown,Unknown,Others,Unknown,Unknown,Unknown,3,0,3,Fatal
SCRAPED_000491,News_Paper,2022,October,Saturday,Bihar,Two Wheeler,Truck,Unknown,Unknown,18-30,Head On Collision,Unknown,Unknown,Unknown,1,1,2,Fatal
SCRAPED_000492,News_Paper,2022,October,Saturday,Bihar,Bus,Truck,Unknown,Unknown,Unknown,With Parked Vehicle,Unknown,Unknown,Unknown,2,0,2,Fatal
SCRAPED_000493,News_Paper,2022,October,Monday,Chhattisgarh,Car,Truck,Unknown,Unknown,31-50,With Parked Vehicle,Unknown,Unknown,Unknown,1,2,3,Fatal
SCRAPED_000494,News_Paper,2022,October,Sunday,Telangana,Car,Truck,Unknown,Unknown,Unknown,Others,Unknown,Unknown,Unknown,4,0,4,Fatal
SCRAPED_000495,News_Paper,2022,October,Sunday,Telangana,Car,Lorry,Unknown,Unknown,Unknown,Hit From Back,Unknown,Unknown,Unknown,3,9,12,Fatal
SCRAPED_000496,News_Paper,2022,November,Wednesday,Madhya Pradesh,Suv,Truck,Unknown,Unknown,Unknown,Others,Unknown,Unknown,Unknown,5,3,8,Fatal
SCRAPED_000497,News_Paper,2022,November,Wednesday,Uttar Pradesh,Two Wheeler,Truck,Unknown,Unknown,Unknown,Others,Unknown,Unknown,Unknown,5,8,13,Fatal
SCRAPED_000498,News_Paper,2022,November,Tuesday,Punjab,Suv,Truck,Unknown,Unknown,Unknown,Hit From Back,Unknown,Unknown,Unknown,2,1,3,Fatal
SCRAPED_000499,News_Paper,2022,November,Tuesday,Uttar Pradesh,Two Wheeler,Truck,Unknown,Unknown,Unknown,Hit And Run,Unknown,Unknown,Unknown,5,6,11,Fatal
SCRAPED_000500,News_Paper,2022,November,Wednesday,West Bengal,Pedestrian,Truck,Unknown,Unknown,31-50,Head On Collision,Unknown,Unknown,Unknown,1,0,1,Fatal
SCRAPED_000501,News_Paper,2022,November,Friday,Uttar Pradesh,Ambulance,Truck,Unknown,Unknown,Unknown,Head On Collision,Unknown,Unknown,Unknown,2,0,2,Fatal
SCRAPED_000502,News_Paper,2022,November,Thursday,Maharashtra,Two Wheeler,Truck,Unknown,Unknown,31-50,Hit From Back,Unknown,Unknown,Unknown,1,1,2,Fatal
SCRAPED_000503,News_Paper,2022,November,Sunday,Rajasthan,Two Wheeler,Truck,Unknown,Unknown,18-30,With Parked Vehicle,Unknown,Unknown,Unknown,1,1,2,Fatal
SCRAPED_000504,News_Paper,2022,November,Sunday,Chhattisgarh,Two Wheeler,Truck,Unknown,Unknown,Unknown,With Parked Vehicle,Unknown,Unknown,Unknown,3,0,3,Fatal
SCRAPED_000505,News_Paper,2022,November,Monday,Punjab,Two Wheeler,Truck,Unknown,Unknown,Over 51,Hit From Back,Unknown,Unknown,Unknown,1,1,2,Fatal
SCRAPED_000506,News_Paper,2022,November,Sunday,Chhattisgarh,Two Wheeler,Truck,Unknown,Unknown,Unknown,With Parked Vehicle,Unknown,Unknown,Unknown,3,0,3,Fatal
SCRAPED_000507,News_Paper,2022,November,Tuesday,Rajasthan,Pedestrian,Truck,Unknown,Unknown,18-30,Hit And Run,Unknown,Unknown,Unknown,1,0,1,Fatal
SCRAPED_000508,News_Paper,2022,November,Wednesday,Tamil Nadu,Truck,Truck,Unknown,Unknown,31-50,Head On Collision,Unknown,Unknown,Unknown,1,2,3,Fatal
SCRAPED_000509,News_Paper,2022,November,Friday,Andhra Pradesh,Car,Truck,Unknown,Unknown,Unknown,With Parked Vehicle,Unknown,Unknown,Unknown,3,0,3,Fatal
SCRAPED_000510,News_Paper,2022,November,Friday,Madhya Pradesh,Pedestrian,Truck,Unknown,Unknown,18-30,Hit And Run,Unknown,Unknown,Unknown,3,1,4,Fatal
SCRAPED_000511,News_Paper,2022,November,Saturday,Karnataka,Two Wheeler,Lorry,Unknown,Unknown,Over 51,Hit From Side,Unknown,Unknown,Unknown,1,0,1,Fatal
SCRAPED_000512,News_Paper,2022,November,Friday,Karnataka,Pedestrian,Truck,Unknown,Unknown,18-30,Hit And Run,Unknown,Unknown,Unknown,1,0,1,Fatal
SCRAPED_000513,News_Paper,2022,November,Saturday,Uttar Pradesh,Pedestrian,Truck,Unknown,Unknown,Unknown,Hit And Run,Unknown,Unknown,Unknown,2,0,2,Fatal
SCRAPED_000514,News_Paper,2022,November,Sunday,Karnataka,Two Wheeler,Truck,Unknown,Unknown,31-50,Head On Collision,Unknown,Unknown,Unknown,1,0,1,Fatal
SCRAPED_000515,News_Paper,2022,November,Monday,West Bengal,Van,Truck,Unknown,Unknown,Unknown,Head On Collision,Unknown,Unknown,Unknown,3,5,8,Fatal
SCRAPED_000516,News_Paper,2022,November,Wednesday,Andhra Pradesh,Van,Tractor,Unknown,Unknown,Unknown,Head On Collision,Unknown,Unknown,Unknown,4,8,12,Fatal
SCRAPED_000517,News_Paper,2022,November,Tuesday,Punjab,Two Wheeler,Truck,Unknown,Unknown,18-30,Others,Unknown,Unknown,Unknown,2,2,4,Fatal
SCRAPED_000518,News_Paper,2022,November,Wednesday,Andhra Pradesh,Lorry,Truck,Unknown,Unknown,Unknown,Head On Collision,Unknown,Unknown,Unknown,2,11,13,Fatal
SCRAPED_000519,News_Paper,2022,November,Thursday,Rajasthan,Two Wheeler,Truck,Unknown,Unknown,Unknown,Head On Collision,Unknown,Unknown,Unknown,2,0,2,Fatal
SCRAPED_000520,News_Paper,2022,November,Wednesday,Punjab,Two Wheeler,Truck,Unknown,Unknown,Over 51,Hit From Side,Unknown,Unknown,Unknown,1,0,1,Fatal
SCRAPED_000521,News_Paper,2022,November,Wednesday,Madhya Pradesh,Bus,Truck,Unknown,Unknown,Unknown,Head On Collision,Unknown,Unknown,Unknown,3,20,23,Fatal
SCRAPED_000522,News_Paper,2022,November,Wednesday,Andhra Pradesh,Van,Truck,Unknown,Unknown,Unknown,Head On Collision,Unknown,Unknown,Unknown,4,0,4,Fatal
SCRAPED_000523,News_Paper,2022,November,Friday,Jharkhand,Truck,Divider,Unknown,Unknown,Unknown,Fixed Object Collision,Unknown,Unknown,Unknown,2,0,2,Fatal
SCRAPED_000524,News_Paper,2022,November,Sunday,Bihar,Pedestrian,Truck,Unknown,Unknown,Unknown,Hit And Run,Unknown,Unknown,Unknown,8,7,15,Fatal
SCRAPED_000525,News_Paper,2022,November,Sunday,Maharashtra,Pedestrian,Truck,Unknown,Unknown,31-50,Hit And Run,Unknown,Unknown,Unknown,1,0,1,Fatal
SCRAPED_000526,News_Paper,2022,November,Tuesday,Telangana,Lorry,Suv,Unknown,Unknown,Unknown,Head On Collision,Unknown,Unknown,Unknown,8,2,10,Fatal
SCRAPED_000527,News_Paper,2022,November,Sunday,Maharashtra,Two Wheeler,Truck,Unknown,Unknown,31-50,Others,Unknown,Unknown,Unknown,1,0,1,Fatal
SCRAPED_000528,News_Paper,2022,November,Sunday,Telangana,Bus,Tractor,Unknown,Unknown,Unknown,Hit From Back,Unknown,Unknown,Unknown,3,16,19,Fatal
SCRAPED_000529,News_Paper,2022,November,Monday,Assam,Car,Truck,Unknown,Unknown,Unknown,Head On Collision,Unknown,Unknown,Unknown,5,0,5,Fatal
SCRAPED_000530,News_Paper,2022,November,Monday,Assam,Two Wheeler,Truck,Unknown,Unknown,Unknown,Head On Collision,Unknown,Unknown,Unknown,2,0,2,Fatal
SCRAPED_000531,News_Paper,2022,November,Wednesday,Maharashtra,Car,Truck,Unknown,Unknown,Unknown,With Parked Vehicle,Unknown,Unknown,Unknown,3,3,6,Fatal
SCRAPED_000532,News_Paper,2022,November,Tuesday,Maharashtra,Suv,Truck,Unknown,Unknown,Unknown,With Parked Vehicle,Unknown,Unknown,Unknown,2,0,2,Fatal
SCRAPED_000533,News_Paper,2022,November,Wednesday,Tamil Nadu,Two Wheeler,Truck,Unknown,Unknown,31-50,Hit From Back,Unknown,Unknown,Unknown,1,0,1,Fatal
SCRAPED_000534,News_Paper,2022,November,Monday,Maharashtra,Two Wheeler,Truck,Unknown,Unknown,31-50,Head On Collision,Unknown,Unknown,Unknown,1,0,1,Fatal
SCRAPED_000535,News_Paper,2022,November,Wednesday,Maharashtra,Tractor,Truck,Unknown,Unknown,31-50,Others,Unknown,Unknown,Unknown,1,5,6,Fatal
SCRAPED_000536,News_Paper,2022,November,Wednesday,Maharashtra,Pedestrian,Truck,Unknown,Unknown,31-50,Hit And Run,Unknown,Unknown,Unknown,1,0,1,Fatal
SCRAPED_000537,News_Paper,2022,November,Thursday,Uttar Pradesh,Two Wheeler,Tractor,Unknown,Unknown,31-50,Hit From Back,Unknown,Unknown,Unknown,1,0,1,Fatal
SCRAPED_000538,News_Paper,2022,November,Saturday,Madhya Pradesh,Two Wheeler,Truck,Unknown,Unknown,Unknown,Head On Collision,Unknown,Unknown,Unknown,1,1,2,Fatal
SCRAPED_000539,News_Paper,2022,November,Saturday,Uttar Pradesh,Car,Truck,Unknown,Unknown,Unknown,Hit From Side,Unknown,Unknown,Unknown,4,0,4,Fatal
SCRAPED_000540,News_Paper,2022,November,Saturday,Maharashtra,Two Wheeler,Truck,Unknown,Unknown,Over 51,Hit From Back,Unknown,Unknown,Unknown,1,1,2,Fatal
SCRAPED_000541,News_Paper,2022,November,Monday,Karnataka,Two Wheeler,Truck,Unknown,Unknown,Unknown,Head On Collision,Unknown,Unknown,Unknown,2,0,2,Fatal
SCRAPED_000542,News_Paper,2022,November,Wednesday,Uttar Pradesh,Bus,Truck,Unknown,Unknown,Unknown,Head On Collision,Unknown,Unknown,Unknown,6,13,19,Fatal
SCRAPED_000543,News_Paper,2022,November,Wednesday,Uttar Pradesh,Bus,Truck,Unknown,Unknown,Unknown,Head On Collision,Unknown,Unknown,Unknown,6,13,19,Fatal
SCRAPED_000544,News_Paper,2022,December,Thursday,Odisha,Car,Truck,Unknown,Unknown,Unknown,With Parked Vehicle,Unknown,Unknown,Unknown,4,0,4,Fatal
SCRAPED_000545,News_Paper,2022,December,Friday,Madhya Pradesh,Two Wheeler,Truck,Unknown,Unknown,18-30,With Parked Vehicle,Unknown,Unknown,Unknown,1,1,2,Fatal
SCRAPED_000546,News_Paper,2022,December,Sunday,Tamil Nadu,Bus,Lorry,Unknown,Unknown,Unknown,Head On Collision,Unknown,Unknown,Unknown,3,4,7,Fatal
SCRAPED_000547,News_Paper,2022,December,Saturday,Chhattisgarh,Two Wheeler,Tractor,Unknown,Unknown,18-30,Hit From Back,Unknown,Unknown,Unknown,1,1,2,Fatal
SCRAPED_000548,News_Paper,2022,December,Sunday,West Bengal,Two Wheeler,Truck,Unknown,Unknown,31-50,Head On Collision,Unknown,Unknown,Unknown,1,1,2,Fatal
SCRAPED_000549,News_Paper,2022,December,Sunday,Madhya Pradesh,Pedestrian,Tractor,Unknown,Unknown,Unknown,Hit And Run,Unknown,Unknown,Unknown,6,13,19,Fatal
SCRAPED_000550,News_Paper,2022,December,Monday,Tamil Nadu,Bus,Truck,Unknown,Unknown,Unknown,Head On Collision,Unknown,Unknown,Unknown,4,3,7,Fatal
SCRAPED_000551,News_Paper,2022,December,Monday,Tamil Nadu,Car,Truck,Unknown,Unknown,Unknown,Head On Collision,Unknown,Unknown,Unknown,3,0,3,Fatal
SCRAPED_000552,News_Paper,2022,December,Monday,Maharashtra,Pedestrian,Truck,Unknown,Unknown,Under 18,Hit And Run,Unknown,Unknown,Unknown,1,0,1,Fatal
SCRAPED_000553,News_Paper,2022,December,Wednesday,Tamil Nadu,Truck,Truck,Unknown,Unknown,Unknown,Others,Unknown,Unknown,Unknown,6,5,11,Fatal
SCRAPED_000554,News_Paper,2022,December,Wednesday,Andhra Pradesh,Tractor,Nil,Unknown,Unknown,Unknown,Run Off Road,Unknown,Unknown,Unknown,6,20,26,Fatal
SCRAPED_000555,News_Paper,2022,December,Tuesday,Karnataka,Two Wheeler,Truck,Unknown,Unknown,Unknown,Hit And Run,Unknown,Unknown,Unknown,2,0,2,Fatal
SCRAPED_000556,News_Paper,2022,December,Wednesday,Uttar Pradesh,Two Wheeler,Truck,Unknown,Unknown,Unknown,Hit From Side,Unknown,Unknown,Unknown,3,0,3,Fatal
SCRAPED_000557,News_Paper,2022,December,Tuesday,Maharashtra,Two Wheeler,Truck,Unknown,Unknown,18-30,Head On Collision,Unknown,Unknown,Unknown,1,0,1,Fatal
SCRAPED_000558,News_Paper,2022,December,Thursday,Maharashtra,Car,Truck,Unknown,Unknown,Over 51,With Parked Vehicle,Unknown,Unknown,Unknown,1,0,1,Fatal
SCRAPED_000559,News_Paper,2022,December,Friday,Kerala,Two Wheeler,Truck,Unknown,Unknown,18-30,Hit From Back,Unknown,Unknown,Unknown,1,0,1,Fatal
SCRAPED_000560,News_Paper,2022,December,Friday,Rajasthan,Truck,Truck,Unknown,Unknown,Unknown,Head On Collision,Unknown,Unknown,Unknown,1,3,4,Fatal
SCRAPED_000561,News_Paper,2022,December,Saturday,Uttar Pradesh,Two Wheeler,Truck,Unknown,Unknown,Unknown,Hit From Back,Unknown,Unknown,Unknown,3,1,4,Fatal
SCRAPED_000562,News_Paper,2022,December,Saturday,Telangana,Car,Lorry,Unknown,Unknown,Unknown,Head On Collision,Unknown,Unknown,Unknown,3,0,3,Fatal
SCRAPED_000563,News_Paper,2022,December,Saturday,Uttar Pradesh,Two Wheeler,Truck,Unknown,Unknown,18-30,Hit From Back,Unknown,Unknown,Unknown,1,0,1,Fatal
SCRAPED_000564,News_Paper,2022,December,Saturday,Madhya Pradesh,Pedestrian,Truck,Unknown,Unknown,18-30,Hit And Run,Unknown,Unknown,Unknown,1,1,2,Fatal
SCRAPED_000565,News_Paper,2022,December,Monday,Uttarakhand,Truck,Gorge,Unknown,Unknown,31-50,Vehicle Overturn,Unknown,Unknown,Unknown,1,1,2,Fatal
SCRAPED_000566,News_Paper,2022,December,Monday,Karnataka,Pedestrian,Truck,Unknown,Unknown,Unknown,Hit And Run,Unknown,Unknown,Unknown,3,0,3,Fatal
SCRAPED_000567,News_Paper,2022,December,Wednesday,Punjab,Truck,Pick Up,Unknown,Unknown,Unknown,Head On Collision,Unknown,Unknown,Unknown,2,0,2,Fatal
SCRAPED_000568,News_Paper,2022,December,Thursday,Punjab,Tractor,Unidentified,Unknown,Unknown,Unknown,Hit And Run,Unknown,Unknown,Unknown,1,0,1,Fatal
SCRAPED_000569,News_Paper,2022,December,Saturday,Uttar Pradesh,Pedestrian,Truck,Unknown,Unknown,Unknown,Head On Collision,Unknown,Unknown,Unknown,1,3,4,Fatal
SCRAPED_000570,News_Paper,2022,December,Sunday,Chhattisgarh,Two Wheeler,Truck,Unknown,Unknown,31-50,Hit From Back,Unknown,Unknown,Unknown,1,1,2,Fatal
SCRAPED_000571,News_Paper,2022,December,Sunday,Chhattisgarh,Pedestrian,Truck,Unknown,Unknown,Unknown,Hit And Run,Unknown,Unknown,Unknown,1,0,1,Fatal
SCRAPED_000572,News_Paper,2022,December,Monday,Uttar Pradesh,Bus,Truck,Unknown,Unknown,Unknown,Hit From Back,Unknown,Unknown,Unknown,3,9,12,Fatal
SCRAPED_000573,News_Paper,2022,December,Monday,Maharashtra,Bus,Truck,Unknown,Unknown,Unknown,Hit From Back,Unknown,Unknown,Unknown,1,10,11,Fatal
SCRAPED_000574,News_Paper,2022,December,Sunday,Uttar Pradesh,Two Wheeler,Truck,Unknown,Unknown,Unknown,Others,Unknown,Unknown,Unknown,4,0,4,Fatal
SCRAPED_000575,News_Paper,2022,December,Sunday,Tamil Nadu,Two Wheeler,Truck,Unknown,Unknown,18-30,Head On Collision,Unknown,Unknown,Unknown,1,0,1,Fatal
SCRAPED_000576,News_Paper,2022,December,Tuesday,Punjab,Two Wheeler,Truck,Unknown,Unknown,18-30,Hit From Back,Unknown,Unknown,Unknown,1,1,2,Fatal
SCRAPED_000577,News_Paper,2022,December,Tuesday,Uttar Pradesh,Bus,Truck,Unknown,Unknown,Unknown,Hit From Back,Unknown,Unknown,Unknown,1,28,29,Fatal
SCRAPED_000578,News_Paper,2022,December,Tuesday,Uttar Pradesh,Two Wheeler,Truck,Unknown,Unknown,Unknown,Others,Unknown,Unknown,Unknown,1,6,7,Fatal
SCRAPED_000579,News_Paper,2022,December,Monday,Madhya Pradesh,Two Wheeler,Truck,Unknown,Unknown,Unknown,Hit From Back,Unknown,Unknown,Unknown,2,0,2,Fatal
SCRAPED_000580,News_Paper,2022,December,Wednesday,Jharkhand,Suv,Tractor,Unknown,Unknown,Unknown,Head On Collision,Unknown,Unknown,Unknown,2,6,8,Fatal
SCRAPED_000581,News_Paper,2022,December,Wednesday,Bihar,Pedestrian,Tractor,Unknown,Unknown,Under 18,Hit And Run,Unknown,Unknown,Unknown,1,2,3,Fatal
SCRAPED_000582,News_Paper,2022,December,Wednesday,Madhya Pradesh,Bus,Tractor,Unknown,Unknown,Unknown,Head On Collision,Unknown,Unknown,Unknown,1,2,3,Fatal
SCRAPED_000583,News_Paper,2022,December,Friday,Sikkim,Truck,Gorge,Unknown,Unknown,Unknown,Vehicle Overturn,Unknown,Unknown,Unknown,16,4,20,Fatal
SCRAPED_000584,News_Paper,2022,December,Thursday,Tamil Nadu,Car,Truck,Unknown,Unknown,Unknown,Hit From Back,Unknown,Unknown,Unknown,4,0,4,Fatal
SCRAPED_000585,News_Paper,2022,December,Saturday,Madhya Pradesh,Car,Truck,Unknown,Unknown,Unknown,Hit From Side,Unknown,Unknown,Unknown,4,0,4,Fatal
SCRAPED_000586,News_Paper,2022,December,Thursday,Gujarat,Car,Truck,Unknown,Unknown,Unknown,With Parked Vehicle,Unknown,Unknown,Unknown,4,0,4,Fatal
SCRAPED_000587,News_Paper,2022,December,Friday,West Bengal,Two Wheeler,Truck,Unknown,Unknown,18-30,Hit From Back,Unknown,Unknown,Unknown,1,1,2,Fatal
SCRAPED_000588,News_Paper,2022,December,Saturday,Uttar Pradesh,Two Wheeler,Truck,Unknown,Unknown,31-50,Others,Unknown,Unknown,Unknown,1,1,2,Fatal
SCRAPED_000589,News_Paper,2022,December,Tuesday,Uttar Pradesh,Car,Truck,Unknown,Unknown,Unknown,Hit From Back,Unknown,Unknown,Unknown,3,0,3,Fatal
SCRAPED_000590,News_Paper,2022,December,Monday,Tamil Nadu,Van,Truck,Unknown,Unknown,Unknown,Head On Collision,Unknown,Unknown,Unknown,4,0,4,Fatal
SCRAPED_000591,News_Paper,2022,December,Monday,West Bengal,Two Wheeler,Truck,Unknown,Unknown,Under 18,Hit From Back,Unknown,Unknown,Unknown,1,2,3,Fatal
SCRAPED_000592,News_Paper,2022,December,Sunday,Telangana,Two Wheeler,Truck,Unknown,Unknown,18-30,Others,Unknown,Unknown,Unknown,1,6,7,Fatal
SCRAPED_000593,News_Paper,2022,December,Monday,Chhattisgarh,Pedestrian,Truck,Unknown,Unknown,Unknown,Hit And Run,Unknown,Unknown,Unknown,1,0,1,Fatal
SCRAPED_000594,News_Paper,2022,December,Monday,Chhattisgarh,Two Wheeler,Truck,Unknown,Unknown,Unknown,Head On Collision,Unknown,Unknown,Unknown,1,0,1,Fatal
SCRAPED_000595,News_Paper,2022,December,Tuesday,Maharashtra,Pedestrian,Truck,Unknown,Unknown,31-50,Hit And Run,Unknown,Unknown,Unknown,1,0,1,Fatal
SCRAPED_000596,News_Paper,2022,December,Wednesday,Jharkhand,Car,Truck,Unknown,Unknown,Unknown,With Parked Vehicle,Unknown,Unknown,Unknown,2,3,5,Fatal
SCRAPED_000597,News_Paper,2022,December,Friday,Maharashtra,Pedestrian,Truck,Unknown,Unknown,31-50,Hit And Run,Unknown,Unknown,Unknown,1,0,1,Fatal
SCRAPED_000598,News_Paper,2022,December,Friday,Maharashtra,Two Wheeler,Truck,Unknown,Unknown,Unknown,Hit From Back,Unknown,Unknown,Unknown,2,1,3,Fatal
SCRAPED_000599,News_Paper,2022,December,Saturday,West Bengal,Pedestrian,Truck,Unknown,Unknown,18-30,Hit And Run,Unknown,Unknown,Unknown,1,0,1,Fatal
SCRAPED_000600,News_Paper,2022,December,Saturday,Uttar Pradesh,Tractor,Nil,Unknown,Unknown,Over 51,Run Off Road,Unknown,Unknown,Unknown,3,1,4,Fatal
SCRAPED_000601,News_Paper,2023,January,Sunday,Madhya Pradesh,Tractor,Nil,Unknown,Unknown,Unknown,Run Off Road,Unknown,Unknown,Unknown,1,8,9,Fatal
SCRAPED_000602,News_Paper,2022,December,Saturday,Telangana,Auto Rickshaw,Lorry,Unknown,Unknown,Unknown,Others,Unknown,Unknown,Unknown,2,0,2,Fatal
SCRAPED_000603,News_Paper,2023,January,Monday,Uttar Pradesh,Pedestrian,Truck,Unknown,Unknown,Unknown,Hit And Run,Unknown,Unknown,Unknown,1,0,1,Fatal
SCRAPED_000604,News_Paper,2023,January,Sunday,Punjab,Car,Truck,Unknown,Unknown,Unknown,Head On Collision,Unknown,Unknown,Unknown,4,0,4,Fatal
SCRAPED_000605,News_Paper,2023,January,Sunday,Tamil Nadu,Two Wheeler,Truck,Unknown,Unknown,18-30,Hit From Back,Unknown,Unknown,Unknown,2,0,2,Fatal
SCRAPED_000606,News_Paper,2022,December,Saturday,Maharashtra,Two Wheeler,Truck,Unknown,Unknown,Unknown,Head On Collision,Unknown,Unknown,Unknown,1,0,1,Fatal
SCRAPED_000607,News_Paper,2022,December,Saturday,Chhattisgarh,Two Wheeler,Truck,Unknown,Unknown,Unknown,Head On Collision,Unknown,Unknown,Unknown,2,0,2,Fatal
SCRAPED_000608,News_Paper,2022,December,Saturday,Karnataka,Two Wheeler,Truck,Unknown,Unknown,18-30,Head On Collision,Unknown,Unknown,Unknown,1,1,2,Fatal
SCRAPED_000609,News_Paper,2023,January,Sunday,Rajasthan,Car,Truck,Unknown,Unknown,Unknown,Head On Collision,Unknown,Unknown,Unknown,5,0,5,Fatal
SCRAPED_000610,News_Paper,2023,January,Sunday,Karnataka,Two Wheeler,Truck,Unknown,Unknown,18-30,Head On Collision,Unknown,Unknown,Unknown,1,1,2,Fatal
SCRAPED_000611,News_Paper,2023,January,Sunday,Uttar Pradesh,Car,Truck,Unknown,Unknown,Unknown,Head On Collision,Unknown,Unknown,Unknown,4,2,6,Fatal
SCRAPED_000612,News_Paper,2023,January,Sunday,Tamil Nadu,Two Wheeler,Truck,Unknown,Unknown,Unknown,Head On Collision,Unknown,Unknown,Unknown,3,0,3,Fatal
SCRAPED_000613,News_Paper,2023,January,Sunday,West Bengal,Truck,Nil,Unknown,Unknown,Unknown,Run Off Road,Unknown,Unknown,Unknown,4,0,4,Fatal
SCRAPED_000614,News_Paper,2023,January,Sunday,Maharashtra,Pedestrian,Truck,Unknown,Unknown,31-50,Hit From Back,Unknown,Unknown,Unknown,1,0,1,Fatal
SCRAPED_000615,News_Paper,2023,January,Sunday,Maharashtra,Two Wheeler,Truck,Unknown,Unknown,18-30,Hit From Back,Unknown,Unknown,Unknown,1,2,3,Fatal
SCRAPED_000616,News_Paper,2023,January,Monday,Rajasthan,Two Wheeler,Truck,Unknown,Unknown,Unknown,Others,Unknown,Unknown,Unknown,3,4,7,Fatal
SCRAPED_000617,News_Paper,2023,January,Tuesday,Tamil Nadu,Car,Truck,Unknown,Unknown,Unknown,Others,Unknown,Unknown,Unknown,5,0,5,Fatal
SCRAPED_000618,News_Paper,2022,December,Saturday,Maharashtra,Two Wheeler,Truck,Unknown,Unknown,18-30,Head On Collision,Unknown,Unknown,Unknown,1,1,2,Fatal
SCRAPED_000619,News_Paper,2023,January,Sunday,Jharkhand,Pedestrian,Truck,Unknown,Unknown,31-50,Hit And Run,Unknown,Unknown,Unknown,1,0,1,Fatal
SCRAPED_000620,News_Paper,2023,January,Monday,Rajasthan,Truck,Nil,Unknown,Unknown,18-30,Run Off Road,Unknown,Unknown,Unknown,1,0,1,Fatal
SCRAPED_000621,News_Paper,2023,January,Monday,Maharashtra,Car,Truck,Unknown,Unknown,18-30,Hit From Back,Unknown,Unknown,Unknown,1,3,4,Fatal
SCRAPED_000622,News_Paper,2023,January,Monday,Rajasthan,Two Wheeler,Truck,Unknown,Unknown,31-50,Head On Collision,Unknown,Unknown,Unknown,1,1,2,Fatal
SCRAPED_000623,News_Paper,2023,January,Tuesday,Karnataka,Two Wheeler,Truck,Unknown,Unknown,18-30,Others,Unknown,Unknown,Unknown,1,0,1,Fatal
SCRAPED_000624,News_Paper,2023,January,Monday,Delhi,Two Wheeler,Tractor,Unknown,Unknown,Unknown,Head On Collision,Unknown,Unknown,Unknown,3,0,3,Fatal
SCRAPED_000625,News_Paper,2023,January,Tuesday,Tamil Nadu,Two Wheeler,Truck,Unknown,Unknown,18-30,Hit From Side,Unknown,Unknown,Unknown,1,0,1,Fatal
SCRAPED_000626,News_Paper,2023,January,Tuesday,Maharashtra,Truck,Car,Unknown,Unknown,Over 51,Hit From Back,Unknown,Unknown,Unknown,1,1,2,Fatal
SCRAPED_000627,News_Paper,2023,January,Wednesday,Rajasthan,Two Wheeler,Truck,Unknown,Unknown,Under 18,Head On Collision,Unknown,Unknown,Unknown,1,0,1,Fatal
SCRAPED_000628,News_Paper,2023,January,Friday,Tamil Nadu,Car,Truck,Unknown,Unknown,Unknown,Head On Collision,Unknown,Unknown,Unknown,2,1,3,Fatal
SCRAPED_000629,News_Paper,2023,January,Friday,Rajasthan,Bus,Truck,Unknown,Unknown,Unknown,Head On Collision,Unknown,Unknown,Unknown,5,36,41,Fatal
SCRAPED_000630,News_Paper,2023,January,Saturday,Tamil Nadu,Two Wheeler,Truck,Unknown,Unknown,Under 18,Others,Unknown,Unknown,Unknown,1,1,2,Fatal
SCRAPED_000631,News_Paper,2023,January,Saturday,Uttar Pradesh,Car,Truck,Unknown,Unknown,31-50,Head On Collision,Unknown,Unknown,Unknown,1,0,1,Fatal
SCRAPED_000632,News_Paper,2023,January,Saturday,Maharashtra,Pedestrian,Truck,Unknown,Unknown,Over 51,Hit And Run,Unknown,Unknown,Unknown,1,0,1,Fatal
SCRAPED_000633,News_Paper,2023,January,Monday,Kerala,Truck,Two Wheeler,Unknown,Unknown,Unknown,Others,Unknown,Unknown,Unknown,3,0,3,Fatal
SCRAPED_000634,News_Paper,2023,January,Tuesday,Uttar Pradesh,Car,Truck,Unknown,Unknown,18-30,Head On Collision,Unknown,Unknown,Unknown,1,11,12,Fatal
SCRAPED_000635,News_Paper,2023,January,Thursday,Maharashtra,Bus,Truck,Unknown,Unknown,Unknown,Head On Collision,Unknown,Unknown,Unknown,10,23,33,Fatal
SCRAPED_000636,News_Paper,2023,January,Thursday,Karnataka,Two Wheeler,Truck,Unknown,Unknown,Unknown,Hit From Back,Unknown,Unknown,Unknown,1,0,1,Fatal
SCRAPED_000637,News_Paper,2023,January,Friday,Madhya Pradesh,Tractor,Ditch,Unknown,Unknown,Unknown,Run Off Road,Unknown,Unknown,Unknown,2,4,6,Fatal
SCRAPED_000638,News_Paper,2023,January,Saturday,Uttar Pradesh,Two Wheeler,Truck,Unknown,Unknown,18-30,Others,Unknown,Unknown,Unknown,1,0,1,Fatal
SCRAPED_000639,News_Paper,2023,January,Tuesday,Karnataka,Two Wheeler,Truck,Unknown,Unknown,Unknown,Head On Collision,Unknown,Unknown,Unknown,2,0,2,Fatal
SCRAPED_000640,News_Paper,2023,January,Monday,Chhattisgarh,Car,Truck,Unknown,Unknown,Under 18,Head On Collision,Unknown,Unknown,Unknown,3,0,3,Fatal
SCRAPED_000641,News_Paper,2023,January,Wednesday,Karnataka,Two Wheeler,Truck,Unknown,Unknown,18-30,Hit From Back,Unknown,Unknown,Unknown,1,0,1,Fatal
SCRAPED_000642,News_Paper,2023,January,Thursday,Maharashtra,Pedestrian,Truck,Unknown,Unknown,Unknown,Hit And Run,Unknown,Unknown,Unknown,2,0,2,Fatal
SCRAPED_000643,News_Paper,2023,January,Thursday,Kerala,Two Wheeler,Truck,Unknown,Unknown,31-50,Hit From Back,Unknown,Unknown,Unknown,1,0,1,Fatal
SCRAPED_000644,News_Paper,2023,January,Saturday,Chhattisgarh,Two Wheeler,Truck,Unknown,Unknown,Unknown,Hit From Back,Unknown,Unknown,Unknown,1,1,2,Fatal
SCRAPED_000645,News_Paper,2023,January,Friday,Telangana,Car,Truck,Unknown,Unknown,Unknown,Head On Collision,Unknown,Unknown,Unknown,4,0,4,Fatal
SCRAPED_000646,News_Paper,2023,January,Saturday,Rajasthan,Car,Truck,Unknown,Unknown,Unknown,Head On Collision,Unknown,Unknown,Unknown,5,0,5,Fatal
SCRAPED_000647,News_Paper,2023,January,Saturday,Andhra Pradesh,Two Wheeler,Truck,Unknown,Unknown,18-30,Hit From Back,Unknown,Unknown,Unknown,1,0,1,Fatal
SCRAPED_000648,News_Paper,2023,January,Monday,Rajasthan,Car,Truck,Unknown,Unknown,Under 18,Head On Collision,Unknown,Unknown,Unknown,5,0,5,Fatal
SCRAPED_000649,News_Paper,2023,January,Tuesday,Tamil Nadu,Two Wheeler,Truck,Unknown,Unknown,Unknown,Hit From Back,Unknown,Unknown,Unknown,3,0,3,Fatal
SCRAPED_000650,News_Paper,2023,January,Wednesday,Assam,Car,Truck,Unknown,Unknown,Unknown,Others,Unknown,Unknown,Unknown,2,5,7,Fatal
SCRAPED_000651,News_Paper,2023,January,Wednesday,Madhya Pradesh,Truck,Truck,Unknown,Unknown,Unknown,Head On Collision,Unknown,Unknown,Unknown,3,6,9,Fatal
SCRAPED_000652,News_Paper,2023,January,Friday,Andhra Pradesh,Car,Truck,Unknown,Unknown,Unknown,Hit From Back,Unknown,Unknown,Unknown,2,7,9,Fatal
SCRAPED_000653,News_Paper,2023,January,Saturday,Rajasthan,Car,Truck,Unknown,Unknown,Unknown,Head On Collision,Unknown,Unknown,Unknown,4,4,8,Fatal
SCRAPED_000654,News_Paper,2023,January,Saturday,Assam,Two Wheeler,Truck,Unknown,Unknown,31-50,Head On Collision,Unknown,Unknown,Unknown,1,0,1,Fatal
SCRAPED_000655,News_Paper,2023,January,Sunday,Madhya Pradesh,Car,Truck,Unknown,Unknown,Unknown,Hit From Back,Unknown,Unknown,Unknown,1,3,4,Fatal
SCRAPED_000656,News_Paper,2023,January,Monday,Maharashtra,Car,Lorry,Unknown,Unknown,Unknown,Head On Collision,Unknown,Unknown,Unknown,4,0,4,Fatal
SCRAPED_000657,News_Paper,2023,January,Tuesday,Telangana,Car,Truck,Unknown,Unknown,Unknown,Hit From Back,Unknown,Unknown,Unknown,2,4,6,Fatal
SCRAPED_000658,News_Paper,2023,January,Monday,Madhya Pradesh,Two Wheeler,Truck,Unknown,Unknown,18-30,Head On Collision,Unknown,Unknown,Unknown,1,0,1,Fatal
SCRAPED_000659,News_Paper,2023,February,Wednesday,Madhya Pradesh,Two Wheeler,Truck,Unknown,Unknown,Unknown,Others,Unknown,Unknown,Unknown,2,0,2,Fatal
SCRAPED_000660,News_Paper,2023,February,Friday,Gujarat,Pedestrian,Truck,Unknown,Unknown,18-30,Hit And Run,Unknown,Unknown,Unknown,1,0,1,Fatal
SCRAPED_000661,News_Paper,2023,February,Thursday,Uttar Pradesh,Two Wheeler,Truck,Unknown,Unknown,Under 18,Head On Collision,Unknown,Unknown,Unknown,1,0,1,Fatal
SCRAPED_000662,News_Paper,2023,February,Friday,West Bengal,Two Wheeler,Truck,Unknown,Unknown,Under 18,Hit From Back,Unknown,Unknown,Unknown,1,1,2,Fatal
SCRAPED_000663,News_Paper,2023,February,Friday,Maharashtra,Two Wheeler,Truck,Unknown,Unknown,Unknown,Head On Collision,Unknown,Unknown,Unknown,3,1,4,Fatal
SCRAPED_000664,News_Paper,2023,February,Sunday,Chhattisgarh,Pedestrian,Tractor,Unknown,Unknown,Unknown,Hit And Run,Unknown,Unknown,Unknown,2,0,2,Fatal
SCRAPED_000665,News_Paper,2023,February,Sunday,Andhra Pradesh,Tractor,Nil,Unknown,Unknown,31-50,Run Off Road,Unknown,Unknown,Unknown,1,1,2,Fatal
SCRAPED_000666,News_Paper,2023,February,Tuesday,Madhya Pradesh,Auto Rickshaw,Tractor,Unknown,Unknown,Unknown,Head On Collision,Unknown,Unknown,Unknown,2,3,5,Fatal
SCRAPED_000667,News_Paper,2023,February,Monday,Maharashtra,Pedestrian,Truck,Unknown,Unknown,Unknown,Hit And Run,Unknown,Unknown,Unknown,2,0,2,Fatal
SCRAPED_000668,News_Paper,2023,February,Tuesday,Uttar Pradesh,Car,Truck,Unknown,Unknown,31-50,Others,Unknown,Unknown,Unknown,1,1,2,Fatal
SCRAPED_000669,News_Paper,2023,February,Wednesday,Chhattisgarh,Auto Rickshaw,Truck,Unknown,Unknown,Unknown,Head On Collision,Unknown,Unknown,Unknown,7,2,9,Fatal
SCRAPED_000670,News_Paper,2023,February,Thursday,Bihar,Auto Rickshaw,Lorry,Unknown,Unknown,31-50,Head On Collision,Unknown,Unknown,Unknown,3,3,6,Fatal
SCRAPED_000671,News_Paper,2023,February,Saturday,Karnataka,Car,Truck,Unknown,Unknown,Unknown,With Parked Vehicle,Unknown,Unknown,Unknown,2,1,3,Fatal
SCRAPED_000672,News_Paper,2023,February,Sunday,Uttar Pradesh,Two Wheeler,Truck,Unknown,Unknown,Unknown,Hit From Back,Unknown,Unknown,Unknown,2,0,2,Fatal
SCRAPED_000673,News_Paper,2023,February,Monday,Bihar,Car,Truck,Unknown,Unknown,Unknown,Head On Collision,Unknown,Unknown,Unknown,3,0,3,Fatal
SCRAPED_000674,News_Paper,2023,February,Monday,Maharashtra,Two Wheeler,Truck,Unknown,Unknown,Unknown,Head On Collision,Unknown,Unknown,Unknown,3,0,3,Fatal
SCRAPED_000675,News_Paper,2023,February,Tuesday,Telangana,Two Wheeler,Truck,Unknown,Unknown,Over 51,Hit From Back,Unknown,Unknown,Unknown,1,1,2,Fatal
SCRAPED_000676,News_Paper,2023,February,Wednesday,Maharashtra,Car,Truck,Unknown,Unknown,Unknown,Others,Unknown,Unknown,Unknown,1,5,6,Fatal
SCRAPED_000677,News_Paper,2023,February,Thursday,Uttar Pradesh,Two Wheeler,Truck,Unknown,Unknown,Unknown,Head On Collision,Unknown,Unknown,Unknown,2,1,3,Fatal
SCRAPED_000678,News_Paper,2023,February,Saturday,Haryana,Car,Truck,Unknown,Unknown,Unknown,With Parked Vehicle,Unknown,Unknown,Unknown,1,1,2,Fatal
SCRAPED_000679,News_Paper,2023,February,Sunday,Maharashtra,Pedestrian,Tractor,Unknown,Unknown,Under 18,Hit And Run,Unknown,Unknown,Unknown,1,0,1,Fatal
SCRAPED_000680,News_Paper,2023,February,Monday,Karnataka,Car,Truck,Unknown,Unknown,Unknown,Hit From Back,Unknown,Unknown,Unknown,2,3,5,Fatal
SCRAPED_000681,News_Paper,2023,February,Wednesday,Uttar Pradesh,Tractor,Truck,Unknown,Unknown,Unknown,Head On Collision,Unknown,Unknown,Unknown,4,12,16,Fatal
SCRAPED_000682,News_Paper,2023,February,Wednesday,Uttar Pradesh,Truck,Bus,Unknown,Unknown,18-30,Head On Collision,Unknown,Unknown,Unknown,2,12,14,Fatal
SCRAPED_000683,News_Paper,2023,February,Wednesday,Tamil Nadu,Tractor,Car,Unknown,Unknown,Unknown,Head On Collision,Unknown,Unknown,Unknown,5,0,5,Fatal
SCRAPED_000684,News_Paper,2023,February,Wednesday,Gujarat,Car,Lorry,Unknown,Unknown,Unknown,Head On Collision,Unknown,Unknown,Unknown,6,36,42,Fatal
SCRAPED_000685,News_Paper,2023,February,Thursday,Tamil Nadu,Two Wheeler,Truck,Unknown,Unknown,18-30,With Parked Vehicle,Unknown,Unknown,Unknown,1,1,2,Fatal
SCRAPED_000686,News_Paper,2023,February,Friday,Odisha,Car,Truck,Unknown,Unknown,Unknown,With Parked Vehicle,Unknown,Unknown,Unknown,7,0,7,Fatal
SCRAPED_000687,News_Paper,2023,February,Friday,Uttar Pradesh,Tractor,Nil,Unknown,Unknown,Under 18,Run Off Road,Unknown,Unknown,Unknown,1,12,13,Fatal
SCRAPED_000688,News_Paper,2023,February,Thursday,Tamil Nadu,Two Wheeler,Truck,Unknown,Unknown,Unknown,Others,Unknown,Unknown,Unknown,2,0,2,Fatal
SCRAPED_000689,News_Paper,2023,February,Saturday,Jharkhand,Two Wheeler,Truck,Unknown,Unknown,Unknown,Hit From Back,Unknown,Unknown,Unknown,4,0,4,Fatal
SCRAPED_000690,News_Paper,2023,February,Monday,Gujarat,Pedestrian,Truck,Unknown,Unknown,Unknown,Hit And Run,Unknown,Unknown,Unknown,4,1,5,Fatal
SCRAPED_000691,News_Paper,2023,February,Tuesday,Rajasthan,Tractor,Truck,Unknown,Unknown,Unknown,Head On Collision,Unknown,Unknown,Unknown,1,1,2,Fatal
SCRAPED_000692,News_Paper,2023,February,Tuesday,Maharashtra,Two Wheeler,Truck,Unknown,Unknown,Unknown,Hit And Run,Unknown,Unknown,Unknown,2,0,2,Fatal
SCRAPED_000693,News_Paper,2023,March,Thursday,Haryana,Car,Truck,Unknown,Unknown,Unknown,Hit And Run,Unknown,Unknown,Unknown,6,0,6,Fatal
SCRAPED_000694,News_Paper,2023,March,Friday,Tamil Nadu,Car,Truck,Unknown,Unknown,Unknown,Head On Collision,Unknown,Unknown,Unknown,2,1,3,Fatal
SCRAPED_000695,News_Paper,2023,March,Friday,Tamil Nadu,Two Wheeler,Truck,Unknown,Unknown,Unknown,Hit From Side,Unknown,Unknown,Unknown,2,0,2,Fatal
SCRAPED_000696,News_Paper,2023,March,Friday,Delhi,Car,Lorry,Unknown,Unknown,Unknown,Head On Collision,Unknown,Unknown,Unknown,2,0,2,Fatal
SCRAPED_000697,News_Paper,2023,March,Sunday,Uttarakhand,Two Wheeler,Tractor,Unknown,Unknown,31-50,Head On Collision,Unknown,Unknown,Unknown,1,3,4,Fatal
SCRAPED_000698,News_Paper,2023,March,Sunday,Telangana,Two Wheeler,Lorry,Unknown,Unknown,Unknown,Hit From Back,Unknown,Unknown,Unknown,2,1,3,Fatal
SCRAPED_000699,News_Paper,2023,March,Wednesday,Maharashtra,Car,Truck,Unknown,Unknown,Unknown,Others,Unknown,Unknown,Unknown,4,0,4,Fatal
SCRAPED_000700,News_Paper,2023,March,Thursday,Uttar Pradesh,Auto Rickshaw,Truck,Unknown,Unknown,Unknown,Head On Collision,Unknown,Unknown,Unknown,3,0,3,Fatal
SCRAPED_000701,News_Paper,2023,March,Friday,Punjab,Car,Truck,Unknown,Unknown,31-50,Head On Collision,Unknown,Unknown,Unknown,1,0,1,Fatal
SCRAPED_000702,News_Paper,2023,March,Friday,Chhattisgarh,Car,Truck,Unknown,Unknown,18-30,Head On Collision,Unknown,Unknown,Unknown,5,1,6,Fatal
SCRAPED_000703,News_Paper,2023,March,Friday,Chhattisgarh,Two Wheeler,Truck,Unknown,Unknown,Unknown,Head On Collision,Unknown,Unknown,Unknown,3,0,3,Fatal
SCRAPED_000704,News_Paper,2023,March,Thursday,Madhya Pradesh,Pedestrian,Truck,Unknown,Unknown,31-50,Hit And Run,Unknown,Unknown,Unknown,1,0,1,Fatal
SCRAPED_000705,News_Paper,2023,March,Sunday,Tamil Nadu,Two Wheeler,Truck,Unknown,Unknown,Unknown,Hit From Back,Unknown,Unknown,Unknown,2,0,2,Fatal
SCRAPED_000706,News_Paper,2023,March,Saturday,Bihar,Auto Rickshaw,Truck,Unknown,Unknown,Under 18,Head On Collision,Unknown,Unknown,Unknown,2,11,13,Fatal
SCRAPED_000707,News_Paper,2023,March,Sunday,Tamil Nadu,Two Wheeler,Lorry,Unknown,Unknown,18-30,Head On Collision,Unknown,Unknown,Unknown,1,0,1,Fatal
SCRAPED_000708,News_Paper,2023,March,Saturday,Uttar Pradesh,Car,Truck,Unknown,Unknown,Unknown,Head On Collision,Unknown,Unknown,Unknown,5,0,5,Fatal
SCRAPED_000709,News_Paper,2023,March,Monday,Bihar,Two Wheeler,Truck,Unknown,Unknown,Unknown,Head On Collision,Unknown,Unknown,Unknown,2,0,2,Fatal
SCRAPED_000710,News_Paper,2023,March,Monday,Telangana,Car,Truck,Unknown,Unknown,Unknown,Head On Collision,Unknown,Unknown,Unknown,4,0,4,Fatal
SCRAPED_000711,News_Paper,2023,March,Wednesday,Karnataka,Two Wheeler,Truck,Unknown,Unknown,18-30,Hit From Back,Unknown,Unknown,Unknown,1,0,1,Fatal
SCRAPED_000712,News_Paper,2023,March,Tuesday,Madhya Pradesh,Two Wheeler,Truck,Unknown,Unknown,Unknown,Hit From Back,Unknown,Unknown,Unknown,2,0,2,Fatal
SCRAPED_000713,News_Paper,2023,March,Friday,Karnataka,Two Wheeler,Truck,Unknown,Unknown,Unknown,Hit From Back,Unknown,Unknown,Unknown,2,0,2,Fatal
SCRAPED_000714,News_Paper,2023,March,Saturday,Tamil Nadu,Car,Truck,Unknown,Unknown,Unknown,Others,Unknown,Unknown,Unknown,6,3,9,Fatal
SCRAPED_000715,News_Paper,2023,March,Friday,Telangana,Pedestrian,Truck,Unknown,Unknown,31-50,Hit And Run,Unknown,Unknown,Unknown,1,0,1,Fatal
SCRAPED_000716,News_Paper,2023,March,Saturday,Andhra Pradesh,Two Wheeler,Tractor,Unknown,Unknown,18-30,Hit From Back,Unknown,Unknown,Unknown,1,0,1,Fatal
SCRAPED_000717,News_Paper,2023,March,Tuesday,Uttar Pradesh,Car,Tractor,Unknown,Unknown,Unknown,With Parked Vehicle,Unknown,Unknown,Unknown,3,0,3,Fatal
SCRAPED_000718,News_Paper,2023,March,Wednesday,Gujarat,Car,Truck,Unknown,Unknown,Unknown,With Parked Vehicle,Unknown,Unknown,Unknown,2,0,2,Fatal
SCRAPED_000719,News_Paper,2023,March,Thursday,Andhra Pradesh,Lorry,Lorry,Unknown,Unknown,Unknown,With Parked Vehicle,Unknown,Unknown,Unknown,2,0,2,Fatal
SCRAPED_000720,News_Paper,2023,March,Thursday,Madhya Pradesh,Two Wheeler,Truck,Unknown,Unknown,Unknown,Head On Collision,Unknown,Unknown,Unknown,2,2,4,Fatal
SCRAPED_000721,News_Paper,2023,March,Thursday,Tamil Nadu,Car,Truck,Unknown,Unknown,Unknown,Hit From Back,Unknown,Unknown,Unknown,1,4,5,Fatal
SCRAPED_000722,News_Paper,2023,March,Friday,Uttarakhand,Pedestrian,Tractor,Unknown,Unknown,Under 18,Head On Collision,Unknown,Unknown,Unknown,1,0,1,Fatal
SCRAPED_000723,News_Paper,2023,March,Saturday,Rajasthan,Car,Truck,Unknown,Unknown,Unknown,Hit From Back,Unknown,Unknown,Unknown,3,0,3,Fatal
SCRAPED_000724,News_Paper,2023,March,Saturday,Maharashtra,Two Wheeler,Truck,Unknown,Unknown,18-30,Others,Unknown,Unknown,Unknown,1,0,1,Fatal
SCRAPED_000725,News_Paper,2023,March,Saturday,Maharashtra,Two Wheeler,Tractor,Unknown,Unknown,18-30,With Parked Vehicle,Unknown,Unknown,Unknown,1,0,1,Fatal
SCRAPED_000726,News_Paper,2023,March,Saturday,Maharashtra,Pedestrian,Tractor,Unknown,Unknown,Over 51,Hit And Run,Unknown,Unknown,Unknown,1,0,1,Fatal
SCRAPED_000727,News_Paper,2023,March,Sunday,Chhattisgarh,Truck,Truck,Unknown,Unknown,Unknown,Head On Collision,Unknown,Unknown,Unknown,1,1,2,Fatal
SCRAPED_000728,News_Paper,2023,March,Sunday,Tamil Nadu,Two Wheeler,Truck,Unknown,Unknown,18-30,Head On Collision,Unknown,Unknown,Unknown,1,0,1,Fatal
SCRAPED_000729,News_Paper,2023,March,Sunday,Maharashtra,Two Wheeler,Lorry,Unknown,Unknown,31-50,Head On Collision,Unknown,Unknown,Unknown,1,0,1,Fatal
SCRAPED_000730,News_Paper,2023,March,Tuesday,Madhya Pradesh,Car,Tractor,Unknown,Unknown,18-30,With Parked Vehicle,Unknown,Unknown,Unknown,1,0,1,Fatal
SCRAPED_000731,News_Paper,2023,March,Tuesday,Tamil Nadu,Two Wheeler,Truck,Unknown,Unknown,Unknown,Head On Collision,Unknown,Unknown,Unknown,3,0,3,Fatal
SCRAPED_000732,News_Paper,2023,March,Wednesday,Telangana,Tractor,Bus,Unknown,Unknown,Unknown,Head On Collision,Unknown,Unknown,Unknown,1,2,3,Fatal
SCRAPED_000733,News_Paper,2023,March,Wednesday,Maharashtra,Auto Rickshaw,Truck,Unknown,Unknown,Unknown,Head On Collision,Unknown,Unknown,Unknown,5,8,13,Fatal
SCRAPED_000734,News_Paper,2023,March,Wednesday,Punjab,Car,Truck,Unknown,Unknown,Unknown,With Parked Vehicle,Unknown,Unknown,Unknown,1,0,1,Fatal
SCRAPED_000735,News_Paper,2023,March,Wednesday,Telangana,Tractor,Car,Unknown,Unknown,Unknown,Head On Collision,Unknown,Unknown,Unknown,2,15,17,Fatal
SCRAPED_000736,News_Paper,2023,March,Thursday,Andhra Pradesh,Car,Lorry,Unknown,Unknown,Unknown,With Parked Vehicle,Unknown,Unknown,Unknown,2,4,6,Fatal
SCRAPED_000737,News_Paper,2023,March,Friday,Rajasthan,Car,Truck,Unknown,Unknown,Unknown,Head On Collision,Unknown,Unknown,Unknown,5,2,7,Fatal
SCRAPED_000738,News_Paper,2023,March,Friday,Uttar Pradesh,Truck,Truck,Unknown,Unknown,Unknown,Head On Collision,Unknown,Unknown,Unknown,3,0,3,Fatal
SCRAPED_000739,News_Paper,2023,March,Friday,Haryana,Pedestrian,Lorry,Unknown,Unknown,18-30,Hit And Run,Unknown,Unknown,Unknown,1,0,1,Fatal
SCRAPED_000740,News_Paper,2023,March,Thursday,Maharashtra,Two Wheeler,Truck,Unknown,Unknown,31-50,Hit From Back,Unknown,Unknown,Unknown,1,0,1,Fatal
SCRAPED_000741,News_Paper,2023,April,Monday,Andhra Pradesh,Two Wheeler,Lorry,Unknown,Unknown,18-30,Head On Collision,Unknown,Unknown,Unknown,1,1,2,Fatal
SCRAPED_000742,News_Paper,2023,April,Tuesday,Maharashtra,Car,Truck,Unknown,Unknown,Unknown,Hit From Back,Unknown,Unknown,Unknown,2,2,4,Fatal
SCRAPED_000743,News_Paper,2023,April,Sunday,Maharashtra,Two Wheeler,Truck,Unknown,Unknown,18-30,Others,Unknown,Unknown,Unknown,1,0,1,Fatal
SCRAPED_000744,News_Paper,2023,April,Monday,Maharashtra,Pedestrian,Truck,Unknown,Unknown,Under 18,Hit And Run,Unknown,Unknown,Unknown,1,0,1,Fatal
SCRAPED_000745,News_Paper,2023,April,Thursday,Karnataka,Two Wheeler,Truck,Unknown,Unknown,18-30,Hit From Back,Unknown,Unknown,Unknown,1,0,1,Fatal
SCRAPED_000746,News_Paper,2023,April,Thursday,Rajasthan,Tractor,Auto Rickshaw,Unknown,Unknown,Unknown,Others,Unknown,Unknown,Unknown,4,0,4,Fatal
SCRAPED_000747,News_Paper,2023,April,Saturday,Uttar Pradesh,Car,Truck,Unknown,Unknown,Unknown,Head On Collision,Unknown,Unknown,Unknown,6,0,6,Fatal
SCRAPED_000748,News_Paper,2023,April,Thursday,Jharkhand,Car,Truck,Unknown,Unknown,Unknown,Head On Collision,Unknown,Unknown,Unknown,4,0,4,Fatal
SCRAPED_000749,News_Paper,2023,April,Friday,Maharashtra,Bus,Truck,Unknown,Unknown,Over 51,With Parked Vehicle,Unknown,Unknown,Unknown,1,12,13,Fatal
SCRAPED_000750,News_Paper,2023,April,Friday,Telangana,Car,Lorry,Unknown,Unknown,Under 18,Hit From Back,Unknown,Unknown,Unknown,2,0,2,Fatal
SCRAPED_000751,News_Paper,2023,April,Saturday,Rajasthan,Car,Truck,Unknown,Unknown,Unknown,Hit From Back,Unknown,Unknown,Unknown,3,1,4,Fatal
SCRAPED_000752,News_Paper,2023,April,Monday,West Bengal,Car,Truck,Unknown,Unknown,Unknown,Hit From Back,Unknown,Unknown,Unknown,4,0,4,Fatal
SCRAPED_000753,News_Paper,2023,April,Sunday,Chhattisgarh,Two Wheeler,Truck,Unknown,Unknown,Unknown,Others,Unknown,Unknown,Unknown,1,1,2,Fatal
SCRAPED_000754,News_Paper,2023,April,Monday,Rajasthan,Bicycle,Truck,Unknown,Unknown,Over 51,Hit From Back,Unknown,Unknown,Unknown,1,0,1,Fatal
SCRAPED_000755,News_Paper,2023,April,Monday,Madhya Pradesh,Pedestrian,Lorry,Unknown,Unknown,Unknown,Hit And Run,Unknown,Unknown,Unknown,4,0,4,Fatal
SCRAPED_000756,News_Paper,2023,April,Monday,Uttar Pradesh,Truck,Truck,Unknown,Unknown,Unknown,Others,Unknown,Unknown,Unknown,2,0,2,Fatal
SCRAPED_000757,News_Paper,2023,April,Wednesday,Punjab,Pedestrian,Tractor,Unknown,Unknown,Unknown,Hit And Run,Unknown,Unknown,Unknown,7,20,27,Fatal
SCRAPED_000758,News_Paper,2023,April,Wednesday,Punjab,Tractor,Nil,Unknown,Unknown,Unknown,Run Off Road,Unknown,Unknown,Unknown,3,11,14,Fatal
SCRAPED_000759,News_Paper,2023,April,Wednesday,Haryana,Two Wheeler,Truck,Unknown,Unknown,18-30,With Parked Vehicle,Unknown,Unknown,Unknown,1,1,2,Fatal
SCRAPED_000760,News_Paper,2023,April,Friday,Uttar Pradesh,Two Wheeler,Tractor,Unknown,Unknown,Unknown,Head On Collision,Unknown,Unknown,Unknown,3,0,3,Fatal
SCRAPED_000761,News_Paper,2023,April,Friday,Maharashtra,Two Wheeler,Truck,Unknown,Unknown,Unknown,Hit From Side,Unknown,Unknown,Unknown,3,0,3,Fatal
SCRAPED_000762,News_Paper,2023,April,Friday,Maharashtra,Two Wheeler,Truck,Unknown,Unknown,31-50,Others,Unknown,Unknown,Unknown,1,2,3,Fatal
SCRAPED_000763,News_Paper,2023,April,Monday,Maharashtra,Two Wheeler,Truck,Unknown,Unknown,18-30,Hit From Back,Unknown,Unknown,Unknown,1,0,1,Fatal
SCRAPED_000764,News_Paper,2023,April,Sunday,Uttar Pradesh,Two Wheeler,Tractor,Unknown,Unknown,Unknown,With Parked Vehicle,Unknown,Unknown,Unknown,2,4,6,Fatal
SCRAPED_000765,News_Paper,2023,April,Monday,Jharkhand,Bus,Tractor,Unknown,Unknown,Unknown,With Parked Vehicle,Unknown,Unknown,Unknown,3,10,13,Fatal
SCRAPED_000766,News_Paper,2023,April,Tuesday,Uttar Pradesh,Two Wheeler,Truck,Unknown,Unknown,Unknown,Hit From Back,Unknown,Unknown,Unknown,2,1,3,Fatal
SCRAPED_000767,News_Paper,2023,April,Monday,Rajasthan,Bus,Truck,Unknown,Unknown,Unknown,Head On Collision,Unknown,Unknown,Unknown,2,4,6,Fatal
SCRAPED_000768,News_Paper,2023,April,Thursday,Chhattisgarh,Two Wheeler,Tractor,Unknown,Unknown,31-50,Head On Collision,Unknown,Unknown,Unknown,1,0,1,Fatal
SCRAPED_000769,News_Paper,2023,April,Thursday,Chhattisgarh,Pedestrian,Truck,Unknown,Unknown,31-50,Hit And Run,Unknown,Unknown,Unknown,1,0,1,Fatal
SCRAPED_000770,News_Paper,2023,April,Tuesday,West Bengal,Two Wheeler,Truck,Unknown,Unknown,Unknown,Head On Collision,Unknown,Unknown,Unknown,2,0,2,Fatal
SCRAPED_000771,News_Paper,2023,April,Tuesday,Punjab,Two Wheeler,Truck,Unknown,Unknown,18-30,Hit From Back,Unknown,Unknown,Unknown,1,0,1,Fatal
SCRAPED_000772,News_Paper,2023,April,Thursday,Uttar Pradesh,Van,Truck,Unknown,Unknown,Unknown,Others,Unknown,Unknown,Unknown,3,1,4,Fatal
SCRAPED_000773,News_Paper,2023,April,Thursday,Uttar Pradesh,Two Wheeler,Truck,Unknown,Unknown,18-30,Hit From Back,Unknown,Unknown,Unknown,1,2,3,Fatal
SCRAPED_000774,News_Paper,2023,April,Thursday,Telangana,Pedestrian,Lorry,Unknown,Unknown,Unknown,Hit And Run,Unknown,Unknown,Unknown,2,1,3,Fatal
SCRAPED_000775,News_Paper,2023,April,Friday,Uttar Pradesh,Bus,Truck,Unknown,Unknown,Unknown,Head On Collision,Unknown,Unknown,Unknown,7,40,47,Fatal
SCRAPED_000776,News_Paper,2023,April,Friday,Mizoram,Truck,Nil,Unknown,Unknown,Unknown,Run Off Road,Unknown,Unknown,Unknown,5,0,5,Fatal
SCRAPED_000777,News_Paper,2023,April,Saturday,Maharashtra,Pedestrian,Truck,Unknown,Unknown,18-30,Hit And Run,Unknown,Unknown,Unknown,1,0,1,Fatal
SCRAPED_000778,News_Paper,2023,April,Friday,Maharashtra,Two Wheeler,Truck,Unknown,Unknown,18-30,Hit From Back,Unknown,Unknown,Unknown,1,1,2,Fatal
SCRAPED_000779,News_Paper,2023,April,Saturday,Gujarat,Pedestrian,Truck,Unknown,Unknown,Unknown,Hit And Run,Unknown,Unknown,Unknown,1,0,1,Fatal
SCRAPED_000780,News_Paper,2023,April,Sunday,Maharashtra,Bus,Truck,Unknown,Unknown,Unknown,Hit From Back,Unknown,Unknown,Unknown,5,22,27,Fatal
SCRAPED_000781,News_Paper,2023,April,Saturday,Madhya Pradesh,Car,Truck,Unknown,Unknown,Unknown,With Parked Vehicle,Unknown,Unknown,Unknown,3,2,5,Fatal
SCRAPED_000782,News_Paper,2023,April,Monday,Rajasthan,Tractor,Truck,Unknown,Unknown,Unknown,Head On Collision,Unknown,Unknown,Unknown,3,1,4,Fatal
SCRAPED_000783,News_Paper,2023,April,Sunday,Rajasthan,Pedestrian,Truck,Unknown,Unknown,Unknown,Hit And Run,Unknown,Unknown,Unknown,1,0,1,Fatal
SCRAPED_000784,News_Paper,2023,April,Monday,Uttar Pradesh,Two Wheeler,Truck,Unknown,Unknown,Unknown,Hit From Back,Unknown,Unknown,Unknown,3,3,6,Fatal
SCRAPED_000785,News_Paper,2023,April,Monday,Uttar Pradesh,Two Wheeler,Truck,Unknown,Unknown,18-30,Others,Unknown,Unknown,Unknown,1,1,2,Fatal
SCRAPED_000786,News_Paper,2023,April,Monday,Madhya Pradesh,Auto Rickshaw,Truck,Unknown,Unknown,Unknown,Head On Collision,Unknown,Unknown,Unknown,3,2,5,Fatal
SCRAPED_000787,News_Paper,2023,April,Tuesday,Madhya Pradesh,Two Wheeler,Truck,Unknown,Unknown,18-30,Others,Unknown,Unknown,Unknown,1,5,6,Fatal
SCRAPED_000788,News_Paper,2023,April,Wednesday,Uttar Pradesh,Two Wheeler,Tractor,Unknown,Unknown,Unknown,Head On Collision,Unknown,Unknown,Unknown,2,0,2,Fatal
SCRAPED_000789,News_Paper,2023,April,Tuesday,Maharashtra,Two Wheeler,Truck,Unknown,Unknown,31-50,Hit From Back,Unknown,Unknown,Unknown,1,0,1,Fatal
SCRAPED_000790,News_Paper,2023,April,Thursday,Kerala,Car,Truck,Unknown,Unknown,Unknown,Others,Unknown,Unknown,Unknown,2,4,6,Fatal
SCRAPED_000791,News_Paper,2023,April,Thursday,Jharkhand,Two Wheeler,Truck,Unknown,Unknown,Under 18,Hit From Back,Unknown,Unknown,Unknown,1,0,1,Fatal
SCRAPED_000792,News_Paper,2023,April,Friday,Uttar Pradesh,Two Wheeler,Truck,Unknown,Unknown,Unknown,Head On Collision,Unknown,Unknown,Unknown,2,0,2,Fatal
SCRAPED_000793,News_Paper,2023,April,Friday,Chhattisgarh,Car,Truck,Unknown,Unknown,Unknown,Others,Unknown,Unknown,Unknown,3,3,6,Fatal
SCRAPED_000794,News_Paper,2023,April,Saturday,Punjab,Bicycle,Truck,Unknown,Unknown,Under 18,Hit From Back,Unknown,Unknown,Unknown,1,0,1,Fatal
SCRAPED_000795,News_Paper,2023,April,Saturday,Maharashtra,Two Wheeler,Truck,Unknown,Unknown,Unknown,Hit From Side,Unknown,Unknown,Unknown,3,1,4,Fatal
SCRAPED_000796,News_Paper,2023,April,Saturday,Tamil Nadu,Bus,Truck,Unknown,Unknown,31-50,With Parked Vehicle,Unknown,Unknown,Unknown,1,22,23,Fatal
SCRAPED_000797,News_Paper,2023,April,Friday,Madhya Pradesh,Two Wheeler,Tractor,Unknown,Unknown,Unknown,Hit From Back,Unknown,Unknown,Unknown,2,1,3,Fatal
SCRAPED_000798,News_Paper,2023,April,Saturday,Uttar Pradesh,Car,Tractor,Unknown,Unknown,Unknown,Hit From Back,Unknown,Unknown,Unknown,5,0,5,Fatal
SCRAPED_000799,News_Paper,2023,April,Sunday,Goa,Car,Truck,Unknown,Unknown,18-30,Head On Collision,Unknown,Unknown,Unknown,1,0,1,Fatal
SCRAPED_000800,News_Paper,2023,April,Saturday,Rajasthan,Car,Tractor,Unknown,Unknown,Unknown,Head On Collision,Unknown,Unknown,Unknown,4,0,4,Fatal
SCRAPED_000801,News_Paper,2023,May,Wednesday,Punjab,Bus,Truck,Unknown,Unknown,Unknown,Hit From Back,Unknown,Unknown,Unknown,2,4,6,Fatal
SCRAPED_000802,News_Paper,2023,May,Monday,Maharashtra,Pedestrian,Truck,Unknown,Unknown,Under 18,Hit And Run,Unknown,Unknown,Unknown,1,0,1,Fatal
SCRAPED_000803,News_Paper,2023,May,Wednesday,Chhattisgarh,Car,Truck,Unknown,Unknown,Unknown,Head On Collision,Unknown,Unknown,Unknown,11,0,11,Fatal
SCRAPED_000804,News_Paper,2023,May,Wednesday,Bihar,Auto Rickshaw,Truck,Unknown,Unknown,Unknown,Others,Unknown,Unknown,Unknown,7,4,11,Fatal
SCRAPED_000805,News_Paper,2023,May,Wednesday,Tamil Nadu,Truck,Nil,Unknown,Unknown,31-50,Run Off Road,Unknown,Unknown,Unknown,1,6,7,Fatal
SCRAPED_000806,News_Paper,2023,May,Thursday,Rajasthan,Car,Truck,Unknown,Unknown,Unknown,Head On Collision,Unknown,Unknown,Unknown,8,1,9,Fatal
SCRAPED_000807,News_Paper,2023,May,Friday,Uttar Pradesh,Auto Rickshaw,Truck,Unknown,Unknown,Unknown,Head On Collision,Unknown,Unknown,Unknown,5,10,15,Fatal
SCRAPED_000808,News_Paper,2023,May,Friday,Odisha,Tractor,Nil,Unknown,Unknown,Unknown,Run Off Road,Unknown,Unknown,Unknown,3,7,10,Fatal
SCRAPED_000809,News_Paper,2023,May,Wednesday,Karnataka,Two Wheeler,Truck,Unknown,Unknown,18-30,Hit From Back,Unknown,Unknown,Unknown,1,1,2,Fatal
SCRAPED_000810,News_Paper,2023,May,Friday,Uttar Pradesh,Auto Rickshaw,Truck,Unknown,Unknown,Unknown,Hit From Side,Unknown,Unknown,Unknown,5,10,15,Fatal
SCRAPED_000811,News_Paper,2023,May,Sunday,Uttar Pradesh,Van,Truck,Unknown,Unknown,Unknown,Head On Collision,Unknown,Unknown,Unknown,10,13,23,Fatal
SCRAPED_000812,News_Paper,2023,May,Sunday,Tamil Nadu,Two Wheeler,Lorry,Unknown,Unknown,31-50,Hit From Back,Unknown,Unknown,Unknown,1,1,2,Fatal
SCRAPED_000813,News_Paper,2023,May,Sunday,Maharashtra,Van,Truck,Unknown,Unknown,Unknown,Head On Collision,Unknown,Unknown,Unknown,3,2,5,Fatal
SCRAPED_000814,News_Paper,2023,May,Wednesday,Bihar,Pedestrian,Truck,Unknown,Unknown,18-30,Hit And Run,Unknown,Unknown,Unknown,3,1,4,Fatal
SCRAPED_000815,News_Paper,2023,May,Tuesday,Madhya Pradesh,Two Wheeler,Truck,Unknown,Unknown,Unknown,Head On Collision,Unknown,Unknown,Unknown,4,0,4,Fatal
SCRAPED_000816,News_Paper,2023,May,Thursday,Tamil Nadu,Two Wheeler,Lorry,Unknown,Unknown,31-50,Hit From Back,Unknown,Unknown,Unknown,1,1,2,Fatal
SCRAPED_000817,News_Paper,2023,May,Friday,Punjab,Two Wheeler,Truck,Unknown,Unknown,Under 18,Others,Unknown,Unknown,Unknown,1,1,2,Fatal
SCRAPED_000818,News_Paper,2023,May,Sunday,Himachal Pradesh,Truck,Gorge,Unknown,Unknown,Unknown,Vehicle Overturn,Unknown,Unknown,Unknown,5,3,8,Fatal
SCRAPED_000819,News_Paper,2023,May,Saturday,Kerala,Van,Truck,Unknown,Unknown,Under 18,Others,Unknown,Unknown,Unknown,1,3,4,Fatal
SCRAPED_000820,News_Paper,2023,May,Friday,Telangana,Car,Lorry,Unknown,Unknown,Unknown,Others,Unknown,Unknown,Unknown,2,5,7,Fatal
SCRAPED_000821,News_Paper,2023,May,Saturday,Jharkhand,Van,Truck,Unknown,Unknown,Unknown,Others,Unknown,Unknown,Unknown,6,0,6,Fatal
SCRAPED_000822,News_Paper,2023,May,Monday,Andhra Pradesh,Car,Truck,Unknown,Unknown,Unknown,Head On Collision,Unknown,Unknown,Unknown,7,7,14,Fatal
SCRAPED_000823,News_Paper,2023,May,Sunday,Maharashtra,Pedestrian,Truck,Unknown,Unknown,Under 18,Hit And Run,Unknown,Unknown,Unknown,1,0,1,Fatal
SCRAPED_000824,News_Paper,2023,May,Tuesday,Uttar Pradesh,Truck,Truck,Unknown,Unknown,Unknown,Head On Collision,Unknown,Unknown,Unknown,9,2,11,Fatal
SCRAPED_000825,News_Paper,2023,May,Monday,Assam,Van,Truck,Unknown,Unknown,Unknown,Others,Unknown,Unknown,Unknown,3,0,3,Fatal
SCRAPED_000826,News_Paper,2023,May,Tuesday,Assam,Car,Truck,Unknown,Unknown,Unknown,Head On Collision,Unknown,Unknown,Unknown,1,0,1,Fatal
SCRAPED_000827,News_Paper,2023,May,Wednesday,Telangana,Auto Rickshaw,Truck,Unknown,Unknown,Unknown,Others,Unknown,Unknown,Unknown,6,6,12,Fatal
SCRAPED_000828,News_Paper,2023,May,Tuesday,Andhra Pradesh,Car,Lorry,Unknown,Unknown,Unknown,Others,Unknown,Unknown,Unknown,3,1,4,Fatal
SCRAPED_000829,News_Paper,2023,May,Monday,Tamil Nadu,Two Wheeler,Truck,Unknown,Unknown,Unknown,Hit From Side,Unknown,Unknown,Unknown,2,1,3,Fatal
SCRAPED_000830,News_Paper,2023,May,Thursday,Madhya Pradesh,Bus,Tractor,Unknown,Unknown,Unknown,Head On Collision,Unknown,Unknown,Unknown,5,12,17,Fatal
SCRAPED_000831,News_Paper,2023,May,Wednesday,Andhra Pradesh,Auto Rickshaw,Lorry,Unknown,Unknown,Unknown,Head On Collision,Unknown,Unknown,Unknown,6,12,18,Fatal
SCRAPED_000832,News_Paper,2023,May,Wednesday,Punjab,Bicycle,Truck,Unknown,Unknown,Under 18,Hit From Back,Unknown,Unknown,Unknown,1,0,1,Fatal
SCRAPED_000833,News_Paper,2023,May,Thursday,Bihar,Pedestrian,Truck,Unknown,Unknown,Unknown,Hit And Run,Unknown,Unknown,Unknown,2,3,5,Fatal
SCRAPED_000834,News_Paper,2023,May,Friday,Telangana,Car,Truck,Unknown,Unknown,18-30,Head On Collision,Unknown,Unknown,Unknown,4,8,12,Fatal
SCRAPED_000835,News_Paper,2023,May,Friday,Tamil Nadu,Two Wheeler,Truck,Unknown,Unknown,18-30,Head On Collision,Unknown,Unknown,Unknown,1,0,1,Fatal
SCRAPED_000836,News_Paper,2023,May,Saturday,Telangana,Pedestrian,Truck,Unknown,Unknown,Unknown,Hit And Run,Unknown,Unknown,Unknown,1,0,1,Fatal
SCRAPED_000837,News_Paper,2023,May,Saturday,Chhattisgarh,Truck,Truck,Unknown,Unknown,Unknown,Head On Collision,Unknown,Unknown,Unknown,3,1,4,Fatal
SCRAPED_000838,News_Paper,2023,May,Monday,Uttar Pradesh,Car,Truck,Unknown,Unknown,Unknown,Head On Collision,Unknown,Unknown,Unknown,5,2,7,Fatal
SCRAPED_000839,News_Paper,2023,May,Monday,Uttar Pradesh,Car,Truck,Unknown,Unknown,31-50,Head On Collision,Unknown,Unknown,Unknown,1,5,6,Fatal
SCRAPED_000840,News_Paper,2023,May,Tuesday,Maharashtra,Bus,Truck,Unknown,Unknown,Unknown,Others,Unknown,Unknown,Unknown,6,10,16,Fatal
SCRAPED_000841,News_Paper,2023,May,Monday,Bihar,Tractor,Truck,Unknown,Unknown,Unknown,Head On Collision,Unknown,Unknown,Unknown,2,19,21,Fatal
SCRAPED_000842,News_Paper,2023,May,Tuesday,Maharashtra,Car,Truck,Unknown,Unknown,Unknown,Others,Unknown,Unknown,Unknown,5,7,12,Fatal
SCRAPED_000843,News_Paper,2023,May,Tuesday,Maharashtra,Pedestrian,Truck,Unknown,Unknown,Unknown,Hit From Back,Unknown,Unknown,Unknown,2,2,4,Fatal
SCRAPED_000844,News_Paper,2023,May,Tuesday,Uttar Pradesh,Auto Rickshaw,Truck,Unknown,Unknown,Unknown,Head On Collision,Unknown,Unknown,Unknown,2,5,7,Fatal
SCRAPED_000845,News_Paper,2023,May,Wednesday,Maharashtra,Truck,Truck,Unknown,Unknown,Over 51,Hit From Back,Unknown,Unknown,Unknown,1,0,1,Fatal
SCRAPED_000846,News_Paper,2023,May,Wednesday,Tamil Nadu,Two Wheeler,Truck,Unknown,Unknown,Unknown,Head On Collision,Unknown,Unknown,Unknown,2,0,2,Fatal
SCRAPED_000847,News_Paper,2023,May,Thursday,Maharashtra,Truck,Truck,Unknown,Unknown,Unknown,Hit From Back,Unknown,Unknown,Unknown,4,1,5,Fatal
SCRAPED_000848,News_Paper,2023,May,Thursday,Delhi,Truck,Truck,Unknown,Unknown,Unknown,Hit From Back,Unknown,Unknown,Unknown,2,4,6,Fatal
SCRAPED_000849,News_Paper,2023,May,Wednesday,Madhya Pradesh,Auto Rickshaw,Truck,Unknown,Unknown,Unknown,Others,Unknown,Unknown,Unknown,4,2,6,Fatal
SCRAPED_000850,News_Paper,2023,May,Friday,Uttar Pradesh,Bus,Truck,Unknown,Unknown,Under 18,Head On Collision,Unknown,Unknown,Unknown,1,27,28,Fatal
SCRAPED_000851,News_Paper,2023,May,Saturday,Madhya Pradesh,Van,Tractor,Unknown,Unknown,Unknown,Hit From Back,Unknown,Unknown,Unknown,3,5,8,Fatal
SCRAPED_000852,News_Paper,2023,May,Saturday,Maharashtra,Two Wheeler,Truck,Unknown,Unknown,Unknown,With Parked Vehicle,Unknown,Unknown,Unknown,2,2,4,Fatal
SCRAPED_000853,News_Paper,2023,May,Saturday,Uttar Pradesh,Tractor,Nil,Unknown,Unknown,Unknown,Run Off Road,Unknown,Unknown,Unknown,4,3,7,Fatal
SCRAPED_000854,News_Paper,2023,May,Sunday,Chhattisgarh,Two Wheeler,Truck,Unknown,Unknown,Unknown,Head On Collision,Unknown,Unknown,Unknown,2,2,4,Fatal
SCRAPED_000855,News_Paper,2023,May,Sunday,Uttar Pradesh,Two Wheeler,Truck,Unknown,Unknown,Unknown,Head On Collision,Unknown,Unknown,Unknown,3,0,3,Fatal
SCRAPED_000856,News_Paper,2023,May,Sunday,Rajasthan,Pedestrian,Truck,Unknown,Unknown,Under 18,Hit And Run,Unknown,Unknown,Unknown,1,0,1,Fatal
SCRAPED_000857,News_Paper,2023,May,Sunday,Maharashtra,Two Wheeler,Truck,Unknown,Unknown,Unknown,Others,Unknown,Unknown,Unknown,2,0,2,Fatal
SCRAPED_000858,News_Paper,2023,May,Monday,Jharkhand,Two Wheeler,Truck,Unknown,Unknown,Unknown,Head On Collision,Unknown,Unknown,Unknown,2,0,2,Fatal
SCRAPED_000859,News_Paper,2023,May,Sunday,Maharashtra,Two Wheeler,Truck,Unknown,Unknown,18-30,Hit From Back,Unknown,Unknown,Unknown,1,0,1,Fatal
SCRAPED_000860,News_Paper,2023,May,Monday,Maharashtra,Two Wheeler,Truck,Unknown,Unknown,Unknown,Hit From Back,Unknown,Unknown,Unknown,2,1,3,Fatal
SCRAPED_000861,News_Paper,2023,May,Tuesday,Odisha,Two Wheeler,Truck,Unknown,Unknown,Unknown,Others,Unknown,Unknown,Unknown,2,2,4,Fatal
SCRAPED_000862,News_Paper,2023,May,Monday,Kerala,Two Wheeler,Truck,Unknown,Unknown,31-50,Hit From Back,Unknown,Unknown,Unknown,1,0,1,Fatal
SCRAPED_000863,News_Paper,2023,May,Monday,Haryana,Car,Truck,Unknown,Unknown,Unknown,With Parked Vehicle,Unknown,Unknown,Unknown,5,0,5,Fatal
SCRAPED_000864,News_Paper,2023,May,Monday,Rajasthan,Truck,Nil,Unknown,Unknown,31-50,Run Off Road,Unknown,Unknown,Unknown,1,0,1,Fatal
SCRAPED_000865,News_Paper,2023,May,Tuesday,Uttarakhand,Two Wheeler,Truck,Unknown,Unknown,18-30,Others,Unknown,Unknown,Unknown,1,3,4,Fatal
SCRAPED_000866,News_Paper,2023,May,Monday,Telangana,Car,Truck,Unknown,Unknown,Unknown,Others,Unknown,Unknown,Unknown,3,1,4,Fatal
SCRAPED_000867,News_Paper,2023,June,Thursday,Jharkhand,Two Wheeler,Truck,Unknown,Unknown,Unknown,Head On Collision,Unknown,Unknown,Unknown,1,4,5,Fatal
SCRAPED_000868,News_Paper,2023,May,Wednesday,Telangana,Tractor,Nil,Unknown,Unknown,Unknown,Run Off Road,Unknown,Unknown,Unknown,2,0,2,Fatal
SCRAPED_000869,News_Paper,2023,May,Wednesday,Haryana,Pick Up,Truck,Unknown,Unknown,Unknown,Hit From Side,Unknown,Unknown,Unknown,4,14,18,Fatal
SCRAPED_000870,News_Paper,2023,June,Saturday,Andhra Pradesh,Suv,Truck,Unknown,Unknown,Unknown,Head On Collision,Unknown,Unknown,Unknown,4,8,12,Fatal
SCRAPED_000871,News_Paper,2023,June,Sunday,Uttar Pradesh,Two Wheeler,Tractor,Unknown,Unknown,31-50,Others,Unknown,Unknown,Unknown,1,0,1,Fatal
SCRAPED_000872,News_Paper,2023,June,Saturday,Tamil Nadu,Suv,Truck,Unknown,Unknown,Unknown,With Parked Vehicle,Unknown,Unknown,Unknown,5,1,6,Fatal
SCRAPED_000873,News_Paper,2023,June,Saturday,Maharashtra,Two Wheeler,Truck,Unknown,Unknown,Unknown,Hit From Back,Unknown,Unknown,Unknown,2,0,2,Fatal
SCRAPED_000874,News_Paper,2023,June,Tuesday,Karnataka,Suv,Lorry,Unknown,Unknown,Unknown,With Parked Vehicle,Unknown,Unknown,Unknown,5,13,18,Fatal
SCRAPED_000875,News_Paper,2023,June,Sunday,Madhya Pradesh,Two Wheeler,Truck,Unknown,Unknown,Unknown,Others,Unknown,Unknown,Unknown,2,0,2,Fatal
SCRAPED_000876,News_Paper,2023,June,Thursday,Madhya Pradesh,Suv,Truck,Unknown,Unknown,Unknown,Hit From Side,Unknown,Unknown,Unknown,7,2,9,Fatal
SCRAPED_000877,News_Paper,2023,June,Wednesday,Rajasthan,Car,Truck,Unknown,Unknown,Unknown,Head On Collision,Unknown,Unknown,Unknown,4,0,4,Fatal
SCRAPED_000878,News_Paper,2023,June,Wednesday,Haryana,Two Wheeler,Truck,Unknown,Unknown,18-30,Head On Collision,Unknown,Unknown,Unknown,1,1,2,Fatal
SCRAPED_000879,News_Paper,2023,June,Friday,Uttar Pradesh,Pedestrian,Truck,Unknown,Unknown,Unknown,Hit And Run,Unknown,Unknown,Unknown,3,2,5,Fatal
SCRAPED_000880,News_Paper,2023,June,Friday,Chhattisgarh,Two Wheeler,Tractor,Unknown,Unknown,Unknown,Hit From Back,Unknown,Unknown,Unknown,2,0,2,Fatal
SCRAPED_000881,News_Paper,2023,June,Monday,Telangana,Car,Lorry,Unknown,Unknown,Unknown,Head On Collision,Unknown,Unknown,Unknown,7,2,9,Fatal
SCRAPED_000882,News_Paper,2023,June,Saturday,Uttar Pradesh,Car,Tractor,Unknown,Unknown,Unknown,Head On Collision,Unknown,Unknown,Unknown,2,0,2,Fatal
SCRAPED_000883,News_Paper,2023,June,Saturday,Bihar,Suv,Truck,Unknown,Unknown,Unknown,With Parked Vehicle,Unknown,Unknown,Unknown,3,3,6,Fatal
SCRAPED_000884,News_Paper,2023,June,Friday,West Bengal,Two Wheeler,Truck,Unknown,Unknown,31-50,Hit From Back,Unknown,Unknown,Unknown,1,0,1,Fatal
SCRAPED_000885,News_Paper,2023,June,Tuesday,Maharashtra,Truck,Nil,Unknown,Unknown,Unknown,Run Off Road,Unknown,Unknown,Unknown,3,2,5,Fatal
SCRAPED_000886,News_Paper,2023,June,Monday,Uttar Pradesh,Two Wheeler,Truck,Unknown,Unknown,Unknown,Head On Collision,Unknown,Unknown,Unknown,2,0,2,Fatal
SCRAPED_000887,News_Paper,2023,June,Tuesday,Karnataka,Two Wheeler,Truck,Unknown,Unknown,Unknown,Head On Collision,Unknown,Unknown,Unknown,3,0,3,Fatal
SCRAPED_000888,News_Paper,2023,June,Wednesday,Punjab,Car,Truck,Unknown,Unknown,Unknown,Head On Collision,Unknown,Unknown,Unknown,2,3,5,Fatal
SCRAPED_000889,News_Paper,2023,June,Thursday,Tamil Nadu,Van,Truck,Unknown,Unknown,Unknown,Hit From Back,Unknown,Unknown,Unknown,3,0,3,Fatal
SCRAPED_000890,News_Paper,2023,June,Thursday,Madhya Pradesh,Two Wheeler,Tractor,Unknown,Unknown,Unknown,Hit From Side,Unknown,Unknown,Unknown,2,1,3,Fatal
SCRAPED_000891,News_Paper,2023,June,Friday,Uttar Pradesh,Two Wheeler,Truck,Unknown,Unknown,Unknown,Hit From Back,Unknown,Unknown,Unknown,2,0,2,Fatal
SCRAPED_000892,News_Paper,2023,June,Friday,Uttar Pradesh,Two Wheeler,Truck,Unknown,Unknown,Unknown,With Parked Vehicle,Unknown,Unknown,Unknown,2,0,2,Fatal
SCRAPED_000893,News_Paper,2023,June,Sunday,Telangana,Two Wheeler,Tractor,Unknown,Unknown,Over 51,Hit From Back,Unknown,Unknown,Unknown,1,0,1,Fatal
SCRAPED_000894,News_Paper,2023,June,Tuesday,Haryana,Two Wheeler,Truck,Unknown,Unknown,Unknown,Others,Unknown,Unknown,Unknown,5,0,5,Fatal
SCRAPED_000895,News_Paper,2023,June,Monday,Bihar,Auto Rickshaw,Truck,Unknown,Unknown,Unknown,With Parked Vehicle,Unknown,Unknown,Unknown,3,3,6,Fatal
SCRAPED_000896,News_Paper,2023,June,Wednesday,Assam,Car,Truck,Unknown,Unknown,Unknown,Others,Unknown,Unknown,Unknown,2,2,4,Fatal
SCRAPED_000897,News_Paper,2023,June,Tuesday,Tamil Nadu,Truck,Bus,Unknown,Unknown,18-30,Others,Unknown,Unknown,Unknown,1,1,2,Fatal
SCRAPED_000898,News_Paper,2023,June,Thursday,Maharashtra,Bus,Truck,Unknown,Unknown,Unknown,Head On Collision,Unknown,Unknown,Unknown,1,18,19,Fatal
SCRAPED_000899,News_Paper,2023,June,Thursday,Madhya Pradesh,Tractor,Pick Up,Unknown,Unknown,18-30,Hit From Side,Unknown,Unknown,Unknown,1,0,1,Fatal
SCRAPED_000900,News_Paper,2023,June,Friday,Kerala,Two Wheeler,Truck,Unknown,Unknown,18-30,Head On Collision,Unknown,Unknown,Unknown,1,0,1,Fatal
SCRAPED_000901,News_Paper,2023,June,Saturday,Madhya Pradesh,Car,Truck,Unknown,Unknown,Unknown,Others,Unknown,Unknown,Unknown,2,2,4,Fatal
SCRAPED_000902,News_Paper,2023,June,Sunday,Telangana,Car,Truck,Unknown,Unknown,Unknown,Head On Collision,Unknown,Unknown,Unknown,4,2,6,Fatal
SCRAPED_000903,News_Paper,2023,June,Monday,Chhattisgarh,Two Wheeler,Truck,Unknown,Unknown,18-30,Hit From Side,Unknown,Unknown,Unknown,1,1,2,Fatal
SCRAPED_000904,News_Paper,2023,June,Saturday,Madhya Pradesh,Pedestrian,Truck,Unknown,Unknown,Under 18,Hit And Run,Unknown,Unknown,Unknown,1,2,3,Fatal
SCRAPED_000905,News_Paper,2023,June,Monday,Maharashtra,Auto Rickshaw,Truck,Unknown,Unknown,Unknown,Head On Collision,Unknown,Unknown,Unknown,8,7,15,Fatal
SCRAPED_000906,News_Paper,2023,June,Saturday,Uttar Pradesh,Car,Tractor,Unknown,Unknown,Unknown,With Parked Vehicle,Unknown,Unknown,Unknown,4,2,6,Fatal
SCRAPED_000907,News_Paper,2023,June,Tuesday,Odisha,Car,Truck,Unknown,Unknown,Unknown,Head On Collision,Unknown,Unknown,Unknown,3,0,3,Fatal
SCRAPED_000908,News_Paper,2023,June,Tuesday,Madhya Pradesh,Truck,Gorge,Unknown,Unknown,Unknown,Vehicle Overturn,Unknown,Unknown,Unknown,5,45,50,Fatal
SCRAPED_000909,News_Paper,2023,June,Tuesday,Odisha,Car,Truck,Unknown,Unknown,Unknown,Head On Collision,Unknown,Unknown,Unknown,3,0,3,Fatal
SCRAPED_000910,News_Paper,2023,June,Wednesday,Odisha,Pedestrian,Truck,Unknown,Unknown,Unknown,Hit And Run,Unknown,Unknown,Unknown,5,9,14,Fatal
SCRAPED_000911,News_Paper,2023,June,Friday,Maharashtra,Suv,Truck,Unknown,Unknown,Unknown,Others,Unknown,Unknown,Unknown,6,11,17,Fatal
SCRAPED_000912,News_Paper,2023,June,Wednesday,Madhya Pradesh,Two Wheeler,Truck,Unknown,Unknown,31-50,Head On Collision,Unknown,Unknown,Unknown,1,2,3,Fatal
SCRAPED_000913,News_Paper,2023,June,Thursday,Uttar Pradesh,Suv,Truck,Unknown,Unknown,Unknown,With Parked Vehicle,Unknown,Unknown,Unknown,7,2,9,Fatal
SCRAPED_000914,News_Paper,2023,June,Friday,Rajasthan,Jugaad Vehicle,Truck,Unknown,Unknown,Unknown,Head On Collision,Unknown,Unknown,Unknown,2,19,21,Fatal
SCRAPED_000915,News_Paper,2023,June,Friday,Maharashtra,Suv,Truck,Unknown,Unknown,Unknown,Hit From Back,Unknown,Unknown,Unknown,3,6,9,Fatal
SCRAPED_000916,News_Paper,2023,June,Friday,Tamil Nadu,Two Wheeler,Tractor,Unknown,Unknown,Unknown,Hit From Back,Unknown,Unknown,Unknown,2,1,3,Fatal
SCRAPED_000917,News_Paper,2023,July,Monday,Delhi,Pedestrian,Truck,Unknown,Unknown,Under 18,Hit And Run,Unknown,Unknown,Unknown,1,0,1,Fatal
SCRAPED_000918,News_Paper,2023,July,Monday,Uttar Pradesh,Car,Tractor,Unknown,Unknown,Unknown,Hit From Back,Unknown,Unknown,Unknown,5,30,35,Fatal
SCRAPED_000919,News_Paper,2023,July,Wednesday,Uttar Pradesh,Car,Truck,Unknown,Unknown,Unknown,With Parked Vehicle,Unknown,Unknown,Unknown,4,4,8,Fatal
SCRAPED_000920,News_Paper,2023,July,Tuesday,Uttar Pradesh,Tractor,Ditch,Unknown,Unknown,Unknown,Vehicle Overturn,Unknown,Unknown,Unknown,3,2,5,Fatal
SCRAPED_000921,News_Paper,2023,July,Monday,Madhya Pradesh,Two Wheeler,Truck,Unknown,Unknown,Unknown,With Parked Vehicle,Unknown,Unknown,Unknown,3,0,3,Fatal
SCRAPED_000922,News_Paper,2023,July,Tuesday,Maharashtra,Car,Truck,Unknown,Unknown,Unknown,Others,Unknown,Unknown,Unknown,10,27,37,Fatal
SCRAPED_000923,News_Paper,2023,July,Tuesday,Punjab,Two Wheeler,Truck,Unknown,Unknown,Unknown,With Parked Vehicle,Unknown,Unknown,Unknown,2,0,2,Fatal
SCRAPED_000924,News_Paper,2023,July,Thursday,Andhra Pradesh,Two Wheeler,Truck,Unknown,Unknown,Unknown,Hit From Back,Unknown,Unknown,Unknown,2,0,2,Fatal
SCRAPED_000925,News_Paper,2023,July,Saturday,Chhattisgarh,Bus,Truck,Unknown,Unknown,Unknown,Head On Collision,Unknown,Unknown,Unknown,3,6,9,Fatal
SCRAPED_000926,News_Paper,2023,July,Sunday,Andhra Pradesh,Car,Truck,Unknown,Unknown,Unknown,Head On Collision,Unknown,Unknown,Unknown,6,1,7,Fatal
SCRAPED_000927,News_Paper,2023,July,Sunday,Uttar Pradesh,Two Wheeler,Truck,Unknown,Unknown,18-30,Others,Unknown,Unknown,Unknown,1,1,2,Fatal
SCRAPED_000928,News_Paper,2023,July,Monday,Uttar Pradesh,Auto Rickshaw,Truck,Unknown,Unknown,Unknown,Hit From Side,Unknown,Unknown,Unknown,12,5,17,Fatal
SCRAPED_000929,News_Paper,2023,July,Sunday,Maharashtra,Car,Truck,Unknown,Unknown,Unknown,Hit From Back,Unknown,Unknown,Unknown,3,2,5,Fatal
SCRAPED_000930,News_Paper,2023,July,Sunday,Maharashtra,Car,Truck,Unknown,Unknown,Unknown,Hit From Back,Unknown,Unknown,Unknown,2,0,2,Fatal
SCRAPED_000931,News_Paper,2023,July,Wednesday,Uttarakhand,Two Wheeler,Truck,Unknown,Unknown,Unknown,Hit From Back,Unknown,Unknown,Unknown,4,0,4,Fatal
SCRAPED_000932,News_Paper,2023,July,Thursday,Delhi,Truck,Truck,Unknown,Unknown,Unknown,Head On Collision,Unknown,Unknown,Unknown,5,14,19,Fatal
SCRAPED_000933,News_Paper,2023,July,Saturday,Maharashtra,Truck,Truck,Unknown,Unknown,31-50,Others,Unknown,Unknown,Unknown,1,0,1,Fatal
SCRAPED_000934,News_Paper,2023,July,Saturday,Telangana,Car,Truck,Unknown,Unknown,Unknown,Hit From Back,Unknown,Unknown,Unknown,2,0,2,Fatal
SCRAPED_000935,News_Paper,2023,July,Saturday,Gujarat,Truck,Truck,Unknown,Unknown,31-50,With Parked Vehicle,Unknown,Unknown,Unknown,1,0,1,Fatal
SCRAPED_000936,News_Paper,2023,July,Saturday,Gujarat,Two Wheeler,Truck,Unknown,Unknown,Unknown,Others,Unknown,Unknown,Unknown,1,2,3,Fatal
SCRAPED_000937,News_Paper,2023,July,Monday,Telangana,Car,Truck,Unknown,Unknown,Unknown,Others,Unknown,Unknown,Unknown,3,2,5,Fatal
SCRAPED_000938,News_Paper,2023,July,Tuesday,Maharashtra,Suv,Truck,Unknown,Unknown,Unknown,Others,Unknown,Unknown,Unknown,6,5,11,Fatal
SCRAPED_000939,News_Paper,2023,July,Tuesday,Maharashtra,Suv,Truck,Unknown,Unknown,Unknown,Head On Collision,Unknown,Unknown,Unknown,6,5,11,Fatal
SCRAPED_000940,News_Paper,2023,July,Monday,Madhya Pradesh,Car,Tractor,Unknown,Unknown,Unknown,Others,Unknown,Unknown,Unknown,1,11,12,Fatal
SCRAPED_000941,News_Paper,2023,July,Tuesday,Karnataka,Car,Truck,Unknown,Unknown,18-30,Hit From Back,Unknown,Unknown,Unknown,1,0,1,Fatal
SCRAPED_000942,News_Paper,2023,July,Thursday,Karnataka,Two Wheeler,Tractor,Unknown,Unknown,Unknown,Head On Collision,Unknown,Unknown,Unknown,2,0,2,Fatal
SCRAPED_000943,News_Paper,2023,July,Friday,Punjab,Car,Tractor,Unknown,Unknown,31-50,Head On Collision,Unknown,Unknown,Unknown,1,0,1,Fatal
SCRAPED_000944,News_Paper,2023,July,Sunday,Uttarakhand,Two Wheeler,Truck,Unknown,Unknown,Unknown,Head On Collision,Unknown,Unknown,Unknown,3,0,3,Fatal
SCRAPED_000945,News_Paper,2023,July,Monday,Uttar Pradesh,Bus,Truck,Unknown,Unknown,Unknown,Head On Collision,Unknown,Unknown,Unknown,3,14,17,Fatal
SCRAPED_000946,News_Paper,2023,July,Tuesday,Haryana,Car,Truck,Unknown,Unknown,Unknown,Hit From Back,Unknown,Unknown,Unknown,4,1,5,Fatal
SCRAPED_000947,News_Paper,2023,July,Thursday,Maharashtra,Two Wheeler,Truck,Unknown,Unknown,31-50,Hit From Back,Unknown,Unknown,Unknown,1,0,1,Fatal
SCRAPED_000948,News_Paper,2023,July,Thursday,Karnataka,Two Wheeler,Truck,Unknown,Unknown,Unknown,Others,Unknown,Unknown,Unknown,3,0,3,Fatal
SCRAPED_000949,News_Paper,2023,July,Saturday,Maharashtra,Two Wheeler,Truck,Unknown,Unknown,Over 51,Head On Collision,Unknown,Unknown,Unknown,1,0,1,Fatal
SCRAPED_000950,News_Paper,2023,July,Sunday,Delhi,Car,Truck,Unknown,Unknown,Over 51,Hit From Back,Unknown,Unknown,Unknown,1,0,1,Fatal
SCRAPED_000951,News_Paper,2023,July,Monday,Uttar Pradesh,Van,Truck,Unknown,Unknown,Under 18,Head On Collision,Unknown,Unknown,Unknown,1,7,8,Fatal
SCRAPED_000952,News_Paper,2023,July,Monday,Uttar Pradesh,Van,Truck,Unknown,Unknown,Under 18,Others,Unknown,Unknown,Unknown,1,8,9,Fatal
SCRAPED_000953,News_Paper,2023,July,Monday,Tamil Nadu,Car,Truck,Unknown,Unknown,Unknown,Head On Collision,Unknown,Unknown,Unknown,4,0,4,Fatal
SCRAPED_000954,News_Paper,2023,August,Tuesday,Maharashtra,Two Wheeler,Truck,Unknown,Unknown,Over 51,Hit From Back,Unknown,Unknown,Unknown,1,0,1,Fatal
SCRAPED_000955,News_Paper,2023,August,Thursday,Maharashtra,Truck,Truck,Unknown,Unknown,31-50,Head On Collision,Unknown,Unknown,Unknown,1,2,3,Fatal
SCRAPED_000956,News_Paper,2023,August,Wednesday,Rajasthan,Car,Truck,Unknown,Unknown,Unknown,Head On Collision,Unknown,Unknown,Unknown,3,1,4,Fatal
SCRAPED_000957,News_Paper,2023,August,Tuesday,Chhattisgarh,Two Wheeler,Truck,Unknown,Unknown,31-50,Head On Collision,Unknown,Unknown,Unknown,1,0,1,Fatal
SCRAPED_000958,News_Paper,2023,August,Thursday,Andhra Pradesh,Two Wheeler,Lorry,Unknown,Unknown,18-30,Hit From Back,Unknown,Unknown,Unknown,1,1,2,Fatal
SCRAPED_000959,News_Paper,2023,August,Friday,Uttar Pradesh,Tractor,Truck,Unknown,Unknown,Unknown,Others,Unknown,Unknown,Unknown,6,8,14,Fatal
SCRAPED_000960,News_Paper,2023,August,Thursday,Maharashtra,Two Wheeler,Truck,Unknown,Unknown,31-50,Hit From Side,Unknown,Unknown,Unknown,1,0,1,Fatal
SCRAPED_000961,News_Paper,2023,August,Sunday,Madhya Pradesh,Pedestrian,Truck,Unknown,Unknown,31-50,Head On Collision,Unknown,Unknown,Unknown,1,1,2,Fatal
SCRAPED_000962,News_Paper,2023,August,Sunday,Maharashtra,Suv,Truck,Unknown,Unknown,Unknown,Hit From Side,Unknown,Unknown,Unknown,3,2,5,Fatal
SCRAPED_000963,News_Paper,2023,August,Sunday,Uttar Pradesh,Two Wheeler,Truck,Unknown,Unknown,Unknown,Hit From Back,Unknown,Unknown,Unknown,3,0,3,Fatal
SCRAPED_000964,News_Paper,2023,August,Sunday,West Bengal,Two Wheeler,Truck,Unknown,Unknown,31-50,Hit From Side,Unknown,Unknown,Unknown,1,1,2,Fatal
SCRAPED_000965,News_Paper,2023,August,Monday,Meghalaya,Truck,Gorge,Unknown,Unknown,Unknown,Vehicle Overturn,Unknown,Unknown,Unknown,3,2,5,Fatal
SCRAPED_000966,News_Paper,2023,August,Monday,Assam,Auto Rickshaw,Truck,Unknown,Unknown,31-50,With Parked Vehicle,Unknown,Unknown,Unknown,3,4,7,Fatal
SCRAPED_000967,News_Paper,2023,August,Tuesday,Himachal Pradesh,Car,Truck,Unknown,Unknown,Unknown,Others,Unknown,Unknown,Unknown,2,0,2,Fatal
SCRAPED_000968,News_Paper,2023,August,Tuesday,Himachal Pradesh,Pick Up,Truck,Unknown,Unknown,Unknown,Head On Collision,Unknown,Unknown,Unknown,2,0,2,Fatal
SCRAPED_000969,News_Paper,2023,August,Wednesday,Karnataka,Car,Truck,Unknown,Unknown,31-50,Others,Unknown,Unknown,Unknown,1,4,5,Fatal
SCRAPED_000970,News_Paper,2023,August,Wednesday,Maharashtra,Two Wheeler,Truck,Unknown,Unknown,31-50,Others,Unknown,Unknown,Unknown,1,0,1,Fatal
SCRAPED_000971,News_Paper,2023,August,Tuesday,Maharashtra,Two Wheeler,Truck,Unknown,Unknown,18-30,Hit From Back,Unknown,Unknown,Unknown,1,1,2,Fatal
SCRAPED_000972,News_Paper,2023,August,Friday,Gujarat,Truck,Truck,Unknown,Unknown,Unknown,With Parked Vehicle,Unknown,Unknown,Unknown,10,13,23,Fatal
SCRAPED_000973,News_Paper,2023,August,Thursday,Maharashtra,Two Wheeler,Truck,Unknown,Unknown,31-50,Others,Unknown,Unknown,Unknown,1,5,6,Fatal
SCRAPED_000974,News_Paper,2023,August,Wednesday,Maharashtra,Two Wheeler,Truck,Unknown,Unknown,Over 51,Hit From Back,Unknown,Unknown,Unknown,1,0,1,Fatal
SCRAPED_000975,News_Paper,2023,August,Friday,Uttar Pradesh,Bus,Truck,Unknown,Unknown,Unknown,Hit From Back,Unknown,Unknown,Unknown,4,11,15,Fatal
SCRAPED_000976,News_Paper,2023,August,Friday,Maharashtra,Two Wheeler,Tractor,Unknown,Unknown,Over 51,Head On Collision,Unknown,Unknown,Unknown,1,1,2,Fatal
SCRAPED_000977,News_Paper,2023,August,Friday,Rajasthan,Truck,Nil,Unknown,Unknown,31-50,Run Off Road,Unknown,Unknown,Unknown,1,12,13,Fatal
SCRAPED_000978,News_Paper,2023,August,Saturday,Maharashtra,Pedestrian,Truck,Unknown,Unknown,18-30,Hit And Run,Unknown,Unknown,Unknown,1,0,1,Fatal
SCRAPED_000979,News_Paper,2023,August,Sunday,Andhra Pradesh,Two Wheeler,Lorry,Unknown,Unknown,Over 51,Head On Collision,Unknown,Unknown,Unknown,1,1,2,Fatal
SCRAPED_000980,News_Paper,2023,August,Wednesday,Telangana,Auto Rickshaw,Truck,Unknown,Unknown,Unknown,Head On Collision,Unknown,Unknown,Unknown,4,3,7,Fatal
SCRAPED_000981,News_Paper,2023,August,Thursday,Assam,Car,Truck,Unknown,Unknown,Over 51,With Parked Vehicle,Unknown,Unknown,Unknown,1,1,2,Fatal
SCRAPED_000982,News_Paper,2023,August,Thursday,Kerala,Two Wheeler,Truck,Unknown,Unknown,Over 51,With Parked Vehicle,Unknown,Unknown,Unknown,1,0,1,Fatal
SCRAPED_000983,News_Paper,2023,August,Friday,Uttar Pradesh,Two Wheeler,Truck,Unknown,Unknown,Unknown,Hit From Back,Unknown,Unknown,Unknown,2,0,2,Fatal
SCRAPED_000984,News_Paper,2023,August,Thursday,Madhya Pradesh,Car,Truck,Unknown,Unknown,Unknown,Head On Collision,Unknown,Unknown,Unknown,5,0,5,Fatal
SCRAPED_000985,News_Paper,2023,August,Friday,Telangana,Suv,Lorry,Unknown,Unknown,Unknown,With Parked Vehicle,Unknown,Unknown,Unknown,2,0,2,Fatal
SCRAPED_000986,News_Paper,2023,August,Saturday,Tamil Nadu,Truck,Truck,Unknown,Unknown,Unknown,Others,Unknown,Unknown,Unknown,2,0,2,Fatal
SCRAPED_000987,News_Paper,2023,August,Saturday,Jammu,Truck,Gorge,Unknown,Unknown,Unknown,Run Off Road,Unknown,Unknown,Unknown,9,1,10,Fatal
SCRAPED_000988,News_Paper,2023,August,Saturday,Andhra Pradesh,Two Wheeler,Lorry,Unknown,Unknown,Unknown,Head On Collision,Unknown,Unknown,Unknown,3,0,3,Fatal
SCRAPED_000989,News_Paper,2023,August,Saturday,Rajasthan,Tractor,Nil,Unknown,Unknown,Unknown,Run Off Road,Unknown,Unknown,Unknown,2,0,2,Fatal
SCRAPED_000990,News_Paper,2023,August,Saturday,Tamil Nadu,Two Wheeler,Truck,Unknown,Unknown,18-30,Hit From Back,Unknown,Unknown,Unknown,1,0,1,Fatal
SCRAPED_000991,News_Paper,2023,August,Saturday,Haryana,Two Wheeler,Truck,Unknown,Unknown,31-50,Hit From Back,Unknown,Unknown,Unknown,1,0,1,Fatal
SCRAPED_000992,News_Paper,2023,August,Friday,Haryana,Truck,Truck,Unknown,Unknown,Unknown,With Parked Vehicle,Unknown,Unknown,Unknown,1,0,1,Fatal
SCRAPED_000993,News_Paper,2023,August,Monday,Uttar Pradesh,Two Wheeler,Truck,Unknown,Unknown,31-50,Hit From Back,Unknown,Unknown,Unknown,1,0,1,Fatal
SCRAPED_000994,News_Paper,2023,August,Tuesday,Haryana,Pedestrian,Truck,Unknown,Unknown,Unknown,Hit And Run,Unknown,Unknown,Unknown,3,0,3,Fatal
SCRAPED_000995,News_Paper,2023,August,Wednesday,Rajasthan,Two Wheeler,Truck,Unknown,Unknown,Under 18,Hit From Back,Unknown,Unknown,Unknown,1,2,3,Fatal
SCRAPED_000996,News_Paper,2023,August,Saturday,Assam,Pedestrian,Truck,Unknown,Unknown,Unknown,Hit And Run,Unknown,Unknown,Unknown,1,0,1,Fatal
SCRAPED_000997,News_Paper,2023,August,Saturday,Assam,Two Wheeler,Truck,Unknown,Unknown,Unknown,Head On Collision,Unknown,Unknown,Unknown,2,0,2,Fatal
SCRAPED_000998,News_Paper,2023,August,Sunday,Maharashtra,Two Wheeler,Truck,Unknown,Unknown,31-50,Hit From Back,Unknown,Unknown,Unknown,1,0,1,Fatal
SCRAPED_000999,News_Paper,2023,August,Wednesday,Bihar,Suv,Truck,Unknown,Unknown,Unknown,With Parked Vehicle,Unknown,Unknown,Unknown,7,2,9,Fatal
SCRAPED_001000,News_Paper,2023,August,Tuesday,Andhra Pradesh,Car,Lorry,Unknown,Unknown,18-30,Hit From Back,Unknown,Unknown,Unknown,1,4,5,Fatal
SCRAPED_001001,News_Paper,2023,August,Tuesday,West Bengal,Two Wheeler,Truck,Unknown,Unknown,Over 51,Head On Collision,Unknown,Unknown,Unknown,1,0,1,Fatal
SCRAPED_001002,News_Paper,2023,August,Monday,Maharashtra,Truck,Truck,Unknown,Unknown,Unknown,Head On Collision,Unknown,Unknown,Unknown,1,1,2,Fatal
SCRAPED_001003,News_Paper,2023,August,Thursday,Delhi,Two Wheeler,Truck,Unknown,Unknown,Unknown,Hit From Side,Unknown,Unknown,Unknown,2,0,2,Fatal
SCRAPED_001004,News_Paper,2023,August,Thursday,Telangana,Pedestrian,Lorry,Unknown,Unknown,31-50,Hit And Run,Unknown,Unknown,Unknown,1,0,1,Fatal
SCRAPED_001005,News_Paper,2023,August,Wednesday,Maharashtra,Pedestrian,Truck,Unknown,Unknown,Under 18,Hit And Run,Unknown,Unknown,Unknown,1,0,1,Fatal
SCRAPED_001006,News_Paper,2023,August,Wednesday,Maharashtra,Two Wheeler,Truck,Unknown,Unknown,18-30,Head On Collision,Unknown,Unknown,Unknown,1,0,1,Fatal
SCRAPED_001007,News_Paper,2023,August,Thursday,Punjab,Pick Up,Truck,Unknown,Unknown,Unknown,Head On Collision,Unknown,Unknown,Unknown,2,0,2,Fatal
SCRAPED_001008,News_Paper,2023,August,Thursday,Punjab,Car,Tractor,Unknown,Unknown,Unknown,Head On Collision,Unknown,Unknown,Unknown,4,0,4,Fatal
SCRAPED_001009,News_Paper,2023,September,Sunday,Uttar Pradesh,Car,Truck,Unknown,Unknown,Unknown,With Parked Vehicle,Unknown,Unknown,Unknown,4,3,7,Fatal
SCRAPED_001010,News_Paper,2023,September,Monday,Karnataka,Car,Lorry,Unknown,Unknown,Unknown,With Parked Vehicle,Unknown,Unknown,Unknown,4,3,7,Fatal
SCRAPED_001011,News_Paper,2023,September,Sunday,Madhya Pradesh,Two Wheeler,Truck,Unknown,Unknown,Over 51,Head On Collision,Unknown,Unknown,Unknown,1,2,3,Fatal
SCRAPED_001012,News_Paper,2023,September,Sunday,Uttar Pradesh,Tractor,Nil,Unknown,Unknown,Unknown,Run Off Road,Unknown,Unknown,Unknown,3,0,3,Fatal
SCRAPED_001013,News_Paper,2023,September,Tuesday,Uttar Pradesh,Two Wheeler,Truck,Unknown,Unknown,Unknown,Others,Unknown,Unknown,Unknown,1,1,2,Fatal
SCRAPED_001014,News_Paper,2023,September,Tuesday,Rajasthan,Two Wheeler,Truck,Unknown,Unknown,Unknown,Head On Collision,Unknown,Unknown,Unknown,1,0,1,Fatal
SCRAPED_001015,News_Paper,2023,September,Wednesday,Tamil Nadu,Van,Truck,Unknown,Unknown,Unknown,Hit From Back,Unknown,Unknown,Unknown,6,2,8,Fatal
SCRAPED_001016,News_Paper,2023,September,Wednesday,Maharashtra,Car,Truck,Unknown,Unknown,Unknown,Head On Collision,Unknown,Unknown,Unknown,3,2,5,Fatal
SCRAPED_001017,News_Paper,2023,September,Tuesday,Assam,Suv,Truck,Unknown,Unknown,Unknown,Head On Collision,Unknown,Unknown,Unknown,7,11,18,Fatal
SCRAPED_001018,News_Paper,2023,September,Tuesday,Rajasthan,Suv,Truck,Unknown,Unknown,Unknown,Head On Collision,Unknown,Unknown,Unknown,4,1,5,Fatal
SCRAPED_001019,News_Paper,2023,September,Wednesday,Karnataka,Pedestrian,Tractor,Unknown,Unknown,Under 18,Hit And Run,Unknown,Unknown,Unknown,1,0,1,Fatal
SCRAPED_001020,News_Paper,2023,September,Thursday,Rajasthan,Suv,Truck,Unknown,Unknown,Unknown,Head On Collision,Unknown,Unknown,Unknown,5,16,21,Fatal
SCRAPED_001021,News_Paper,2023,September,Wednesday,Haryana,Two Wheeler,Truck,Unknown,Unknown,18-30,Hit From Side,Unknown,Unknown,Unknown,1,1,2,Fatal
SCRAPED_001022,News_Paper,2023,September,Wednesday,Haryana,Two Wheeler,Truck,Unknown,Unknown,31-50,Head On Collision,Unknown,Unknown,Unknown,1,0,1,Fatal
SCRAPED_001023,News_Paper,2023,September,Wednesday,Haryana,Truck,Nil,Unknown,Unknown,Unknown,Run Off Road,Unknown,Unknown,Unknown,3,0,3,Fatal
SCRAPED_001024,News_Paper,2023,September,Saturday,Tamil Nadu,Two Wheeler,Truck,Unknown,Unknown,Unknown,Head On Collision,Unknown,Unknown,Unknown,3,0,3,Fatal
SCRAPED_001025,News_Paper,2023,September,Saturday,Meghalaya,Car,Truck,Unknown,Unknown,31-50,Head On Collision,Unknown,Unknown,Unknown,1,0,1,Fatal
SCRAPED_001026,News_Paper,2023,September,Sunday,Assam,Car,Truck,Unknown,Unknown,Unknown,Head On Collision,Unknown,Unknown,Unknown,2,6,8,Fatal
SCRAPED_001027,News_Paper,2023,September,Monday,Tamil Nadu,Van,Lorry,Unknown,Unknown,Unknown,Hit From Back,Unknown,Unknown,Unknown,7,14,21,Fatal
SCRAPED_001028,News_Paper,2023,September,Tuesday,Jammu,Truck,Gorge,Unknown,Unknown,Unknown,Vehicle Overturn,Unknown,Unknown,Unknown,4,0,4,Fatal
SCRAPED_001029,News_Paper,2023,September,Wednesday,Rajasthan,Bus,Truck,Unknown,Unknown,Unknown,Hit From Back,Unknown,Unknown,Unknown,12,15,27,Fatal
SCRAPED_001030,News_Paper,2023,September,Wednesday,Uttar Pradesh,Pick Up,Truck,Unknown,Unknown,Unknown,Others,Unknown,Unknown,Unknown,4,9,13,Fatal
SCRAPED_001031,News_Paper,2023,September,Monday,Uttar Pradesh,Two Wheeler,Truck,Unknown,Unknown,31-50,Hit From Back,Unknown,Unknown,Unknown,1,0,1,Fatal
SCRAPED_001032,News_Paper,2023,September,Monday,Uttar Pradesh,Pedestrian,Truck,Unknown,Unknown,31-50,Hit And Run,Unknown,Unknown,Unknown,1,0,1,Fatal
SCRAPED_001033,News_Paper,2023,September,Tuesday,Chhattisgarh,Two Wheeler,Truck,Unknown,Unknown,Unknown,Hit From Back,Unknown,Unknown,Unknown,2,0,2,Fatal
SCRAPED_001034,News_Paper,2023,September,Saturday,Maharashtra,Two Wheeler,Truck,Unknown,Unknown,18-30,With Parked Vehicle,Unknown,Unknown,Unknown,1,0,1,Fatal
SCRAPED_001035,News_Paper,2023,September,Sunday,Karnataka,Car,Truck,Unknown,Unknown,Unknown,Hit From Back,Unknown,Unknown,Unknown,3,0,3,Fatal
SCRAPED_001036,News_Paper,2023,September,Sunday,Andhra Pradesh,Two Wheeler,Lorry,Unknown,Unknown,Over 51,Hit And Run,Unknown,Unknown,Unknown,1,1,2,Fatal
SCRAPED_001037,News_Paper,2023,September,Friday,Andhra Pradesh,Ambulance,Truck,Unknown,Unknown,Unknown,With Parked Vehicle,Unknown,Unknown,Unknown,4,1,5,Fatal
SCRAPED_001038,News_Paper,2023,September,Friday,Andhra Pradesh,Suv,Lorry,Unknown,Unknown,Unknown,Head On Collision,Unknown,Unknown,Unknown,5,9,14,Fatal
SCRAPED_001039,News_Paper,2023,September,Wednesday,Telangana,Auto Rickshaw,Truck,Unknown,Unknown,Unknown,Head On Collision,Unknown,Unknown,Unknown,4,0,4,Fatal
SCRAPED_001040,News_Paper,2023,September,Saturday,Maharashtra,Two Wheeler,Truck,Unknown,Unknown,Under 18,Hit From Back,Unknown,Unknown,Unknown,1,2,3,Fatal
SCRAPED_001041,News_Paper,2023,September,Monday,Maharashtra,Car,Truck,Unknown,Unknown,Unknown,Hit From Back,Unknown,Unknown,Unknown,4,0,4,Fatal
SCRAPED_001042,News_Paper,2023,September,Sunday,Maharashtra,Two Wheeler,Truck,Unknown,Unknown,Over 51,Head On Collision,Unknown,Unknown,Unknown,1,0,1,Fatal
SCRAPED_001043,News_Paper,2023,September,Tuesday,Gujarat,Truck,Truck,Unknown,Unknown,Unknown,With Parked Vehicle,Unknown,Unknown,Unknown,2,0,2,Fatal
SCRAPED_001044,News_Paper,2023,September,Wednesday,Delhi,Two Wheeler,Truck,Unknown,Unknown,31-50,Hit From Back,Unknown,Unknown,Unknown,1,1,2,Fatal
SCRAPED_001045,News_Paper,2023,September,Wednesday,Delhi,Two Wheeler,Truck,Unknown,Unknown,18-30,Hit From Back,Unknown,Unknown,Unknown,1,2,3,Fatal
SCRAPED_001046,News_Paper,2023,September,Saturday,Rajasthan,Bus,Truck,Unknown,Unknown,Unknown,Hit From Back,Unknown,Unknown,Unknown,2,20,22,Fatal
SCRAPED_001047,News_Paper,2023,September,Sunday,Rajasthan,Truck,Bus,Unknown,Unknown,Unknown,Others,Unknown,Unknown,Unknown,5,6,11,Fatal
SCRAPED_001048,News_Paper,2023,September,Tuesday,Uttar Pradesh,Truck,Truck,Unknown,Unknown,Unknown,Head On Collision,Unknown,Unknown,Unknown,3,0,3,Fatal
SCRAPED_001049,News_Paper,2023,September,Monday,Delhi,Tractor,Truck,Unknown,Unknown,31-50,Others,Unknown,Unknown,Unknown,1,4,5,Fatal
SCRAPED_001050,News_Paper,2023,September,Monday,Delhi,Car,Truck,Unknown,Unknown,31-50,Hit From Back,Unknown,Unknown,Unknown,1,1,2,Fatal
SCRAPED_001051,News_Paper,2023,September,Sunday,Tamil Nadu,Two Wheeler,Truck,Unknown,Unknown,18-30,Others,Unknown,Unknown,Unknown,1,1,2,Fatal
SCRAPED_001052,News_Paper,2023,September,Sunday,Tamil Nadu,Auto Rickshaw,Truck,Unknown,Unknown,31-50,Others,Unknown,Unknown,Unknown,1,1,2,Fatal
SCRAPED_001053,News_Paper,2023,September,Monday,Tamil Nadu,Pedestrian,Truck,Unknown,Unknown,Over 51,Hit And Run,Unknown,Unknown,Unknown,1,2,3,Fatal
SCRAPED_001054,News_Paper,2023,September,Sunday,Haryana,Two Wheeler,Truck,Unknown,Unknown,18-30,Hit From Back,Unknown,Unknown,Unknown,1,1,2,Fatal
SCRAPED_001055,News_Paper,2023,September,Thursday,Bihar,Pedestrian,Truck,Unknown,Unknown,Unknown,Hit And Run,Unknown,Unknown,Unknown,3,1,4,Fatal
SCRAPED_001056,News_Paper,2023,September,Friday,Maharashtra,Bus,Truck,Unknown,Unknown,31-50,Hit From Back,Unknown,Unknown,Unknown,1,0,1,Fatal
SCRAPED_001057,News_Paper,2023,October,Monday,Maharashtra,Pedestrian,Truck,Unknown,Unknown,Unknown,Hit And Run,Unknown,Unknown,Unknown,5,5,10,Fatal
SCRAPED_001058,News_Paper,2023,October,Monday,Delhi,Two Wheeler,Truck,Unknown,Unknown,31-50,Hit From Back,Unknown,Unknown,Unknown,1,1,2,Fatal
SCRAPED_001059,News_Paper,2023,October,Tuesday,Rajasthan,Bus,Truck,Unknown,Unknown,Unknown,With Parked Vehicle,Unknown,Unknown,Unknown,3,24,27,Fatal
SCRAPED_001060,News_Paper,2023,October,Wednesday,Uttar Pradesh,Car,Truck,Unknown,Unknown,Unknown,Hit From Back,Unknown,Unknown,Unknown,8,1,9,Fatal
SCRAPED_001061,News_Paper,2023,October,Tuesday,Karnataka,Car,Truck,Unknown,Unknown,Unknown,Head On Collision,Unknown,Unknown,Unknown,3,1,4,Fatal
SCRAPED_001062,News_Paper,2023,September,Friday,Madhya Pradesh,Pedestrian,Truck,Unknown,Unknown,Unknown,Head On Collision,Unknown,Unknown,Unknown,3,1,4,Fatal
SCRAPED_001063,News_Paper,2023,October,Wednesday,Haryana,Two Wheeler,Truck,Unknown,Unknown,Unknown,Hit From Back,Unknown,Unknown,Unknown,2,1,3,Fatal
SCRAPED_001064,News_Paper,2023,October,Friday,Delhi,Two Wheeler,Truck,Unknown,Unknown,Unknown,Hit From Back,Unknown,Unknown,Unknown,1,0,1,Fatal
SCRAPED_001065,News_Paper,2023,October,Friday,Delhi,Truck,Nil,Unknown,Unknown,Over 51,Run Off Road,Unknown,Unknown,Unknown,1,0,1,Fatal
SCRAPED_001066,News_Paper,2023,October,Friday,Madhya Pradesh,Pedestrian,Truck,Unknown,Unknown,Unknown,Hit And Run,Unknown,Unknown,Unknown,4,0,4,Fatal
SCRAPED_001067,News_Paper,2023,October,Monday,Karnataka,Truck,Truck,Unknown,Unknown,Unknown,Others,Unknown,Unknown,Unknown,7,6,13,Fatal
SCRAPED_001068,News_Paper,2023,October,Monday,Telangana,Bus,Truck,Unknown,Unknown,Under 18,Others,Unknown,Unknown,Unknown,1,25,26,Fatal
SCRAPED_001069,News_Paper,2023,October,Wednesday,Tamil Nadu,Car,Truck,Unknown,Unknown,Unknown,Hit From Back,Unknown,Unknown,Unknown,2,3,5,Fatal
SCRAPED_001070,News_Paper,2023,October,Tuesday,Tamil Nadu,Car,Lorry,Unknown,Unknown,Unknown,Head On Collision,Unknown,Unknown,Unknown,7,1,8,Fatal
SCRAPED_001071,News_Paper,2023,October,Thursday,Maharashtra,Two Wheeler,Truck,Unknown,Unknown,18-30,Hit From Back,Unknown,Unknown,Unknown,1,1,2,Fatal
SCRAPED_001072,News_Paper,2023,October,Friday,Rajasthan,Car,Truck,Unknown,Unknown,Unknown,Head On Collision,Unknown,Unknown,Unknown,2,1,3,Fatal
SCRAPED_001073,News_Paper,2023,October,Friday,Telangana,Car,Lorry,Unknown,Unknown,Unknown,With Parked Vehicle,Unknown,Unknown,Unknown,2,2,4,Fatal
SCRAPED_001074,News_Paper,2023,October,Friday,Jammu,Car,Truck,Unknown,Unknown,Unknown,Others,Unknown,Unknown,Unknown,4,0,4,Fatal
SCRAPED_001075,News_Paper,2023,October,Sunday,Goa,Car,Truck,Unknown,Unknown,18-30,Head On Collision,Unknown,Unknown,Unknown,1,1,2,Fatal
SCRAPED_001076,News_Paper,2023,October,Sunday,Haryana,Two Wheeler,Truck,Unknown,Unknown,18-30,Hit From Back,Unknown,Unknown,Unknown,1,0,1,Fatal
SCRAPED_001077,News_Paper,2023,October,Tuesday,Jharkhand,Pedestrian,Truck,Unknown,Unknown,Unknown,Hit And Run,Unknown,Unknown,Unknown,2,3,5,Fatal
SCRAPED_001078,News_Paper,2023,October,Wednesday,Maharashtra,Ambulance,Truck,Unknown,Unknown,Unknown,Hit From Back,Unknown,Unknown,Unknown,4,1,5,Fatal
SCRAPED_001079,News_Paper,2023,October,Thursday,Karnataka,Suv,Truck,Unknown,Unknown,Unknown,With Parked Vehicle,Unknown,Unknown,Unknown,13,0,13,Fatal
SCRAPED_001080,News_Paper,2023,October,Friday,Madhya Pradesh,Pedestrian,Truck,Unknown,Unknown,18-30,Hit And Run,Unknown,Unknown,Unknown,1,0,1,Fatal
SCRAPED_001081,News_Paper,2023,October,Friday,Andhra Pradesh,Two Wheeler,Truck,Unknown,Unknown,Unknown,Others,Unknown,Unknown,Unknown,2,0,2,Fatal
SCRAPED_001082,News_Paper,2023,October,Thursday,Punjab,Car,Truck,Unknown,Unknown,Unknown,Others,Unknown,Unknown,Unknown,6,0,6,Fatal
SCRAPED_001083,News_Paper,2023,October,Thursday,Gujarat,Car,Truck,Unknown,Unknown,Unknown,Head On Collision,Unknown,Unknown,Unknown,1,4,5,Fatal
SCRAPED_001084,News_Paper,2023,November,Wednesday,Uttar Pradesh,Pedestrian,Truck,Unknown,Unknown,Unknown,Hit From Back,Unknown,Unknown,Unknown,2,5,7,Fatal
SCRAPED_001085,News_Paper,2023,October,Monday,Punjab,Car,Truck,Unknown,Unknown,Unknown,Head On Collision,Unknown,Unknown,Unknown,5,0,5,Fatal
SCRAPED_001086,News_Paper,2023,November,Sunday,Uttar Pradesh,Car,Truck,Unknown,Unknown,Unknown,With Parked Vehicle,Unknown,Unknown,Unknown,4,0,4,Fatal
SCRAPED_001087,News_Paper,2023,November,Wednesday,Goa,Two Wheeler,Truck,Unknown,Unknown,18-30,Hit From Back,Unknown,Unknown,Unknown,1,0,1,Fatal
SCRAPED_001088,News_Paper,2023,November,Thursday,Uttar Pradesh,Bus,Truck,Unknown,Unknown,Unknown,With Parked Vehicle,Unknown,Unknown,Unknown,6,27,33,Fatal
SCRAPED_001089,News_Paper,2023,November,Saturday,Rajasthan,Suv,Truck,Unknown,Unknown,Unknown,Hit From Back,Unknown,Unknown,Unknown,4,0,4,Fatal
SCRAPED_001090,News_Paper,2023,November,Saturday,Maharashtra,Van,Truck,Unknown,Unknown,Unknown,Hit From Side,Unknown,Unknown,Unknown,2,4,6,Fatal
SCRAPED_001091,News_Paper,2023,November,Friday,Haryana,Van,Truck,Unknown,Unknown,Unknown,Head On Collision,Unknown,Unknown,Unknown,4,0,4,Fatal
SCRAPED_001092,News_Paper,2023,November,Tuesday,Uttar Pradesh,Car,Truck,Unknown,Unknown,Unknown,Others,Unknown,Unknown,Unknown,6,0,6,Fatal
SCRAPED_001093,News_Paper,2023,November,Tuesday,Odisha,Pedestrian,Truck,Unknown,Unknown,31-50,Hit And Run,Unknown,Unknown,Unknown,1,0,1,Fatal
SCRAPED_001094,News_Paper,2023,November,Thursday,Tamil Nadu,Car,Truck,Unknown,Unknown,Unknown,Head On Collision,Unknown,Unknown,Unknown,5,0,5,Fatal
SCRAPED_001095,News_Paper,2023,November,Friday,Uttar Pradesh,Pedestrian,Tractor,Unknown,Unknown,Over 51,Hit And Run,Unknown,Unknown,Unknown,1,0,1,Fatal
SCRAPED_001096,News_Paper,2023,November,Saturday,Uttar Pradesh,Two Wheeler,Tractor,Unknown,Unknown,31-50,Others,Unknown,Unknown,Unknown,1,1,2,Fatal
SCRAPED_001097,News_Paper,2023,November,Sunday,Rajasthan,Bus,Truck,Unknown,Unknown,Unknown,Head On Collision,Unknown,Unknown,Unknown,6,1,7,Fatal
SCRAPED_001098,News_Paper,2023,November,Wednesday,Uttar Pradesh,Two Wheeler,Truck,Unknown,Unknown,Over 51,Hit From Back,Unknown,Unknown,Unknown,1,1,2,Fatal
SCRAPED_001099,News_Paper,2023,November,Thursday,Maharashtra,Suv,Truck,Unknown,Unknown,Unknown,Head On Collision,Unknown,Unknown,Unknown,3,2,5,Fatal
SCRAPED_001100,News_Paper,2023,November,Thursday,Chandigarh,Two Wheeler,Truck,Unknown,Unknown,18-30,With Parked Vehicle,Unknown,Unknown,Unknown,1,0,1,Fatal
SCRAPED_001101,News_Paper,2023,November,Monday,Delhi,Two Wheeler,Truck,Unknown,Unknown,31-50,Hit And Run,Unknown,Unknown,Unknown,1,0,1,Fatal
SCRAPED_001102,News_Paper,2023,November,Thursday,Tamil Nadu,Pick Up,Truck,Unknown,Unknown,Unknown,Head On Collision,Unknown,Unknown,Unknown,3,1,4,Fatal
SCRAPED_001103,News_Paper,2023,December,Friday,Odisha,Bus,Truck,Unknown,Unknown,Unknown,With Parked Vehicle,Unknown,Unknown,Unknown,8,12,20,Fatal
SCRAPED_001104,News_Paper,2023,December,Friday,Uttar Pradesh,Pedestrian,Truck,Unknown,Unknown,Under 18,Hit And Run,Unknown,Unknown,Unknown,1,0,1,Fatal
SCRAPED_001105,News_Paper,2023,December,Saturday,Goa,Two Wheeler,Truck,Unknown,Unknown,18-30,Hit And Run,Unknown,Unknown,Unknown,1,0,1,Fatal
SCRAPED_001106,News_Paper,2023,December,Saturday,West Bengal,Two Wheeler,Truck,Unknown,Unknown,18-30,Hit From Back,Unknown,Unknown,Unknown,1,0,1,Fatal
SCRAPED_001107,News_Paper,2023,December,Saturday,Delhi,Pedestrian,Truck,Unknown,Unknown,Unknown,Head On Collision,Unknown,Unknown,Unknown,1,1,2,Fatal
SCRAPED_001108,News_Paper,2023,December,Saturday,Rajasthan,Bus,Truck,Unknown,Unknown,Unknown,Others,Unknown,Unknown,Unknown,2,12,14,Fatal
SCRAPED_001109,News_Paper,2023,November,Wednesday,Karnataka,Bicycle,Truck,Unknown,Unknown,31-50,With Parked Vehicle,Unknown,Unknown,Unknown,1,0,1,Fatal
SCRAPED_001110,News_Paper,2023,December,Wednesday,Karnataka,Car,Truck,Unknown,Unknown,Over 51,Head On Collision,Unknown,Unknown,Unknown,1,0,1,Fatal
SCRAPED_001111,News_Paper,2023,December,Wednesday,Karnataka,Car,Truck,Unknown,Unknown,Unknown,Head On Collision,Unknown,Unknown,Unknown,2,2,4,Fatal
SCRAPED_001112,News_Paper,2023,December,Sunday,Jharkhand,Car,Truck,Unknown,Unknown,Unknown,Head On Collision,Unknown,Unknown,Unknown,5,0,5,Fatal
SCRAPED_001113,News_Paper,2023,December,Monday,Madhya Pradesh,Two Wheeler,Truck,Unknown,Unknown,Unknown,Hit From Back,Unknown,Unknown,Unknown,1,2,3,Fatal
SCRAPED_001114,News_Paper,2023,December,Friday,Uttar Pradesh,Pedestrian,Truck,Unknown,Unknown,Under 18,Hit And Run,Unknown,Unknown,Unknown,1,0,1,Fatal
SCRAPED_001115,News_Paper,2023,December,Friday,Uttar Pradesh,Two Wheeler,Tractor,Unknown,Unknown,Under 18,Hit From Back,Unknown,Unknown,Unknown,1,2,3,Fatal
SCRAPED_001116,News_Paper,2023,December,Friday,Andhra Pradesh,Lorry,Tractor,Unknown,Unknown,31-50,Others,Unknown,Unknown,Unknown,1,0,1,Fatal
SCRAPED_001117,News_Paper,2023,December,Saturday,Uttar Pradesh,Pedestrian,Truck,Unknown,Unknown,Unknown,Fixed Object Collision,Unknown,Unknown,Unknown,3,3,6,Fatal
SCRAPED_001118,News_Paper,2023,December,Sunday,Maharashtra,Car,Truck,Unknown,Unknown,Unknown,Hit From Side,Unknown,Unknown,Unknown,4,0,4,Fatal
SCRAPED_001119,News_Paper,2023,December,Saturday,Gujarat,Two Wheeler,Truck,Unknown,Unknown,Under 18,Others,Unknown,Unknown,Unknown,1,0,1,Fatal
SCRAPED_001120,News_Paper,2023,December,Saturday,Andhra Pradesh,Tractor,Bus,Unknown,Unknown,Unknown,Others,Unknown,Unknown,Unknown,4,0,4,Fatal
SCRAPED_001121,News_Paper,2023,December,Saturday,Chhattisgarh,Bus,Truck,Unknown,Unknown,Unknown,With Parked Vehicle,Unknown,Unknown,Unknown,3,17,20,Fatal
SCRAPED_001122,News_Paper,2023,December,Saturday,Andhra Pradesh,Two Wheeler,Lorry,Unknown,Unknown,31-50,With Parked Vehicle,Unknown,Unknown,Unknown,1,0,1,Fatal
SCRAPED_001123,News_Paper,2023,December,Tuesday,Madhya Pradesh,Car,Truck,Unknown,Unknown,Unknown,Hit From Side,Unknown,Unknown,Unknown,4,2,6,Fatal
SCRAPED_001124,News_Paper,2023,December,Wednesday,Madhya Pradesh,Bus,Truck,Unknown,Unknown,Unknown,Others,Unknown,Unknown,Unknown,13,17,30,Fatal
SCRAPED_001125,News_Paper,2023,December,Wednesday,Assam,Pedestrian,Truck,Unknown,Unknown,Under 18,Hit And Run,Unknown,Unknown,Unknown,1,1,2,Fatal
SCRAPED_001126,News_Paper,2023,December,Wednesday,Uttar Pradesh,Two Wheeler,Truck,Unknown,Unknown,Unknown,With Parked Vehicle,Unknown,Unknown,Unknown,2,0,2,Fatal
SCRAPED_001127,News_Paper,2023,December,Friday,Karnataka,Two Wheeler,Truck,Unknown,Unknown,Unknown,Hit From Back,Unknown,Unknown,Unknown,1,1,2,Fatal
SCRAPED_001128,News_Paper,2023,December,Saturday,Tamil Nadu,Car,Truck,Unknown,Unknown,Unknown,With Parked Vehicle,Unknown,Unknown,Unknown,5,19,24,Fatal
SCRAPED_001129,News_API,2026,January,Friday,Unknown,Truck,Bicycle,Unknown,Unknown,Unknown,Bank Peon Killed As Speeding Truck Hits Bicycle In Delhi,Unknown,Unknown,Unknown,1,0,1,Fatal
SCRAPED_001130,YouTube,2025,December,Monday,Uttar Pradesh,Car,Truck,Unknown,Unknown,Unknown,"Rampur Accident: Truck Overturns On Divider, Bolero Crushed On Bilaspur Road | Viral Video",Unknown,Unknown,Unknown,1,0,1,Fatal
SCRAPED_001131,YouTube,2025,March,Tuesday,Rajesthan,Truck,Others,Unknown,Unknown,Unknown,"Jaipur Accident News | Speeding Dumper Rams Into 17 Vehicles, 10 Dead In Jaipur",Unknown,Unknown,Unknown,10,4,14,Fatal
SCRAPED_001132,YouTube,2025,March,Tuesday,Telangana,Truck,Bus,Unknown,Unknown,Unknown,"Telangana Accident: 19 Dead, 20 Injured As Bus And Truck Collide Head-On In Rangareddy | India Today",Unknown,Unknown,Unknown,19,20,39,Fatal
SCRAPED_001133,YouTube,2025,September,Wednesday,Maharastra,Truck,Others,Unknown,Unknown,Unknown,Cctv Footage Shows Deadly Truck Crash On Airport Road,Unknown,Unknown,Unknown,1,0,1,Fatal
SCRAPED_001134,YouTube,2025,November,Thursday,Maharastra,Truck,Others,Unknown,Unknown,Unknown,Pune Accident | 8 Dead After Container Truck Rams Vehicles | News9,Unknown,Unknown,Unknown,6,10,16,Fatal
SCRAPED_001135,YouTube,2026,January,Thursday,J & K,Truck,Unknown,Unknown,Unknown,Unknown,"Breaking: 10 Killed As Army Truck Carrying Military Personnel Plunge Into Gorge, Rescue Ops Underway",Unknown,Unknown,Unknown,10,10,20,Fatal
SCRAPED_001136,YouTube,2026,January,Thursday,Jharkhand,Train,Truck,Unknown,Unknown,Unknown,"Train Hits Truck At Railway Crossing In Deoghar, Jharkhand | News9",Unknown,Unknown,Unknown,0,2,2,Minor
SCRAPED_001137,YouTube,2025,December,Thursday,Arnataka,Truck,Bus,Unknown,Unknown,Unknown,Chitradurga Bus Fire Tragedy: 9 Burnt Alive After Truck Collision | Karnataka News,Unknown,Unknown,Unknown,9,0,9,Fatal
SCRAPED_001138,News_articles,2026,February,Friday,Andhra Pradesh,Container,Car,Unknown,Unknown,31-45,Overturning,Unknown,Unknown,Unknown,1,0,1,Fatal
SCRAPED_001139,News_articles,2026,February,Tuesday,Unknown,Truck,Fortuner,Unknown,Unknown,Unknown,Overspeeding,Unknown,Unknown,Unknown,1,0,1,Fatal
SCRAPED_001140,News_articles,2026,February,Saturday,Kerala,Bus,Unknown,Unknown,Unknown,Unknown,Unknown,Unknown,Unknown,Unknown,1,0,1,Fatal
SCRAPED_001141,News_articles,2026,January,Saturday,Uttar Pradesh,Truck,Unknown,Unknown,Unknown,Unknown,Unknown,Unknown,Unknown,Unknown,6,3,9,Fatal
SCRAPED_001142,News_articles,2026,January,Saturday,Odisha,Truck,Unknown,Unknown,Unknown,Unknown,Unknown,Unknown,Unknown,Unknown,5,6,11,Fatal
SCRAPED_001143,News_articles,2026,January,Tuesday,Rajasthan,Container,Car,Unknown,Unknown,Unknown,Unknown,Unknown,Unknown,Unknown,3,7,10,Fatal
SCRAPED_001144,News_articles,2026,January,Thursday,Telangana,Bus,Bike,Unknown,Unknown,Unknown,Collision,Unknown,Unknown,Unknown,1,0,1,Fatal
SCRAPED_001145,News_articles,2025,December,Monday,Uttar Pradesh,Truck,Bolero,Unknown,Unknown,Unknown,Overturning,Unknown,Unknown,Unknown,1,0,1,Fatal
SCRAPED_001146,News_articles,2025,December,Friday,Andhra Pradesh,Bus,Unknown,Unknown,Unknown,Unknown,Overspeeding,Unknown,Unknown,Unknown,9,0,9,Fatal
SCRAPED_001147,News_articles,2025,December,Tuesday,Maharashtra,Truck,Unknown,Unknown,Unknown,Unknown,Overspeeding,Unknown,Unknown,Unknown,1,0,1,Fatal
SCRAPED_001148,News_articles,2025,December,Thursday,Uttar Pradesh,Truck,Car,Unknown,Unknown,Unknown,Overspeeding,Unknown,Unknown,Unknown,1,0,1,Fatal
SCRAPED_001149,News_articles,2025,November,Wednesday,Karnataka,Truck,Unknown,Unknown,Unknown,Unknown,Unknown,Unknown,Unknown,Unknown,0,0,0,Minor
SCRAPED_001150,News_articles,2025,November,Monday,Uttar Pradesh,Truck,Unknown,Unknown,Unknown,Unknown,Collision,Unknown,Unknown,Unknown,1,0,1,Fatal
SCRAPED_001151,News_articles,2025,November,Thursday,Himachal Pradesh,Tipper,Truck,Unknown,Unknown,Unknown,Collision,Unknown,Unknown,Unknown,3,0,3,Fatal
SCRAPED_001152,News_articles,2025,November,Sunday,Unknown,Tractor,Suv,Unknown,Unknown,Unknown,Overspeeding,Unknown,Unknown,Unknown,5,0,5,Fatal
SCRAPED_001153,News_articles,2025,November,Thursday,Andhra Pradesh,Truck,Bike,Unknown,Unknown,Unknown,Overspeeding,Unknown,Unknown,Unknown,2,0,2,Fatal
SCRAPED_001154,News_articles,2025,November,Tuesday,Uttar Pradesh,Truck,Car,Unknown,Unknown,Unknown,Overspeeding,Unknown,Unknown,Unknown,6,2,8,Fatal
SCRAPED_001155,News_articles,2025,November,Monday,Rajasthan,Truck,Unknown,Unknown,Unknown,Unknown,Collision,Unknown,Unknown,Unknown,0,0,0,Minor
SCRAPED_001156,News_articles,2025,October,Tuesday,Haryana,Bus,Tractor,Unknown,Unknown,0-18,Collision,Unknown,Unknown,Unknown,0,0,0,Minor
SCRAPED_001157,News_articles,2025,October,Saturday,Telangana,Bus,Unknown,Unknown,Unknown,Unknown,Overturning,Unknown,Unknown,Unknown,0,20,20,Serious
SCRAPED_001158,News_articles,2025,October,Saturday,Uttar Pradesh,Truck,Car,Unknown,Unknown,Unknown,Collision,Unknown,Unknown,Unknown,0,0,0,Minor
SCRAPED_001159,News_articles,2025,October,Saturday,Karnataka,Bus,Unknown,Unknown,Unknown,0-18,Unknown,Unknown,Unknown,Unknown,0,0,0,Minor
SCRAPED_001160,News_articles,2025,October,Monday,Unknown,Truck,Unknown,Unknown,Unknown,Unknown,Unknown,Unknown,Unknown,Unknown,0,0,0,Minor
SCRAPED_001161,News_articles,2025,September,Saturday,Unknown,Truck,Unknown,Unknown,Unknown,Unknown,Unknown,Unknown,Unknown,Unknown,1,0,1,Fatal
SCRAPED_001162,News_articles,2025,September,Wednesday,Madhya Pradesh,Truck,Unknown,Unknown,Unknown,Unknown,Drunk Driving,Unknown,Unknown,Unknown,0,0,0,Minor
SCRAPED_001163,News_articles,2025,September,Monday,Madhya Pradesh,Truck,Unknown,Unknown,Unknown,Unknown,Drunk Driving,Unknown,Unknown,Unknown,3,0,3,Fatal
SCRAPED_001164,News_articles,2025,September,Saturday,Haryana,Truck,Unknown,Unknown,Unknown,Unknown,Overspeeding,Unknown,Unknown,Unknown,1,0,1,Fatal
SCRAPED_001165,News_articles,2025,September,Friday,Karnataka,Bus,Unknown,Unknown,Unknown,Unknown,Overturning,Unknown,Unknown,Unknown,0,0,0,Minor
SCRAPED_001166,News_articles,2025,September,Thursday,Uttar Pradesh,Bus,Unknown,Unknown,Unknown,Unknown,Overturning,Unknown,Unknown,Unknown,5,10,15,Fatal
SCRAPED_001167,News_articles,2025,September,Wednesday,Unknown,Truck,Unknown,Unknown,Unknown,Unknown,Unknown,Unknown,Unknown,Unknown,0,0,0,Minor
SCRAPED_001168,News_articles,2025,September,Monday,Maharashtra,Bus,Bike,Unknown,Unknown,Unknown,Overspeeding,Unknown,Unknown,Unknown,1,0,1,Fatal
SCRAPED_001169,News_articles,2025,August,Tuesday,Uttar Pradesh,Tractor,Truck,Unknown,Unknown,Unknown,Collision,Unknown,Unknown,Unknown,1,40,41,Fatal
SCRAPED_001170,News_articles,2025,August,Saturday,Maharashtra,Truck,Bike,Unknown,Unknown,Unknown,Overspeeding,Unknown,Unknown,Unknown,0,0,0,Minor
SCRAPED_001171,News_articles,2025,August,Thursday,Unknown,Bus,Truck,Unknown,Unknown,Unknown,Overspeeding,Unknown,Unknown,Unknown,79,0,79,Fatal
SCRAPED_001172,News_articles,2025,August,Wednesday,Maharashtra,Truck,Unknown,Unknown,Unknown,Unknown,Overspeeding,Unknown,Unknown,Unknown,0,0,0,Minor
SCRAPED_001173,News_articles,2025,August,Wednesday,Unknown,Bus,Unknown,Unknown,Unknown,Unknown,Collision,Unknown,Unknown,Unknown,50,0,50,Fatal
SCRAPED_001174,News_articles,2025,August,Sunday,Karnataka,Bus,Lorry,Unknown,Unknown,Unknown,Collision,Unknown,Unknown,Unknown,2,12,14,Fatal
SCRAPED_001175,News_articles,2025,August,Thursday,Unknown,Truck,Auto,Unknown,Unknown,Unknown,Collision,Unknown,Unknown,Unknown,1,0,1,Fatal
SCRAPED_001176,News_articles,2025,August,Wednesday,Rajasthan,Truck,Van,Unknown,Unknown,Unknown,Unknown,Unknown,Unknown,Unknown,10,0,10,Fatal
SCRAPED_001177,News_articles,2025,August,Wednesday,Unknown,Truck,Unknown,Unknown,Unknown,Unknown,Overspeeding,Unknown,Unknown,Unknown,1,0,1,Fatal
SCRAPED_001178,News_articles,2025,August,Wednesday,Uttar Pradesh,Truck,Unknown,Unknown,Unknown,0-18,Overspeeding,Unknown,Unknown,Unknown,1,0,1,Fatal
SCRAPED_001179,News_articles,2025,July,Thursday,Unknown,Truck,Unknown,Unknown,Unknown,Unknown,Unknown,Unknown,Unknown,Unknown,1,3,4,Fatal
SCRAPED_001180,News_articles,2025,July,Tuesday,Jharkhand,Bus,Truck,Unknown,Unknown,Unknown,Collision,Unknown,Unknown,Unknown,1,0,1,Fatal
SCRAPED_001181,News_articles,2025,July,Saturday,Maharashtra,Truck,Unknown,Unknown,Unknown,Unknown,Unknown,Unknown,Unknown,Unknown,1,0,1,Fatal
SCRAPED_001182,News_articles,2025,July,Saturday,Unknown,Truck,Unknown,Unknown,Unknown,Unknown,Overspeeding,Unknown,Unknown,Unknown,0,0,0,Minor
SCRAPED_001183,News_articles,2025,July,Friday,Maharashtra,Truck,Unknown,Unknown,Unknown,0-18,Overspeeding,Unknown,Unknown,Unknown,1,0,1,Fatal
SCRAPED_001184,News_articles,2025,July,Thursday,Odisha,Tractor,Unknown,Unknown,Unknown,Unknown,Unknown,Unknown,Unknown,Unknown,0,0,0,Minor
SCRAPED_001185,News_articles,2025,July,Monday,Uttar Pradesh,Truck,Van,Unknown,Unknown,Unknown,Overspeeding,Unknown,Unknown,Unknown,0,1,1,Minor
SCRAPED_001186,News_articles,2025,July,Monday,Unknown,Bus,Unknown,Unknown,Unknown,Unknown,Overspeeding,Unknown,Unknown,Unknown,13,20,33,Fatal
SCRAPED_001187,News_articles,2025,July,Sunday,Uttar Pradesh,Tractor,Bike,Unknown,Unknown,Unknown,Collision,Unknown,Unknown,Unknown,1,3,4,Fatal
SCRAPED_001188,News_articles,2025,July,Sunday,Maharashtra,Mini Truck,Truck,Unknown,Unknown,Unknown,Overspeeding,Unknown,Unknown,Unknown,0,8,8,Serious
SCRAPED_001189,News_articles,2025,July,Friday,Unknown,Bus,Van,Unknown,Unknown,Unknown,Collision,Unknown,Unknown,Unknown,0,0,0,Minor
SCRAPED_001190,News_articles,2025,June,Monday,Karnataka,Truck,Car,Unknown,Unknown,Unknown,Overspeeding,Unknown,Unknown,Unknown,1,0,1,Fatal
SCRAPED_001191,News_articles,2025,June,Saturday,Delhi,Bus,Unknown,Unknown,Unknown,Unknown,Unknown,Unknown,Unknown,Unknown,1,0,1,Fatal
SCRAPED_001192,News_articles,2025,June,Friday,West Bengal,Truck,Car,Unknown,Unknown,Unknown,Collision,Unknown,Unknown,Unknown,9,0,9,Fatal
SCRAPED_001193,News_articles,2025,June,Thursday,Uttar Pradesh,Bus,Canter,Unknown,Unknown,Unknown,Unknown,Unknown,Unknown,Unknown,0,0,0,Minor
SCRAPED_001194,News_articles,2025,June,Tuesday,Uttar Pradesh,Truck,Unknown,Unknown,Unknown,Unknown,Overspeeding,Unknown,Unknown,Unknown,1,0,1,Fatal
SCRAPED_001195,News_articles,2025,June,Monday,Unknown,Bus,Unknown,Unknown,Unknown,Unknown,Overspeeding,Unknown,Unknown,Unknown,0,0,0,Minor
SCRAPED_001196,News_articles,2025,June,Tuesday,West Bengal,Bus,Unknown,Unknown,Unknown,Unknown,Unknown,Unknown,Unknown,Unknown,0,0,0,Minor
SCRAPED_001197,News_articles,2025,May,Wednesday,Uttar Pradesh,Bus,Auto,Unknown,Unknown,Unknown,Collision,Unknown,Unknown,Unknown,1,0,1,Fatal
SCRAPED_001198,News_articles,2025,May,Tuesday,Maharashtra,Truck,Unknown,Unknown,Unknown,Unknown,Overspeeding,Unknown,Unknown,Unknown,6,0,6,Fatal
SCRAPED_001199,News_articles,2025,May,Sunday,Rajasthan,Truck,Unknown,Unknown,Unknown,Unknown,Unknown,Unknown,Unknown,Unknown,4,0,4,Fatal
SCRAPED_001200,News_articles,2025,May,Friday,Unknown,Truck,Scooter,Unknown,Unknown,Unknown,Unknown,Unknown,Unknown,Unknown,0,0,0,Minor
SCRAPED_001201,News_articles,2025,May,Tuesday,Unknown,Lorry,Truck,Unknown,Unknown,Unknown,Overspeeding,Unknown,Unknown,Unknown,1,0,1,Fatal
SCRAPED_001202,News_articles,2025,May,Sunday,Unknown,Bus,Unknown,Unknown,Unknown,Unknown,Unknown,Unknown,Unknown,Unknown,15,30,45,Fatal
SCRAPED_001203,News_articles,2025,May,Tuesday,Bihar,Tractor,Car,Unknown,Unknown,Unknown,Collision,Unknown,Unknown,Unknown,8,2,10,Fatal
SCRAPED_001204,News_articles,2025,May,Friday,Unknown,Truck,Unknown,Unknown,Unknown,Unknown,Unknown,Unknown,Unknown,Unknown,0,0,0,Minor
SCRAPED_001205,News_articles,2025,April,Sunday,Unknown,Truck,Motorcycle,Unknown,Unknown,Unknown,Unknown,Unknown,Unknown,Unknown,1,0,1,Fatal
SCRAPED_001206,News_articles,2025,April,Monday,Karnataka,Tanker,Truck,Unknown,Unknown,Unknown,Unknown,Unknown,Unknown,Unknown,0,0,0,Minor
SCRAPED_001207,News_articles,2025,April,Friday,Unknown,Truck,Car,Unknown,Unknown,Unknown,Collision,Unknown,Unknown,Unknown,2,0,2,Fatal
SCRAPED_001208,News_articles,2025,April,Wednesday,Uttar Pradesh,Tractor,Car,Unknown,Unknown,Unknown,Unknown,Unknown,Unknown,Unknown,1,0,1,Fatal
SCRAPED_001209,News_articles,2025,April,Tuesday,Tamil Nadu,Lorry,Car,Unknown,Unknown,Unknown,Overspeeding,Unknown,Unknown,Unknown,1,0,1,Fatal
SCRAPED_001210,News_articles,2025,March,Friday,Unknown,Lorry,Innova,Unknown,Unknown,Unknown,Collision,Unknown,Unknown,Unknown,0,5,5,Serious
SCRAPED_001211,News_articles,2025,March,Saturday,Uttar Pradesh,Bus,Truck,Unknown,Unknown,Unknown,Overspeeding,Unknown,Unknown,Unknown,4,19,23,Fatal
SCRAPED_001212,News_articles,2025,February,Saturday,Unknown,Bus,Unknown,Unknown,Unknown,Unknown,Unknown,Unknown,Unknown,Unknown,1,17,18,Fatal
SCRAPED_001213,News_articles,2025,February,Friday,Unknown,Truck,Car,Unknown,Unknown,Unknown,Collision,Unknown,Unknown,Unknown,0,0,0,Minor
SCRAPED_001214,News_articles,2025,February,Thursday,Uttar Pradesh,Tractor,Bike,Unknown,Unknown,Unknown,Collision,Unknown,Unknown,Unknown,0,0,0,Minor
SCRAPED_001215,News_articles,2025,February,Tuesday,Bihar,Truck,Auto,Unknown,Unknown,Unknown,Collision,Unknown,Unknown,Unknown,3,2,5,Fatal
SCRAPED_001216,News_articles,2025,February,Tuesday,Uttar Pradesh,Truck,Car,Unknown,Unknown,Unknown,Unknown,Unknown,Unknown,Unknown,1,0,1,Fatal
SCRAPED_001217,News_articles,2025,February,Monday,Unknown,Bus,Unknown,Unknown,Unknown,Unknown,Unknown,Unknown,Unknown,Unknown,51,0,51,Fatal
SCRAPED_001218,News_articles,2025,January,Friday,Uttar Pradesh,Truck,Unknown,Unknown,Unknown,Unknown,Collision,Unknown,Unknown,Unknown,6,10,16,Fatal
SCRAPED_001219,News_articles,2025,January,Wednesday,Karnataka,Truck,Unknown,Unknown,Unknown,Unknown,Unknown,Unknown,Unknown,Unknown,1,10,11,Fatal
SCRAPED_001220,News_articles,2025,January,Wednesday,Uttar Pradesh,Truck,Car,Unknown,Unknown,Unknown,Unknown,Unknown,Unknown,Unknown,3,0,3,Fatal
SCRAPED_001221,News_articles,2025,January,Thursday,Bihar,Truck,Auto,Unknown,Unknown,Unknown,Collision,Unknown,Unknown,Unknown,3,3,6,Fatal
SCRAPED_001222,News_articles,2024,December,Wednesday,Rajasthan,Tanker,Unknown,Unknown,Unknown,19-30,Overspeeding,Unknown,Unknown,Unknown,0,0,0,Minor
SCRAPED_001223,News_articles,2024,December,Monday,Uttar Pradesh,Truck,Unknown,Unknown,Unknown,Unknown,Overspeeding,Unknown,Unknown,Unknown,0,0,0,Minor
SCRAPED_001224,News_articles,2024,December,Sunday,Unknown,Volvo,Car,Unknown,Unknown,Unknown,Overspeeding,Unknown,Unknown,Unknown,1,0,1,Fatal
SCRAPED_001225,News_articles,2024,December,Friday,Punjab,Tractor,Car,Unknown,Unknown,Unknown,Overspeeding,Unknown,Unknown,Unknown,2,0,2,Fatal
SCRAPED_001226,News_articles,2024,December,Friday,Uttar Pradesh,Truck,Unknown,Unknown,Unknown,Unknown,Unknown,Unknown,Unknown,Unknown,0,3,3,Serious
SCRAPED_001227,News_articles,2024,December,Thursday,Kerala,Truck,Unknown,Unknown,Unknown,Unknown,Overspeeding,Unknown,Unknown,Unknown,1,0,1,Fatal
SCRAPED_001228,News_articles,2024,December,Thursday,Tamil Nadu,Truck,Car,Unknown,Unknown,Unknown,Collision,Unknown,Unknown,Unknown,3,0,3,Fatal
SCRAPED_001229,News_articles,2024,December,Wednesday,Unknown,Bus,Unknown,Unknown,Unknown,Unknown,Overspeeding,Unknown,Unknown,Unknown,0,0,0,Minor
SCRAPED_001230,News_articles,2024,December,Tuesday,Maharashtra,Bus,Unknown,Unknown,Unknown,Unknown,Unknown,Unknown,Unknown,Unknown,6,49,55,Fatal
SCRAPED_001231,News_articles,2024,December,Tuesday,Kerala,Bus,Car,Unknown,Unknown,Unknown,Collision,Unknown,Unknown,Unknown,1,0,1,Fatal
SCRAPED_001232,News_articles,2024,December,Sunday,Uttar Pradesh,Truck,Bike,Unknown,Unknown,Unknown,Collision,Unknown,Unknown,Unknown,0,2,2,Minor
SCRAPED_001233,News_articles,2024,November,Monday,Unknown,Bus,Unknown,Unknown,Unknown,Unknown,Overspeeding,Unknown,Unknown,Unknown,17,1,18,Fatal
SCRAPED_001234,News_articles,2024,November,Wednesday,Unknown,Truck,Car,Unknown,Unknown,Unknown,Overspeeding,Unknown,Unknown,Unknown,0,0,0,Minor
SCRAPED_001235,News_articles,2024,November,Friday,Unknown,Truck,Unknown,Unknown,Unknown,Unknown,Overspeeding,Unknown,Unknown,Unknown,2,0,2,Fatal
SCRAPED_001236,News_articles,2024,November,Saturday,Delhi,Tanker,Unknown,Unknown,Unknown,Unknown,Overspeeding,Unknown,Unknown,Unknown,1,0,1,Fatal
SCRAPED_001237,News_articles,2024,October,Thursday,Rajasthan,Truck,Car,Unknown,Unknown,Unknown,Unknown,Unknown,Unknown,Unknown,3,0,3,Fatal
SCRAPED_001238,News_articles,2024,October,Wednesday,Maharashtra,Truck,Scooter,Unknown,Unknown,0-18,Unknown,Unknown,Unknown,Unknown,1,0,1,Fatal
SCRAPED_001239,News_articles,2024,October,Friday,Uttar Pradesh,Tractor,Truck,Unknown,Unknown,Unknown,Collision,Unknown,Unknown,Unknown,1,3,4,Fatal
SCRAPED_001240,News_articles,2024,September,Saturday,Gujarat,Bus,Unknown,Unknown,Unknown,Unknown,Collision,Unknown,Unknown,Unknown,7,0,7,Fatal
SCRAPED_001241,News_articles,2024,September,Tuesday,Uttar Pradesh,Truck,Unknown,Unknown,Unknown,Unknown,Overspeeding,Unknown,Unknown,Unknown,0,0,0,Minor
SCRAPED_001242,News_articles,2024,September,Tuesday,Delhi,Truck,Bike,Unknown,Unknown,Unknown,Unknown,Unknown,Unknown,Unknown,1,1,2,Fatal
SCRAPED_001243,News_articles,2024,September,Wednesday,Delhi,Bus,Unknown,Unknown,Unknown,Unknown,Collision,Unknown,Unknown,Unknown,1,0,1,Fatal
SCRAPED_001244,News_articles,2024,August,Wednesday,Unknown,Truck,Unknown,Unknown,Unknown,Unknown,Unknown,Unknown,Unknown,Unknown,1,4,5,Fatal
SCRAPED_001245,News_articles,2024,August,Saturday,Unknown,Bus,Unknown,Unknown,Unknown,Unknown,Unknown,Unknown,Unknown,Unknown,0,0,0,Minor
SCRAPED_001246,News_articles,2024,August,Wednesday,Unknown,Bus,Unknown,Unknown,Unknown,Unknown,Overturning,Unknown,Unknown,Unknown,1,0,1,Fatal
SCRAPED_001247,News_articles,2024,August,Tuesday,Maharashtra,Truck,Bike,Unknown,Unknown,Unknown,Unknown,Unknown,Unknown,Unknown,1,0,1,Fatal
SCRAPED_001248,News_articles,2024,August,Tuesday,Uttar Pradesh,Lorry,Truck,Unknown,Unknown,Unknown,Unknown,Unknown,Unknown,Unknown,4,24,28,Fatal
SCRAPED_001249,News_articles,2024,August,Sunday,Maharashtra,Bus,Car,Unknown,Unknown,Unknown,Overspeeding,Unknown,Unknown,Unknown,1,0,1,Fatal
SCRAPED_001250,News_articles,2024,July,Wednesday,Uttar Pradesh,Truck,Car,Unknown,Unknown,Unknown,Unknown,Unknown,Unknown,Unknown,3,1,4,Fatal
SCRAPED_001251,News_articles,2024,July,Wednesday,Unknown,Bus,Unknown,Unknown,Unknown,Unknown,Unknown,Unknown,Unknown,Unknown,26,0,26,Fatal
SCRAPED_001252,News_articles,2024,July,Tuesday,Maharashtra,Bus,Unknown,Unknown,Unknown,Unknown,Unknown,Unknown,Unknown,Unknown,4,1,5,Fatal
SCRAPED_001253,News_articles,2024,July,Wednesday,Maharashtra,Bus,Unknown,Unknown,Unknown,0-18,Collision,Unknown,Unknown,Unknown,1,0,1,Fatal
SCRAPED_001254,News_articles,2024,June,Saturday,Uttar Pradesh,Bus,Auto,Unknown,Unknown,Unknown,Collision,Unknown,Unknown,Unknown,4,2,6,Fatal
SCRAPED_001255,News_articles,2024,June,Friday,Rajasthan,Truck,Car,Unknown,Unknown,Unknown,Collision,Unknown,Unknown,Unknown,4,0,4,Fatal
SCRAPED_001256,News_articles,2024,June,Wednesday,Maharashtra,Truck,Unknown,Unknown,Unknown,Unknown,Overspeeding,Unknown,Unknown,Unknown,1,0,1,Fatal
SCRAPED_001257,News_articles,2024,June,Friday,Unknown,Tractor,Unknown,Unknown,Unknown,Unknown,Overturning,Unknown,Unknown,Unknown,4,20,24,Fatal
SCRAPED_001258,News_articles,2024,June,Thursday,Unknown,Bus,Unknown,Unknown,Unknown,Unknown,Unknown,Unknown,Unknown,Unknown,2,18,20,Fatal
SCRAPED_001259,News_articles,2024,June,Saturday,Unknown,Truck,Car,Unknown,Unknown,Unknown,Unknown,Unknown,Unknown,Unknown,1,0,1,Fatal
SCRAPED_001260,News_articles,2024,May,Wednesday,Unknown,Bus,Unknown,Unknown,Unknown,Unknown,Unknown,Unknown,Unknown,Unknown,29,20,49,Fatal
SCRAPED_001261,News_articles,2024,May,Sunday,Uttar Pradesh,Bus,Truck,Unknown,Unknown,Unknown,Collision,Unknown,Unknown,Unknown,11,10,21,Fatal
SCRAPED_001262,News_articles,2024,May,Monday,Chhattisgarh,Truck,Unknown,Unknown,Unknown,Unknown,Overturning,Unknown,Unknown,Unknown,15,0,15,Fatal
SCRAPED_001263,News_articles,2024,May,Friday,Rajasthan,Bus,Trailer,Unknown,Unknown,Unknown,Unknown,Unknown,Unknown,Unknown,5,12,17,Fatal
SCRAPED_001264,News_articles,2024,May,Wednesday,Andhra Pradesh,Bus,Unknown,Unknown,Unknown,Unknown,Collision,Unknown,Unknown,Unknown,6,0,6,Fatal
SCRAPED_001265,News_articles,2024,May,Monday,Unknown,Bus,Truck,Unknown,Unknown,Unknown,Overspeeding,Unknown,Unknown,Unknown,2,0,2,Fatal
SCRAPED_001266,News_articles,2024,May,Monday,Uttar Pradesh,Tractor,Truck,Unknown,Unknown,Unknown,Collision,Unknown,Unknown,Unknown,3,17,20,Fatal
SCRAPED_001267,News_articles,2024,May,Friday,Unknown,Bus,Unknown,Unknown,Unknown,Unknown,Overspeeding,Unknown,Unknown,Unknown,20,21,41,Fatal
SCRAPED_001268,News_articles,2024,May,Wednesday,Tamil Nadu,Bus,Unknown,Unknown,Unknown,Unknown,Unknown,Unknown,Unknown,Unknown,4,20,24,Fatal
SCRAPED_001269,News_articles,2024,April,Tuesday,Bihar,Truck,Car,Unknown,Unknown,Unknown,Overspeeding,Unknown,Unknown,Unknown,6,0,6,Fatal
SCRAPED_001270,News_articles,2024,April,Tuesday,Unknown,Bus,Unknown,Unknown,Unknown,Unknown,Unknown,Unknown,Unknown,Unknown,25,0,25,Fatal
SCRAPED_001271,News_articles,2024,April,Monday,Unknown,Bus,Unknown,Unknown,Unknown,Unknown,Unknown,Unknown,Unknown,Unknown,23,1,24,Fatal
SCRAPED_001272,News_articles,2024,April,Monday,Unknown,Truck,Car,Unknown,Unknown,Unknown,Unknown,Unknown,Unknown,Unknown,1,0,1,Fatal
SCRAPED_001273,News_articles,2024,April,Thursday,Unknown,Truck,Bike,Unknown,Unknown,Unknown,Overspeeding,Unknown,Unknown,Unknown,0,0,0,Minor
SCRAPED_001274,News_articles,2024,April,Wednesday,Gujarat,Truck,Car,Unknown,Unknown,Unknown,Unknown,Unknown,Unknown,Unknown,10,0,10,Fatal
SCRAPED_001275,News_articles,2024,April,Wednesday,Uttar Pradesh,Bus,Unknown,Unknown,Unknown,Unknown,Unknown,Unknown,Unknown,Unknown,0,0,0,Minor
SCRAPED_001276,News_articles,2024,April,Thursday,Maharashtra,Bus,Unknown,Unknown,Unknown,Unknown,Unknown,Unknown,Unknown,Unknown,1,0,1,Fatal
SCRAPED_001277,News_articles,2024,April,Thursday,Unknown,Truck,Unknown,Unknown,Unknown,Unknown,Unknown,Unknown,Unknown,Unknown,13,0,13,Fatal
SCRAPED_001278,News_articles,2024,April,Wednesday,Chhattisgarh,Bus,Unknown,Unknown,Unknown,Unknown,Overturning,Unknown,Unknown,Unknown,12,14,26,Fatal
SCRAPED_001279,News_articles,2024,April,Monday,Unknown,Trailer,Unknown,Unknown,Unknown,Unknown,Unknown,Unknown,Unknown,Unknown,1,0,1,Fatal
SCRAPED_001280,News_articles,2024,April,Tuesday,Maharashtra,Truck,Unknown,Unknown,Unknown,Unknown,Overspeeding,Unknown,Unknown,Unknown,1,0,1,Fatal
SCRAPED_001281,News_articles,2024,March,Wednesday,Uttar Pradesh,Bus,Car,Unknown,Unknown,0-18,Unknown,Unknown,Unknown,Unknown,3,0,3,Fatal
SCRAPED_001282,News_articles,2024,March,Tuesday,Unknown,Truck,Unknown,Unknown,Unknown,Unknown,Overspeeding,Unknown,Unknown,Unknown,5,0,5,Fatal
SCRAPED_001283,News_articles,2024,March,Monday,Unknown,Truck,Unknown,Unknown,Unknown,Unknown,Unknown,Unknown,Unknown,Unknown,5,11,16,Fatal
SCRAPED_001284,News_articles,2024,February,Sunday,Telangana,Truck,Unknown,Unknown,Unknown,Unknown,Unknown,Unknown,Unknown,Unknown,1,0,1,Fatal
SCRAPED_001285,News_articles,2024,February,Saturday,Uttar Pradesh,Tractor,Unknown,Unknown,Unknown,Unknown,Unknown,Unknown,Unknown,Unknown,1,0,1,Fatal
SCRAPED_001286,News_articles,2024,February,Saturday,Gujarat,Bus,Tanker,Unknown,Unknown,Unknown,Collision,Unknown,Unknown,Unknown,2,1,3,Fatal
SCRAPED_001287,News_articles,2024,February,Wednesday,Uttar Pradesh,Truck,Unknown,Unknown,Unknown,Unknown,Overturning,Unknown,Unknown,Unknown,3,0,3,Fatal
SCRAPED_001288,News_articles,2024,February,Monday,Unknown,Bus,Car,Unknown,Unknown,Unknown,Overspeeding,Unknown,Unknown,Unknown,5,0,5,Fatal
SCRAPED_001289,News_articles,2024,February,Tuesday,Kerala,Crane,Unknown,Unknown,Unknown,Unknown,Collision,Unknown,Unknown,Unknown,0,0,0,Minor
SCRAPED_001290,News_articles,2024,February,Sunday,Unknown,Truck,Car,Unknown,Unknown,Unknown,Collision,Unknown,Unknown,Unknown,1,0,1,Fatal
SCRAPED_001291,News_articles,2024,January,Wednesday,Unknown,Bus,Unknown,Unknown,Unknown,Unknown,Overspeeding,Unknown,Unknown,Unknown,19,22,41,Fatal
SCRAPED_001292,News_articles,2024,January,Wednesday,Maharashtra,Bus,Tractor,Unknown,Unknown,Unknown,Overspeeding,Unknown,Unknown,Unknown,6,0,6,Fatal
SCRAPED_001293,News_articles,2024,January,Thursday,Delhi,Bus,Unknown,Unknown,Unknown,Unknown,Collision,Unknown,Unknown,Unknown,1,0,1,Fatal
SCRAPED_001294,News_articles,2024,January,Saturday,Unknown,Bus,Unknown,Unknown,Unknown,Unknown,Unknown,Unknown,Unknown,Unknown,12,0,12,Fatal
SCRAPED_001295,News_articles,2024,January,Friday,Telangana,Bus,Unknown,Unknown,Unknown,Unknown,Collision,Unknown,Unknown,Unknown,1,0,1,Fatal
SCRAPED_001296,News_articles,2024,January,Monday,Uttar Pradesh,Truck,Jeep,Unknown,Unknown,Unknown,Overspeeding,Unknown,Unknown,Unknown,1,0,1,Fatal
SCRAPED_001297,News_articles,2024,January,Monday,Maharashtra,Truck,Suv,Unknown,Unknown,Unknown,Collision,Unknown,Unknown,Unknown,0,5,5,Serious
